START
SEED=87654321
[SEU] addr=200031CD bit=00000006
[SEU] addr=20003150 bit=00000004
[SAMPLE QUEUE backup CORRUPTED] backup repaired
[SEU] addr=200031C5 bit=00000007
[SEU] addr=200031C5 bit=00000006
[SEU] addr=200031CA bit=00000005
[SEU] addr=2000314C bit=00000000
[SAMPLE QUEUE backup CORRUPTED] backup repaired
[SEU] addr=200031CF bit=00000007
[SEU] addr=200031CE bit=00000006
[SEU] addr=2000316C bit=00000007
[SEU] addr=200031C4 bit=00000006
[SEU] addr=2000318B bit=00000001
[ERR] seq=64 err=268435456
[ERR] seq=65 err=21474832
[ERR] seq=66 err=23192816
[ERR] seq=67 err=3573408
[ERR] seq=68 err=2141296
[ERR] seq=69 err=457168
[ERR] seq=70 err=207864
[ERR] seq=71 err=53192
[ERR] seq=72 err=20872
[ERR] seq=73 err=5912
[SEU] addr=200031B5 bit=00000001
[ERR] seq=74 err=2136
[ERR] seq=75 err=640
[ERR] seq=76 err=216
[ERR] seq=77 err=64
[ERR] seq=78 err=16
[SEU] addr=20003179 bit=00000007
[SEU] addr=200031CE bit=00000004
[SEU] addr=20003172 bit=00000002
[SEU] addr=200031CD bit=00000002
[SEU] addr=2000314C bit=00000000
[SAMPLE QUEUE backup CORRUPTED] backup repaired
[SEU] addr=2000318E bit=00000005
[ERR] seq=101 err=16777216
[ERR] seq=102 err=1342176
[ERR] seq=103 err=1449544
[ERR] seq=104 err=223328
[SEU] addr=20003176 bit=00000000
[ERR] seq=105 err=133824
[ERR] seq=106 err=28568
[SEU] addr=20003156 bit=00000007
[CMD QUEUE CORRUPTED] primary repaired
[ERR] seq=107 err=12984
[ERR] seq=108 err=3312
[ERR] seq=109 err=1296
[ERR] seq=110 err=360
[ERR] seq=111 err=120
[ERR] seq=112 err=32
[ERR] seq=113 err=8
[SEU] addr=2000314F bit=00000007
[SAMPLE QUEUE backup CORRUPTED] backup repaired
[SEU] addr=20003178 bit=00000003
[SEU] addr=20003164 bit=00000007
[SEU] addr=20003161 bit=00000006
[SEU] addr=2000314F bit=00000003
[SAMPLE QUEUE backup CORRUPTED] backup repaired
[SEU] addr=200031A8 bit=00000004
[SEU] addr=20003187 bit=00000004
[ERR] seq=145 err=1512
[ERR] seq=146 err=112
[ERR] seq=147 err=112
[SEU] addr=2000319E bit=00000006
[SEU] addr=200031CC bit=00000000
[SEU] addr=2000317C bit=00000006
[SEU] addr=200031CE bit=00000000
[SEU] addr=20003148 bit=00000001
[SAMPLE QUEUE CORRUPTED] primary repaired
[SEU] addr=200031AD bit=00000001
[SEU] addr=200031BE bit=00000005
[SEU] addr=200031D0 bit=00000003
[SEU] addr=2000317F bit=00000006
[SEU] addr=20003157 bit=00000002
[CMD QUEUE CORRUPTED] primary repaired
[SEU] addr=200031A8 bit=00000002
[SEU] addr=20003178 bit=00000003
[SEU] addr=20003165 bit=00000004
[SEU] addr=2000316E bit=00000002
[SEU] addr=20003166 bit=00000006
[SEU] addr=200031AF bit=00000001
[SEU] addr=20003175 bit=00000006
[SEU] addr=20003162 bit=00000001
[SEU] addr=2000315F bit=00000007
[CMD QUEUE backup CORRUPTED] backup repaired
[SEU] addr=2000316D bit=00000004
[SEU] addr=2000319D bit=00000004
[SEU] addr=200031B3 bit=00000001
[SEU] addr=200031CA bit=00000001
[SEU] addr=200031BF bit=00000007
[SEU] addr=20003196 bit=00000003
[SEU] addr=2000315E bit=00000004
[CMD QUEUE backup CORRUPTED] backup repaired
[SEU] addr=2000316F bit=00000000
[SEU] addr=200031D1 bit=00000002
[SEU] addr=20003188 bit=00000000
[ERR] seq=278 err=8
[SEU] addr=2000316F bit=00000005
[SEU] addr=200031C5 bit=00000001
[SEU] addr=2000317C bit=00000001
[SEU] addr=20003175 bit=00000002
[SEU] addr=200031A6 bit=00000000
[SEU] addr=20003182 bit=00000002
[SEU] addr=200031A5 bit=00000004
[SEU] addr=2000315F bit=00000006
[CMD QUEUE backup CORRUPTED] backup repaired
[SEU] addr=20003178 bit=00000006
[SEU] addr=20003194 bit=00000002
[SEU] addr=20003155 bit=00000006
[CMD QUEUE CORRUPTED] primary repaired
[SEU] addr=2000318F bit=00000001
[ERR] seq=333 err=268435456
[ERR] seq=334 err=21474832
[ERR] seq=335 err=23192816
[ERR] seq=336 err=3573408
[ERR] seq=337 err=2141296
[SEU] addr=200031C9 bit=00000003
[ERR] seq=338 err=457168
[ERR] seq=339 err=207864
[ERR] seq=340 err=53192
[ERR] seq=341 err=20872
[SEU] addr=200031B5 bit=00000001
[ERR] seq=342 err=5912
[ERR] seq=343 err=2136
[ERR] seq=344 err=640
[ERR] seq=345 err=216
[ERR] seq=346 err=64
[SEU] addr=20003195 bit=00000002
[ERR] seq=347 err=16
[SEU] addr=20003177 bit=00000005
[SEU] addr=200031A4 bit=00000004
[SEU] addr=20003187 bit=00000004
[ERR] seq=367 err=1976
[ERR] seq=368 err=144
[SEU] addr=200031B7 bit=00000005
[ERR] seq=369 err=144
[SEU] addr=20003197 bit=00000004
[SEU] addr=20003197 bit=00000003
[SEU] addr=200031D0 bit=00000000
[SEU] addr=20003167 bit=00000002
[SEU] addr=20003161 bit=00000007
[SEU] addr=20003155 bit=00000000
[CMD QUEUE CORRUPTED] primary repaired
[SEU] addr=2000316C bit=00000000
[SEU] addr=2000319D bit=00000001
[SEU] addr=20003199 bit=00000007
[SEU] addr=2000314F bit=00000007
[SAMPLE QUEUE backup CORRUPTED] backup repaired
[SEU] addr=2000316A bit=00000002
[SEU] addr=200031A9 bit=00000000
[SEU] addr=20003146 bit=00000001
[SAMPLE QUEUE CORRUPTED] primary repaired
[SEU] addr=200031CF bit=00000005
[SEU] addr=200031BA bit=00000005
[SEU] addr=200031B0 bit=00000004
[SEU] addr=2000316B bit=00000000
[SEU] addr=2000318A bit=00000003
[ERR] seq=474 err=4194304
[ERR] seq=475 err=335544
[ERR] seq=476 err=362384
[ERR] seq=477 err=55824
[ERR] seq=478 err=33448
[ERR] seq=479 err=7136
[ERR] seq=480 err=3240
[ERR] seq=481 err=824
[ERR] seq=482 err=320
[ERR] seq=483 err=88
[SEU] addr=20003191 bit=00000000
[ERR] seq=484 err=2072
[ERR] seq=485 err=160
[ERR] seq=486 err=168
[ERR] seq=487 err=16
[ERR] seq=488 err=8
[SEU] addr=20003145 bit=00000006
[SAMPLE QUEUE CORRUPTED] primary repaired
[SEU] addr=20003170 bit=00000003
[SEU] addr=20003191 bit=00000000
[ERR] seq=505 err=2048
[ERR] seq=506 err=160
[ERR] seq=507 err=168
[ERR] seq=508 err=16
[ERR] seq=509 err=8
[SEU] addr=2000319B bit=00000004
[SEU] addr=200031AD bit=00000006
[SEU] addr=200031A1 bit=00000002
[SEU] addr=20003187 bit=00000005
[ERR] seq=530 err=3432
[ERR] seq=531 err=264
[ERR] seq=532 err=272
[SEU] addr=2000319E bit=00000005
[ERR] seq=533 err=16
[ERR] seq=534 err=8
[SEU] addr=200031B2 bit=00000005
[SEU] addr=20003164 bit=00000003
[SEU] addr=2000316A bit=00000006
[SEU] addr=200031A8 bit=00000006
[SEU] addr=200031A6 bit=00000004
[SEU] addr=20003145 bit=00000004
[SAMPLE QUEUE CORRUPTED] primary repaired
[SEU] addr=2000315D bit=00000000
[CMD QUEUE backup CORRUPTED] backup repaired
[SEU] addr=20003157 bit=00000007
[CMD QUEUE CORRUPTED] primary repaired
[SEU] addr=200031BC bit=00000007
[SEU] addr=20003145 bit=00000005
[SAMPLE QUEUE CORRUPTED] primary repaired
[SEU] addr=200031B1 bit=00000006
[SEU] addr=2000314D bit=00000000
[SAMPLE QUEUE backup CORRUPTED] backup repaired
[SEU] addr=20003150 bit=00000007
[SAMPLE QUEUE backup CORRUPTED] backup repaired
[SEU] addr=2000314E bit=00000004
[SAMPLE QUEUE backup CORRUPTED] backup repaired
[SEU] addr=20003162 bit=00000000
[SEU] addr=2000314A bit=00000002
[SEU] addr=200031B6 bit=00000006
[SEU] addr=200031CA bit=00000004
[SEU] addr=20003192 bit=00000003
[ERR] seq=640 err=4194304
[ERR] seq=641 err=335544
[ERR] seq=642 err=362384
[ERR] seq=643 err=55824
[ERR] seq=644 err=33448
[ERR] seq=645 err=7136
[ERR] seq=646 err=3240
[SEU] addr=2000316E bit=00000003
[ERR] seq=647 err=824
[ERR] seq=648 err=320
[ERR] seq=649 err=88
[SEU] addr=200031CA bit=00000004
[ERR] seq=650 err=24
[SEU] addr=20003197 bit=00000007
[SEU] addr=20003186 bit=00000003
[ERR] seq=663 err=12672
[ERR] seq=664 err=1008
[ERR] seq=665 err=1072
[ERR] seq=666 err=128
[ERR] seq=667 err=64
[SEU] addr=20003173 bit=00000006
[SEU] addr=200031D6 bit=00000007
[ERR] seq=8389282 err=3288
[ERR] seq=8389283 err=2864
[SEU] addr=2000314B bit=00000007
[ERR] seq=8389284 err=2960
[ERR] seq=8389285 err=2720
[ERR] seq=8389286 err=2608
[ERR] seq=8389287 err=2400
[ERR] seq=8389288 err=2216
[SEU] addr=20003166 bit=00000003
[ERR] seq=8389289 err=2024
[ERR] seq=8389290 err=1864
[ERR] seq=8389291 err=1656
[ERR] seq=8389292 err=1488
[ERR] seq=8389293 err=1272
[SEU] addr=2000316E bit=00000007
[ERR] seq=8389294 err=1104
[ERR] seq=8389295 err=904
[ERR] seq=8389296 err=712
[ERR] seq=8389297 err=512
[ERR] seq=8389298 err=320
[ERR] seq=8389299 err=136
[ERR] seq=8389300 err=72
[ERR] seq=8389301 err=280
[SEU] addr=20003164 bit=00000006
[ERR] seq=8389302 err=464
[ERR] seq=8389303 err=640
[ERR] seq=8389304 err=840
[ERR] seq=8389305 err=1040
[ERR] seq=8389306 err=1240
[ERR] seq=8389307 err=1432
[ERR] seq=8389308 err=1632
[ERR] seq=8389309 err=1832
[ERR] seq=8389310 err=2024
[ERR] seq=8389311 err=2216
[SEU] addr=200031CF bit=00000006
[ERR] seq=8389312 err=2400
[ERR] seq=8389313 err=2632
[ERR] seq=8389314 err=2816
[ERR] seq=8389315 err=3008
[ERR] seq=8389316 err=3200
[ERR] seq=8389317 err=3400
[ERR] seq=8389318 err=3568
[ERR] seq=8389319 err=3792
[SEU] addr=200031A3 bit=00000003
[ERR] seq=8389320 err=3968
[ERR] seq=8389321 err=4160
[ERR] seq=8389322 err=4336
[ERR] seq=8389323 err=4536
[ERR] seq=8389324 err=4696
[ERR] seq=8389325 err=4904
[ERR] seq=8389326 err=5088
[ERR] seq=8389327 err=5264
[SEU] addr=20003158 bit=00000001
[CMD QUEUE CORRUPTED] primary repaired
[ERR] seq=8389328 err=5832
[ERR] seq=8389329 err=5968
[ERR] seq=8389330 err=6176
[ERR] seq=8389331 err=6352
[ERR] seq=8389332 err=6528
[ERR] seq=8389333 err=6712
[SEU] addr=20003171 bit=00000000
[ERR] seq=8389334 err=6872
[ERR] seq=8389335 err=7064
[ERR] seq=8389336 err=7216
[ERR] seq=8389337 err=7400
[ERR] seq=8389338 err=7544
[ERR] seq=8389339 err=7720
[ERR] seq=8389340 err=7856
[ERR] seq=8389341 err=8064
[ERR] seq=8389342 err=8184
[SEU] addr=20003166 bit=00000007
[ERR] seq=8389343 err=8368
[ERR] seq=8389344 err=8496
[ERR] seq=8389345 err=8640
[ERR] seq=8389346 err=8784
[SEU] addr=20003153 bit=00000003
[ERR] seq=8389347 err=8944
[ERR] seq=8389348 err=9088
[ERR] seq=8389349 err=9232
[ERR] seq=8389350 err=9360
[ERR] seq=8389351 err=9496
[ERR] seq=8389352 err=9632
[SEU] addr=20003182 bit=00000001
[ERR] seq=8389353 err=9760
[ERR] seq=8389354 err=9888
[SEU] addr=20003163 bit=00000006
[ERR] seq=8389355 err=10008
[ERR] seq=8389356 err=10112
[ERR] seq=8389357 err=10248
[ERR] seq=8389358 err=10352
[ERR] seq=8389359 err=10464
[ERR] seq=8389360 err=10576
[ERR] seq=8389361 err=10672
[ERR] seq=8389362 err=10768
[ERR] seq=8389363 err=10872
[ERR] seq=8389364 err=10968
[SEU] addr=20003185 bit=00000002
[ERR] seq=8389365 err=8864
[ERR] seq=8389366 err=11280
[ERR] seq=8389367 err=11048
[SEU] addr=200031D6 bit=00000003
[ERR] seq=8913656 err=1200
[ERR] seq=8913657 err=216
[ERR] seq=8913658 err=1232
[ERR] seq=8913659 err=1040
[ERR] seq=8913660 err=1104
[SEU] addr=20003173 bit=00000001
[ERR] seq=8913661 err=1032
[SEU] addr=20003159 bit=00000007
[ERR] seq=8913662 err=1056
[ERR] seq=8913663 err=984
[ERR] seq=8913664 err=960
[ERR] seq=8913665 err=928
[ERR] seq=8913666 err=896
[ERR] seq=8913667 err=856
[SEU] addr=200031C4 bit=00000000
[ERR] seq=8913668 err=816
[ERR] seq=8913669 err=792
[SEU] addr=2000314D bit=00000006
[SAMPLE QUEUE backup CORRUPTED] backup repaired
[ERR] seq=8913670 err=752
[ERR] seq=8913671 err=720
[ERR] seq=8913672 err=704
[ERR] seq=8913673 err=672
[ERR] seq=8913674 err=616
[ERR] seq=8913675 err=592
[ERR] seq=8913676 err=560
[SEU] addr=200031BF bit=00000007
[ERR] seq=8913677 err=504
[ERR] seq=8913678 err=504
[ERR] seq=8913679 err=448
[SEU] addr=200031C5 bit=00000006
[ERR] seq=8913680 err=408
[ERR] seq=8913681 err=376
[ERR] seq=8913682 err=336
[ERR] seq=8913683 err=328
[ERR] seq=8913684 err=264
[ERR] seq=8913685 err=232
[SEU] addr=2000319D bit=00000002
[ERR] seq=8913686 err=200
[ERR] seq=8913687 err=176
[ERR] seq=8913688 err=136
[ERR] seq=8913689 err=96
[ERR] seq=8913690 err=80
[ERR] seq=8913691 err=48
[SEU] addr=2000319C bit=00000005
[ERR] seq=8913692 err=8
[ERR] seq=8913693 err=8
[SEU] addr=200031B7 bit=00000003
[ERR] seq=8913694 err=48
[ERR] seq=8913695 err=72
[ERR] seq=8913696 err=96
[ERR] seq=8913697 err=136
[ERR] seq=8913698 err=160
[ERR] seq=8913699 err=176
[ERR] seq=8913700 err=200
[SEU] addr=20003158 bit=00000000
[CMD QUEUE CORRUPTED] primary repaired
[ERR] seq=8913701 err=224
[ERR] seq=8913702 err=264
[ERR] seq=8913703 err=288
[ERR] seq=8913704 err=320
[SEU] addr=200031AF bit=00000001
[ERR] seq=8913705 err=352
[ERR] seq=8913706 err=384
[ERR] seq=8913707 err=400
[ERR] seq=8913708 err=440
[ERR] seq=8913709 err=472
[ERR] seq=8913710 err=504
[ERR] seq=8913711 err=528
[ERR] seq=8913712 err=560
[ERR] seq=8913713 err=568
[SEU] addr=20003154 bit=00000000
[CMD QUEUE CORRUPTED] primary repaired
[ERR] seq=8913714 err=608
[ERR] seq=8913715 err=632
[SEU] addr=20003181 bit=00000000
[ERR] seq=8913716 err=664
[ERR] seq=8913717 err=696
[ERR] seq=8913718 err=720
[SEU] addr=2000317A bit=00000002
[ERR] seq=8913719 err=744
[ERR] seq=8913720 err=760
[ERR] seq=8913721 err=792
[SEU] addr=20003195 bit=00000002
[ERR] seq=8913722 err=808
[ERR] seq=8913723 err=840
[ERR] seq=8913724 err=856
[ERR] seq=8913725 err=880
[SEU] addr=200031B3 bit=00000002
[ERR] seq=8913726 err=904
[ERR] seq=8913727 err=928
[ERR] seq=8913728 err=928
[ERR] seq=8913729 err=968
[ERR] seq=8913730 err=1000
[ERR] seq=8913731 err=1016
[ERR] seq=8913732 err=1040
[ERR] seq=8913733 err=1056
[SEU] addr=20003173 bit=00000002
[ERR] seq=8913734 err=1064
[ERR] seq=8913735 err=1088
[ERR] seq=8913736 err=1104
[ERR] seq=8913737 err=1120
[ERR] seq=8913738 err=1160
[ERR] seq=8913739 err=1160
[ERR] seq=8913740 err=1192
[ERR] seq=8913741 err=1216
[ERR] seq=8913742 err=1216
[ERR] seq=8913743 err=1240
[SEU] addr=2000314B bit=00000001
[ERR] seq=8913744 err=1264
[ERR] seq=8913745 err=1272
[ERR] seq=8913746 err=1288
[ERR] seq=8913747 err=1296
[ERR] seq=8913748 err=1320
[ERR] seq=8913749 err=1344
[ERR] seq=8913750 err=1368
[ERR] seq=8913751 err=1376
[ERR] seq=8913752 err=1392
[ERR] seq=8913753 err=1408
[SEU] addr=2000316D bit=00000002
[ERR] seq=8913754 err=1424
[ERR] seq=8913755 err=1440
[SEU] addr=20003152 bit=00000007
[ERR] seq=8913756 err=1448
[ERR] seq=8913757 err=1472
[ERR] seq=8913758 err=1472
[ERR] seq=8913759 err=1496
[SEU] addr=20003177 bit=00000002
[ERR] seq=8913760 err=1512
[ERR] seq=8913761 err=1528
[SEU] addr=200031A2 bit=00000007
[ERR] seq=8913762 err=1544
[ERR] seq=8913763 err=1552
[ERR] seq=8913764 err=1576
[ERR] seq=8913765 err=1568
[ERR] seq=8913766 err=1584
[SEU] addr=20003183 bit=00000001
[ERR] seq=8913767 err=1600
[ERR] seq=8913768 err=1600
[ERR] seq=8913769 err=1608
[ERR] seq=8913770 err=1616
[ERR] seq=8913771 err=1640
[ERR] seq=8913772 err=1648
[ERR] seq=8913773 err=1632
[SEU] addr=20003190 bit=00000003
[ERR] seq=8913774 err=1720
[ERR] seq=8913775 err=1656
[ERR] seq=8913776 err=1680
[SEU] addr=2000319E bit=00000007
[ERR] seq=8913777 err=1680
[ERR] seq=8913778 err=1688
[ERR] seq=8913779 err=1696
[ERR] seq=8913780 err=1696
[ERR] seq=8913781 err=1720
[SEU] addr=200031C4 bit=00000002
[ERR] seq=8913782 err=1712
[ERR] seq=8913783 err=1704
[ERR] seq=8913784 err=1720
[ERR] seq=8913785 err=1728
[ERR] seq=8913786 err=1736
[ERR] seq=8913787 err=1720
[ERR] seq=8913788 err=1736
[SEU] addr=2000318C bit=00000002
[ERR] seq=8913789 err=1704
[ERR] seq=8913790 err=1760
[ERR] seq=8913791 err=1736
[ERR] seq=8913792 err=1736
[ERR] seq=8913793 err=1720
[SEU] addr=200031A2 bit=00000002
[ERR] seq=8913794 err=1736
[ERR] seq=8913795 err=1728
[ERR] seq=8913796 err=1720
[ERR] seq=8913797 err=1704
[ERR] seq=8913798 err=1712
[ERR] seq=8913799 err=1720
[ERR] seq=8913800 err=1696
[ERR] seq=8913801 err=1704
[SEU] addr=20003149 bit=00000004
[ERR] seq=8913802 err=1680
[ERR] seq=8913803 err=1688
[SEU] addr=20003188 bit=00000007
[ERR] seq=8913804 err=872
[ERR] seq=8913805 err=1752
[ERR] seq=8913806 err=1568
[ERR] seq=8913807 err=1656
[ERR] seq=8913808 err=1632
[SEU] addr=2000315C bit=00000003
[CMD QUEUE backup CORRUPTED] backup repaired
[ERR] seq=8913809 err=1656
[ERR] seq=8913810 err=1600
[ERR] seq=8913811 err=1624
[ERR] seq=8913812 err=1600
[ERR] seq=8913813 err=1600
[ERR] seq=8913814 err=1584
[ERR] seq=8913815 err=1568
[SEU] addr=200031CE bit=00000001
[ERR] seq=8913816 err=1576
[ERR] seq=8913817 err=1552
[ERR] seq=8913818 err=1544
[ERR] seq=8913819 err=1528
[ERR] seq=8913820 err=1512
[ERR] seq=8913821 err=1496
[ERR] seq=8913822 err=1488
[ERR] seq=8913823 err=1472
[ERR] seq=8913824 err=1448
[SEU] addr=20003187 bit=00000003
[ERR] seq=8913825 err=2088
[ERR] seq=8913826 err=1368
[ERR] seq=8913827 err=1464
[ERR] seq=8913828 err=1376
[ERR] seq=8913829 err=1392
[ERR] seq=8913830 err=1368
[ERR] seq=8913831 err=1344
[ERR] seq=8913832 err=1320
[ERR] seq=8913833 err=1304
[SEU] addr=200031B8 bit=00000007
[ERR] seq=8913834 err=1288
[ERR] seq=8913835 err=1272
[ERR] seq=8913836 err=1272
[ERR] seq=8913837 err=1240
[ERR] seq=8913838 err=1216
[ERR] seq=8913839 err=1216
[ERR] seq=8913840 err=1192
[ERR] seq=8913841 err=1168
[SEU] addr=200031D7 bit=00000005
[ERR] seq=545784754 err=2352
[ERR] seq=545784755 err=2184
[ERR] seq=545784756 err=2216
[ERR] seq=545784757 err=2112
[ERR] seq=545784758 err=2072
[ERR] seq=545784759 err=1984
[ERR] seq=545784760 err=1912
[SEU] addr=20003171 bit=00000005
[ERR] seq=545784761 err=1832
[ERR] seq=545784762 err=1760
[ERR] seq=545784763 err=1688
[ERR] seq=545784764 err=1592
[ERR] seq=545784765 err=1536
[ERR] seq=545784766 err=1432
[ERR] seq=545784767 err=1368
[ERR] seq=545784768 err=1272
[ERR] seq=545784769 err=1184
[ERR] seq=545784770 err=1104
[SEU] addr=200031A4 bit=00000007
[ERR] seq=545784771 err=1016
[ERR] seq=545784772 err=952
[ERR] seq=545784773 err=840
[ERR] seq=545784774 err=760
[SEU] addr=20003164 bit=00000003
[ERR] seq=545784775 err=664
[SEU] addr=2000318D bit=00000001
[ERR] seq=545784776 err=4664
[ERR] seq=545784777 err=560
[ERR] seq=545784778 err=744
[SEU] addr=2000315C bit=00000007
[CMD QUEUE backup CORRUPTED] backup repaired
[ERR] seq=545784779 err=248
[SEU] addr=200031AF bit=00000000
[ERR] seq=545784780 err=248
[SEU] addr=20003164 bit=00000005
[ERR] seq=545784781 err=104
[ERR] seq=545784782 err=32
[ERR] seq=545784783 err=88
[ERR] seq=545784784 err=176
[ERR] seq=545784785 err=280
[ERR] seq=545784786 err=360
[ERR] seq=545784787 err=464
[ERR] seq=545784788 err=552
[ERR] seq=545784789 err=656
[SEU] addr=20003185 bit=00000004
[ERR] seq=545784790 err=13224
[ERR] seq=545784791 err=168
[SEU] addr=200031B7 bit=00000002
[ERR] seq=545784792 err=2016
[ERR] seq=545784793 err=912
[ERR] seq=545784794 err=1232
[ERR] seq=545784795 err=1208
[ERR] seq=545784796 err=1344
[ERR] seq=545784797 err=1448
[ERR] seq=545784798 err=1528
[SEU] addr=20003191 bit=00000001
[ERR] seq=545784799 err=5728
[ERR] seq=545784800 err=1440
[ERR] seq=545784801 err=2184
[ERR] seq=545784802 err=1872
[ERR] seq=545784803 err=2056
[ERR] seq=545784804 err=2112
[SEU] addr=20003186 bit=00000007
[ERR] seq=545784805 err=13480
[ERR] seq=545784806 err=1424
[ERR] seq=545784807 err=3400
[ERR] seq=545784808 err=2368
[ERR] seq=545784809 err=2728
[ERR] seq=545784810 err=2720
[ERR] seq=545784811 err=2824
[ERR] seq=545784812 err=2920
[ERR] seq=545784813 err=3032
[SEU] addr=20003175 bit=00000002
[ERR] seq=545784814 err=3112
[ERR] seq=545784815 err=3224
[SEU] addr=200031B8 bit=00000000
[ERR] seq=545784816 err=3312
[ERR] seq=545784817 err=3376
[ERR] seq=545784818 err=3512
[ERR] seq=545784819 err=3592
[ERR] seq=545784820 err=3680
[ERR] seq=545784821 err=3760
[ERR] seq=545784822 err=3864
[ERR] seq=545784823 err=3928
[ERR] seq=545784824 err=4024
[SEU] addr=200031BA bit=00000002
[ERR] seq=545784825 err=4128
[SEU] addr=20003176 bit=00000001
[ERR] seq=545784826 err=4208
[ERR] seq=545784827 err=4288
[ERR] seq=545784828 err=4352
[ERR] seq=545784829 err=4440
[ERR] seq=545784830 err=4496
[ERR] seq=545784831 err=4592
[ERR] seq=545784832 err=4656
[ERR] seq=545784833 err=4736
[ERR] seq=545784834 err=4792
[SEU] addr=2000317C bit=00000002
[ERR] seq=545784835 err=4848
[ERR] seq=545784836 err=4928
[ERR] seq=545784837 err=5000
[ERR] seq=545784838 err=5048
[SEU] addr=20003188 bit=00000004
[ERR] seq=545784839 err=5000
[ERR] seq=545784840 err=5552
[ERR] seq=545784841 err=5544
[ERR] seq=545784842 err=5648
[SEU] addr=20003148 bit=00000001
[SAMPLE QUEUE CORRUPTED] primary repaired
[ERR] seq=545784843 err=5712
[ERR] seq=545784844 err=5752
[ERR] seq=545784845 err=5792
[ERR] seq=545784846 err=5864
[ERR] seq=545784847 err=5888
[ERR] seq=545784848 err=5936
[ERR] seq=545784849 err=5984
[SEU] addr=2000319E bit=00000005
[ERR] seq=545784850 err=6008
[ERR] seq=545784851 err=6048
[ERR] seq=545784852 err=6072
[ERR] seq=545784853 err=6096
[ERR] seq=545784854 err=6144
[ERR] seq=545784855 err=6160
[SEU] addr=20003182 bit=00000002
[ERR] seq=545784856 err=6176
[ERR] seq=545784857 err=6192
[ERR] seq=545784858 err=6208
[ERR] seq=545784859 err=6248
[ERR] seq=545784860 err=6248
[SEU] addr=200031D0 bit=00000006
[ERR] seq=545784861 err=6272
[ERR] seq=545784862 err=6272
[ERR] seq=545784863 err=6288
[SEU] addr=200031BA bit=00000001
[ERR] seq=545784864 err=6288
[ERR] seq=545784865 err=6296
[ERR] seq=545784866 err=6296
[ERR] seq=545784867 err=6288
[ERR] seq=545784868 err=6288
[ERR] seq=545784869 err=6280
[ERR] seq=545784870 err=6264
[ERR] seq=545784871 err=6264
[SEU] addr=2000315D bit=00000004
[CMD QUEUE backup CORRUPTED] backup repaired
[ERR] seq=545784872 err=6248
[ERR] seq=545784873 err=6208
[ERR] seq=545784874 err=6208
[ERR] seq=545784875 err=6176
[ERR] seq=545784876 err=6168
[ERR] seq=545784877 err=6136
[SEU] addr=200031C6 bit=00000003
[ERR] seq=545784878 err=6104
[ERR] seq=545784879 err=6080
[ERR] seq=545784880 err=6048
[ERR] seq=545784881 err=6016
[ERR] seq=545784882 err=5992
[SEU] addr=20003198 bit=00000004
[ERR] seq=545784883 err=5936
[ERR] seq=545784884 err=5904
[ERR] seq=545784885 err=5864
[ERR] seq=545784886 err=5792
[ERR] seq=545784887 err=5776
[ERR] seq=545784888 err=5336
[SEU] addr=2000317F bit=00000004
[ERR] seq=545784889 err=5328
[ERR] seq=545784890 err=5240
[ERR] seq=545784891 err=5184
[ERR] seq=545784892 err=5128
[ERR] seq=545784893 err=5072
[ERR] seq=545784894 err=5008
[SEU] addr=200031B4 bit=00000003
[ERR] seq=545784895 err=4928
[ERR] seq=545784896 err=4880
[ERR] seq=545784897 err=4792
[ERR] seq=545784898 err=4736
[SEU] addr=20003156 bit=00000006
[CMD QUEUE CORRUPTED] primary repaired
[ERR] seq=545784899 err=4680
[ERR] seq=545784900 err=4592
[ERR] seq=545784901 err=4520
[ERR] seq=545784902 err=4448
[ERR] seq=545784903 err=4360
[ERR] seq=545784904 err=4312
[ERR] seq=545784905 err=4216
[ERR] seq=545784906 err=4144
[ERR] seq=545784907 err=4024
[ERR] seq=545784908 err=3952
[SEU] addr=200031B5 bit=00000000
[ERR] seq=545784909 err=3872
[ERR] seq=545784910 err=3776
[ERR] seq=545784911 err=3696
[ERR] seq=545784912 err=3600
[ERR] seq=545784913 err=3528
[SEU] addr=20003178 bit=00000002
[ERR] seq=545784914 err=3400
[ERR] seq=545784915 err=3328
[ERR] seq=545784916 err=3224
[ERR] seq=545784917 err=3144
[ERR] seq=545784918 err=3040
[SEU] addr=200031AE bit=00000000
[ERR] seq=545784919 err=2944
[ERR] seq=545784920 err=2824
[ERR] seq=545784921 err=2760
[ERR] seq=545784922 err=2648
[ERR] seq=545784923 err=2544
[SEU] addr=200031C6 bit=00000007
[ERR] seq=545784924 err=2448
[ERR] seq=545784925 err=2336
[ERR] seq=545784926 err=2256
[ERR] seq=545784927 err=2136
[ERR] seq=545784928 err=2056
[ERR] seq=545784929 err=1944
[ERR] seq=545784930 err=1856
[ERR] seq=545784931 err=1760
[SEU] addr=200031AA bit=00000004
[ERR] seq=545784932 err=1664
[ERR] seq=545784933 err=1560
[ERR] seq=545784934 err=1480
[ERR] seq=545784935 err=1368
[ERR] seq=545784936 err=1280
[ERR] seq=545784937 err=1176
[ERR] seq=545784938 err=1072
[ERR] seq=545784939 err=1000
[ERR] seq=545784940 err=888
[SEU] addr=2000314C bit=00000001
[SAMPLE QUEUE backup CORRUPTED] backup repaired
[ERR] seq=545784941 err=800
[SEU] addr=200031CE bit=00000005
[ERR] seq=545784942 err=688
[ERR] seq=545784943 err=624
[ERR] seq=545784944 err=504
[ERR] seq=545784945 err=424
[ERR] seq=545784946 err=312
[ERR] seq=545784947 err=240
[SEU] addr=2000314F bit=00000007
[SAMPLE QUEUE backup CORRUPTED] backup repaired
[ERR] seq=545784948 err=128
[ERR] seq=545784949 err=32
[ERR] seq=545784950 err=64
[SEU] addr=20003166 bit=00000000
[ERR] seq=545784951 err=152
[ERR] seq=545784952 err=248
[ERR] seq=545784953 err=336
[ERR] seq=545784954 err=424
[ERR] seq=545784955 err=488
[ERR] seq=545784956 err=600
[SEU] addr=200031A0 bit=00000005
[ERR] seq=545784957 err=680
[ERR] seq=545784958 err=784
[ERR] seq=545784959 err=848
[SEU] addr=20003192 bit=00000004
[ERR] seq=545784960 err=8389568
[ERR] seq=545784961 err=671744
[ERR] seq=545784962 err=725872
[SEU] addr=200031B4 bit=00000002
[ERR] seq=545784963 err=112400
[SEU] addr=200031AC bit=00000000
[ERR] seq=545784964 err=68192
[ERR] seq=545784965 err=15136
[ERR] seq=545784966 err=7944
[ERR] seq=545784967 err=2616
[ERR] seq=545784968 err=2224
[ERR] seq=545784969 err=1512
[ERR] seq=545784970 err=1816
[ERR] seq=545784971 err=1816
[SEU] addr=200031D6 bit=00000005
[ERR] seq=547882124 err=13392
[ERR] seq=547882125 err=12480
[ERR] seq=547882126 err=13448
[ERR] seq=547882127 err=13296
[ERR] seq=547882128 err=13344
[ERR] seq=547882129 err=13304
[ERR] seq=547882130 err=13288
[ERR] seq=547882131 err=13256
[SEU] addr=200031BB bit=00000005
[ERR] seq=547882132 err=13200
[ERR] seq=547882133 err=13176
[ERR] seq=547882134 err=13128
[ERR] seq=547882135 err=13080
[ERR] seq=547882136 err=13000
[SEU] addr=20003146 bit=00000002
[SAMPLE QUEUE CORRUPTED] primary repaired
[ERR] seq=547882137 err=12960
[ERR] seq=547882138 err=12888
[SEU] addr=2000318D bit=00000002
[ERR] seq=547882139 err=21016
[ERR] seq=547882140 err=12112
[ERR] seq=547882141 err=13392
[ERR] seq=547882142 err=12504
[ERR] seq=547882143 err=12600
[ERR] seq=547882144 err=12416
[ERR] seq=547882145 err=12352
[ERR] seq=547882146 err=12240
[ERR] seq=547882147 err=12152
[SEU] addr=2000317D bit=00000006
[ERR] seq=547882148 err=12040
[ERR] seq=547882149 err=11968
[ERR] seq=547882150 err=11824
[ERR] seq=547882151 err=11736
[ERR] seq=547882152 err=11592
[SEU] addr=2000319B bit=00000006
[ERR] seq=547882153 err=11488
[ERR] seq=547882154 err=11376
[ERR] seq=547882155 err=11240
[ERR] seq=547882156 err=11112
[ERR] seq=547882157 err=10960
[ERR] seq=547882158 err=10856
[SEU] addr=2000318A bit=00000001
[ERR] seq=547882159 err=1059264
[ERR] seq=547882160 err=82912
[ERR] seq=547882161 err=101000
[ERR] seq=547882162 err=13016
[ERR] seq=547882163 err=18464
[ERR] seq=547882164 err=8176
[ERR] seq=547882165 err=10584
[ERR] seq=547882166 err=9424
[ERR] seq=547882167 err=9536
[SEU] addr=20003190 bit=00000001
[ERR] seq=547882168 err=9288
[ERR] seq=547882169 err=9112
[ERR] seq=547882170 err=8944
[ERR] seq=547882171 err=8760
[ERR] seq=547882172 err=8592
[ERR] seq=547882173 err=8384
[ERR] seq=547882174 err=8224
[ERR] seq=547882175 err=8032
[ERR] seq=547882176 err=7832
[SEU] addr=20003151 bit=00000006
[ERR] seq=547882177 err=7640
[ERR] seq=547882178 err=7448
[ERR] seq=547882179 err=7240
[SEU] addr=200031AD bit=00000006
[ERR] seq=547882180 err=7048
[ERR] seq=547882181 err=6840
[SEU] addr=200031D1 bit=00000004
[ERR] seq=547882182 err=6648
[ERR] seq=547882183 err=6440
[ERR] seq=547882184 err=6240
[ERR] seq=547882185 err=6000
[SEU] addr=20003173 bit=00000001
[ERR] seq=547882186 err=5816
[ERR] seq=547882187 err=5592
[ERR] seq=547882188 err=5384
[ERR] seq=547882189 err=5168
[ERR] seq=547882190 err=4944
[ERR] seq=547882191 err=4736
[SEU] addr=200031A7 bit=00000006
[ERR] seq=547882192 err=4512
[ERR] seq=547882193 err=4280
[SEU] addr=20003157 bit=00000002
[CMD QUEUE CORRUPTED] primary repaired
[ERR] seq=547882194 err=4080
[ERR] seq=547882195 err=3840
[ERR] seq=547882196 err=3640
[ERR] seq=547882197 err=3400
[ERR] seq=547882198 err=3160
[ERR] seq=547882199 err=2960
[ERR] seq=547882200 err=2336
[ERR] seq=547882201 err=2168
[ERR] seq=547882202 err=1904
[ERR] seq=547882203 err=1656
[SEU] addr=2000314E bit=00000004
[SAMPLE QUEUE backup CORRUPTED] backup repaired
[ERR] seq=547882204 err=1424
[ERR] seq=547882205 err=1224
[ERR] seq=547882206 err=960
[ERR] seq=547882207 err=744
[SEU] addr=2000319B bit=00000007
[ERR] seq=547882208 err=504
[ERR] seq=547882209 err=296
[ERR] seq=547882210 err=56
[ERR] seq=547882211 err=192
[ERR] seq=547882212 err=416
[ERR] seq=547882213 err=648
[ERR] seq=547882214 err=864
[ERR] seq=547882215 err=1112
[ERR] seq=547882216 err=1320
[SEU] addr=2000314B bit=00000001
[ERR] seq=547882217 err=1568
[ERR] seq=547882218 err=1784
[ERR] seq=547882219 err=2040
[ERR] seq=547882220 err=2264
[ERR] seq=547882221 err=2496
[ERR] seq=547882222 err=2728
[SEU] addr=20003157 bit=00000007
[CMD QUEUE CORRUPTED] primary repaired
[ERR] seq=547882223 err=2936
[ERR] seq=547882224 err=3160
[ERR] seq=547882225 err=3392
[ERR] seq=547882226 err=3624
[ERR] seq=547882227 err=3848
[ERR] seq=547882228 err=4064
[ERR] seq=547882229 err=4280
[ERR] seq=547882230 err=4520
[ERR] seq=547882231 err=4712
[SEU] addr=20003163 bit=00000007
[ERR] seq=547882232 err=4944
[ERR] seq=547882233 err=5136
[ERR] seq=547882234 err=5344
[ERR] seq=547882235 err=5568
[ERR] seq=547882236 err=5760
[ERR] seq=547882237 err=5976
[SEU] addr=200031B3 bit=00000007
[ERR] seq=547882238 err=6160
[ERR] seq=547882239 err=6376
[ERR] seq=547882240 err=6560
[ERR] seq=547882241 err=6768
[ERR] seq=547882242 err=6936
[ERR] seq=547882243 err=7144
[ERR] seq=547882244 err=7328
[SEU] addr=20003174 bit=00000003
[ERR] seq=547882245 err=7512
[ERR] seq=547882246 err=7688
[ERR] seq=547882247 err=7856
[ERR] seq=547882248 err=8048
[ERR] seq=547882249 err=8216
[ERR] seq=547882250 err=8384
[ERR] seq=547882251 err=8552
[SEU] addr=200031A4 bit=00000000
[ERR] seq=547882252 err=8720
[ERR] seq=547882253 err=8888
[ERR] seq=547882254 err=9032
[ERR] seq=547882255 err=9192
[ERR] seq=547882256 err=9344
[ERR] seq=547882257 err=9504
[ERR] seq=547882258 err=9648
[ERR] seq=547882259 err=9784
[SEU] addr=2000315B bit=00000007
[ERR] seq=547882260 err=9928
[ERR] seq=547882261 err=10064
[ERR] seq=547882262 err=10216
[ERR] seq=547882263 err=10328
[ERR] seq=547882264 err=10448
[ERR] seq=547882265 err=10584
[ERR] seq=547882266 err=10712
[ERR] seq=547882267 err=10808
[ERR] seq=547882268 err=10936
[ERR] seq=547882269 err=11064
[SEU] addr=20003179 bit=00000004
[ERR] seq=547882270 err=11152
[ERR] seq=547882271 err=11264
[ERR] seq=547882272 err=11368
[ERR] seq=547882273 err=11464
[ERR] seq=547882274 err=11560
[SEU] addr=2000317B bit=00000005
[ERR] seq=547882275 err=11656
[ERR] seq=547882276 err=11752
[ERR] seq=547882277 err=11816
[ERR] seq=547882278 err=11920
[ERR] seq=547882279 err=11992
[ERR] seq=547882280 err=12064
[ERR] seq=547882281 err=12144
[ERR] seq=547882282 err=12184
[ERR] seq=547882283 err=12264
[ERR] seq=547882284 err=12320
[SEU] addr=20003196 bit=00000003
[ERR] seq=547882285 err=12376
[ERR] seq=547882286 err=12440
[ERR] seq=547882287 err=12496
[ERR] seq=547882288 err=12528
[ERR] seq=547882289 err=12592
[ERR] seq=547882290 err=12640
[SEU] addr=20003157 bit=00000006
[CMD QUEUE CORRUPTED] primary repaired
[ERR] seq=547882291 err=12680
[ERR] seq=547882292 err=12688
[ERR] seq=547882293 err=12760
[ERR] seq=547882294 err=12768
[ERR] seq=547882295 err=12808
[SEU] addr=20003186 bit=00000007
[ERR] seq=547882296 err=3584
[ERR] seq=547882297 err=13584
[ERR] seq=547882298 err=12048
[ERR] seq=547882299 err=13016
[ERR] seq=547882300 err=12800
[ERR] seq=547882301 err=12928
[ERR] seq=547882302 err=12880
[ERR] seq=547882303 err=12904
[ERR] seq=547882304 err=12888
[ERR] seq=547882305 err=12880
[SEU] addr=20003176 bit=00000005
[ERR] seq=547882306 err=12856
[ERR] seq=547882307 err=12848
[ERR] seq=547882308 err=12824
[ERR] seq=547882309 err=12816
[ERR] seq=547882310 err=12776
[ERR] seq=547882311 err=12760
[ERR] seq=547882312 err=12704
[ERR] seq=547882313 err=12680
[SEU] addr=20003163 bit=00000007
[ERR] seq=547882314 err=12640
[ERR] seq=547882315 err=12608
[ERR] seq=547882316 err=12544
[ERR] seq=547882317 err=12496
[ERR] seq=547882318 err=12440
[ERR] seq=547882319 err=12400
[SEU] addr=2000314E bit=00000007
[SAMPLE QUEUE backup CORRUPTED] backup repaired
[ERR] seq=547882320 err=12320
[ERR] seq=547882321 err=12264
[SEU] addr=2000319D bit=00000001
[ERR] seq=547882322 err=12216
[ERR] seq=547882323 err=12128
[ERR] seq=547882324 err=12064
[ERR] seq=547882325 err=12016
[ERR] seq=547882326 err=11896
[ERR] seq=547882327 err=11832
[ERR] seq=547882328 err=11744
[ERR] seq=547882329 err=11632
[ERR] seq=547882330 err=11568
[SEU] addr=2000314C bit=00000003
[SAMPLE QUEUE backup CORRUPTED] backup repaired
[ERR] seq=547882331 err=11456
[ERR] seq=547882332 err=11352
[ERR] seq=547882333 err=11248
[ERR] seq=547882334 err=11152
[ERR] seq=547882335 err=11040
[ERR] seq=547882336 err=10896
[ERR] seq=547882337 err=10824
[ERR] seq=547882338 err=10672
[SEU] addr=200031A8 bit=00000002
[ERR] seq=547882339 err=10560
[ERR] seq=547882340 err=10440
[ERR] seq=547882341 err=10304
[ERR] seq=547882342 err=10176
[ERR] seq=547882343 err=10040
[ERR] seq=547882344 err=9896
[SEU] addr=20003151 bit=00000006
[ERR] seq=547882345 err=9760
[ERR] seq=547882346 err=9608
[ERR] seq=547882347 err=9456
[ERR] seq=547882348 err=9320
[SEU] addr=200031CF bit=00000003
[ERR] seq=547882349 err=9160
[ERR] seq=547882350 err=8992
[ERR] seq=547882351 err=8848
[ERR] seq=547882352 err=8664
[SEU] addr=200031A3 bit=00000003
[ERR] seq=547882353 err=8520
[ERR] seq=547882354 err=8328
[ERR] seq=547882355 err=8176
[ERR] seq=547882356 err=8000
[ERR] seq=547882357 err=7800
[ERR] seq=547882358 err=7640
[SEU] addr=200031A0 bit=00000007
[ERR] seq=547882359 err=7472
[ERR] seq=547882360 err=7264
[ERR] seq=547882361 err=7080
[SEU] addr=20003192 bit=00000004
[ERR] seq=547882362 err=8392984
[ERR] seq=547882363 err=677784
[ERR] seq=547882364 err=728904
[ERR] seq=547882365 err=117952
[ERR] seq=547882366 err=70784
[ERR] seq=547882367 err=20176
[ERR] seq=547882368 err=10104
[ERR] seq=547882369 err=7152
[ERR] seq=547882370 err=4632
[SEU] addr=2000314C bit=00000000
[SAMPLE QUEUE backup CORRUPTED] backup repaired
[ERR] seq=547882371 err=5264
[ERR] seq=547882372 err=4792
[ERR] seq=547882373 err=4656
[ERR] seq=547882374 err=4440
[ERR] seq=547882375 err=4200
[ERR] seq=547882376 err=4008
[SEU] addr=2000318E bit=00000007
[ERR] seq=547882377 err=67112624
[ERR] seq=547882378 err=5370328
[ERR] seq=547882379 err=5801496
[ERR] seq=547882380 err=894760
[ERR] seq=547882381 err=538168
[ERR] seq=547882382 err=115480
[ERR] seq=547882383 err=54384
[ERR] seq=547882384 err=14272
[ERR] seq=547882385 err=7160
[SEU] addr=20003182 bit=00000002
[ERR] seq=547882386 err=2240
[ERR] seq=547882387 err=2008
[ERR] seq=547882388 err=1096
[ERR] seq=547882389 err=1080
[ERR] seq=547882390 err=760
[ERR] seq=547882391 err=552
[ERR] seq=547882392 err=328
[SEU] addr=20003192 bit=00000007
[ERR] seq=547882393 err=67108936
[ERR] seq=547882394 err=5368800
[SEU] addr=20003146 bit=00000006
[SAMPLE QUEUE CORRUPTED] primary repaired
[ERR] seq=547882395 err=5798592
[ERR] seq=547882396 err=893712
[ERR] seq=547882397 err=536152
[ERR] seq=547882398 err=114960
[SEU] addr=200031C0 bit=00000005
[ERR] seq=547882399 err=53256
[SEU] addr=200031A7 bit=00000002
[ERR] seq=547882400 err=14488
[ERR] seq=547882401 err=7296
[ERR] seq=547882402 err=2976
[ERR] seq=547882403 err=3104
[ERR] seq=547882404 err=2656
[SEU] addr=20003163 bit=00000004
[ERR] seq=547882405 err=3096
[ERR] seq=547882406 err=3248
[ERR] seq=547882407 err=3504
[ERR] seq=547882408 err=3704
[ERR] seq=547882409 err=3952
[ERR] seq=547882410 err=4152
[ERR] seq=547882411 err=4384
[ERR] seq=547882412 err=4592
[ERR] seq=547882413 err=4824
[ERR] seq=547882414 err=5040
[SEU] addr=200031BA bit=00000003
[ERR] seq=547882415 err=5256
[ERR] seq=547882416 err=5472
[ERR] seq=547882417 err=5688
[SEU] addr=20003182 bit=00000000
[ERR] seq=547882418 err=5872
[ERR] seq=547882419 err=6112
[ERR] seq=547882420 err=6328
[ERR] seq=547882421 err=6528
[ERR] seq=547882422 err=6744
[ERR] seq=547882423 err=6920
[ERR] seq=547882424 err=7136
[ERR] seq=547882425 err=7336
[ERR] seq=547882426 err=7520
[SEU] addr=20003154 bit=00000004
[CMD QUEUE CORRUPTED] primary repaired
[ERR] seq=547882427 err=7728
[ERR] seq=547882428 err=7904
[SEU] addr=20003195 bit=00000003
[ERR] seq=547882429 err=8120
[ERR] seq=547882430 err=8296
[ERR] seq=547882431 err=8472
[ERR] seq=547882432 err=8664
[ERR] seq=547882433 err=8840
[ERR] seq=547882434 err=9000
[ERR] seq=547882435 err=9192
[SEU] addr=2000318E bit=00000004
[ERR] seq=547882436 err=8392872
[ERR] seq=547882437 err=680608
[ERR] seq=547882438 err=729176
[ERR] seq=547882439 err=121536
[ERR] seq=547882440 err=71464
[ERR] seq=547882441 err=24440
[SEU] addr=20003188 bit=00000002
[ERR] seq=547882442 err=11152
[ERR] seq=547882443 err=12120
[ERR] seq=547882444 err=9960
[ERR] seq=547882445 err=10960
[ERR] seq=547882446 err=10816
[ERR] seq=547882447 err=11056
[SEU] addr=20003176 bit=00000003
[ERR] seq=547882448 err=11152
[ERR] seq=547882449 err=11304
[ERR] seq=547882450 err=11424
[ERR] seq=547882451 err=11528
[ERR] seq=547882452 err=11672
[ERR] seq=547882453 err=11768
[ERR] seq=547882454 err=11880
[ERR] seq=547882455 err=12000
[ERR] seq=547882456 err=12088
[SEU] addr=200031C2 bit=00000002
[ERR] seq=547882457 err=12200
[ERR] seq=547882458 err=12280
[ERR] seq=547882459 err=12384
[ERR] seq=547882460 err=12472
[ERR] seq=547882461 err=12568
[ERR] seq=547882462 err=12648
[ERR] seq=547882463 err=12720
[ERR] seq=547882464 err=12792
[ERR] seq=547882465 err=12872
[SEU] addr=200031CB bit=00000004
[ERR] seq=547882466 err=12912
[ERR] seq=547882467 err=12976
[SEU] addr=2000315E bit=00000000
[CMD QUEUE backup CORRUPTED] backup repaired
[ERR] seq=547882468 err=13048
[ERR] seq=547882469 err=13096
[ERR] seq=547882470 err=13152
[ERR] seq=547882471 err=13192
[SEU] addr=2000316B bit=00000007
[ERR] seq=547882472 err=13216
[ERR] seq=547882473 err=13280
[ERR] seq=547882474 err=13296
[ERR] seq=547882475 err=13336
[ERR] seq=547882476 err=13352
[ERR] seq=547882477 err=13376
[SEU] addr=200031CC bit=00000001
[ERR] seq=547882478 err=13392
[ERR] seq=547882479 err=13408
[ERR] seq=547882480 err=13408
[ERR] seq=547882481 err=13424
[SEU] addr=20003152 bit=00000001
[ERR] seq=547882482 err=13424
[ERR] seq=547882483 err=13408
[ERR] seq=547882484 err=13408
[ERR] seq=547882485 err=13400
[ERR] seq=547882486 err=13376
[ERR] seq=547882487 err=13368
[ERR] seq=547882488 err=13344
[SEU] addr=200031C5 bit=00000001
[ERR] seq=547882489 err=13304
[ERR] seq=547882490 err=13288
[ERR] seq=547882491 err=13256
[SEU] addr=20003182 bit=00000003
[ERR] seq=547882492 err=13200
[ERR] seq=547882493 err=13176
[ERR] seq=547882494 err=13128
[ERR] seq=547882495 err=13080
[ERR] seq=547882496 err=13000
[ERR] seq=547882497 err=12960
[ERR] seq=547882498 err=12888
[ERR] seq=547882499 err=12824
[ERR] seq=547882500 err=12768
[SEU] addr=2000319E bit=00000004
[ERR] seq=547882501 err=12688
[ERR] seq=547882502 err=12608
[ERR] seq=547882503 err=12536
[ERR] seq=547882504 err=12424
[SEU] addr=200031A0 bit=00000003
[ERR] seq=547882505 err=12352
[ERR] seq=547882506 err=12240
[ERR] seq=547882507 err=12152
[ERR] seq=547882508 err=12040
[SEU] addr=200031BE bit=00000004
[ERR] seq=547882509 err=11968
[ERR] seq=547882510 err=11824
[ERR] seq=547882511 err=11736
[ERR] seq=547882512 err=11592
[SEU] addr=2000317A bit=00000006
[ERR] seq=547882513 err=11488
[ERR] seq=547882514 err=11376
[ERR] seq=547882515 err=11240
[ERR] seq=547882516 err=11112
[ERR] seq=547882517 err=10960
[ERR] seq=547882518 err=10856
[ERR] seq=547882519 err=10688
[ERR] seq=547882520 err=10544
[ERR] seq=547882521 err=10408
[SEU] addr=20003192 bit=00000000
[ERR] seq=547882522 err=534552
[ERR] seq=547882523 err=48384
[ERR] seq=547882524 err=55248
[ERR] seq=547882525 err=13216
[SEU] addr=200031AA bit=00000001
[ERR] seq=547882526 err=13808
[SEU] addr=20003198 bit=00000006
[ERR] seq=547882527 err=8568
[ERR] seq=547882528 err=9704
[ERR] seq=547882529 err=9008
[ERR] seq=547882530 err=8976
[ERR] seq=547882531 err=8752
[SEU] addr=200031AD bit=00000003
[ERR] seq=547882532 err=8592
[ERR] seq=547882533 err=8384
[ERR] seq=547882534 err=8224
[ERR] seq=547882535 err=8032
[SEU] addr=20003165 bit=00000006
[ERR] seq=547882536 err=7832
[SEU] addr=2000315B bit=00000007
[ERR] seq=547882537 err=7640
[ERR] seq=547882538 err=7448
[ERR] seq=547882539 err=7240
[ERR] seq=547882540 err=7048
[ERR] seq=547882541 err=6840
[ERR] seq=547882542 err=6648
[ERR] seq=547882543 err=6440
[ERR] seq=547882544 err=6240
[ERR] seq=547882545 err=6000
[SEU] addr=20003151 bit=00000007
[ERR] seq=547882546 err=5816
[ERR] seq=547882547 err=5592
[ERR] seq=547882548 err=5384
[SEU] addr=20003163 bit=00000001
[ERR] seq=547882549 err=5168
[SEU] addr=20003178 bit=00000000
[ERR] seq=547882550 err=4944
[ERR] seq=547882551 err=4736
[SEU] addr=200031A5 bit=00000007
[ERR] seq=547882552 err=4512
[ERR] seq=547882553 err=4280
[ERR] seq=547882554 err=4080
[ERR] seq=547882555 err=3840
[ERR] seq=547882556 err=3640
[SEU] addr=200031BC bit=00000006
[ERR] seq=547882557 err=3400
[ERR] seq=547882558 err=3160
[ERR] seq=547882559 err=2960
[ERR] seq=547882560 err=2336
[ERR] seq=547882561 err=2168
[ERR] seq=547882562 err=1904
[SEU] addr=20003166 bit=00000000
[ERR] seq=547882563 err=1656
[ERR] seq=547882564 err=1424
[ERR] seq=547882565 err=1224
[ERR] seq=547882566 err=960
[SEU] addr=20003155 bit=00000003
[CMD QUEUE CORRUPTED] primary repaired
[ERR] seq=547882567 err=744
[ERR] seq=547882568 err=504
[ERR] seq=547882569 err=296
[ERR] seq=547882570 err=56
[ERR] seq=547882571 err=192
[ERR] seq=547882572 err=416
[ERR] seq=547882573 err=648
[SEU] addr=20003199 bit=00000000
[ERR] seq=547882574 err=864
[ERR] seq=547882575 err=1112
[ERR] seq=547882576 err=1320
[ERR] seq=547882577 err=1568
[ERR] seq=547882578 err=1784
[SEU] addr=200031C8 bit=00000006
[ERR] seq=547882579 err=2040
[ERR] seq=547882580 err=2264
[ERR] seq=547882581 err=2496
[SEU] addr=20003159 bit=00000003
[ERR] seq=547882582 err=2728
[ERR] seq=547882583 err=2936
[ERR] seq=547882584 err=3160
[ERR] seq=547882585 err=3392
[ERR] seq=547882586 err=3624
[ERR] seq=547882587 err=3848
[ERR] seq=547882588 err=4064
[ERR] seq=547882589 err=4280
[ERR] seq=547882590 err=4520
[SEU] addr=2000316F bit=00000003
[ERR] seq=547882591 err=4712
[SEU] addr=200031D5 bit=00000006
[ERR] seq=547898976 err=2416
[ERR] seq=547898977 err=1848
[ERR] seq=547898978 err=2408
[ERR] seq=547898979 err=2304
[ERR] seq=547898980 err=2344
[ERR] seq=547898981 err=2320
[ERR] seq=547898982 err=2304
[ERR] seq=547898983 err=2272
[ERR] seq=547898984 err=2264
[SEU] addr=20003178 bit=00000001
[ERR] seq=547898985 err=2240
[ERR] seq=547898986 err=2216
[ERR] seq=547898987 err=2200
[ERR] seq=547898988 err=2168
[ERR] seq=547898989 err=2176
[ERR] seq=547898990 err=2128
[ERR] seq=547898991 err=2120
[ERR] seq=547898992 err=2080
[ERR] seq=547898993 err=2056
[SEU] addr=20003183 bit=00000003
[ERR] seq=547898994 err=2040
[SEU] addr=200031D0 bit=00000004
[ERR] seq=547898995 err=2008
[ERR] seq=547898996 err=2008
[ERR] seq=547898997 err=1960
[ERR] seq=547898998 err=1936
[ERR] seq=547898999 err=1920
[ERR] seq=547899000 err=1880
[ERR] seq=547899001 err=1856
[SEU] addr=20003161 bit=00000004
[ERR] seq=547899002 err=1832
[ERR] seq=547899003 err=1808
[ERR] seq=547899004 err=1776
[ERR] seq=547899005 err=1744
[ERR] seq=547899006 err=1712
[ERR] seq=547899007 err=1696
[SEU] addr=20003164 bit=00000006
[ERR] seq=547899008 err=1672
[ERR] seq=547899009 err=1632
[ERR] seq=547899010 err=1632
[ERR] seq=547899011 err=1560
[ERR] seq=547899012 err=1552
[ERR] seq=547899013 err=1512
[SEU] addr=20003145 bit=00000004
[SAMPLE QUEUE CORRUPTED] primary repaired
[ERR] seq=547899014 err=1472
[ERR] seq=547899015 err=1456
[ERR] seq=547899016 err=1424
[ERR] seq=547899017 err=1400
[ERR] seq=547899018 err=1352
[ERR] seq=547899019 err=1320
[ERR] seq=547899020 err=1272
[ERR] seq=547899021 err=1264
[SEU] addr=200031A3 bit=00000004
[ERR] seq=547899022 err=1216
[ERR] seq=547899023 err=1176
[ERR] seq=547899024 err=1144
[ERR] seq=547899025 err=1104
[ERR] seq=547899026 err=1056
[ERR] seq=547899027 err=1048
[ERR] seq=547899028 err=992
[ERR] seq=547899029 err=952
[SEU] addr=20003197 bit=00000002
[ERR] seq=547899030 err=912
[ERR] seq=547899031 err=880
[ERR] seq=547899032 err=816
[ERR] seq=547899033 err=792
[SEU] addr=2000315D bit=00000007
[CMD QUEUE backup CORRUPTED] backup repaired
[ERR] seq=547899034 err=736
[ERR] seq=547899035 err=704
[SEU] addr=2000314C bit=00000004
[SAMPLE QUEUE backup CORRUPTED] backup repaired
[ERR] seq=547899036 err=672
[ERR] seq=547899037 err=616
[ERR] seq=547899038 err=576
[SEU] addr=2000319D bit=00000003
[ERR] seq=547899039 err=528
[ERR] seq=547899040 err=504
[ERR] seq=547899041 err=440
[ERR] seq=547899042 err=408
[ERR] seq=547899043 err=352
[SEU] addr=20003164 bit=00000001
[ERR] seq=547899044 err=336
[ERR] seq=547899045 err=264
[ERR] seq=547899046 err=216
[ERR] seq=547899047 err=176
[SEU] addr=200031D5 bit=00000007
[ERR] seq=547931816 err=104
[ERR] seq=547931817 err=160
[SEU] addr=20003183 bit=00000000
[ERR] seq=547931818 err=216
[ERR] seq=547931819 err=280
[ERR] seq=547931820 err=352
[ERR] seq=547931821 err=424
[ERR] seq=547931822 err=464
[ERR] seq=547931823 err=560
[SEU] addr=20003155 bit=00000007
[CMD QUEUE CORRUPTED] primary repaired
[ERR] seq=547931824 err=600
[SEU] addr=200031CE bit=00000004
[ERR] seq=547931825 err=696
[ERR] seq=547931826 err=752
[ERR] seq=547931827 err=808
[SEU] addr=2000317B bit=00000000
[ERR] seq=547931828 err=880
[ERR] seq=547931829 err=952
[ERR] seq=547931830 err=1016
[ERR] seq=547931831 err=1080
[ERR] seq=547931832 err=1160
[ERR] seq=547931833 err=1208
[ERR] seq=547931834 err=1304
[ERR] seq=547931835 err=1352
[SEU] addr=20003167 bit=00000007
[ERR] seq=547931836 err=1440
[ERR] seq=547931837 err=1520
[ERR] seq=547931838 err=1544
[ERR] seq=547931839 err=1640
[ERR] seq=547931840 err=1712
[ERR] seq=547931841 err=1752
[ERR] seq=547931842 err=1848
[ERR] seq=547931843 err=1888
[SEU] addr=2000317A bit=00000001
[ERR] seq=547931844 err=1960
[ERR] seq=547931845 err=2048
[SEU] addr=20003196 bit=00000004
[ERR] seq=547931846 err=2096
[ERR] seq=547931847 err=2168
[ERR] seq=547931848 err=2224
[ERR] seq=547931849 err=2280
[ERR] seq=547931850 err=2368
[ERR] seq=547931851 err=2416
[ERR] seq=547931852 err=2480
[SEU] addr=200031CC bit=00000002
[ERR] seq=547931853 err=2552
[ERR] seq=547931854 err=2616
[ERR] seq=547931855 err=2648
[SEU] addr=20003174 bit=00000003
[ERR] seq=547931856 err=2728
[ERR] seq=547931857 err=2784
[ERR] seq=547931858 err=2832
[ERR] seq=547931859 err=2904
[ERR] seq=547931860 err=2960
[ERR] seq=547931861 err=3008
[ERR] seq=547931862 err=3072
[ERR] seq=547931863 err=3128
[SEU] addr=200031A8 bit=00000003
[ERR] seq=547931864 err=3168
[ERR] seq=547931865 err=3240
[ERR] seq=547931866 err=3288
[ERR] seq=547931867 err=3328
[ERR] seq=547931868 err=3352
[ERR] seq=547931869 err=3408
[ERR] seq=547931870 err=3464
[ERR] seq=547931871 err=3512
[ERR] seq=547931872 err=3536
[SEU] addr=2000319E bit=00000004
[ERR] seq=547931873 err=3584
[ERR] seq=547931874 err=3608
[ERR] seq=547931875 err=3656
[SEU] addr=200031B3 bit=00000001
[ERR] seq=547931876 err=3680
[ERR] seq=547931877 err=3696
[ERR] seq=547931878 err=3752
[ERR] seq=547931879 err=3776
[ERR] seq=547931880 err=4176
[ERR] seq=547931881 err=4152
[ERR] seq=547931882 err=4208
[SEU] addr=20003152 bit=00000006
[ERR] seq=547931883 err=4240
[ERR] seq=547931884 err=4264
[ERR] seq=547931885 err=4272
[ERR] seq=547931886 err=4304
[SEU] addr=20003185 bit=00000006
[ERR] seq=547931887 err=3560
[ERR] seq=547931888 err=4384
[SEU] addr=2000318B bit=00000002
[ERR] seq=547931889 err=536870528
[SEU] addr=20003165 bit=00000002
[ERR] seq=547931890 err=42954016
[ERR] seq=547931891 err=46385224
[ERR] seq=547931892 err=7151176
[ERR] seq=547931893 err=4282184
[ERR] seq=547931894 err=918728
[ERR] seq=547931895 err=415344
[ERR] seq=547931896 err=110768
[ERR] seq=547931897 err=41360
[SEU] addr=200031D3 bit=00000002
[ERR] seq=547931898 err=16192
[ERR] seq=547931899 err=3880
[ERR] seq=547931900 err=5664
[ERR] seq=547931901 err=3952
[ERR] seq=547931902 err=4504
[ERR] seq=547931903 err=4320
[SEU] addr=20003189 bit=00000004
[ERR] seq=547931904 err=32328
[ERR] seq=547931905 err=6960
[ERR] seq=547931906 err=2416
[SEU] addr=20003185 bit=00000007
[ERR] seq=547931907 err=3784
[ERR] seq=547931908 err=4136
[ERR] seq=547931909 err=4288
[ERR] seq=547931910 err=4256
[ERR] seq=547931911 err=4264
[ERR] seq=547931912 err=3872
[ERR] seq=547931913 err=3880
[ERR] seq=547931914 err=3832
[ERR] seq=547931915 err=3816
[SEU] addr=2000317D bit=00000002
[ERR] seq=547931916 err=3768
[ERR] seq=547931917 err=3760
[ERR] seq=547931918 err=3704
[ERR] seq=547931919 err=3688
[ERR] seq=547931920 err=3656
[SEU] addr=2000315B bit=00000004
[ERR] seq=547931921 err=3616
[ERR] seq=547931922 err=3592
[ERR] seq=547931923 err=3544
[ERR] seq=547931924 err=3512
[ERR] seq=547931925 err=3464
[ERR] seq=547931926 err=3416
[SEU] addr=2000317F bit=00000001
[ERR] seq=547931927 err=3368
[ERR] seq=547931928 err=3336
[ERR] seq=547931929 err=3288
[ERR] seq=547931930 err=3256
[ERR] seq=547931931 err=3184
[ERR] seq=547931932 err=3128
[SEU] addr=2000318A bit=00000006
[ERR] seq=547931933 err=33554160
[ERR] seq=547931934 err=2687376
[ERR] seq=547931935 err=2898824
[ERR] seq=547931936 err=449576
[ERR] seq=547931937 err=267400
[ERR] seq=547931938 err=59920
[ERR] seq=547931939 err=25720
[ERR] seq=547931940 err=9312
[ERR] seq=547931941 err=2360
[ERR] seq=547931942 err=3280
[SEU] addr=20003182 bit=00000005
[ERR] seq=547931943 err=2240
[ERR] seq=547931944 err=2504
[ERR] seq=547931945 err=2336
[ERR] seq=547931946 err=2320
[ERR] seq=547931947 err=2224
[ERR] seq=547931948 err=2168
[ERR] seq=547931949 err=2128
[SEU] addr=2000314A bit=00000000
[ERR] seq=547931950 err=2048
[ERR] seq=547931951 err=1960
[ERR] seq=547931952 err=1912
[ERR] seq=547931953 err=1848
[SEU] addr=20003170 bit=00000000
[ERR] seq=547931954 err=1768
[ERR] seq=547931955 err=1728
[SEU] addr=2000319B bit=00000006
[ERR] seq=547931956 err=1640
[ERR] seq=547931957 err=1576
[ERR] seq=547931958 err=1520
[ERR] seq=547931959 err=1440
[ERR] seq=547931960 err=1376
[ERR] seq=547931961 err=1304
[SEU] addr=2000317D bit=00000007
[ERR] seq=547931962 err=1232
[ERR] seq=547931963 err=1168
[ERR] seq=547931964 err=1080
[ERR] seq=547931965 err=1048
[ERR] seq=547931966 err=952
[SEU] addr=2000316A bit=00000002
[ERR] seq=547931967 err=896
[ERR] seq=547931968 err=832
[ERR] seq=547931969 err=760
[ERR] seq=547931970 err=696
[ERR] seq=547931971 err=656
[SEU] addr=2000317B bit=00000000
[ERR] seq=547931972 err=568
[ERR] seq=547931973 err=496
[ERR] seq=547931974 err=456
[ERR] seq=547931975 err=376
[ERR] seq=547931976 err=312
[ERR] seq=547931977 err=256
[ERR] seq=547931978 err=176
[SEU] addr=200031C3 bit=00000006
[ERR] seq=547931979 err=144
[ERR] seq=547931980 err=64
[ERR] seq=547931982 err=64
[ERR] seq=547931983 err=112
[ERR] seq=547931984 err=192
[SEU] addr=200031B0 bit=00000004
[ERR] seq=547931985 err=248
[ERR] seq=547931986 err=304
[ERR] seq=547931987 err=368
[ERR] seq=547931988 err=424
[SEU] addr=20003186 bit=00000001
[ERR] seq=547931989 err=2520
[ERR] seq=547931990 err=392
[ERR] seq=547931991 err=760
[ERR] seq=547931992 err=624
[ERR] seq=547931993 err=736
[SEU] addr=20003194 bit=00000003
[ERR] seq=547931994 err=744
[ERR] seq=547931995 err=816
[ERR] seq=547931996 err=864
[ERR] seq=547931997 err=928
[ERR] seq=547931998 err=976
[SEU] addr=200031C4 bit=00000007
[ERR] seq=547931999 err=1040
[ERR] seq=547932000 err=1088
[ERR] seq=547932001 err=1136
[SEU] addr=200031B1 bit=00000004
[ERR] seq=547932002 err=1176
[ERR] seq=547932003 err=1256
[ERR] seq=547932004 err=1296
[ERR] seq=547932005 err=1344
[ERR] seq=547932006 err=1408
[SEU] addr=200031BF bit=00000004
[ERR] seq=547932007 err=1456
[ERR] seq=547932008 err=1488
[ERR] seq=547932009 err=1544
[ERR] seq=547932010 err=1600
[ERR] seq=547932011 err=1656
[SEU] addr=20003174 bit=00000000
[ERR] seq=547932012 err=1696
[ERR] seq=547932013 err=1744
[SEU] addr=20003172 bit=00000005
[ERR] seq=547932014 err=1784
[ERR] seq=547932015 err=1840
[ERR] seq=547932016 err=1864
[ERR] seq=547932017 err=1920
[ERR] seq=547932018 err=1968
[ERR] seq=547932019 err=2008
[ERR] seq=547932020 err=2048
[ERR] seq=547932021 err=2088
[SEU] addr=200031CF bit=00000003
[ERR] seq=547932022 err=2120
[ERR] seq=547932023 err=2168
[ERR] seq=547932024 err=2200
[ERR] seq=547932025 err=2216
[ERR] seq=547932026 err=2288
[ERR] seq=547932027 err=2320
[ERR] seq=547932028 err=2360
[SEU] addr=200031C1 bit=00000001
[ERR] seq=547932029 err=2400
[ERR] seq=547932030 err=2424
[ERR] seq=547932031 err=2464
[ERR] seq=547932032 err=2504
[ERR] seq=547932033 err=2536
[ERR] seq=547932034 err=2584
[ERR] seq=547932035 err=2592
[ERR] seq=547932036 err=2640
[SEU] addr=200031AD bit=00000004
[ERR] seq=547932037 err=2688
[ERR] seq=547932038 err=2704
[ERR] seq=547932039 err=2736
[ERR] seq=547932040 err=2776
[SEU] addr=2000316C bit=00000007
[ERR] seq=547932041 err=2784
[ERR] seq=547932042 err=2832
[ERR] seq=547932043 err=2856
[SEU] addr=20003164 bit=00000003
[ERR] seq=547932044 err=2896
[ERR] seq=547932045 err=2912
[ERR] seq=547932046 err=2952
[ERR] seq=547932047 err=2960
[ERR] seq=547932048 err=2992
[ERR] seq=547932049 err=3016
[ERR] seq=547932050 err=3040
[ERR] seq=547932051 err=3080
[ERR] seq=547932052 err=3096
[ERR] seq=547932053 err=3112
[SEU] addr=200031BC bit=00000002
[ERR] seq=547932054 err=3136
[ERR] seq=547932055 err=3160
[ERR] seq=547932056 err=3184
[ERR] seq=547932057 err=3216
[ERR] seq=547932058 err=3224
[ERR] seq=547932059 err=3256
[ERR] seq=547932060 err=3272
[ERR] seq=547932061 err=3288
[ERR] seq=547932062 err=3288
[SEU] addr=20003159 bit=00000002
[ERR] seq=547932063 err=3304
[SEU] addr=200031B4 bit=00000007
[ERR] seq=547932064 err=3312
[ERR] seq=547932065 err=3336
[ERR] seq=547932066 err=3344
[ERR] seq=547932067 err=3360
[ERR] seq=547932068 err=3384
[ERR] seq=547932069 err=3376
[ERR] seq=547932070 err=3408
[ERR] seq=547932071 err=3408
[ERR] seq=547932072 err=3408
[ERR] seq=547932073 err=3408
[SEU] addr=20003182 bit=00000000
[ERR] seq=547932074 err=3416
[ERR] seq=547932075 err=3432
[ERR] seq=547932076 err=3416
[ERR] seq=547932077 err=3424
[ERR] seq=547932078 err=3424
[ERR] seq=547932079 err=3424
[ERR] seq=547932080 err=3416
[ERR] seq=547932081 err=3432
[ERR] seq=547932082 err=3416
[SEU] addr=20003148 bit=00000007
[SAMPLE QUEUE CORRUPTED] primary repaired
[ERR] seq=547932083 err=3408
[ERR] seq=547932084 err=3408
[ERR] seq=547932085 err=3408
[ERR] seq=547932086 err=3408
[ERR] seq=547932087 err=3376
[ERR] seq=547932088 err=3384
[ERR] seq=547932089 err=3360
[ERR] seq=547932090 err=3352
[ERR] seq=547932091 err=3336
[SEU] addr=20003149 bit=00000003
[ERR] seq=547932092 err=3320
[ERR] seq=547932093 err=3304
[ERR] seq=547932094 err=3304
[ERR] seq=547932095 err=3280
[ERR] seq=547932096 err=3288
[ERR] seq=547932097 err=3256
[ERR] seq=547932098 err=3224
[ERR] seq=547932099 err=3224
[ERR] seq=547932100 err=3184
[SEU] addr=200031A9 bit=00000004
[ERR] seq=547932101 err=3168
[ERR] seq=547932102 err=3136
[ERR] seq=547932103 err=3112
[SEU] addr=2000315E bit=00000004
[CMD QUEUE backup CORRUPTED] backup repaired
[ERR] seq=547932104 err=3104
[ERR] seq=547932105 err=3080
[ERR] seq=547932106 err=3040
[ERR] seq=547932107 err=3016
[ERR] seq=547932108 err=2992
[ERR] seq=547932109 err=2976
[ERR] seq=547932110 err=2952
[SEU] addr=2000319C bit=00000001
[ERR] seq=547932111 err=2912
[ERR] seq=547932112 err=2912
[ERR] seq=547932113 err=2848
[ERR] seq=547932114 err=2840
[ERR] seq=547932115 err=2800
[ERR] seq=547932116 err=2776
[ERR] seq=547932117 err=2736
[ERR] seq=547932118 err=2720
[ERR] seq=547932119 err=2680
[SEU] addr=200031A7 bit=00000005
[ERR] seq=547932120 err=2648
[SEU] addr=2000317B bit=00000005
[ERR] seq=547932121 err=2608
[ERR] seq=547932122 err=2584
[SEU] addr=2000314C bit=00000003
[SAMPLE QUEUE backup CORRUPTED] backup repaired
[ERR] seq=547932123 err=2536
[ERR] seq=547932124 err=2520
[SEU] addr=2000315D bit=00000000
[CMD QUEUE backup CORRUPTED] backup repaired
[ERR] seq=547932125 err=2464
[ERR] seq=547932126 err=2432
[SEU] addr=2000316A bit=00000005
[ERR] seq=547932127 err=2400
[ERR] seq=547932128 err=2360
[SEU] addr=200031D1 bit=00000001
[ERR] seq=547932129 err=2328
[ERR] seq=547932130 err=2288
[ERR] seq=547932131 err=2240
[ERR] seq=547932132 err=2200
[ERR] seq=547932133 err=2168
[SEU] addr=200031D2 bit=00000000
[ERR] seq=547932134 err=2144
[ERR] seq=547932135 err=2096
[ERR] seq=547932136 err=2048
[ERR] seq=547932137 err=2008
[ERR] seq=547932138 err=1976
[ERR] seq=547932139 err=1920
[ERR] seq=547932140 err=1880
[ERR] seq=547932141 err=1840
[SEU] addr=200031BD bit=00000002
[ERR] seq=547932142 err=1784
[SEU] addr=200031D6 bit=00000005
[ERR] seq=545834991 err=10808
[ERR] seq=545834992 err=9864
[ERR] seq=545834993 err=10960
[ERR] seq=545834994 err=10816
[ERR] seq=545834995 err=10920
[ERR] seq=545834996 err=10952
[ERR] seq=545834997 err=10952
[ERR] seq=545834998 err=10960
[SEU] addr=20003150 bit=00000000
[SAMPLE QUEUE backup CORRUPTED] backup repaired
[ERR] seq=545834999 err=10976
[ERR] seq=545835000 err=10976
[ERR] seq=545835001 err=10984
[ERR] seq=545835002 err=10984
[ERR] seq=545835003 err=10984
[ERR] seq=545835004 err=10976
[SEU] addr=200031D5 bit=00000006
[ERR] seq=545818621 err=528
[ERR] seq=545818622 err=464
[ERR] seq=545818623 err=368
[ERR] seq=545818624 err=152
[SEU] addr=200031BF bit=00000005
[ERR] seq=545818625 err=120
[ERR] seq=545818626 err=16
[ERR] seq=545818627 err=120
[ERR] seq=545818628 err=224
[ERR] seq=545818629 err=328
[ERR] seq=545818630 err=448
[ERR] seq=545818631 err=536
[ERR] seq=545818632 err=672
[ERR] seq=545818633 err=776
[SEU] addr=20003199 bit=00000006
[ERR] seq=545818634 err=880
[ERR] seq=545818635 err=1008
[ERR] seq=545818636 err=1112
[ERR] seq=545818637 err=1232
[SEU] addr=200031C0 bit=00000000
[ERR] seq=545818638 err=1344
[ERR] seq=545818639 err=1456
[ERR] seq=545818640 err=1576
[ERR] seq=545818641 err=1688
[ERR] seq=545818642 err=1784
[ERR] seq=545818643 err=1912
[ERR] seq=545818644 err=2008
[ERR] seq=545818645 err=2160
[ERR] seq=545818646 err=2256
[ERR] seq=545818647 err=2352
[SEU] addr=20003188 bit=00000001
[ERR] seq=545818648 err=2504
[ERR] seq=545818649 err=2608
[ERR] seq=545818650 err=2704
[ERR] seq=545818651 err=2824
[ERR] seq=545818652 err=2920
[ERR] seq=545818653 err=3056
[ERR] seq=545818654 err=3160
[SEU] addr=2000316B bit=00000002
[ERR] seq=545818655 err=3272
[ERR] seq=545818656 err=3392
[ERR] seq=545818657 err=3480
[SEU] addr=200031A7 bit=00000004
[ERR] seq=545818658 err=3616
[ERR] seq=545818659 err=3728
[ERR] seq=545818660 err=3824
[ERR] seq=545818661 err=3952
[ERR] seq=545818662 err=4032
[ERR] seq=545818663 err=4136
[ERR] seq=545818664 err=4264
[ERR] seq=545818665 err=4360
[SEU] addr=20003149 bit=00000007
[ERR] seq=545818666 err=4480
[ERR] seq=545818667 err=4544
[ERR] seq=545818668 err=4648
[SEU] addr=200031C6 bit=00000003
[ERR] seq=545818669 err=4744
[ERR] seq=545818670 err=4840
[ERR] seq=545818671 err=4928
[ERR] seq=545818672 err=5016
[ERR] seq=545818673 err=5104
[ERR] seq=545818674 err=5192
[ERR] seq=545818675 err=5264
[ERR] seq=545818676 err=5360
[ERR] seq=545818677 err=5432
[SEU] addr=2000315C bit=00000000
[CMD QUEUE backup CORRUPTED] backup repaired
[ERR] seq=545818678 err=5536
[ERR] seq=545818679 err=5568
[ERR] seq=545818680 err=6048
[ERR] seq=545818681 err=6072
[ERR] seq=545818682 err=6168
[ERR] seq=545818683 err=6248
[SEU] addr=200031D3 bit=00000005
[ERR] seq=545818684 err=6304
[ERR] seq=545818685 err=6384
[ERR] seq=545818686 err=6448
[ERR] seq=545818687 err=6512
[ERR] seq=545818688 err=6560
[ERR] seq=545818689 err=6624
[ERR] seq=545818690 err=6640
[ERR] seq=545818691 err=6720
[ERR] seq=545818692 err=6760
[SEU] addr=2000317F bit=00000007
[ERR] seq=545818693 err=6808
[ERR] seq=545818694 err=6856
[ERR] seq=545818695 err=6904
[ERR] seq=545818696 err=6928
[ERR] seq=545818697 err=6960
[ERR] seq=545818698 err=6984
[SEU] addr=200031BF bit=00000006
[ERR] seq=545818699 err=7032
[ERR] seq=545818700 err=7080
[ERR] seq=545818701 err=7080
[ERR] seq=545818702 err=7112
[ERR] seq=545818703 err=7136
[ERR] seq=545818704 err=7144
[ERR] seq=545818705 err=7152
[ERR] seq=545818706 err=7176
[SEU] addr=200031CF bit=00000003
[ERR] seq=545818707 err=7184
[ERR] seq=545818708 err=7200
[ERR] seq=545818709 err=7184
[ERR] seq=545818710 err=7200
[SEU] addr=2000316C bit=00000006
[ERR] seq=545818711 err=7184
[ERR] seq=545818712 err=7200
[ERR] seq=545818713 err=7168
[SEU] addr=2000316F bit=00000002
[ERR] seq=545818714 err=7168
[ERR] seq=545818715 err=7136
[ERR] seq=545818716 err=7144
[ERR] seq=545818717 err=7112
[ERR] seq=545818718 err=7088
[ERR] seq=545818719 err=7080
[ERR] seq=545818720 err=7040
[SEU] addr=20003196 bit=00000005
[ERR] seq=545818721 err=6992
[ERR] seq=545818722 err=6960
[ERR] seq=545818723 err=6936
[ERR] seq=545818724 err=6912
[ERR] seq=545818725 err=6864
[ERR] seq=545818726 err=6808
[ERR] seq=545818727 err=6760
[ERR] seq=545818728 err=6728
[SEU] addr=20003195 bit=00000000
[ERR] seq=545818729 err=6664
[ERR] seq=545818730 err=6624
[ERR] seq=545818731 err=6560
[ERR] seq=545818732 err=6544
[ERR] seq=545818733 err=6448
[SEU] addr=2000316F bit=00000003
[ERR] seq=545818734 err=6384
[ERR] seq=545818735 err=6328
[SEU] addr=200031A6 bit=00000002
[ERR] seq=545818736 err=5872
[ERR] seq=545818737 err=5856
[ERR] seq=545818738 err=5768
[SEU] addr=200031C4 bit=00000004
[ERR] seq=545818739 err=5672
[SEU] addr=20003168 bit=00000005
[ERR] seq=545818740 err=5600
[ERR] seq=545818741 err=5536
[SEU] addr=2000319F bit=00000001
[ERR] seq=545818742 err=5440
[ERR] seq=545818743 err=5384
[ERR] seq=545818744 err=5280
[ERR] seq=545818745 err=5200
[ERR] seq=545818746 err=5120
[ERR] seq=545818747 err=5032
[ERR] seq=545818748 err=4944
[ERR] seq=545818749 err=4856
[SEU] addr=200031B2 bit=00000003
[ERR] seq=545818750 err=4752
[ERR] seq=545818751 err=4664
[ERR] seq=545818752 err=4568
[SEU] addr=200031BC bit=00000000
[ERR] seq=545818753 err=4488
[ERR] seq=545818754 err=4368
[ERR] seq=545818755 err=4288
[ERR] seq=545818756 err=4152
[ERR] seq=545818757 err=4056
[SEU] addr=20003156 bit=00000006
[CMD QUEUE CORRUPTED] primary repaired
[ERR] seq=545818758 err=3952
[ERR] seq=545818759 err=3856
[ERR] seq=545818760 err=3736
[ERR] seq=545818761 err=3632
[ERR] seq=545818762 err=3520
[SEU] addr=2000315F bit=00000003
[CMD QUEUE backup CORRUPTED] backup repaired
[ERR] seq=545818763 err=3392
[ERR] seq=545818764 err=3288
[ERR] seq=545818765 err=3184
[ERR] seq=545818766 err=3072
[ERR] seq=545818767 err=2960
[ERR] seq=545818768 err=2824
[SEU] addr=20003154 bit=00000007
[CMD QUEUE CORRUPTED] primary repaired
[ERR] seq=545818769 err=2744
[ERR] seq=545818770 err=2632
[ERR] seq=545818771 err=2512
[ERR] seq=545818772 err=2400
[ERR] seq=545818773 err=2280
[ERR] seq=545818774 err=2184
[ERR] seq=545818775 err=2064
[ERR] seq=545818776 err=1944
[SEU] addr=200031D2 bit=00000000
[ERR] seq=545818777 err=1832
[SEU] addr=200031AF bit=00000006
[ERR] seq=545818778 err=1720
[ERR] seq=545818779 err=1616
[ERR] seq=545818780 err=1512
[ERR] seq=545818781 err=1376
[ERR] seq=545818782 err=1296
[ERR] seq=545818783 err=1168
[ERR] seq=545818784 err=1048
[SEU] addr=20003194 bit=00000003
[ERR] seq=545818785 err=960
[ERR] seq=545818786 err=824
[SEU] addr=20003161 bit=00000004
[ERR] seq=545818787 err=728
[ERR] seq=545818788 err=592
[ERR] seq=545818789 err=512
[ERR] seq=545818790 err=392
[ERR] seq=545818791 err=280
[ERR] seq=545818792 err=184
[SEU] addr=2000317A bit=00000003
[ERR] seq=545818793 err=64
[ERR] seq=545818794 err=40
[ERR] seq=545818795 err=152
[ERR] seq=545818796 err=248
[SEU] addr=20003151 bit=00000006
[ERR] seq=545818797 err=368
[ERR] seq=545818798 err=464
[ERR] seq=545818799 err=568
[SEU] addr=20003175 bit=00000000
[ERR] seq=545818800 err=664
[ERR] seq=545818801 err=784
[ERR] seq=545818802 err=864
[ERR] seq=545818803 err=968
[ERR] seq=545818804 err=1072
[ERR] seq=545818805 err=1176
[SEU] addr=200031A6 bit=00000004
[ERR] seq=545818806 err=1256
[ERR] seq=545818807 err=1368
[ERR] seq=545818808 err=1456
[ERR] seq=545818809 err=1568
[ERR] seq=545818810 err=1648
[ERR] seq=545818811 err=1752
[ERR] seq=545818812 err=1840
[ERR] seq=545818813 err=1920
[ERR] seq=545818814 err=2024
[SEU] addr=20003179 bit=00000002
[ERR] seq=545818815 err=2104
[ERR] seq=545818816 err=2200
[ERR] seq=545818817 err=2264
[ERR] seq=545818818 err=2376
[ERR] seq=545818819 err=2448
[SEU] addr=20003179 bit=00000001
[ERR] seq=545818820 err=2528
[ERR] seq=545818821 err=2624
[ERR] seq=545818822 err=2680
[SEU] addr=2000317D bit=00000006
[ERR] seq=545818823 err=2784
[ERR] seq=545818824 err=2840
[ERR] seq=545818825 err=2944
[SEU] addr=2000319D bit=00000000
[ERR] seq=545818826 err=3008
[ERR] seq=545818827 err=3112
[ERR] seq=545818828 err=3176
[ERR] seq=545818829 err=3264
[ERR] seq=545818830 err=3344
[ERR] seq=545818831 err=3392
[SEU] addr=200031C7 bit=00000002
[ERR] seq=545818832 err=3496
[ERR] seq=545818833 err=3552
[ERR] seq=545818834 err=3640
[SEU] addr=200031A5 bit=00000003
[ERR] seq=545818835 err=3712
[SEU] addr=2000316D bit=00000004
[ERR] seq=545818836 err=3768
[ERR] seq=545818837 err=3864
[SEU] addr=20003145 bit=00000000
[SAMPLE QUEUE CORRUPTED] primary repaired
[ERR] seq=545818838 err=3904
[ERR] seq=545818839 err=3992
[ERR] seq=545818840 err=4048
[SEU] addr=200031A9 bit=00000000
[ERR] seq=545818841 err=4104
[SEU] addr=2000314C bit=00000002
[SAMPLE QUEUE backup CORRUPTED] backup repaired
[ERR] seq=545818842 err=4184
[ERR] seq=545818843 err=4248
[ERR] seq=545818844 err=4304
[ERR] seq=545818845 err=4368
[ERR] seq=545818846 err=4424
[SEU] addr=2000315F bit=00000005
[CMD QUEUE backup CORRUPTED] backup repaired
[ERR] seq=545818847 err=4464
[ERR] seq=545818848 err=4536
[ERR] seq=545818849 err=4584
[ERR] seq=545818850 err=4648
[SEU] addr=2000317D bit=00000003
[ERR] seq=545818851 err=4712
[ERR] seq=545818852 err=4768
[ERR] seq=545818853 err=4800
[SEU] addr=200031B2 bit=00000001
[ERR] seq=545818854 err=4840
[ERR] seq=545818855 err=4912
[ERR] seq=545818856 err=4952
[ERR] seq=545818857 err=5008
[ERR] seq=545818858 err=5048
[ERR] seq=545818859 err=5112
[ERR] seq=545818860 err=5152
[ERR] seq=545818861 err=5192
[SEU] addr=20003152 bit=00000005
[ERR] seq=545818862 err=5232
[ERR] seq=545818863 err=5264
[ERR] seq=545818864 err=5320
[ERR] seq=545818865 err=5336
[ERR] seq=545818866 err=5392
[ERR] seq=545818867 err=5416
[ERR] seq=545818868 err=5464
[SEU] addr=20003199 bit=00000007
[ERR] seq=545818869 err=5488
[ERR] seq=545818870 err=5536
[ERR] seq=545818871 err=5544
[ERR] seq=545818872 err=5576
[SEU] addr=200031C8 bit=00000007
[ERR] seq=545818873 err=5608
[ERR] seq=545818874 err=5632
[ERR] seq=545818875 err=5672
[ERR] seq=545818876 err=5680
[SEU] addr=20003157 bit=00000004
[CMD QUEUE CORRUPTED] primary repaired
[ERR] seq=545818877 err=5688
[ERR] seq=545818878 err=5728
[ERR] seq=545818879 err=5744
[ERR] seq=545818880 err=5752
[SEU] addr=200031BB bit=00000003
[ERR] seq=545818881 err=5776
[ERR] seq=545818882 err=5784
[ERR] seq=545818883 err=5800
[ERR] seq=545818884 err=5816
[ERR] seq=545818885 err=5816
[ERR] seq=545818886 err=5824
[ERR] seq=545818887 err=5824
[SEU] addr=200031D4 bit=00000003
[ERR] seq=545818896 err=6480
[ERR] seq=545818897 err=6424
[ERR] seq=545818898 err=6464
[SEU] addr=200031A8 bit=00000002
[ERR] seq=545818899 err=6464
[ERR] seq=545818900 err=6456
[ERR] seq=545818901 err=6432
[SEU] addr=200031A0 bit=00000006
[ERR] seq=545818902 err=6432
[ERR] seq=545818903 err=6408
[ERR] seq=545818904 err=6400
[ERR] seq=545818905 err=6376
[ERR] seq=545818906 err=6344
[ERR] seq=545818907 err=6336
[ERR] seq=545818908 err=6296
[ERR] seq=545818909 err=6288
[SEU] addr=20003149 bit=00000004
[ERR] seq=545818910 err=6264
[ERR] seq=545818911 err=6224
[ERR] seq=545818912 err=6208
[ERR] seq=545818913 err=6184
[SEU] addr=2000314E bit=00000004
[SAMPLE QUEUE backup CORRUPTED] backup repaired
[ERR] seq=545818914 err=6136
[ERR] seq=545818915 err=6096
[ERR] seq=545818916 err=6072
[ERR] seq=545818917 err=6032
[ERR] seq=545818918 err=6016
[ERR] seq=545818919 err=5944
[ERR] seq=545818920 err=5920
[SEU] addr=20003149 bit=00000004
[ERR] seq=545818921 err=5856
[ERR] seq=545818922 err=5832
[ERR] seq=545818923 err=5768
[ERR] seq=545818924 err=5712
[SEU] addr=20003190 bit=00000001
[ERR] seq=545818925 err=5640
[ERR] seq=545818926 err=5624
[ERR] seq=545818927 err=5576
[ERR] seq=545818928 err=5520
[ERR] seq=545818929 err=5464
[ERR] seq=545818930 err=5416
[SEU] addr=20003194 bit=00000002
[ERR] seq=545818931 err=5352
[ERR] seq=545818932 err=5272
[ERR] seq=545818933 err=5232
[ERR] seq=545818934 err=5144
[SEU] addr=200031B6 bit=00000004
[ERR] seq=545818935 err=5096
[ERR] seq=545818936 err=5048
[ERR] seq=545818937 err=4976
[ERR] seq=545818938 err=4896
[ERR] seq=545818939 err=4840
[ERR] seq=545818940 err=4760
[SEU] addr=2000317E bit=00000004
[ERR] seq=545818941 err=4720
[ERR] seq=545818942 err=4624
[ERR] seq=545818943 err=4552
[ERR] seq=545818944 err=4496
[ERR] seq=545818945 err=4400
[SEU] addr=200031C5 bit=00000000
[ERR] seq=545818946 err=4320
[ERR] seq=545818947 err=4264
[ERR] seq=545818948 err=4160
[ERR] seq=545818949 err=4088
[ERR] seq=545818950 err=4000
[ERR] seq=545818951 err=3944
[SEU] addr=20003168 bit=00000004
[ERR] seq=545818952 err=3824
[ERR] seq=545818953 err=3768
[ERR] seq=545818954 err=3664
[ERR] seq=545818955 err=3576
[ERR] seq=545818956 err=3488
[SEU] addr=20003153 bit=00000003
[ERR] seq=545818957 err=3400
[ERR] seq=545818958 err=3304
[ERR] seq=545818959 err=3216
[ERR] seq=545818960 err=3136
[ERR] seq=545818961 err=3024
[ERR] seq=545818962 err=2944
[ERR] seq=545818963 err=2832
[ERR] seq=545818964 err=2760
[SEU] addr=20003175 bit=00000000
[ERR] seq=545818965 err=2648
[ERR] seq=545818966 err=2552
[ERR] seq=545818967 err=2472
[ERR] seq=545818968 err=2352
[ERR] seq=545818969 err=2240
[ERR] seq=545818970 err=2152
[ERR] seq=545818971 err=2048
[ERR] seq=545818972 err=1936
[ERR] seq=545818973 err=1824
[SEU] addr=2000315D bit=00000005
[CMD QUEUE backup CORRUPTED] backup repaired
[ERR] seq=545818974 err=1720
[ERR] seq=545818975 err=1608
[ERR] seq=545818976 err=1496
[ERR] seq=545818977 err=1384
[ERR] seq=545818978 err=1288
[ERR] seq=545818979 err=1160
[SEU] addr=2000319F bit=00000000
[ERR] seq=545818980 err=1032
[ERR] seq=545818981 err=944
[ERR] seq=545818982 err=816
[SEU] addr=2000317F bit=00000007
[ERR] seq=545818983 err=688
[ERR] seq=545818984 err=584
[ERR] seq=545818985 err=448
[ERR] seq=545818986 err=344
[ERR] seq=545818987 err=224
[ERR] seq=545818988 err=96
[ERR] seq=545818989 err=16
[ERR] seq=545818990 err=152
[ERR] seq=545818991 err=264
[SEU] addr=20003149 bit=00000005
[ERR] seq=545818992 err=400
[ERR] seq=545818993 err=512
[ERR] seq=545818994 err=656
[SEU] addr=2000316E bit=00000007
[ERR] seq=545818995 err=752
[ERR] seq=545818996 err=880
[ERR] seq=545818997 err=1040
[ERR] seq=545818998 err=1136
[ERR] seq=545818999 err=1256
[ERR] seq=545819000 err=1408
[ERR] seq=545819001 err=1536
[ERR] seq=545819002 err=1648
[SEU] addr=200031D0 bit=00000004
[ERR] seq=545819003 err=1784
[ERR] seq=545819004 err=1904
[ERR] seq=545819005 err=2056
[ERR] seq=545819006 err=2176
[SEU] addr=20003193 bit=00000007
[ERR] seq=545819007 err=2304
[ERR] seq=545819008 err=2432
[ERR] seq=545819009 err=2568
[ERR] seq=545819010 err=2680
[ERR] seq=545819011 err=2816
[ERR] seq=545819012 err=2936
[ERR] seq=545819013 err=3072
[ERR] seq=545819014 err=3208
[ERR] seq=545819015 err=3328
[SEU] addr=200031AF bit=00000004
[ERR] seq=545819016 err=3432
[ERR] seq=545819017 err=3592
[ERR] seq=545819018 err=3704
[ERR] seq=545819019 err=3824
[ERR] seq=545819020 err=3952
[ERR] seq=545819021 err=4072
[ERR] seq=545819022 err=4192
[SEU] addr=200031D0 bit=00000004
[ERR] seq=545819023 err=4320
[ERR] seq=545819024 err=4440
[ERR] seq=545819025 err=4560
[ERR] seq=545819026 err=4704
[ERR] seq=545819027 err=4800
[ERR] seq=545819028 err=4904
[ERR] seq=545819029 err=5040
[SEU] addr=20003164 bit=00000005
[ERR] seq=545819030 err=5120
[ERR] seq=545819031 err=5248
[ERR] seq=545819032 err=5368
[ERR] seq=545819033 err=5456
[ERR] seq=545819034 err=5568
[ERR] seq=545819035 err=5648
[ERR] seq=545819036 err=5760
[ERR] seq=545819037 err=5856
[ERR] seq=545819038 err=5960
[SEU] addr=200031AE bit=00000006
[ERR] seq=545819039 err=6048
[ERR] seq=545819040 err=6512
[ERR] seq=545819041 err=6560
[ERR] seq=545819042 err=6688
[SEU] addr=2000317B bit=00000007
[ERR] seq=545819043 err=6752
[ERR] seq=545819044 err=6864
[ERR] seq=545819045 err=6928
[SEU] addr=20003158 bit=00000004
[CMD QUEUE CORRUPTED] primary repaired
[ERR] seq=545819046 err=7032
[ERR] seq=545819047 err=7080
[ERR] seq=545819048 err=7168
[SEU] addr=2000318F bit=00000006
[ERR] seq=545819049 err=7240
[ERR] seq=545819050 err=7296
[ERR] seq=545819051 err=7368
[ERR] seq=545819052 err=7416
[ERR] seq=545819053 err=7512
[ERR] seq=545819054 err=7552
[ERR] seq=545819055 err=7632
[ERR] seq=545819056 err=7664
[SEU] addr=200031A8 bit=00000004
[ERR] seq=545819057 err=7712
[ERR] seq=545819058 err=7744
[ERR] seq=545819059 err=7816
[ERR] seq=545819060 err=7872
[ERR] seq=545819061 err=7888
[ERR] seq=545819062 err=7952
[ERR] seq=545819063 err=7984
[ERR] seq=545819064 err=8008
[ERR] seq=545819065 err=8040
[ERR] seq=545819066 err=8072
[SEU] addr=200031AD bit=00000003
[ERR] seq=545819067 err=8080
[ERR] seq=545819068 err=8120
[ERR] seq=545819069 err=8120
[ERR] seq=545819070 err=8136
[ERR] seq=545819071 err=8152
[ERR] seq=545819072 err=8160
[ERR] seq=545819073 err=8152
[ERR] seq=545819074 err=8152
[SEU] addr=2000319A bit=00000002
[ERR] seq=545819075 err=8160
[ERR] seq=545819076 err=8152
[ERR] seq=545819077 err=8136
[SEU] addr=2000316A bit=00000006
[ERR] seq=545819078 err=8120
[ERR] seq=545819079 err=8120
[ERR] seq=545819080 err=8096
[ERR] seq=545819081 err=8072
[ERR] seq=545819082 err=8040
[ERR] seq=545819083 err=8024
[ERR] seq=545819084 err=7984
[ERR] seq=545819085 err=7952
[ERR] seq=545819086 err=7896
[ERR] seq=545819087 err=7872
[SEU] addr=2000318C bit=00000004
[ERR] seq=545819088 err=7952
[ERR] seq=545819089 err=7760
[ERR] seq=545819090 err=7720
[ERR] seq=545819091 err=7672
[ERR] seq=545819092 err=7648
[ERR] seq=545819093 err=7560
[ERR] seq=545819094 err=7512
[SEU] addr=200031B9 bit=00000002
[ERR] seq=545819095 err=7432
[ERR] seq=545819096 err=7376
[ERR] seq=545819097 err=7304
[ERR] seq=545819098 err=7264
[ERR] seq=545819099 err=7168
[ERR] seq=545819100 err=7104
[ERR] seq=545819101 err=7040
[ERR] seq=545819102 err=6936
[SEU] addr=200031A4 bit=00000000
[ERR] seq=545819103 err=6880
[ERR] seq=545819104 err=6400
[ERR] seq=545819105 err=6376
[ERR] seq=545819106 err=6248
[ERR] seq=545819107 err=6136
[ERR] seq=545819108 err=6072
[ERR] seq=545819109 err=5976
[SEU] addr=200031CE bit=00000003
[ERR] seq=545819110 err=5872
[ERR] seq=545819111 err=5760
[ERR] seq=545819112 err=5688
[ERR] seq=545819113 err=5568
[ERR] seq=545819114 err=5472
[SEU] addr=20003184 bit=00000001
[ERR] seq=545819115 err=5328
[ERR] seq=545819116 err=5272
[ERR] seq=545819117 err=5136
[ERR] seq=545819118 err=5040
[ERR] seq=545819119 err=4936
[ERR] seq=545819120 err=4824
[ERR] seq=545819121 err=4704
[SEU] addr=200031CF bit=00000003
[ERR] seq=545819122 err=4600
[ERR] seq=545819123 err=4448
[ERR] seq=545819124 err=4328
[ERR] seq=545819125 err=4232
[ERR] seq=545819126 err=4088
[ERR] seq=545819127 err=3976
[ERR] seq=545819128 err=3856
[ERR] seq=545819129 err=3728
[ERR] seq=545819130 err=3600
[ERR] seq=545819131 err=3496
[SEU] addr=200031B6 bit=00000000
[ERR] seq=545819132 err=3344
[ERR] seq=545819133 err=3232
[ERR] seq=545819134 err=3128
[ERR] seq=545819135 err=2976
[ERR] seq=545819136 err=2272
[ERR] seq=545819137 err=2032
[ERR] seq=545819138 err=2464
[ERR] seq=545819139 err=2472
[ERR] seq=545819140 err=2600
[ERR] seq=545819141 err=2664
[SEU] addr=20003147 bit=00000005
[SAMPLE QUEUE CORRUPTED] primary repaired
[ERR] seq=545819142 err=2744
[ERR] seq=545819143 err=2848
[ERR] seq=545819144 err=1840
[ERR] seq=545819145 err=1392
[ERR] seq=545819146 err=1616
[SEU] addr=20003196 bit=00000006
[ERR] seq=545819147 err=1448
[ERR] seq=545819148 err=1336
[ERR] seq=545819149 err=1192
[ERR] seq=545819150 err=1088
[ERR] seq=545819151 err=968
[ERR] seq=545819152 err=824
[ERR] seq=545819153 err=704
[ERR] seq=545819154 err=600
[ERR] seq=545819155 err=456
[SEU] addr=20003144 bit=00000003
[SAMPLE QUEUE CORRUPTED] primary repaired
[ERR] seq=545819156 err=344
[ERR] seq=545819157 err=224
[ERR] seq=545819158 err=80
[ERR] seq=545819159 err=24
[ERR] seq=545819160 err=152
[SEU] addr=20003164 bit=00000002
[ERR] seq=545819161 err=272
[ERR] seq=545819162 err=376
[ERR] seq=545819163 err=488
[ERR] seq=545819164 err=616
[SEU] addr=20003144 bit=00000002
[SAMPLE QUEUE CORRUPTED] primary repaired
[ERR] seq=545819165 err=728
[ERR] seq=545819166 err=848
[ERR] seq=545819167 err=960
[ERR] seq=545819168 err=1064
[ERR] seq=545819169 err=1192
[ERR] seq=545819170 err=1296
[SEU] addr=2000316E bit=00000000
[ERR] seq=545819171 err=1400
[ERR] seq=545819172 err=1528
[ERR] seq=545819173 err=1624
[ERR] seq=545819174 err=1728
[SEU] addr=20003146 bit=00000004
[SAMPLE QUEUE CORRUPTED] primary repaired
[ERR] seq=545819175 err=1832
[ERR] seq=545819176 err=1952
[ERR] seq=545819177 err=2056
[ERR] seq=545819178 err=2152
[ERR] seq=545819179 err=2256
[ERR] seq=545819180 err=2352
[ERR] seq=545819181 err=2464
[ERR] seq=545819182 err=2552
[SEU] addr=200031A4 bit=00000004
[ERR] seq=545819183 err=2656
[ERR] seq=545819184 err=2728
[ERR] seq=545819185 err=2840
[ERR] seq=545819186 err=2928
[ERR] seq=545819187 err=3016
[ERR] seq=545819188 err=3104
[ERR] seq=545819189 err=3216
[SEU] addr=20003187 bit=00000000
[ERR] seq=545819190 err=13368
[ERR] seq=545819191 err=2576
[ERR] seq=545819192 err=4336
[ERR] seq=545819193 err=3432
[ERR] seq=545819194 err=3736
[ERR] seq=545819195 err=3728
[ERR] seq=545819196 err=3824
[ERR] seq=545819197 err=3928
[SEU] addr=200031C5 bit=00000001
[ERR] seq=545819198 err=3984
[ERR] seq=545819199 err=4080
[ERR] seq=545819200 err=4144
[SEU] addr=20003187 bit=00000000
[ERR] seq=545819201 err=12968
[ERR] seq=545819202 err=3616
[SEU] addr=200031B8 bit=00000004
[ERR] seq=545819203 err=5152
[ERR] seq=545819204 err=4352
[ERR] seq=545819205 err=4624
[ERR] seq=545819206 err=4600
[ERR] seq=545819207 err=4704
[ERR] seq=545819208 err=4760
[SEU] addr=200031B4 bit=00000006
[ERR] seq=545819209 err=4824
[ERR] seq=545819210 err=4880
[ERR] seq=545819211 err=4976
[ERR] seq=545819212 err=5016
[SEU] addr=20003156 bit=00000006
[CMD QUEUE CORRUPTED] primary repaired
[ERR] seq=545819213 err=5096
[ERR] seq=545819214 err=5144
[ERR] seq=545819215 err=5208
[ERR] seq=545819216 err=5272
[SEU] addr=200031A1 bit=00000001
[ERR] seq=545819217 err=5344
[ERR] seq=545819218 err=5392
[ERR] seq=545819219 err=5464
[ERR] seq=545819220 err=5512
[ERR] seq=545819221 err=5560
[ERR] seq=545819222 err=5616
[ERR] seq=545819223 err=5656
[SEU] addr=200031BD bit=00000006
[ERR] seq=545819224 err=5712
[ERR] seq=545819225 err=5752
[ERR] seq=545819226 err=5824
[ERR] seq=545819227 err=5856
[ERR] seq=545819228 err=5904
[ERR] seq=545819229 err=5944
[ERR] seq=545819230 err=6000
[ERR] seq=545819231 err=6032
[ERR] seq=545819232 err=6072
[ERR] seq=545819233 err=6080
[SEU] addr=200031A5 bit=00000002
[ERR] seq=545819234 err=6136
[ERR] seq=545819235 err=6176
[ERR] seq=545819236 err=6200
[ERR] seq=545819237 err=6224
[ERR] seq=545819238 err=6256
[ERR] seq=545819239 err=6280
[ERR] seq=545819240 err=6296
[ERR] seq=545819241 err=6336
[SEU] addr=200031A4 bit=00000002
[ERR] seq=545819242 err=6344
[ERR] seq=545819243 err=6376
[ERR] seq=545819244 err=6392
[ERR] seq=545819245 err=6408
[ERR] seq=545819246 err=6432
[ERR] seq=545819247 err=6424
[ERR] seq=545819248 err=6456
[SEU] addr=20003147 bit=00000000
[SAMPLE QUEUE CORRUPTED] primary repaired
[ERR] seq=545819249 err=6464
[ERR] seq=545819250 err=6464
[ERR] seq=545819251 err=6480
[ERR] seq=545819252 err=6480
[ERR] seq=545819253 err=6480
[ERR] seq=545819254 err=6480
[ERR] seq=545819255 err=6480
[ERR] seq=545819256 err=6480
[ERR] seq=545819257 err=6480
[SEU] addr=20003164 bit=00000006
[ERR] seq=545819258 err=6464
[ERR] seq=545819259 err=6464
[ERR] seq=545819260 err=6456
[ERR] seq=545819261 err=6432
[ERR] seq=545819262 err=6432
[ERR] seq=545819263 err=6408
[ERR] seq=545819264 err=6400
[ERR] seq=545819265 err=6376
[ERR] seq=545819266 err=6344
[SEU] addr=20003162 bit=00000001
[ERR] seq=545819267 err=6336
[ERR] seq=545819268 err=6296
[ERR] seq=545819269 err=6288
[ERR] seq=545819270 err=6264
[ERR] seq=545819271 err=6224
[SEU] addr=2000315D bit=00000007
[CMD QUEUE backup CORRUPTED] backup repaired
[ERR] seq=545819272 err=6208
[ERR] seq=545819273 err=6184
[ERR] seq=545819274 err=6136
[ERR] seq=545819275 err=6096
[ERR] seq=545819276 err=6072
[SEU] addr=20003159 bit=00000000
[ERR] seq=545819277 err=6032
[ERR] seq=545819278 err=6016
[ERR] seq=545819279 err=5944
[SEU] addr=20003189 bit=00000006
[ERR] seq=545819280 err=130544
[SEU] addr=20003158 bit=00000006
[CMD QUEUE CORRUPTED] primary repaired
[ERR] seq=545819281 err=16336
[ERR] seq=545819282 err=10792
[ERR] seq=545819283 err=7496
[ERR] seq=545819284 err=4680
[ERR] seq=545819285 err=5880
[ERR] seq=545819286 err=5512
[SEU] addr=20003164 bit=00000006
[ERR] seq=545819287 err=5608
[ERR] seq=545819288 err=5512
[ERR] seq=545819289 err=5464
[SEU] addr=20003191 bit=00000005
[ERR] seq=545819290 err=68984
[ERR] seq=545819291 err=10584
[ERR] seq=545819292 err=9008
[ERR] seq=545819293 err=6096
[ERR] seq=545819294 err=4632
[ERR] seq=545819295 err=5208
[ERR] seq=545819296 err=5000
[SEU] addr=20003193 bit=00000004
[ERR] seq=545819297 err=2147486800
[ERR] seq=545819298 err=171803576
[ERR] seq=545819299 err=185545648
[ERR] seq=545819300 err=28592048
[ERR] seq=545819301 err=17133368
[SEU] addr=200031AB bit=00000004
[ERR] seq=545819302 err=3662032
[ERR] seq=545819303 err=1665904
[SEU] addr=20003182 bit=00000007
[ERR] seq=545819304 err=430120
[ERR] seq=545819305 err=169880
[ERR] seq=545819306 err=51728
[ERR] seq=545819307 err=19856
[ERR] seq=545819308 err=9320
[ERR] seq=545819309 err=4376
[ERR] seq=545819310 err=4552
[ERR] seq=545819311 err=3768
[SEU] addr=20003165 bit=00000006
[ERR] seq=545819312 err=3880
[ERR] seq=545819313 err=3744
[ERR] seq=545819314 err=3672
[ERR] seq=545819315 err=3576
[ERR] seq=545819316 err=3488
[ERR] seq=545819317 err=3400
[ERR] seq=545819318 err=3304
[ERR] seq=545819319 err=3216
[ERR] seq=545819320 err=3136
[ERR] seq=545819321 err=3024
[SEU] addr=2000314D bit=00000004
[SAMPLE QUEUE backup CORRUPTED] backup repaired
[ERR] seq=545819322 err=2944
[ERR] seq=545819323 err=2832
[ERR] seq=545819324 err=2760
[ERR] seq=545819325 err=2648
[ERR] seq=545819326 err=2552
[ERR] seq=545819327 err=2472
[ERR] seq=545819328 err=2352
[SEU] addr=20003157 bit=00000000
[CMD QUEUE CORRUPTED] primary repaired
[ERR] seq=545819329 err=2240
[SEU] addr=20003188 bit=00000002
[ERR] seq=545819330 err=2184
[ERR] seq=545819331 err=2040
[ERR] seq=545819332 err=1944
[ERR] seq=545819333 err=1824
[SEU] addr=20003162 bit=00000003
[ERR] seq=545819334 err=1720
[ERR] seq=545819335 err=1608
[ERR] seq=545819336 err=1496
[ERR] seq=545819337 err=1384
[ERR] seq=545819338 err=1288
[ERR] seq=545819339 err=1160
[ERR] seq=545819340 err=1032
[ERR] seq=545819341 err=944
[SEU] addr=200031A5 bit=00000005
[ERR] seq=545819342 err=816
[ERR] seq=545819343 err=688
[ERR] seq=545819344 err=584
[ERR] seq=545819345 err=448
[SEU] addr=2000314D bit=00000002
[SAMPLE QUEUE backup CORRUPTED] backup repaired
[ERR] seq=545819346 err=344
[SEU] addr=20003193 bit=00000005
[ERR] seq=545819347 err=224
[SEU] addr=20003169 bit=00000005
[ERR] seq=545819348 err=96
[ERR] seq=545819349 err=16
[ERR] seq=545819350 err=152
[ERR] seq=545819351 err=264
[ERR] seq=545819352 err=400
[ERR] seq=545819353 err=512
[ERR] seq=545819354 err=656
[ERR] seq=545819355 err=752
[SEU] addr=20003159 bit=00000001
[ERR] seq=545819356 err=880
[ERR] seq=545819357 err=1040
[ERR] seq=545819358 err=1136
[ERR] seq=545819359 err=1256
[ERR] seq=545819360 err=1408
[ERR] seq=545819361 err=1536
[ERR] seq=545819362 err=1648
[ERR] seq=545819363 err=1784
[ERR] seq=545819364 err=1904
[ERR] seq=545819365 err=2056
[SEU] addr=20003153 bit=00000006
[ERR] seq=545819366 err=2176
[ERR] seq=545819367 err=2304
[ERR] seq=545819368 err=2432
[ERR] seq=545819369 err=2568
[ERR] seq=545819370 err=2680
[SEU] addr=2000317D bit=00000003
[ERR] seq=545819371 err=2816
[ERR] seq=545819372 err=2936
[ERR] seq=545819373 err=3072
[ERR] seq=545819374 err=3208
[SEU] addr=20003174 bit=00000003
[ERR] seq=545819375 err=3328
[ERR] seq=545819376 err=3432
[ERR] seq=545819377 err=3592
[ERR] seq=545819378 err=3704
[ERR] seq=545819379 err=3824
[ERR] seq=545819380 err=3952
[ERR] seq=545819381 err=4072
[ERR] seq=545819382 err=4192
[ERR] seq=545819383 err=4320
[SEU] addr=200031BA bit=00000004
[ERR] seq=545819384 err=4440
[ERR] seq=545819385 err=4560
[ERR] seq=545819386 err=4704
[ERR] seq=545819387 err=4800
[ERR] seq=545819388 err=4904
[SEU] addr=200031A1 bit=00000001
[ERR] seq=545819389 err=5040
[ERR] seq=545819390 err=5120
[ERR] seq=545819391 err=5248
[ERR] seq=545819392 err=3320
[ERR] seq=545819393 err=3576
[ERR] seq=545819394 err=3504
[ERR] seq=545819395 err=3616
[ERR] seq=545819396 err=3704
[ERR] seq=545819397 err=3816
[SEU] addr=200031B6 bit=00000006
[ERR] seq=545819398 err=3904
[SEU] addr=200031B2 bit=00000000
[ERR] seq=545819399 err=4000
[ERR] seq=545819400 err=6512
[ERR] seq=545819401 err=6400
[ERR] seq=545819402 err=6696
[SEU] addr=200031CD bit=00000003
[ERR] seq=545819403 err=6744
[ERR] seq=545819404 err=6864
[ERR] seq=545819405 err=6928
[ERR] seq=545819406 err=7032
[ERR] seq=545819407 err=7080
[SEU] addr=2000319E bit=00000005
[ERR] seq=545819408 err=7168
[ERR] seq=545819409 err=7240
[ERR] seq=545819410 err=7296
[ERR] seq=545819411 err=7368
[ERR] seq=545819412 err=7416
[ERR] seq=545819413 err=7512
[SEU] addr=20003161 bit=00000006
[ERR] seq=545819414 err=7552
[ERR] seq=545819415 err=7632
[ERR] seq=545819416 err=7664
[ERR] seq=545819417 err=7712
[ERR] seq=545819418 err=7744
[ERR] seq=545819419 err=7816
[ERR] seq=545819420 err=7872
[SEU] addr=200031AE bit=00000006
[ERR] seq=545819421 err=7888
[ERR] seq=545819422 err=7952
[ERR] seq=545819423 err=7984
[ERR] seq=545819424 err=8008
[ERR] seq=545819425 err=8040
[ERR] seq=545819426 err=8072
[SEU] addr=200031CA bit=00000002
[ERR] seq=545819427 err=8080
[ERR] seq=545819428 err=8120
[ERR] seq=545819429 err=8120
[ERR] seq=545819430 err=8136
[ERR] seq=545819431 err=8152
[SEU] addr=200031B5 bit=00000007
[ERR] seq=545819432 err=8160
[ERR] seq=545819433 err=8152
[ERR] seq=545819434 err=8152
[ERR] seq=545819435 err=8160
[ERR] seq=545819436 err=8152
[ERR] seq=545819437 err=8136
[ERR] seq=545819438 err=8120
[ERR] seq=545819439 err=8120
[SEU] addr=2000319F bit=00000002
[ERR] seq=545819440 err=8096
[SEU] addr=2000317A bit=00000000
[ERR] seq=545819441 err=8072
[ERR] seq=545819442 err=8040
[ERR] seq=545819443 err=8024
[ERR] seq=545819444 err=7984
[ERR] seq=545819445 err=7952
[SEU] addr=20003158 bit=00000007
[CMD QUEUE CORRUPTED] primary repaired
[ERR] seq=545819446 err=7896
[ERR] seq=545819447 err=7872
[ERR] seq=545819448 err=7824
[ERR] seq=545819449 err=7768
[ERR] seq=545819450 err=7712
[ERR] seq=545819451 err=7672
[SEU] addr=2000316C bit=00000003
[ERR] seq=545819452 err=7648
[SEU] addr=2000314E bit=00000002
[SAMPLE QUEUE backup CORRUPTED] backup repaired
[ERR] seq=545819453 err=7560
[SEU] addr=2000319E bit=00000005
[ERR] seq=545819454 err=7512
[ERR] seq=545819455 err=7432
[ERR] seq=545819456 err=7376
[ERR] seq=545819457 err=7304
[SEU] addr=200031A0 bit=00000007
[ERR] seq=545819458 err=7264
[ERR] seq=545819459 err=7168
[ERR] seq=545819460 err=7104
[ERR] seq=545819461 err=7040
[ERR] seq=545819462 err=6936
[ERR] seq=545819463 err=6880
[ERR] seq=545819464 err=6400
[SEU] addr=20003188 bit=00000003
[ERR] seq=545819465 err=6312
[ERR] seq=545819466 err=6248
[SEU] addr=20003144 bit=00000005
[SAMPLE QUEUE CORRUPTED] primary repaired
[ERR] seq=545819467 err=6136
[ERR] seq=545819468 err=6072
[ERR] seq=545819469 err=5976
[SEU] addr=200031C8 bit=00000006
[ERR] seq=545819470 err=5872
[ERR] seq=545819471 err=5760
[ERR] seq=545819472 err=5688
[ERR] seq=545819473 err=5568
[ERR] seq=545819474 err=5472
[ERR] seq=545819475 err=5392
[ERR] seq=545819476 err=5264
[ERR] seq=545819477 err=5144
[SEU] addr=20003144 bit=00000005
[SAMPLE QUEUE CORRUPTED] primary repaired
[ERR] seq=545819478 err=5040
[ERR] seq=545819479 err=4936
[ERR] seq=545819480 err=4824
[ERR] seq=545819481 err=4704
[ERR] seq=545819482 err=4600
[ERR] seq=545819483 err=4448
[ERR] seq=545819484 err=4328
[ERR] seq=545819485 err=4232
[ERR] seq=545819486 err=4088
[ERR] seq=545819487 err=3976
[SEU] addr=20003196 bit=00000002
[ERR] seq=545819488 err=3856
[SEU] addr=2000319E bit=00000001
[ERR] seq=545819489 err=3728
[ERR] seq=545819490 err=3600
[ERR] seq=545819491 err=3496
[SEU] addr=200031B7 bit=00000005
[ERR] seq=545819492 err=3344
[ERR] seq=545819493 err=3232
[ERR] seq=545819494 err=3128
[ERR] seq=545819495 err=2976
[ERR] seq=545819496 err=2848
[ERR] seq=545819497 err=2736
[ERR] seq=545819498 err=2608
[ERR] seq=545819499 err=2472
[ERR] seq=545819500 err=2360
[SEU] addr=200031BE bit=00000005
[ERR] seq=545819501 err=2224
[ERR] seq=545819502 err=2096
[ERR] seq=545819503 err=1984
[ERR] seq=545819504 err=1832
[ERR] seq=545819505 err=1712
[SEU] addr=20003178 bit=00000004
[ERR] seq=545819506 err=1584
[ERR] seq=545819507 err=1472
[ERR] seq=545819508 err=1320
[ERR] seq=545819509 err=1208
[ERR] seq=545819510 err=1088
[ERR] seq=545819511 err=968
[ERR] seq=545819512 err=824
[SEU] addr=2000315F bit=00000001
[CMD QUEUE backup CORRUPTED] backup repaired
[ERR] seq=545819513 err=704
[ERR] seq=545819514 err=600
[ERR] seq=545819515 err=456
[ERR] seq=545819516 err=344
[ERR] seq=545819517 err=224
[ERR] seq=545819518 err=80
[ERR] seq=545819519 err=24
[ERR] seq=545819520 err=152
[ERR] seq=545819521 err=272
[SEU] addr=20003156 bit=00000001
[CMD QUEUE CORRUPTED] primary repaired
[ERR] seq=545819522 err=376
[ERR] seq=545819523 err=488
[ERR] seq=545819524 err=616
[ERR] seq=545819525 err=728
[SEU] addr=20003176 bit=00000000
[ERR] seq=545819526 err=848
[ERR] seq=545819527 err=960
[ERR] seq=545819528 err=1064
[ERR] seq=545819529 err=1192
[ERR] seq=545819530 err=1296
[ERR] seq=545819531 err=1400
[ERR] seq=545819532 err=1528
[ERR] seq=545819533 err=1624
[ERR] seq=545819534 err=1728
[SEU] addr=20003151 bit=00000004
[ERR] seq=545819535 err=1832
[ERR] seq=545819536 err=1952
[SEU] addr=200031B6 bit=00000001
[ERR] seq=545819537 err=2056
[ERR] seq=545819538 err=2152
[ERR] seq=545819539 err=2256
[ERR] seq=545819540 err=2352
[ERR] seq=545819541 err=2464
[ERR] seq=545819542 err=2552
[ERR] seq=545819543 err=2656
[SEU] addr=2000318E bit=00000003
[ERR] seq=545819544 err=4195560
[ERR] seq=545819545 err=338376
[SEU] addr=20003166 bit=00000000
[ERR] seq=545819546 err=363712
[ERR] seq=545819547 err=58848
[ERR] seq=545819548 err=34856
[ERR] seq=545819549 err=10352
[ERR] seq=545819550 err=4736
[ERR] seq=545819551 err=4208
[SEU] addr=200031C3 bit=00000006
[ERR] seq=545819552 err=3152
[ERR] seq=545819553 err=3656
[ERR] seq=545819554 err=3624
[ERR] seq=545819555 err=3760
[ERR] seq=545819556 err=3808
[ERR] seq=545819557 err=3928
[ERR] seq=545819558 err=3984
[ERR] seq=545819559 err=4080
[SEU] addr=20003149 bit=00000006
[ERR] seq=545819560 err=4144
[ERR] seq=545819561 err=4240
[ERR] seq=545819562 err=4312
[ERR] seq=545819563 err=4400
[ERR] seq=545819564 err=4464
[SEU] addr=2000319D bit=00000007
[ERR] seq=545819565 err=4552
[ERR] seq=545819566 err=4624
[ERR] seq=545819567 err=4696
[ERR] seq=545819568 err=4760
[ERR] seq=545819569 err=4824
[ERR] seq=545819570 err=4880
[SEU] addr=20003173 bit=00000000
[ERR] seq=545819571 err=4976
[ERR] seq=545819572 err=5016
[ERR] seq=545819573 err=5096
[ERR] seq=545819574 err=5144
[ERR] seq=545819575 err=5208
[ERR] seq=545819576 err=5272
[ERR] seq=545819577 err=5344
[ERR] seq=545819578 err=5392
[SEU] addr=20003144 bit=00000007
[SAMPLE QUEUE CORRUPTED] primary repaired
[ERR] seq=545819579 err=5464
[ERR] seq=545819580 err=5512
[ERR] seq=545819581 err=5560
[ERR] seq=545819582 err=5616
[ERR] seq=545819583 err=5656
[SEU] addr=20003184 bit=00000005
[ERR] seq=545819584 err=2856
[ERR] seq=545819585 err=5984
[ERR] seq=545819586 err=5576
[ERR] seq=545819587 err=5880
[SEU] addr=20003168 bit=00000007
[ERR] seq=545819588 err=5888
[ERR] seq=545819589 err=5952
[ERR] seq=545819590 err=6000
[SEU] addr=2000314C bit=00000000
[SAMPLE QUEUE backup CORRUPTED] backup repaired
[ERR] seq=545819591 err=6032
[ERR] seq=545819592 err=6072
[ERR] seq=545819593 err=6080
[ERR] seq=545819594 err=6136
[ERR] seq=545819595 err=6176
[SEU] addr=2000316C bit=00000006
[ERR] seq=545819596 err=6200
[ERR] seq=545819597 err=6224
[ERR] seq=545819598 err=6256
[ERR] seq=545819599 err=6280
[ERR] seq=545819600 err=6296
[ERR] seq=545819601 err=6336
[SEU] addr=20003178 bit=00000003
[ERR] seq=545819602 err=6344
[ERR] seq=545819603 err=6376
[ERR] seq=545819604 err=6392
[ERR] seq=545819605 err=6408
[ERR] seq=545819606 err=6432
[ERR] seq=545819607 err=6424
[ERR] seq=545819608 err=6456
[SEU] addr=20003156 bit=00000003
[CMD QUEUE CORRUPTED] primary repaired
[ERR] seq=545819609 err=6464
[ERR] seq=545819610 err=6464
[ERR] seq=545819611 err=6480
[ERR] seq=545819612 err=6480
[SEU] addr=200031BD bit=00000005
[ERR] seq=545819613 err=6480
[ERR] seq=545819614 err=6480
[ERR] seq=545819615 err=6480
[ERR] seq=545819616 err=6480
[SEU] addr=200031AB bit=00000007
[ERR] seq=545819617 err=6480
[ERR] seq=545819618 err=6464
[ERR] seq=545819619 err=6464
[ERR] seq=545819620 err=6456
[ERR] seq=545819621 err=6432
[ERR] seq=545819622 err=6432
[ERR] seq=545819623 err=6408
[ERR] seq=545819624 err=6400
[ERR] seq=545819625 err=6376
[SEU] addr=20003176 bit=00000007
[ERR] seq=545819626 err=6344
[ERR] seq=545819627 err=6336
[SEU] addr=200031A4 bit=00000001
[ERR] seq=545819628 err=6296
[ERR] seq=545819629 err=6288
[ERR] seq=545819630 err=6264
[ERR] seq=545819631 err=6224
[ERR] seq=545819632 err=6208
[ERR] seq=545819633 err=6184
[ERR] seq=545819634 err=6136
[ERR] seq=545819635 err=6096
[ERR] seq=545819636 err=6072
[SEU] addr=200031A2 bit=00000000
[ERR] seq=545819637 err=6032
[ERR] seq=545819638 err=6016
[ERR] seq=545819639 err=5944
[ERR] seq=545819640 err=5920
[ERR] seq=545819641 err=5856
[ERR] seq=545819642 err=5832
[SEU] addr=200031CB bit=00000004
[ERR] seq=545819643 err=5768
[ERR] seq=545819644 err=5712
[ERR] seq=545819645 err=5656
[ERR] seq=545819646 err=5624
[ERR] seq=545819647 err=5576
[ERR] seq=545819648 err=11664
[ERR] seq=545819649 err=11128
[ERR] seq=545819650 err=11592
[SEU] addr=20003147 bit=00000001
[SAMPLE QUEUE CORRUPTED] primary repaired
[ERR] seq=545819651 err=11440
[ERR] seq=545819652 err=11432
[ERR] seq=545819653 err=11368
[ERR] seq=545819654 err=11296
[ERR] seq=545819655 err=11248
[SEU] addr=200031C1 bit=00000001
[ERR] seq=545819656 err=5032
[SEU] addr=20003196 bit=00000000
[ERR] seq=545819657 err=5472
[ERR] seq=545819658 err=4864
[ERR] seq=545819659 err=4872
[ERR] seq=545819660 err=4760
[ERR] seq=545819661 err=4720
[ERR] seq=545819662 err=4624
[ERR] seq=545819663 err=4552
[ERR] seq=545819664 err=4496
[ERR] seq=545819665 err=4400
[SEU] addr=20003147 bit=00000005
[SAMPLE QUEUE CORRUPTED] primary repaired
[ERR] seq=545819666 err=4320
[ERR] seq=545819667 err=4264
[SEU] addr=20003152 bit=00000003
[ERR] seq=545819668 err=4160
[ERR] seq=545819669 err=4088
[ERR] seq=545819670 err=4000
[ERR] seq=545819671 err=3944
[ERR] seq=545819672 err=3824
[ERR] seq=545819673 err=3768
[SEU] addr=2000318A bit=00000004
[ERR] seq=545819674 err=8392272
[ERR] seq=545819675 err=670768
[ERR] seq=545819676 err=728264
[ERR] seq=545819677 err=111352
[ERR] seq=545819678 err=70216
[ERR] seq=545819679 err=13992
[ERR] seq=545819680 err=9624
[SEU] addr=200031BD bit=00000003
[ERR] seq=545819681 err=1376
[ERR] seq=545819682 err=3584
[ERR] seq=545819683 err=2656
[ERR] seq=545819684 err=2824
[ERR] seq=545819685 err=2632
[ERR] seq=545819686 err=2552
[ERR] seq=545819687 err=2472
[ERR] seq=545819688 err=2352
[ERR] seq=545819689 err=2240
[SEU] addr=2000319F bit=00000000
[ERR] seq=545819690 err=2152
[ERR] seq=545819691 err=2048
[SEU] addr=200031CC bit=00000000
[ERR] seq=545819692 err=1936
[ERR] seq=545819693 err=1824
[ERR] seq=545819694 err=1720
[SEU] addr=20003186 bit=00000006
[ERR] seq=545819695 err=360
[ERR] seq=545819696 err=1600
[ERR] seq=545819697 err=1280
[ERR] seq=545819698 err=1296
[ERR] seq=545819699 err=1144
[ERR] seq=545819700 err=1040
[ERR] seq=545819701 err=944
[SEU] addr=200031D5 bit=00000002
[ERR] seq=545818678 err=4720
[ERR] seq=545818679 err=4488
[ERR] seq=545818680 err=5488
[ERR] seq=545818681 err=5584
[ERR] seq=545818682 err=5832
[ERR] seq=545818683 err=6024
[SEU] addr=20003187 bit=00000004
[ERR] seq=545818684 err=8216
[ERR] seq=545818685 err=6232
[ERR] seq=545818686 err=6752
[SEU] addr=200031BE bit=00000004
[ERR] seq=545818687 err=6744
[SEU] addr=2000317E bit=00000002
[ERR] seq=545818688 err=6968
[SEU] addr=200031BF bit=00000006
[ERR] seq=545818689 err=7136
[ERR] seq=545818690 err=7312
[ERR] seq=545818691 err=7464
[ERR] seq=545818692 err=7648
[ERR] seq=545818693 err=7840
[ERR] seq=545818694 err=7984
[ERR] seq=545818695 err=8176
[ERR] seq=545818696 err=8320
[ERR] seq=545818697 err=8488
[ERR] seq=545818698 err=8640
[SEU] addr=2000318B bit=00000002
[ERR] seq=545818699 err=536870104
[ERR] seq=545818700 err=42958632
[ERR] seq=545818701 err=46384792
[ERR] seq=545818702 err=7156104
[ERR] seq=545818703 err=4281712
[ERR] seq=545818704 err=923920
[ERR] seq=545818705 err=414840
[ERR] seq=545818706 err=116264
[SEU] addr=200031A9 bit=00000002
[ERR] seq=545818707 err=40832
[ERR] seq=545818708 err=21960
[ERR] seq=545818709 err=6000
[ERR] seq=545818710 err=11672
[ERR] seq=545818711 err=10080
[ERR] seq=545818712 err=10768
[ERR] seq=545818713 err=10712
[SEU] addr=20003171 bit=00000003
[ERR] seq=545818714 err=10880
[ERR] seq=545818715 err=10976
[ERR] seq=545818716 err=11088
[ERR] seq=545818717 err=11176
[ERR] seq=545818718 err=11280
[ERR] seq=545818719 err=11400
[ERR] seq=545818720 err=11472
[ERR] seq=545818721 err=11576
[ERR] seq=545818722 err=11656
[SEU] addr=200031C2 bit=00000007
[ERR] seq=545818723 err=11728
[ERR] seq=545818724 err=11808
[ERR] seq=545818725 err=11904
[SEU] addr=20003163 bit=00000004
[ERR] seq=545818726 err=11944
[ERR] seq=545818727 err=12016
[ERR] seq=545818728 err=12088
[ERR] seq=545818729 err=12120
[ERR] seq=545818730 err=12176
[ERR] seq=545818731 err=12232
[ERR] seq=545818732 err=12280
[SEU] addr=20003146 bit=00000000
[SAMPLE QUEUE CORRUPTED] primary repaired
[ERR] seq=545818733 err=12304
[ERR] seq=545818734 err=12352
[SEU] addr=2000318D bit=00000005
[ERR] seq=545818735 err=77912
[SEU] addr=200031CA bit=00000007
[ERR] seq=545818736 err=10880
[ERR] seq=545818737 err=18080
[SEU] addr=200031CB bit=00000006
[ERR] seq=545818738 err=11576
[ERR] seq=545818739 err=12968
[SEU] addr=20003199 bit=00000005
[ERR] seq=545818740 err=12336
[ERR] seq=545818741 err=12536
[ERR] seq=545818742 err=12448
[ERR] seq=545818743 err=12464
[ERR] seq=545818744 err=12440
[ERR] seq=545818745 err=12448
[ERR] seq=545818746 err=12424
[ERR] seq=545818747 err=12392
[ERR] seq=545818748 err=12376
[ERR] seq=545818749 err=12352
[SEU] addr=200031A1 bit=00000005
[ERR] seq=545818750 err=12312
[ERR] seq=545818751 err=12280
[ERR] seq=545818752 err=12232
[ERR] seq=545818753 err=12200
[ERR] seq=545818754 err=12128
[ERR] seq=545818755 err=12088
[ERR] seq=545818756 err=12040
[ERR] seq=545818757 err=11952
[ERR] seq=545818758 err=11904
[SEU] addr=200031C6 bit=00000007
[ERR] seq=545818759 err=11832
[ERR] seq=545818760 err=11736
[ERR] seq=545818761 err=11664
[ERR] seq=545818762 err=11592
[ERR] seq=545818763 err=11496
[ERR] seq=545818764 err=11408
[ERR] seq=545818765 err=11288
[SEU] addr=20003154 bit=00000001
[CMD QUEUE CORRUPTED] primary repaired
[ERR] seq=545818766 err=11216
[ERR] seq=545818767 err=11104
[ERR] seq=545818768 err=10992
[ERR] seq=545818769 err=10896
[ERR] seq=545818770 err=10776
[ERR] seq=545818771 err=10680
[SEU] addr=20003182 bit=00000007
[ERR] seq=545818772 err=10536
[ERR] seq=545818773 err=10432
[ERR] seq=545818774 err=10312
[SEU] addr=2000314B bit=00000002
[ERR] seq=545818775 err=10168
[ERR] seq=545818776 err=10048
[ERR] seq=545818777 err=9904
[SEU] addr=200031A0 bit=00000005
[ERR] seq=545818778 err=9768
[ERR] seq=545818779 err=9624
[SEU] addr=20003167 bit=00000004
[ERR] seq=545818780 err=9488
[ERR] seq=545818781 err=9344
[ERR] seq=545818782 err=9184
[ERR] seq=545818783 err=9048
[SEU] addr=20003146 bit=00000005
[SAMPLE QUEUE CORRUPTED] primary repaired
[ERR] seq=545818784 err=8880
[ERR] seq=545818785 err=8704
[ERR] seq=545818786 err=8560
[ERR] seq=545818787 err=8392
[ERR] seq=545818788 err=8240
[ERR] seq=545818789 err=8064
[SEU] addr=200031CD bit=00000006
[ERR] seq=545818790 err=7896
[ERR] seq=545818791 err=7728
[SEU] addr=200031A8 bit=00000000
[ERR] seq=545818792 err=7552
[ERR] seq=545818793 err=7376
[ERR] seq=545818794 err=7216
[ERR] seq=545818795 err=7032
[ERR] seq=545818796 err=6864
[ERR] seq=545818797 err=6672
[ERR] seq=545818798 err=6472
[SEU] addr=2000316E bit=00000002
[ERR] seq=545818799 err=6312
[ERR] seq=545818800 err=5728
[ERR] seq=545818801 err=5600
[ERR] seq=545818802 err=5376
[ERR] seq=545818803 err=5192
[ERR] seq=545818804 err=4984
[ERR] seq=545818805 err=4808
[ERR] seq=545818806 err=4600
[SEU] addr=200031C4 bit=00000007
[ERR] seq=545818807 err=4408
[ERR] seq=545818808 err=4224
[ERR] seq=545818809 err=4008
[SEU] addr=20003175 bit=00000000
[ERR] seq=545818810 err=3832
[ERR] seq=545818811 err=3624
[ERR] seq=545818812 err=3432
[ERR] seq=545818813 err=3208
[ERR] seq=545818814 err=3040
[SEU] addr=200031D6 bit=00000003
[ERR] seq=545294527 err=880
[ERR] seq=545294528 err=592
[SEU] addr=20003183 bit=00000004
[ERR] seq=545294529 err=880
[ERR] seq=545294530 err=856
[ERR] seq=545294531 err=880
[SEU] addr=20003167 bit=00000001
[ERR] seq=545294532 err=888
[ERR] seq=545294533 err=864
[ERR] seq=545294534 err=864
[ERR] seq=545294535 err=856
[SEU] addr=2000315E bit=00000007
[CMD QUEUE backup CORRUPTED] backup repaired
[ERR] seq=545294536 err=856
[SEU] addr=2000316D bit=00000000
[ERR] seq=545294537 err=856
[ERR] seq=545294538 err=856
[ERR] seq=545294539 err=832
[SEU] addr=200031B4 bit=00000006
[ERR] seq=545294540 err=816
[ERR] seq=545294541 err=816
[ERR] seq=545294542 err=800
[ERR] seq=545294543 err=792
[ERR] seq=545294544 err=792
[ERR] seq=545294545 err=768
[SEU] addr=20003170 bit=00000007
[ERR] seq=545294546 err=752
[ERR] seq=545294547 err=744
[ERR] seq=545294548 err=736
[ERR] seq=545294549 err=720
[ERR] seq=545294550 err=720
[ERR] seq=545294551 err=696
[ERR] seq=545294552 err=688
[ERR] seq=545294553 err=672
[SEU] addr=200031AF bit=00000007
[ERR] seq=545294554 err=656
[ERR] seq=545294555 err=640
[ERR] seq=545294556 err=624
[ERR] seq=545294557 err=616
[SEU] addr=20003147 bit=00000005
[SAMPLE QUEUE CORRUPTED] primary repaired
[ERR] seq=545294558 err=592
[ERR] seq=545294559 err=568
[ERR] seq=545294560 err=560
[ERR] seq=545294561 err=544
[ERR] seq=545294562 err=536
[ERR] seq=545294563 err=520
[ERR] seq=545294564 err=496
[SEU] addr=20003153 bit=00000003
[ERR] seq=545294565 err=480
[SEU] addr=200031C7 bit=00000000
[ERR] seq=545294566 err=480
[ERR] seq=545294567 err=448
[ERR] seq=545294568 err=424
[ERR] seq=545294569 err=416
[ERR] seq=545294570 err=400
[ERR] seq=545294571 err=384
[ERR] seq=545294572 err=352
[ERR] seq=545294573 err=376
[ERR] seq=545294574 err=312
[SEU] addr=2000315D bit=00000003
[CMD QUEUE backup CORRUPTED] backup repaired
[ERR] seq=545294575 err=336
[ERR] seq=545294576 err=304
[ERR] seq=545294577 err=288
[ERR] seq=545294578 err=272
[SEU] addr=200031A3 bit=00000007
[ERR] seq=545294579 err=240
[ERR] seq=545294580 err=240
[ERR] seq=545294581 err=208
[ERR] seq=545294582 err=200
[ERR] seq=545294583 err=176
[ERR] seq=545294584 err=176
[ERR] seq=545294585 err=152
[SEU] addr=2000318A bit=00000002
[ERR] seq=545294586 err=2097272
[ERR] seq=545294587 err=167776
[ERR] seq=545294588 err=181288
[ERR] seq=545294589 err=27904
[ERR] seq=545294590 err=16784
[ERR] seq=545294591 err=3560
[ERR] seq=545294592 err=3680
[ERR] seq=545294593 err=1480
[ERR] seq=545294594 err=2216
[ERR] seq=545294595 err=1976
[SEU] addr=2000314E bit=00000005
[SAMPLE QUEUE backup CORRUPTED] backup repaired
[ERR] seq=545294596 err=2064
[ERR] seq=545294597 err=2024
[ERR] seq=545294598 err=2040
[ERR] seq=545294599 err=2032
[ERR] seq=545294600 err=104
[ERR] seq=545294601 err=136
[ERR] seq=545294602 err=136
[ERR] seq=545294603 err=136
[ERR] seq=545294604 err=160
[ERR] seq=545294605 err=168
[SEU] addr=2000315C bit=00000005
[CMD QUEUE backup CORRUPTED] backup repaired
[ERR] seq=545294606 err=184
[ERR] seq=545294607 err=192
[ERR] seq=545294608 err=208
[SEU] addr=200031BC bit=00000004
[ERR] seq=545294609 err=232
[ERR] seq=545294610 err=248
[ERR] seq=545294611 err=264
[ERR] seq=545294612 err=264
[ERR] seq=545294613 err=288
[ERR] seq=545294614 err=304
[ERR] seq=545294615 err=312
[SEU] addr=20003174 bit=00000004
[ERR] seq=545294616 err=336
[ERR] seq=545294617 err=344
[ERR] seq=545294618 err=360
[ERR] seq=545294619 err=368
[ERR] seq=545294620 err=392
[ERR] seq=545294621 err=408
[ERR] seq=545294622 err=424
[SEU] addr=200031BA bit=00000001
[ERR] seq=545294623 err=440
[ERR] seq=545294624 err=448
[ERR] seq=545294625 err=464
[ERR] seq=545294626 err=464
[ERR] seq=545294627 err=488
[ERR] seq=545294628 err=488
[SEU] addr=20003174 bit=00000003
[ERR] seq=545294629 err=512
[ERR] seq=545294630 err=520
[ERR] seq=545294631 err=536
[ERR] seq=545294632 err=544
[ERR] seq=545294633 err=552
[ERR] seq=545294634 err=560
[ERR] seq=545294635 err=576
[SEU] addr=2000319E bit=00000000
[ERR] seq=545294636 err=584
[ERR] seq=545294637 err=600
[ERR] seq=545294638 err=600
[ERR] seq=545294639 err=624
[ERR] seq=545294640 err=608
[ERR] seq=545294641 err=648
[SEU] addr=20003194 bit=00000004
[ERR] seq=545294642 err=648
[ERR] seq=545294643 err=664
[ERR] seq=545294644 err=672
[ERR] seq=545294645 err=688
[ERR] seq=545294646 err=680
[ERR] seq=545294647 err=696
[ERR] seq=545294648 err=720
[ERR] seq=545294649 err=704
[SEU] addr=2000316A bit=00000004
[ERR] seq=545294650 err=736
[ERR] seq=545294651 err=712
[ERR] seq=545294652 err=760
[ERR] seq=545294653 err=736
[SEU] addr=200031AD bit=00000005
[ERR] seq=545294654 err=760
[ERR] seq=545294655 err=768
[ERR] seq=545294656 err=768
[ERR] seq=545294657 err=784
[ERR] seq=545294658 err=784
[ERR] seq=545294659 err=800
[ERR] seq=545294660 err=800
[ERR] seq=545294661 err=816
[ERR] seq=545294662 err=832
[SEU] addr=200031BD bit=00000005
[ERR] seq=545294663 err=832
[ERR] seq=545294664 err=848
[ERR] seq=545294665 err=848
[ERR] seq=545294666 err=864
[ERR] seq=545294667 err=864
[ERR] seq=545294668 err=872
[ERR] seq=545294669 err=880
[ERR] seq=545294670 err=880
[ERR] seq=545294671 err=888
[ERR] seq=545294672 err=888
[SEU] addr=200031D1 bit=00000002
[ERR] seq=545294673 err=904
[ERR] seq=545294674 err=904
[ERR] seq=545294675 err=912
[ERR] seq=545294676 err=920
[ERR] seq=545294677 err=920
[ERR] seq=545294678 err=920
[SEU] addr=20003149 bit=00000007
[ERR] seq=545294679 err=936
[ERR] seq=545294680 err=936
[ERR] seq=545294681 err=928
[ERR] seq=545294682 err=936
[ERR] seq=545294683 err=952
[ERR] seq=545294684 err=944
[ERR] seq=545294685 err=952
[ERR] seq=545294686 err=944
[ERR] seq=545294687 err=960
[SEU] addr=20003159 bit=00000000
[ERR] seq=545294688 err=960
[ERR] seq=545294689 err=984
[SEU] addr=2000319F bit=00000005
[ERR] seq=545294690 err=968
[ERR] seq=545294691 err=976
[ERR] seq=545294692 err=976
[ERR] seq=545294693 err=992
[ERR] seq=545294694 err=992
[ERR] seq=545294695 err=968
[SEU] addr=200031C5 bit=00000002
[ERR] seq=545294696 err=984
[ERR] seq=545294697 err=968
[ERR] seq=545294698 err=992
[ERR] seq=545294699 err=968
[ERR] seq=545294700 err=984
[ERR] seq=545294701 err=968
[ERR] seq=545294702 err=992
[ERR] seq=545294703 err=992
[ERR] seq=545294704 err=976
[ERR] seq=545294705 err=976
[SEU] addr=20003194 bit=00000000
[ERR] seq=545294706 err=968
[SEU] addr=200031C5 bit=00000003
[ERR] seq=545294707 err=984
[ERR] seq=545294708 err=960
[ERR] seq=545294709 err=960
[ERR] seq=545294710 err=944
[ERR] seq=545294711 err=952
[ERR] seq=545294712 err=944
[SEU] addr=20003152 bit=00000006
[ERR] seq=545294713 err=952
[ERR] seq=545294714 err=936
[ERR] seq=545294715 err=928
[ERR] seq=545294716 err=936
[ERR] seq=545294717 err=936
[ERR] seq=545294718 err=928
[ERR] seq=545294719 err=912
[ERR] seq=545294720 err=928
[ERR] seq=545294721 err=912
[SEU] addr=200031CB bit=00000003
[ERR] seq=545294722 err=904
[ERR] seq=545294723 err=912
[ERR] seq=545294724 err=880
[ERR] seq=545294725 err=896
[ERR] seq=545294726 err=880
[ERR] seq=545294727 err=880
[SEU] addr=200031B7 bit=00000003
[ERR] seq=545294728 err=872
[ERR] seq=545294729 err=864
[ERR] seq=545294730 err=864
[SEU] addr=20003179 bit=00000006
[ERR] seq=545294731 err=848
[ERR] seq=545294732 err=848
[SEU] addr=20003177 bit=00000005
[ERR] seq=545294733 err=832
[ERR] seq=545294734 err=832
[ERR] seq=545294735 err=816
[ERR] seq=545294736 err=800
[ERR] seq=545294737 err=800
[ERR] seq=545294738 err=784
[SEU] addr=2000314D bit=00000006
[SAMPLE QUEUE backup CORRUPTED] backup repaired
[ERR] seq=545294739 err=784
[ERR] seq=545294740 err=768
[ERR] seq=545294741 err=768
[ERR] seq=545294742 err=760
[ERR] seq=545294743 err=752
[ERR] seq=545294744 err=744
[ERR] seq=545294745 err=728
[ERR] seq=545294746 err=728
[ERR] seq=545294747 err=712
[SEU] addr=200031A2 bit=00000004
[ERR] seq=545294748 err=736
[ERR] seq=545294749 err=680
[ERR] seq=545294750 err=696
[ERR] seq=545294751 err=688
[ERR] seq=545294752 err=672
[ERR] seq=545294753 err=664
[ERR] seq=545294754 err=656
[ERR] seq=545294755 err=640
[SEU] addr=20003170 bit=00000007
[ERR] seq=545294756 err=616
[ERR] seq=545294757 err=616
[ERR] seq=545294758 err=608
[ERR] seq=545294759 err=592
[ERR] seq=545294760 err=592
[ERR] seq=545294761 err=576
[ERR] seq=545294762 err=568
[ERR] seq=545294763 err=560
[ERR] seq=545294764 err=536
[SEU] addr=200031D3 bit=00000006
[ERR] seq=545294765 err=552
[ERR] seq=545294766 err=512
[SEU] addr=200031AD bit=00000002
[ERR] seq=545294767 err=520
[ERR] seq=545294768 err=488
[ERR] seq=545294769 err=488
[ERR] seq=545294770 err=464
[ERR] seq=545294771 err=464
[ERR] seq=545294772 err=448
[ERR] seq=545294773 err=440
[ERR] seq=545294774 err=424
[ERR] seq=545294775 err=408
[SEU] addr=20003150 bit=00000006
[SAMPLE QUEUE backup CORRUPTED] backup repaired
[ERR] seq=545294776 err=400
[ERR] seq=545294777 err=376
[ERR] seq=545294778 err=360
[ERR] seq=545294779 err=352
[ERR] seq=545294780 err=336
[ERR] seq=545294781 err=320
[ERR] seq=545294782 err=304
[ERR] seq=545294783 err=288
[SEU] addr=20003147 bit=00000005
[SAMPLE QUEUE CORRUPTED] primary repaired
[ERR] seq=545294784 err=264
[ERR] seq=545294785 err=264
[ERR] seq=545294786 err=248
[ERR] seq=545294787 err=232
[ERR] seq=545294788 err=208
[ERR] seq=545294789 err=200
[ERR] seq=545294790 err=184
[SEU] addr=20003169 bit=00000003
[ERR] seq=545294791 err=168
[ERR] seq=545294792 err=168
[ERR] seq=545294793 err=136
[ERR] seq=545294794 err=136
[ERR] seq=545294795 err=112
[ERR] seq=545294796 err=112
[SEU] addr=20003154 bit=00000001
[CMD QUEUE CORRUPTED] primary repaired
[ERR] seq=545294797 err=88
[ERR] seq=545294798 err=64
[ERR] seq=545294799 err=56
[ERR] seq=545294800 err=40
[ERR] seq=545294801 err=8
[ERR] seq=545294803 err=16
[ERR] seq=545294804 err=48
[ERR] seq=545294805 err=64
[ERR] seq=545294806 err=72
[SEU] addr=20003170 bit=00000007
[ERR] seq=545294807 err=96
[ERR] seq=545294808 err=128
[ERR] seq=545294809 err=120
[SEU] addr=200031C2 bit=00000004
[ERR] seq=545294810 err=152
[ERR] seq=545294811 err=168
[ERR] seq=545294812 err=176
[ERR] seq=545294813 err=200
[SEU] addr=2000316D bit=00000001
[ERR] seq=545294814 err=200
[ERR] seq=545294815 err=240
[ERR] seq=545294816 err=240
[ERR] seq=545294817 err=272
[ERR] seq=545294818 err=288
[ERR] seq=545294819 err=304
[SEU] addr=2000315A bit=00000005
[ERR] seq=545294820 err=320
[ERR] seq=545294821 err=328
[ERR] seq=545294822 err=360
[ERR] seq=545294823 err=352
[ERR] seq=545294824 err=384
[ERR] seq=545294825 err=384
[ERR] seq=545294826 err=424
[SEU] addr=20003185 bit=00000005
[ERR] seq=545294827 err=1856
[ERR] seq=545294828 err=616
[ERR] seq=545294829 err=296
[ERR] seq=545294830 err=504
[SEU] addr=2000314A bit=00000005
[ERR] seq=545294831 err=488
[ERR] seq=545294832 err=512
[SEU] addr=200031BB bit=00000000
[ERR] seq=545294833 err=528
[ERR] seq=545294834 err=544
[ERR] seq=545294835 err=552
[ERR] seq=545294836 err=568
[ERR] seq=545294837 err=584
[ERR] seq=545294838 err=616
[ERR] seq=545294839 err=624
[ERR] seq=545294840 err=640
[SEU] addr=20003174 bit=00000003
[ERR] seq=545294841 err=656
[ERR] seq=545294842 err=672
[ERR] seq=545294843 err=680
[ERR] seq=545294844 err=704
[ERR] seq=545294845 err=704
[ERR] seq=545294846 err=720
[ERR] seq=545294847 err=736
[ERR] seq=545294848 err=4824
[ERR] seq=545294849 err=4528
[SEU] addr=20003180 bit=00000007
[ERR] seq=545294850 err=4896
[ERR] seq=545294851 err=4856
[ERR] seq=545294852 err=4888
[ERR] seq=545294853 err=4896
[ERR] seq=545294854 err=4912
[ERR] seq=545294855 err=4912
[SEU] addr=20003183 bit=00000001
[ERR] seq=545294856 err=832
[ERR] seq=545294857 err=1176
[ERR] seq=545294858 err=832
[ERR] seq=545294859 err=880
[ERR] seq=545294860 err=856
[ERR] seq=545294861 err=864
[SEU] addr=200031A7 bit=00000007
[ERR] seq=545294862 err=864
[ERR] seq=545294863 err=888
[ERR] seq=545294864 err=880
[ERR] seq=545294865 err=872
[ERR] seq=545294866 err=864
[ERR] seq=545294867 err=880
[ERR] seq=545294868 err=888
[ERR] seq=545294869 err=888
[ERR] seq=545294870 err=904
[ERR] seq=545294871 err=888
[SEU] addr=200031A1 bit=00000005
[ERR] seq=545294872 err=1272
[ERR] seq=545294873 err=1224
[ERR] seq=545294874 err=1272
[SEU] addr=20003194 bit=00000002
[ERR] seq=545294875 err=1272
[ERR] seq=545294876 err=1280
[ERR] seq=545294877 err=1264
[ERR] seq=545294878 err=1280
[ERR] seq=545294879 err=1272
[ERR] seq=545294880 err=904
[ERR] seq=545294881 err=952
[ERR] seq=545294882 err=896
[ERR] seq=545294883 err=904
[SEU] addr=2000317A bit=00000003
[ERR] seq=545294884 err=888
[ERR] seq=545294885 err=904
[ERR] seq=545294886 err=888
[SEU] addr=200031AB bit=00000004
[ERR] seq=545294887 err=888
[ERR] seq=545294888 err=880
[ERR] seq=545294889 err=864
[ERR] seq=545294890 err=872
[SEU] addr=200031AB bit=00000002
[ERR] seq=545294891 err=880
[SEU] addr=2000316F bit=00000003
[ERR] seq=545294892 err=888
[ERR] seq=545294893 err=864
[ERR] seq=545294894 err=864
[SEU] addr=200031C4 bit=00000003
[ERR] seq=545294895 err=856
[ERR] seq=545294896 err=856
[ERR] seq=545294897 err=856
[ERR] seq=545294898 err=856
[ERR] seq=545294899 err=832
[ERR] seq=545294900 err=816
[SEU] addr=20003167 bit=00000003
[ERR] seq=545294901 err=816
[ERR] seq=545294902 err=800
[ERR] seq=545294903 err=792
[ERR] seq=545294904 err=792
[ERR] seq=545294905 err=768
[ERR] seq=545294906 err=752
[ERR] seq=545294907 err=744
[SEU] addr=200031AE bit=00000002
[ERR] seq=545294908 err=736
[ERR] seq=545294909 err=720
[ERR] seq=545294910 err=720
[ERR] seq=545294911 err=696
[ERR] seq=545294912 err=688
[ERR] seq=545294913 err=672
[SEU] addr=200031A0 bit=00000006
[ERR] seq=545294914 err=656
[ERR] seq=545294915 err=640
[ERR] seq=545294916 err=624
[ERR] seq=545294917 err=616
[ERR] seq=545294918 err=592
[ERR] seq=545294919 err=568
[ERR] seq=545294920 err=560
[SEU] addr=20003183 bit=00000004
[ERR] seq=545294921 err=544
[SEU] addr=200031CC bit=00000003
[ERR] seq=545294922 err=536
[ERR] seq=545294923 err=520
[ERR] seq=545294924 err=496
[ERR] seq=545294925 err=480
[ERR] seq=545294926 err=480
[ERR] seq=545294927 err=448
[SEU] addr=20003190 bit=00000002
[ERR] seq=545294928 err=456
[ERR] seq=545294929 err=408
[ERR] seq=545294930 err=408
[ERR] seq=545294931 err=384
[ERR] seq=545294932 err=352
[SEU] addr=200031B9 bit=00000001
[ERR] seq=545294933 err=376
[ERR] seq=545294934 err=312
[ERR] seq=545294935 err=336
[ERR] seq=545294936 err=304
[ERR] seq=545294937 err=288
[ERR] seq=545294938 err=272
[ERR] seq=545294939 err=240
[ERR] seq=545294940 err=240
[SEU] addr=200031C4 bit=00000000
[ERR] seq=545294941 err=208
[SEU] addr=2000316D bit=00000000
[ERR] seq=545294942 err=200
[ERR] seq=545294943 err=176
[SEU] addr=20003147 bit=00000004
[SAMPLE QUEUE CORRUPTED] primary repaired
[ERR] seq=545294944 err=176
[ERR] seq=545294945 err=152
[ERR] seq=545294946 err=120
[SEU] addr=200031B8 bit=00000001
[ERR] seq=545294947 err=128
[ERR] seq=545294948 err=96
[ERR] seq=545294949 err=72
[ERR] seq=545294950 err=64
[ERR] seq=545294951 err=48
[ERR] seq=545294952 err=16
[SEU] addr=2000318B bit=00000004
[ERR] seq=545294954 err=2147483640
[ERR] seq=545294955 err=171798728
[ERR] seq=545294956 err=185542576
[ERR] seq=545294957 err=28587360
[ERR] seq=545294958 err=17130376
[ERR] seq=545294959 err=3657504
[ERR] seq=545294960 err=1663000
[ERR] seq=545294961 err=425752
[ERR] seq=545294962 err=167056
[ERR] seq=545294963 err=47544
[SEU] addr=200031AE bit=00000004
[ERR] seq=545294964 err=17136
[ERR] seq=545294965 err=5320
[ERR] seq=545294966 err=1752
[ERR] seq=545294967 err=744
[ERR] seq=545294968 err=144
[ERR] seq=545294969 err=280
[SEU] addr=20003174 bit=00000001
[ERR] seq=545294970 err=240
[ERR] seq=545294971 err=264
[ERR] seq=545294972 err=264
[SEU] addr=2000319D bit=00000003
[ERR] seq=545294973 err=288
[ERR] seq=545294974 err=304
[ERR] seq=545294975 err=312
[ERR] seq=545294976 err=336
[ERR] seq=545294977 err=344
[ERR] seq=545294978 err=360
[ERR] seq=545294979 err=368
[ERR] seq=545294980 err=392
[SEU] addr=2000315A bit=00000002
[ERR] seq=545294981 err=408
[ERR] seq=545294982 err=424
[ERR] seq=545294983 err=440
[ERR] seq=545294984 err=448
[ERR] seq=545294985 err=464
[ERR] seq=545294986 err=464
[ERR] seq=545294987 err=488
[ERR] seq=545294988 err=488
[ERR] seq=545294989 err=512
[SEU] addr=2000315F bit=00000007
[CMD QUEUE backup CORRUPTED] backup repaired
[ERR] seq=545294990 err=520
[ERR] seq=545294991 err=536
[ERR] seq=545294992 err=544
[ERR] seq=545294993 err=552
[ERR] seq=545294994 err=560
[ERR] seq=545294995 err=576
[ERR] seq=545294996 err=584
[ERR] seq=545294997 err=600
[ERR] seq=545294998 err=600
[ERR] seq=545294999 err=624
[SEU] addr=200031D0 bit=00000003
[ERR] seq=545295000 err=608
[ERR] seq=545295001 err=648
[ERR] seq=545295002 err=648
[SEU] addr=2000317E bit=00000003
[ERR] seq=545295003 err=664
[ERR] seq=545295004 err=672
[ERR] seq=545295005 err=688
[SEU] addr=200031CB bit=00000005
[ERR] seq=545295006 err=680
[ERR] seq=545295007 err=696
[ERR] seq=545295008 err=720
[ERR] seq=545295009 err=704
[ERR] seq=545295010 err=736
[ERR] seq=545295011 err=712
[ERR] seq=545295012 err=760
[ERR] seq=545295013 err=736
[ERR] seq=545295014 err=760
[SEU] addr=2000316B bit=00000007
[ERR] seq=545295015 err=768
[ERR] seq=545295016 err=768
[ERR] seq=545295017 err=784
[ERR] seq=545295018 err=784
[ERR] seq=545295019 err=800
[ERR] seq=545295020 err=800
[ERR] seq=545295021 err=816
[SEU] addr=2000315C bit=00000001
[CMD QUEUE backup CORRUPTED] backup repaired
[ERR] seq=545295022 err=832
[ERR] seq=545295023 err=832
[ERR] seq=545295024 err=848
[ERR] seq=545295025 err=848
[ERR] seq=545295026 err=864
[ERR] seq=545295027 err=864
[ERR] seq=545295028 err=872
[ERR] seq=545295029 err=880
[SEU] addr=20003153 bit=00000007
[ERR] seq=545295030 err=880
[ERR] seq=545295031 err=888
[ERR] seq=545295032 err=888
[ERR] seq=545295033 err=904
[ERR] seq=545295034 err=904
[ERR] seq=545295035 err=912
[ERR] seq=545295036 err=920
[ERR] seq=545295037 err=920
[ERR] seq=545295038 err=920
[SEU] addr=20003161 bit=00000002
[ERR] seq=545295039 err=936
[ERR] seq=545295040 err=936
[ERR] seq=545295041 err=928
[ERR] seq=545295042 err=936
[ERR] seq=545295043 err=952
[ERR] seq=545295044 err=944
[SEU] addr=200031A1 bit=00000003
[ERR] seq=545295045 err=952
[ERR] seq=545295046 err=944
[ERR] seq=545295047 err=960
[ERR] seq=545295048 err=960
[ERR] seq=545295049 err=984
[ERR] seq=545295050 err=968
[ERR] seq=545295051 err=976
[ERR] seq=545295052 err=976
[ERR] seq=545295053 err=992
[SEU] addr=20003173 bit=00000002
[ERR] seq=545295054 err=992
[ERR] seq=545295055 err=968
[ERR] seq=545295056 err=984
[ERR] seq=545295057 err=968
[SEU] addr=200031C2 bit=00000001
[ERR] seq=545295058 err=992
[ERR] seq=545295059 err=968
[ERR] seq=545295060 err=984
[ERR] seq=545295061 err=968
[ERR] seq=545295062 err=992
[ERR] seq=545295063 err=992
[ERR] seq=545295064 err=976
[SEU] addr=20003194 bit=00000005
[ERR] seq=545295065 err=976
[ERR] seq=545295066 err=968
[ERR] seq=545295067 err=984
[ERR] seq=545295068 err=960
[ERR] seq=545295069 err=960
[SEU] addr=2000317B bit=00000001
[ERR] seq=545295070 err=944
[ERR] seq=545295071 err=952
[SEU] addr=200031C5 bit=00000000
[ERR] seq=545295072 err=944
[ERR] seq=545295073 err=952
[ERR] seq=545295074 err=936
[ERR] seq=545295075 err=928
[SEU] addr=2000317E bit=00000005
[ERR] seq=545295076 err=936
[ERR] seq=545295077 err=936
[ERR] seq=545295078 err=928
[ERR] seq=545295079 err=912
[ERR] seq=545295080 err=928
[ERR] seq=545295081 err=912
[ERR] seq=545295082 err=904
[ERR] seq=545295083 err=912
[ERR] seq=545295084 err=880
[SEU] addr=20003167 bit=00000006
[ERR] seq=545295085 err=896
[SEU] addr=200031C0 bit=00000003
[ERR] seq=545295086 err=880
[ERR] seq=545295087 err=880
[SEU] addr=20003145 bit=00000006
[SAMPLE QUEUE CORRUPTED] primary repaired
[ERR] seq=545295088 err=872
[ERR] seq=545295089 err=864
[ERR] seq=545295090 err=864
[ERR] seq=545295091 err=848
[ERR] seq=545295092 err=848
[ERR] seq=545295093 err=832
[ERR] seq=545295094 err=832
[ERR] seq=545295095 err=816
[SEU] addr=2000316D bit=00000005
[ERR] seq=545295096 err=800
[ERR] seq=545295097 err=800
[ERR] seq=545295098 err=784
[ERR] seq=545295099 err=784
[ERR] seq=545295100 err=768
[SEU] addr=20003156 bit=00000007
[CMD QUEUE CORRUPTED] primary repaired
[ERR] seq=545295101 err=768
[ERR] seq=545295102 err=760
[ERR] seq=545295103 err=752
[ERR] seq=545295104 err=1976
[ERR] seq=545295105 err=1816
[ERR] seq=545295106 err=1992
[SEU] addr=20003184 bit=00000000
[ERR] seq=545295107 err=1960
[ERR] seq=545295108 err=1992
[ERR] seq=545295109 err=1968
[ERR] seq=545295110 err=1984
[ERR] seq=545295111 err=1984
[ERR] seq=545295112 err=672
[SEU] addr=200031D0 bit=00000002
[ERR] seq=545295113 err=512
[ERR] seq=545295114 err=664
[ERR] seq=545295115 err=632
[ERR] seq=545295116 err=616
[ERR] seq=545295117 err=616
[ERR] seq=545295118 err=608
[ERR] seq=545295119 err=592
[SEU] addr=2000318D bit=00000006
[ERR] seq=545295120 err=131664
[ERR] seq=545295121 err=10744
[ERR] seq=545295122 err=11888
[ERR] seq=545295123 err=1992
[ERR] seq=545295124 err=1568
[SEU] addr=200031C9 bit=00000004
[ERR] seq=545295125 err=456
[ERR] seq=545295126 err=600
[ERR] seq=545295127 err=504
[ERR] seq=545295128 err=496
[ERR] seq=545295129 err=488
[SEU] addr=2000314E bit=00000006
[SAMPLE QUEUE backup CORRUPTED] backup repaired
[ERR] seq=545295130 err=464
[ERR] seq=545295131 err=464
[SEU] addr=200031AE bit=00000002
[ERR] seq=545295132 err=448
[ERR] seq=545295133 err=440
[ERR] seq=545295134 err=424
[ERR] seq=545295135 err=408
[ERR] seq=545295136 err=400
[ERR] seq=545295137 err=376
[SEU] addr=20003166 bit=00000005
[ERR] seq=545295138 err=360
[ERR] seq=545295139 err=352
[ERR] seq=545295140 err=336
[ERR] seq=545295141 err=320
[ERR] seq=545295142 err=304
[ERR] seq=545295143 err=288
[ERR] seq=545295144 err=264
[ERR] seq=545295145 err=264
[ERR] seq=545295146 err=248
[SEU] addr=2000317D bit=00000005
[ERR] seq=545295147 err=232
[ERR] seq=545295148 err=208
[ERR] seq=545295149 err=200
[ERR] seq=545295150 err=184
[SEU] addr=2000319F bit=00000003
[ERR] seq=545295151 err=168
[ERR] seq=545295152 err=168
[ERR] seq=545295153 err=136
[SEU] addr=20003155 bit=00000002
[CMD QUEUE CORRUPTED] primary repaired
[ERR] seq=545295154 err=136
[ERR] seq=545295155 err=112
[ERR] seq=545295156 err=112
[ERR] seq=545295157 err=88
[ERR] seq=545295158 err=64
[ERR] seq=545295159 err=56
[ERR] seq=545295160 err=40
[ERR] seq=545295161 err=8
[SEU] addr=200031CD bit=00000003
[ERR] seq=545295163 err=16
[ERR] seq=545295164 err=48
[ERR] seq=545295165 err=64
[SEU] addr=200031A7 bit=00000002
[ERR] seq=545295166 err=72
[SEU] addr=2000317C bit=00000001
[ERR] seq=545295167 err=96
[ERR] seq=545295168 err=128
[ERR] seq=545295169 err=120
[ERR] seq=545295170 err=152
[ERR] seq=545295171 err=168
[ERR] seq=545295172 err=176
[SEU] addr=200031C8 bit=00000000
[ERR] seq=545295173 err=200
[ERR] seq=545295174 err=200
[ERR] seq=545295175 err=240
[ERR] seq=545295176 err=240
[ERR] seq=545295177 err=272
[ERR] seq=545295178 err=288
[ERR] seq=545295179 err=304
[ERR] seq=545295180 err=320
[ERR] seq=545295181 err=328
[SEU] addr=200031CF bit=00000000
[ERR] seq=545295182 err=360
[ERR] seq=545295183 err=352
[ERR] seq=545295184 err=384
[ERR] seq=545295185 err=384
[ERR] seq=545295186 err=424
[ERR] seq=545295187 err=416
[ERR] seq=545295188 err=448
[ERR] seq=545295189 err=480
[SEU] addr=200031A2 bit=00000001
[ERR] seq=545295190 err=472
[ERR] seq=545295191 err=504
[ERR] seq=545295192 err=512
[ERR] seq=545295193 err=528
[ERR] seq=545295194 err=544
[ERR] seq=545295195 err=552
[ERR] seq=545295196 err=568
[ERR] seq=545295197 err=584
[SEU] addr=200031BC bit=00000000
[ERR] seq=545295198 err=616
[ERR] seq=545295199 err=624
[ERR] seq=545295200 err=640
[ERR] seq=545295201 err=656
[ERR] seq=545295202 err=672
[ERR] seq=545295203 err=680
[ERR] seq=545295204 err=704
[SEU] addr=20003165 bit=00000005
[ERR] seq=545295205 err=704
[ERR] seq=545295206 err=720
[SEU] addr=20003179 bit=00000007
[ERR] seq=545295207 err=736
[ERR] seq=545295208 err=728
[SEU] addr=2000315F bit=00000005
[CMD QUEUE backup CORRUPTED] backup repaired
[ERR] seq=545295209 err=768
[ERR] seq=545295210 err=752
[ERR] seq=545295211 err=792
[SEU] addr=2000319E bit=00000000
[ERR] seq=545295212 err=792
[ERR] seq=545295213 err=800
[SEU] addr=20003188 bit=00000003
[ERR] seq=545295214 err=752
[ERR] seq=545295215 err=824
[ERR] seq=545295216 err=824
[SEU] addr=2000317E bit=00000007
[ERR] seq=545295217 err=856
[ERR] seq=545295218 err=856
[ERR] seq=545295219 err=856
[SEU] addr=200031CF bit=00000001
[ERR] seq=545295220 err=856
[ERR] seq=545295221 err=864
[ERR] seq=545295222 err=864
[ERR] seq=545295223 err=888
[ERR] seq=545295224 err=880
[SEU] addr=20003188 bit=00000004
[ERR] seq=545295225 err=744
[ERR] seq=545295226 err=872
[ERR] seq=545295227 err=872
[SEU] addr=2000315F bit=00000007
[CMD QUEUE backup CORRUPTED] backup repaired
[ERR] seq=545295228 err=888
[ERR] seq=545295229 err=888
[ERR] seq=545295230 err=904
[ERR] seq=545295231 err=888
[ERR] seq=545295232 err=1272
[ERR] seq=545295233 err=1224
[ERR] seq=545295234 err=1272
[ERR] seq=545295235 err=1272
[SEU] addr=2000316E bit=00000005
[ERR] seq=545295236 err=1280
[ERR] seq=545295237 err=1264
[ERR] seq=545295238 err=1280
[ERR] seq=545295239 err=1272
[ERR] seq=545295240 err=904
[ERR] seq=545295241 err=952
[ERR] seq=545295242 err=896
[ERR] seq=545295243 err=904
[ERR] seq=545295244 err=888
[ERR] seq=545295245 err=904
[SEU] addr=200031BB bit=00000002
[ERR] seq=545295246 err=888
[ERR] seq=545295247 err=888
[ERR] seq=545295248 err=880
[SEU] addr=2000318A bit=00000004
[ERR] seq=545295249 err=8389472
[SEU] addr=200031B0 bit=00000003
[ERR] seq=545295250 err=671016
[ERR] seq=545295251 err=725648
[ERR] seq=545295252 err=111592
[ERR] seq=545295253 err=67768
[ERR] seq=545295254 err=14192
[ERR] seq=545295255 err=7344
[ERR] seq=545295256 err=1584
[SEU] addr=200031A4 bit=00000006
[ERR] seq=545295257 err=1496
[ERR] seq=545295258 err=680
[SEU] addr=2000314D bit=00000000
[SAMPLE QUEUE backup CORRUPTED] backup repaired
[ERR] seq=545295259 err=904
[ERR] seq=545295260 err=792
[ERR] seq=545295261 err=824
[ERR] seq=545295262 err=800
[ERR] seq=545295263 err=792
[ERR] seq=545295264 err=792
[ERR] seq=545295265 err=768
[ERR] seq=545295266 err=752
[SEU] addr=2000316F bit=00000002
[ERR] seq=545295267 err=744
[ERR] seq=545295268 err=736
[ERR] seq=545295269 err=720
[SEU] addr=20003155 bit=00000002
[CMD QUEUE CORRUPTED] primary repaired
[ERR] seq=545295270 err=720
[ERR] seq=545295271 err=696
[ERR] seq=545295272 err=688
[ERR] seq=545295273 err=672
[ERR] seq=545295274 err=656
[ERR] seq=545295275 err=640
[SEU] addr=200031A2 bit=00000001
[ERR] seq=545295276 err=624
[ERR] seq=545295277 err=616
[ERR] seq=545295278 err=592
[ERR] seq=545295279 err=568
[ERR] seq=545295280 err=560
[ERR] seq=545295281 err=544
[ERR] seq=545295282 err=536
[ERR] seq=545295283 err=520
[SEU] addr=2000318A bit=00000005
[ERR] seq=545295284 err=16777712
[ERR] seq=545295285 err=1342144
[ERR] seq=545295286 err=1450024
[ERR] seq=545295287 err=223304
[ERR] seq=545295288 err=134248
[ERR] seq=545295289 err=28528
[ERR] seq=545295290 err=13384
[ERR] seq=545295291 err=3288
[SEU] addr=2000316F bit=00000001
[ERR] seq=545295292 err=1656
[SEU] addr=200031C8 bit=00000007
[ERR] seq=545295293 err=344
[ERR] seq=545295294 err=440
[SEU] addr=200031A7 bit=00000001
[ERR] seq=545295295 err=304
[ERR] seq=545295296 err=312
[SEU] addr=200031A9 bit=00000002
[ERR] seq=545295297 err=288
[ERR] seq=545295298 err=272
[ERR] seq=545295299 err=240
[ERR] seq=545295300 err=240
[ERR] seq=545295301 err=208
[ERR] seq=545295302 err=200
[SEU] addr=200031C4 bit=00000007
[ERR] seq=545295303 err=176
[ERR] seq=545295304 err=176
[ERR] seq=545295305 err=152
[ERR] seq=545295306 err=120
[ERR] seq=545295307 err=128
[ERR] seq=545295308 err=96
[ERR] seq=545295309 err=72
[ERR] seq=545295310 err=64
[ERR] seq=545295311 err=48
[SEU] addr=200031C1 bit=00000005
[ERR] seq=545295312 err=16
[ERR] seq=545295314 err=8
[ERR] seq=545295315 err=40
[ERR] seq=545295316 err=56
[ERR] seq=545295317 err=64
[ERR] seq=545295318 err=88
[SEU] addr=20003165 bit=00000006
[ERR] seq=545295319 err=96
[ERR] seq=545295320 err=112
[ERR] seq=545295321 err=128
[ERR] seq=545295322 err=136
[ERR] seq=545295323 err=136
[SEU] addr=200031A3 bit=00000003
[ERR] seq=545295324 err=160
[ERR] seq=545295325 err=168
[ERR] seq=545295326 err=184
[ERR] seq=545295327 err=192
[ERR] seq=545295328 err=208
[ERR] seq=545295329 err=232
[ERR] seq=545295330 err=248
[ERR] seq=545295331 err=264
[ERR] seq=545295332 err=264
[SEU] addr=20003196 bit=00000006
[ERR] seq=545295333 err=288
[ERR] seq=545295334 err=304
[ERR] seq=545295335 err=312
[ERR] seq=545295336 err=336
[SEU] addr=200031CB bit=00000001
[ERR] seq=545295337 err=344
[ERR] seq=545295338 err=360
[ERR] seq=545295339 err=368
[ERR] seq=545295340 err=392
[SEU] addr=20003175 bit=00000005
[ERR] seq=545295341 err=408
[ERR] seq=545295342 err=424
[SEU] addr=2000314E bit=00000002
[SAMPLE QUEUE backup CORRUPTED] backup repaired
[ERR] seq=545295343 err=440
[ERR] seq=545295344 err=448
[ERR] seq=545295345 err=464
[ERR] seq=545295346 err=464
[ERR] seq=545295347 err=488
[ERR] seq=545295348 err=488
[ERR] seq=545295349 err=512
[ERR] seq=545295350 err=520
[ERR] seq=545295351 err=536
[ERR] seq=545295352 err=544
[SEU] addr=20003159 bit=00000006
[ERR] seq=545295353 err=552
[ERR] seq=545295354 err=560
[ERR] seq=545295355 err=576
[ERR] seq=545295356 err=584
[ERR] seq=545295357 err=600
[SEU] addr=20003156 bit=00000001
[CMD QUEUE CORRUPTED] primary repaired
[ERR] seq=545295358 err=600
[ERR] seq=545295359 err=624
[ERR] seq=545295360 err=5536
[ERR] seq=545295361 err=5032
[ERR] seq=545295362 err=5528
[ERR] seq=545295363 err=5440
[SEU] addr=20003167 bit=00000006
[ERR] seq=545295364 err=5480
[ERR] seq=545295365 err=5456
[ERR] seq=545295366 err=5464
[ERR] seq=545295367 err=5448
[ERR] seq=545295368 err=720
[SEU] addr=20003159 bit=00000001
[ERR] seq=545295369 err=304
[ERR] seq=545295370 err=760
[ERR] seq=545295371 err=688
[ERR] seq=545295372 err=760
[ERR] seq=545295373 err=736
[ERR] seq=545295374 err=760
[ERR] seq=545295375 err=768
[SEU] addr=200031D4 bit=00000005
[ERR] seq=545295408 err=1776
[ERR] seq=545295409 err=1600
[ERR] seq=545295410 err=1816
[ERR] seq=545295411 err=1824
[ERR] seq=545295412 err=1848
[SEU] addr=20003163 bit=00000005
[ERR] seq=545295413 err=1848
[ERR] seq=545295414 err=1856
[ERR] seq=545295415 err=1880
[ERR] seq=545295416 err=1880
[ERR] seq=545295417 err=1920
[ERR] seq=545295418 err=1912
[ERR] seq=545295419 err=1944
[SEU] addr=2000317D bit=00000007
[ERR] seq=545295420 err=1952
[ERR] seq=545295421 err=1960
[ERR] seq=545295422 err=1968
[ERR] seq=545295423 err=1968
[ERR] seq=545295424 err=1984
[ERR] seq=545295425 err=1984
[ERR] seq=545295426 err=2000
[ERR] seq=545295427 err=2000
[ERR] seq=545295428 err=2008
[ERR] seq=545295429 err=2016
[SEU] addr=200031BE bit=00000006
[ERR] seq=545295430 err=2032
[ERR] seq=545295431 err=2024
[ERR] seq=545295432 err=2024
[ERR] seq=545295433 err=2032
[SEU] addr=200031B7 bit=00000007
[ERR] seq=545295434 err=2032
[ERR] seq=545295435 err=2024
[ERR] seq=545295436 err=2032
[ERR] seq=545295437 err=2016
[ERR] seq=545295438 err=2040
[ERR] seq=545295439 err=2008
[ERR] seq=545295440 err=2016
[ERR] seq=545295441 err=2000
[ERR] seq=545295442 err=2000
[SEU] addr=2000314E bit=00000001
[SAMPLE QUEUE backup CORRUPTED] backup repaired
[ERR] seq=545295443 err=1984
[ERR] seq=545295444 err=1984
[ERR] seq=545295445 err=1968
[SEU] addr=200031D6 bit=00000001
[ERR] seq=545426518 err=4672
[ERR] seq=545426519 err=4432
[ERR] seq=545426520 err=4600
[ERR] seq=545426521 err=4552
[ERR] seq=545426522 err=4496
[SEU] addr=2000319E bit=00000005
[ERR] seq=545426523 err=4456
[ERR] seq=545426524 err=4392
[ERR] seq=545426525 err=4368
[ERR] seq=545426526 err=4288
[ERR] seq=545426527 err=4248
[ERR] seq=545426528 err=4216
[ERR] seq=545426529 err=4152
[ERR] seq=545426530 err=4104
[ERR] seq=545426531 err=4024
[ERR] seq=545426532 err=3992
[SEU] addr=20003184 bit=00000006
[ERR] seq=545426533 err=560
[ERR] seq=545426534 err=4200
[ERR] seq=545426535 err=3456
[ERR] seq=545426536 err=3808
[ERR] seq=545426537 err=3656
[ERR] seq=545426538 err=3648
[ERR] seq=545426539 err=3560
[SEU] addr=20003164 bit=00000003
[ERR] seq=545426540 err=3488
[ERR] seq=545426541 err=3440
[ERR] seq=545426542 err=3360
[ERR] seq=545426543 err=3304
[ERR] seq=545426544 err=3240
[SEU] addr=200031CC bit=00000006
[ERR] seq=545426545 err=3152
[ERR] seq=545426546 err=3088
[ERR] seq=545426547 err=3008
[ERR] seq=545426548 err=2936
[ERR] seq=545426549 err=2872
[ERR] seq=545426550 err=2784
[ERR] seq=545426551 err=2712
[SEU] addr=20003179 bit=00000006
[ERR] seq=545426552 err=2624
[ERR] seq=545426553 err=2560
[ERR] seq=545426554 err=2480
[ERR] seq=545426555 err=2384
[SEU] addr=2000317D bit=00000006
[ERR] seq=545426556 err=2304
[ERR] seq=545426557 err=2224
[SEU] addr=200031B2 bit=00000003
[ERR] seq=545426558 err=2136
[ERR] seq=545426559 err=2080
[ERR] seq=545426560 err=1984
[ERR] seq=545426561 err=1896
[ERR] seq=545426562 err=1816
[ERR] seq=545426563 err=1728
[ERR] seq=545426564 err=1640
[SEU] addr=200031B5 bit=00000004
[ERR] seq=545426565 err=1552
[ERR] seq=545426566 err=1440
[ERR] seq=545426567 err=1392
[ERR] seq=545426568 err=1272
[SEU] addr=20003159 bit=00000003
[ERR] seq=545426569 err=1176
[ERR] seq=545426570 err=1088
[ERR] seq=545426571 err=1000
[ERR] seq=545426572 err=872
[ERR] seq=545426573 err=800
[ERR] seq=545426574 err=688
[ERR] seq=545426575 err=600
[SEU] addr=20003185 bit=00000003
[ERR] seq=545426576 err=11232
[ERR] seq=545426577 err=1312
[ERR] seq=545426578 err=704
[SEU] addr=20003181 bit=00000004
[ERR] seq=545426579 err=320
[ERR] seq=545426580 err=56
[ERR] seq=545426581 err=56
[ERR] seq=545426582 err=128
[ERR] seq=545426583 err=248
[ERR] seq=545426584 err=352
[ERR] seq=545426585 err=448
[ERR] seq=545426586 err=576
[SEU] addr=200031C4 bit=00000005
[ERR] seq=545426587 err=672
[ERR] seq=545426588 err=776
[ERR] seq=545426589 err=880
[ERR] seq=545426590 err=1008
[SEU] addr=20003165 bit=00000004
[ERR] seq=545426591 err=1104
[ERR] seq=545426592 err=1216
[ERR] seq=545426593 err=1344
[ERR] seq=545426594 err=1448
[ERR] seq=545426595 err=1552
[ERR] seq=545426596 err=1680
[SEU] addr=200031B1 bit=00000005
[ERR] seq=545426597 err=1808
[ERR] seq=545426598 err=1888
[ERR] seq=545426599 err=2016
[ERR] seq=545426600 err=2136
[ERR] seq=545426601 err=2256
[ERR] seq=545426602 err=2344
[ERR] seq=545426603 err=2464
[ERR] seq=545426604 err=2576
[ERR] seq=545426605 err=2704
[SEU] addr=20003169 bit=00000003
[ERR] seq=545426606 err=2824
[ERR] seq=545426607 err=2928
[ERR] seq=545426608 err=3024
[ERR] seq=545426609 err=3176
[ERR] seq=545426610 err=3272
[ERR] seq=545426611 err=3376
[SEU] addr=200031C6 bit=00000002
[ERR] seq=545426612 err=3488
[ERR] seq=545426613 err=3608
[ERR] seq=545426614 err=3720
[ERR] seq=545426615 err=3832
[ERR] seq=545426616 err=3944
[ERR] seq=545426617 err=4064
[ERR] seq=545426618 err=4160
[ERR] seq=545426619 err=4288
[SEU] addr=20003199 bit=00000005
[ERR] seq=545426620 err=4392
[ERR] seq=545426621 err=4496
[ERR] seq=545426622 err=4600
[ERR] seq=545426623 err=4704
[ERR] seq=545426624 err=4824
[SEU] addr=200031C0 bit=00000000
[ERR] seq=545426625 err=4912
[SEU] addr=2000317C bit=00000004
[ERR] seq=545426626 err=5040
[ERR] seq=545426627 err=5120
[ERR] seq=545426628 err=5184
[ERR] seq=545426629 err=5312
[SEU] addr=2000316F bit=00000001
[ERR] seq=545426630 err=5392
[ERR] seq=545426631 err=5504
[ERR] seq=545426632 err=5560
[ERR] seq=545426633 err=5680
[ERR] seq=545426634 err=5736
[ERR] seq=545426635 err=5840
[ERR] seq=545426636 err=5904
[SEU] addr=2000315B bit=00000005
[ERR] seq=545426637 err=6000
[ERR] seq=545426638 err=6096
[ERR] seq=545426639 err=6144
[ERR] seq=545426640 err=6608
[ERR] seq=545426641 err=6616
[ERR] seq=545426642 err=6736
[ERR] seq=545426643 err=6800
[SEU] addr=2000317C bit=00000000
[ERR] seq=545426644 err=6872
[ERR] seq=545426645 err=6944
[ERR] seq=545426646 err=7000
[ERR] seq=545426647 err=7072
[ERR] seq=545426648 err=7120
[SEU] addr=2000317C bit=00000004
[ERR] seq=545426649 err=7176
[ERR] seq=545426650 err=7224
[ERR] seq=545426651 err=7280
[ERR] seq=545426652 err=7320
[SEU] addr=200031D2 bit=00000007
[ERR] seq=545426653 err=7344
[ERR] seq=545426654 err=7424
[ERR] seq=545426655 err=7464
[ERR] seq=545426656 err=7488
[ERR] seq=545426657 err=7512
[ERR] seq=545426658 err=7552
[SEU] addr=200031D6 bit=00000002
[ERR] seq=545688803 err=11936
[ERR] seq=545688804 err=11496
[ERR] seq=545688805 err=11776
[SEU] addr=200031A0 bit=00000003
[ERR] seq=545688806 err=11616
[ERR] seq=545688807 err=11576
[ERR] seq=545688808 err=11432
[SEU] addr=20003190 bit=00000004
[ERR] seq=545688809 err=11464
[ERR] seq=545688810 err=11216
[ERR] seq=545688811 err=11136
[ERR] seq=545688812 err=10992
[ERR] seq=545688813 err=10872
[SEU] addr=20003177 bit=00000006
[ERR] seq=545688814 err=10760
[SEU] addr=20003194 bit=00000007
[ERR] seq=545688815 err=10624
[ERR] seq=545688816 err=10480
[ERR] seq=545688817 err=10368
[ERR] seq=545688818 err=10208
[ERR] seq=545688819 err=10080
[ERR] seq=545688820 err=9928
[SEU] addr=20003165 bit=00000005
[ERR] seq=545688821 err=9792
[ERR] seq=545688822 err=9640
[ERR] seq=545688823 err=9496
[ERR] seq=545688824 err=9320
[ERR] seq=545688825 err=9168
[ERR] seq=545688826 err=8992
[ERR] seq=545688827 err=8840
[ERR] seq=545688828 err=8688
[SEU] addr=200031A1 bit=00000002
[ERR] seq=545688829 err=8520
[ERR] seq=545688830 err=8344
[ERR] seq=545688831 err=8184
[ERR] seq=545688832 err=5944
[ERR] seq=545688833 err=5936
[SEU] addr=20003150 bit=00000004
[SAMPLE QUEUE backup CORRUPTED] backup repaired
[ERR] seq=545688834 err=5608
[ERR] seq=545688835 err=5448
[ERR] seq=545688836 err=5256
[SEU] addr=20003147 bit=00000002
[SAMPLE QUEUE CORRUPTED] primary repaired
[ERR] seq=545688837 err=5072
[ERR] seq=545688838 err=4880
[ERR] seq=545688839 err=4704
[ERR] seq=545688840 err=4128
[SEU] addr=20003167 bit=00000004
[ERR] seq=545688841 err=4008
[ERR] seq=545688842 err=3776
[ERR] seq=545688843 err=3584
[ERR] seq=545688844 err=3384
[SEU] addr=2000316A bit=00000002
[ERR] seq=545688845 err=3216
[ERR] seq=545688846 err=2992
[ERR] seq=545688847 err=2816
[ERR] seq=545688848 err=2616
[SEU] addr=20003148 bit=00000006
[SAMPLE QUEUE CORRUPTED] primary repaired
[ERR] seq=545688849 err=2408
[ERR] seq=545688850 err=2224
[ERR] seq=545688851 err=2032
[ERR] seq=545688852 err=1824
[ERR] seq=545688853 err=1688
[SEU] addr=200031A6 bit=00000002
[ERR] seq=545688854 err=1704
[ERR] seq=545688855 err=1720
[ERR] seq=545688856 err=1744
[ERR] seq=545688857 err=1760
[SEU] addr=2000319B bit=00000003
[ERR] seq=545688858 err=1776
[ERR] seq=545688859 err=1792
[ERR] seq=545688860 err=1816
[ERR] seq=545688861 err=1832
[ERR] seq=545688862 err=1856
[ERR] seq=545688863 err=1864
[ERR] seq=545688864 err=1904
[ERR] seq=545688865 err=1904
[SEU] addr=20003196 bit=00000007
[ERR] seq=545688866 err=1928
[SEU] addr=20003156 bit=00000000
[CMD QUEUE CORRUPTED] primary repaired
[ERR] seq=545688867 err=1960
[ERR] seq=545688868 err=1952
[ERR] seq=545688869 err=1992
[ERR] seq=545688870 err=1984
[SEU] addr=200031D3 bit=00000002
[ERR] seq=545688871 err=2056
[ERR] seq=545688872 err=200
[ERR] seq=545688873 err=552
[SEU] addr=20003157 bit=00000007
[CMD QUEUE CORRUPTED] primary repaired
[ERR] seq=545688874 err=576
[ERR] seq=545688875 err=784
[ERR] seq=545688876 err=968
[ERR] seq=545688877 err=1184
[SEU] addr=200031C2 bit=00000003
[ERR] seq=545688878 err=1360
[ERR] seq=545688879 err=1576
[ERR] seq=545688880 err=1752
[ERR] seq=545688881 err=1960
[ERR] seq=545688882 err=2144
[ERR] seq=545688883 err=2328
[ERR] seq=545688884 err=2528
[SEU] addr=2000318F bit=00000003
[ERR] seq=545688885 err=1073743072
[ERR] seq=545688886 err=85902208
[ERR] seq=545688887 err=92772704
[ERR] seq=545688888 err=14296904
[SEU] addr=20003177 bit=00000000
[ERR] seq=545688889 err=8566760
[ERR] seq=545688890 err=1832312
[ERR] seq=545688891 err=833240
[ERR] seq=545688892 err=216776
[ERR] seq=545688893 err=85424
[ERR] seq=545688894 err=28008
[ERR] seq=545688895 err=10624
[SEU] addr=200031BB bit=00000005
[ERR] seq=545688896 err=7216
[ERR] seq=545688897 err=3944
[ERR] seq=545688898 err=5248
[ERR] seq=545688899 err=5064
[ERR] seq=545688900 err=5336
[ERR] seq=545688901 err=5496
[SEU] addr=200031A9 bit=00000002
[ERR] seq=545688902 err=5624
[ERR] seq=545688903 err=5768
[ERR] seq=545688904 err=5936
[ERR] seq=545688905 err=6072
[ERR] seq=545688906 err=6248
[ERR] seq=545688907 err=6376
[ERR] seq=545688908 err=6528
[ERR] seq=545688909 err=6664
[SEU] addr=200031C3 bit=00000002
[ERR] seq=545688910 err=6816
[ERR] seq=545688911 err=6944
[ERR] seq=545688912 err=7088
[ERR] seq=545688913 err=7200
[ERR] seq=545688914 err=7336
[ERR] seq=545688915 err=7488
[ERR] seq=545688916 err=7584
[ERR] seq=545688917 err=7696
[ERR] seq=545688918 err=7840
[SEU] addr=20003177 bit=00000000
[ERR] seq=545688919 err=7936
[ERR] seq=545688920 err=8040
[ERR] seq=545688921 err=8176
[SEU] addr=200031D4 bit=00000005
[ERR] seq=545688954 err=10632
[ERR] seq=545688955 err=10544
[SEU] addr=200031C3 bit=00000005
[ERR] seq=545688956 err=10808
[ERR] seq=545688957 err=10848
[SEU] addr=2000317A bit=00000000
[ERR] seq=545688958 err=10928
[SEU] addr=2000319E bit=00000001
[ERR] seq=545688959 err=11008
[ERR] seq=545688960 err=11056
[ERR] seq=545688961 err=11104
[ERR] seq=545688962 err=11176
[ERR] seq=545688963 err=11232
[SEU] addr=20003180 bit=00000001
[ERR] seq=545688964 err=11256
[ERR] seq=545688965 err=11320
[ERR] seq=545688966 err=11360
[ERR] seq=545688967 err=11392
[ERR] seq=545688968 err=11440
[ERR] seq=545688969 err=11448
[ERR] seq=545688970 err=11496
[ERR] seq=545688971 err=11520
[ERR] seq=545688972 err=11544
[SEU] addr=200031C5 bit=00000005
[ERR] seq=545688973 err=11568
[ERR] seq=545688974 err=11576
[SEU] addr=200031C6 bit=00000006
[ERR] seq=545688975 err=11600
[ERR] seq=545688976 err=11584
[ERR] seq=545688977 err=11616
[ERR] seq=545688978 err=11592
[ERR] seq=545688979 err=11616
[SEU] addr=20003166 bit=00000004
[ERR] seq=545688980 err=11584
[ERR] seq=545688981 err=11608
[ERR] seq=545688982 err=11568
[ERR] seq=545688983 err=11576
[ERR] seq=545688984 err=11544
[SEU] addr=200031D7 bit=00000001
[ERR] seq=579243417 err=4448
[SEU] addr=2000314F bit=00000000
[SAMPLE QUEUE backup CORRUPTED] backup repaired
[ERR] seq=579243418 err=5064
[ERR] seq=579243419 err=4528
[ERR] seq=579243420 err=4664
[ERR] seq=579243421 err=4672
[ERR] seq=579243422 err=4720
[ERR] seq=579243423 err=4760
[ERR] seq=579243424 err=4808
[SEU] addr=200031CA bit=00000001
[ERR] seq=579243425 err=4856
[ERR] seq=579243426 err=4920
[ERR] seq=579243427 err=4960
[ERR] seq=579243428 err=5016
[ERR] seq=579243429 err=5048
[ERR] seq=579243430 err=5104
[ERR] seq=579243431 err=5136
[ERR] seq=579243432 err=5176
[SEU] addr=200031BE bit=00000002
[ERR] seq=579243433 err=5184
[SEU] addr=200031AF bit=00000001
[ERR] seq=579243434 err=5248
[ERR] seq=579243435 err=5272
[ERR] seq=579243436 err=5296
[ERR] seq=579243437 err=5336
[ERR] seq=579243438 err=5360
[ERR] seq=579243439 err=5384
[SEU] addr=20003168 bit=00000001
[ERR] seq=579243440 err=5400
[ERR] seq=579243441 err=5440
[ERR] seq=579243442 err=5448
[ERR] seq=579243443 err=5480
[SEU] addr=20003179 bit=00000000
[ERR] seq=579243444 err=5496
[ERR] seq=579243445 err=5512
[ERR] seq=579243446 err=5536
[ERR] seq=579243447 err=5528
[ERR] seq=579243448 err=5568
[ERR] seq=579243449 err=5552
[ERR] seq=579243450 err=5576
[ERR] seq=579243451 err=5576
[SEU] addr=200031C1 bit=00000001
[ERR] seq=579243452 err=5584
[ERR] seq=579243453 err=5584
[ERR] seq=579243454 err=5584
[ERR] seq=579243455 err=5584
[ERR] seq=579243456 err=5584
[ERR] seq=579243457 err=5584
[ERR] seq=579243458 err=5568
[ERR] seq=579243459 err=5568
[ERR] seq=579243460 err=5560
[SEU] addr=20003147 bit=00000007
[SAMPLE QUEUE CORRUPTED] primary repaired
[ERR] seq=579243461 err=5536
[ERR] seq=579243462 err=5544
[ERR] seq=579243463 err=5504
[ERR] seq=579243464 err=5512
[ERR] seq=579243465 err=5480
[ERR] seq=579243466 err=5448
[ERR] seq=579243467 err=5440
[ERR] seq=579243468 err=5400
[ERR] seq=579243469 err=5392
[ERR] seq=579243470 err=5368
[SEU] addr=200031CD bit=00000004
[ERR] seq=579243471 err=5328
[ERR] seq=579243472 err=5312
[ERR] seq=579243473 err=5280
[ERR] seq=579243474 err=5240
[ERR] seq=579243475 err=5208
[ERR] seq=579243476 err=5176
[ERR] seq=579243477 err=5136
[ERR] seq=579243478 err=5120
[ERR] seq=579243479 err=5056
[ERR] seq=579243480 err=5016
[SEU] addr=2000314C bit=00000000
[SAMPLE QUEUE backup CORRUPTED] backup repaired
[ERR] seq=579243481 err=4960
[ERR] seq=579243482 err=4936
[ERR] seq=579243483 err=4864
[ERR] seq=579243484 err=4816
[ERR] seq=579243485 err=4768
[ERR] seq=579243486 err=4728
[SEU] addr=200031C0 bit=00000007
[ERR] seq=579243487 err=4688
[ERR] seq=579243488 err=4624
[SEU] addr=2000314E bit=00000006
[SAMPLE QUEUE backup CORRUPTED] backup repaired
[ERR] seq=579243489 err=4576
[ERR] seq=579243490 err=4504
[ERR] seq=579243491 err=4448
[ERR] seq=579243492 err=4376
[ERR] seq=579243493 err=4344
[SEU] addr=2000319F bit=00000000
[ERR] seq=579243494 err=4248
[ERR] seq=579243495 err=4208
[ERR] seq=579243496 err=4136
[ERR] seq=579243497 err=4088
[ERR] seq=579243498 err=4000
[ERR] seq=579243499 err=3944
[ERR] seq=579243500 err=3864
[ERR] seq=579243501 err=3816
[SEU] addr=20003196 bit=00000004
[ERR] seq=579243502 err=3728
[ERR] seq=579243503 err=3656
[SEU] addr=20003191 bit=00000006
[ERR] seq=579243504 err=134680
[ERR] seq=579243505 err=12640
[ERR] seq=579243506 err=14752
[ERR] seq=579243507 err=3784
[ERR] seq=579243508 err=4304
[SEU] addr=20003155 bit=00000005
[CMD QUEUE CORRUPTED] primary repaired
[ERR] seq=579243509 err=2984
[ERR] seq=579243510 err=3200
[ERR] seq=579243511 err=3016
[ERR] seq=579243512 err=2944
[ERR] seq=579243513 err=2872
[ERR] seq=579243514 err=2768
[ERR] seq=579243515 err=2680
[SEU] addr=200031CF bit=00000000
[ERR] seq=579243516 err=2584
[ERR] seq=579243517 err=2512
[SEU] addr=2000317E bit=00000003
[ERR] seq=579243518 err=2416
[ERR] seq=579243519 err=2328
[ERR] seq=579243520 err=6312
[ERR] seq=579243521 err=5904
[ERR] seq=579243522 err=6168
[ERR] seq=579243523 err=6008
[SEU] addr=20003154 bit=00000003
[CMD QUEUE CORRUPTED] primary repaired
[ERR] seq=579243524 err=5968
[ERR] seq=579243525 err=5848
[ERR] seq=579243526 err=5744
[ERR] seq=579243527 err=5664
[ERR] seq=579243528 err=5560
[ERR] seq=579243529 err=5432
[ERR] seq=579243530 err=5368
[ERR] seq=579243531 err=5240
[SEU] addr=20003171 bit=00000002
[ERR] seq=579243532 err=5136
[SEU] addr=20003170 bit=00000002
[ERR] seq=579243533 err=5024
[ERR] seq=579243534 err=4912
[ERR] seq=579243535 err=4824
[ERR] seq=579243536 err=4680
[ERR] seq=579243537 err=4600
[SEU] addr=20003175 bit=00000000
[ERR] seq=579243538 err=4480
[ERR] seq=579243539 err=4352
[ERR] seq=579243540 err=4248
[SEU] addr=200031CA bit=00000006
[ERR] seq=579243541 err=4128
[ERR] seq=579243542 err=4024
[ERR] seq=579243543 err=3888
[ERR] seq=579243544 err=3824
[ERR] seq=579243545 err=3736
[ERR] seq=579243546 err=3664
[ERR] seq=579243547 err=3592
[SEU] addr=200031A4 bit=00000005
[ERR] seq=579243548 err=3512
[SEU] addr=200031B9 bit=00000001
[ERR] seq=579243549 err=3432
[ERR] seq=579243550 err=3360
[ERR] seq=579243551 err=3280
[ERR] seq=579243552 err=3200
[ERR] seq=579243553 err=3120
[ERR] seq=579243554 err=3032
[ERR] seq=579243555 err=2968
[SEU] addr=20003153 bit=00000001
[ERR] seq=579243556 err=2888
[ERR] seq=579243557 err=2792
[ERR] seq=579243558 err=2712
[SEU] addr=200031D4 bit=00000007
[ERR] seq=579243687 err=11592
[ERR] seq=579243688 err=10552
[ERR] seq=579243689 err=11752
[ERR] seq=579243690 err=11600
[ERR] seq=579243691 err=11752
[ERR] seq=579243692 err=11728
[SEU] addr=200031C3 bit=00000007
[ERR] seq=579243693 err=11792
[ERR] seq=579243694 err=11784
[ERR] seq=579243695 err=11808
[ERR] seq=579243696 err=11808
[ERR] seq=579243697 err=11824
[SEU] addr=20003146 bit=00000006
[SAMPLE QUEUE CORRUPTED] primary repaired
[ERR] seq=579243698 err=11800
[ERR] seq=579243699 err=11824
[ERR] seq=579243700 err=11808
[ERR] seq=579243701 err=11816
[ERR] seq=579243702 err=11784
[ERR] seq=579243703 err=11792
[ERR] seq=579243704 err=11744
[ERR] seq=579243705 err=11736
[ERR] seq=579243706 err=11696
[SEU] addr=2000315E bit=00000006
[CMD QUEUE backup CORRUPTED] backup repaired
[ERR] seq=579243707 err=11680
[ERR] seq=579243708 err=11624
[ERR] seq=579243709 err=11600
[ERR] seq=579243710 err=11560
[ERR] seq=579243711 err=11512
[ERR] seq=579243712 err=11456
[ERR] seq=579243713 err=11408
[ERR] seq=579243714 err=11376
[SEU] addr=200031AF bit=00000002
[ERR] seq=579243715 err=11304
[ERR] seq=579243716 err=11256
[ERR] seq=579243717 err=11176
[ERR] seq=579243718 err=11104
[ERR] seq=579243719 err=11032
[SEU] addr=20003191 bit=00000004
[ERR] seq=579243720 err=42576
[ERR] seq=579243721 err=17256
[SEU] addr=20003186 bit=00000002
[ERR] seq=579243722 err=12792
[ERR] seq=579243723 err=15168
[ERR] seq=579243724 err=14496
[ERR] seq=579243725 err=14672
[ERR] seq=579243726 err=14496
[ERR] seq=579243727 err=14432
[ERR] seq=579243728 err=14312
[ERR] seq=579243729 err=14216
[SEU] addr=20003196 bit=00000003
[ERR] seq=579243730 err=14088
[ERR] seq=579243731 err=13984
[ERR] seq=579243732 err=13856
[ERR] seq=579243733 err=13736
[ERR] seq=579243734 err=13648
[SEU] addr=200031D1 bit=00000003
[ERR] seq=579243735 err=13480
[ERR] seq=579243736 err=13352
[ERR] seq=579243737 err=13232
[SEU] addr=2000316F bit=00000004
[ERR] seq=579243738 err=13088
[ERR] seq=579243739 err=12936
[ERR] seq=579243740 err=12808
[ERR] seq=579243741 err=12656
[SEU] addr=20003154 bit=00000006
[CMD QUEUE CORRUPTED] primary repaired
[ERR] seq=579243742 err=12528
[ERR] seq=579243743 err=12360
[ERR] seq=579243744 err=12200
[ERR] seq=579243745 err=12048
[ERR] seq=579243746 err=11888
[SEU] addr=20003186 bit=00000004
[ERR] seq=579243747 err=12904
[ERR] seq=579243748 err=11456
[SEU] addr=200031BC bit=00000003
[ERR] seq=579243749 err=11472
[SEU] addr=2000316D bit=00000003
[ERR] seq=579243750 err=11200
[ERR] seq=579243751 err=11048
[ERR] seq=579243752 err=10840
[ERR] seq=579243753 err=10680
[ERR] seq=579243754 err=10464
[ERR] seq=579243755 err=10320
[ERR] seq=579243756 err=10104
[ERR] seq=579243757 err=9904
[SEU] addr=20003170 bit=00000005
[ERR] seq=579243758 err=9720
[ERR] seq=579243759 err=9528
[ERR] seq=579243760 err=9312
[ERR] seq=579243761 err=9120
[ERR] seq=579243762 err=8896
[ERR] seq=579243763 err=8712
[ERR] seq=579243764 err=8488
[ERR] seq=579243765 err=8280
[ERR] seq=579243766 err=8088
[SEU] addr=200031D4 bit=00000005
[ERR] seq=579243735 err=10376
[ERR] seq=579243736 err=9984
[SEU] addr=20003172 bit=00000006
[ERR] seq=579243737 err=10008
[ERR] seq=579243738 err=9776
[ERR] seq=579243739 err=9608
[ERR] seq=579243740 err=9392
[SEU] addr=200031A9 bit=00000005
[ERR] seq=579243741 err=9200
[ERR] seq=579243742 err=9000
[ERR] seq=579243743 err=8800
[ERR] seq=579243744 err=8576
[ERR] seq=579243745 err=8368
[ERR] seq=579243746 err=8144
[ERR] seq=579243747 err=7952
[SEU] addr=2000314C bit=00000006
[SAMPLE QUEUE backup CORRUPTED] backup repaired
[ERR] seq=579243748 err=7736
[ERR] seq=579243749 err=7520
[ERR] seq=579243750 err=7312
[ERR] seq=579243751 err=7072
[ERR] seq=579243752 err=6864
[ERR] seq=579243753 err=6632
[SEU] addr=20003149 bit=00000006
[ERR] seq=579243754 err=6432
[ERR] seq=579243755 err=6208
[ERR] seq=579243756 err=5976
[ERR] seq=579243757 err=5752
[ERR] seq=579243758 err=5512
[ERR] seq=579243759 err=5312
[SEU] addr=20003155 bit=00000003
[CMD QUEUE CORRUPTED] primary repaired
[ERR] seq=579243760 err=4704
[SEU] addr=20003169 bit=00000005
[ERR] seq=579243761 err=4504
[ERR] seq=579243762 err=4248
[ERR] seq=579243763 err=4032
[ERR] seq=579243764 err=3768
[ERR] seq=579243765 err=3568
[ERR] seq=579243766 err=3312
[SEU] addr=200031C8 bit=00000006
[ERR] seq=579243767 err=3096
[ERR] seq=579243768 err=2872
[ERR] seq=579243769 err=2624
[ERR] seq=579243770 err=2424
[SEU] addr=20003179 bit=00000003
[ERR] seq=579243771 err=2168
[ERR] seq=579243772 err=1936
[ERR] seq=579243773 err=1712
[ERR] seq=579243774 err=1496
[ERR] seq=579243775 err=1240
[ERR] seq=579243776 err=1840
[SEU] addr=200031C0 bit=00000005
[ERR] seq=579243777 err=1696
[ERR] seq=579243778 err=1888
[ERR] seq=579243779 err=1968
[ERR] seq=579243780 err=2064
[ERR] seq=579243781 err=2200
[SEU] addr=200031D1 bit=00000001
[ERR] seq=579243782 err=2416
[ERR] seq=579243783 err=2640
[ERR] seq=579243784 err=2848
[ERR] seq=579243785 err=3096
[ERR] seq=579243786 err=3328
[ERR] seq=579243787 err=3528
[SEU] addr=200031A3 bit=00000001
[ERR] seq=579243788 err=3768
[ERR] seq=579243789 err=3976
[ERR] seq=579243790 err=4216
[SEU] addr=20003169 bit=00000000
[ERR] seq=579243791 err=4416
[ERR] seq=579243792 err=4624
[ERR] seq=579243793 err=4832
[ERR] seq=579243794 err=5040
[ERR] seq=579243795 err=5272
[ERR] seq=579243796 err=5464
[ERR] seq=579243797 err=5664
[ERR] seq=579243798 err=5856
[ERR] seq=579243799 err=6072
[SEU] addr=2000318C bit=00000000
[ERR] seq=579243800 err=6248
[ERR] seq=579243801 err=6456
[ERR] seq=579243802 err=6648
[ERR] seq=579243803 err=6824
[ERR] seq=579243804 err=7024
[ERR] seq=579243805 err=7216
[ERR] seq=579243806 err=7376
[ERR] seq=579243807 err=7560
[ERR] seq=579243808 err=7744
[SEU] addr=20003198 bit=00000000
[ERR] seq=579243809 err=7912
[ERR] seq=579243810 err=8072
[ERR] seq=579243811 err=8256
[ERR] seq=579243812 err=8416
[ERR] seq=579243813 err=8576
[ERR] seq=579243814 err=8744
[ERR] seq=579243815 err=8880
[ERR] seq=579243816 err=9040
[SEU] addr=2000317E bit=00000005
[ERR] seq=579243817 err=9200
[ERR] seq=579243818 err=9344
[SEU] addr=2000319C bit=00000000
[ERR] seq=579243819 err=9480
[ERR] seq=579243820 err=9616
[SEU] addr=200031C4 bit=00000003
[ERR] seq=579243821 err=9776
[ERR] seq=579243822 err=9904
[ERR] seq=579243823 err=10016
[SEU] addr=20003177 bit=00000001
[ERR] seq=579243824 err=10152
[ERR] seq=579243825 err=10288
[ERR] seq=579243826 err=10400
[ERR] seq=579243827 err=10504
[ERR] seq=579243828 err=10632
[SEU] addr=20003165 bit=00000006
[ERR] seq=579243829 err=10752
[ERR] seq=579243830 err=10864
[ERR] seq=579243831 err=10960
[ERR] seq=579243832 err=11048
[ERR] seq=579243833 err=11168
[SEU] addr=200031AB bit=00000001
[ERR] seq=579243834 err=11256
[ERR] seq=579243835 err=11352
[ERR] seq=579243836 err=11448
[ERR] seq=579243837 err=11512
[ERR] seq=579243838 err=11616
[ERR] seq=579243839 err=11688
[ERR] seq=579243840 err=11752
[ERR] seq=579243841 err=11840
[ERR] seq=579243842 err=11896
[SEU] addr=200031C6 bit=00000000
[ERR] seq=579243843 err=11960
[ERR] seq=579243844 err=12008
[ERR] seq=579243845 err=12080
[SEU] addr=2000317D bit=00000003
[ERR] seq=579243846 err=12120
[ERR] seq=579243847 err=12192
[ERR] seq=579243848 err=12232
[ERR] seq=579243849 err=12288
[ERR] seq=579243850 err=12336
[ERR] seq=579243851 err=12368
[ERR] seq=579243852 err=12400
[ERR] seq=579243853 err=12448
[ERR] seq=579243854 err=12464
[ERR] seq=579243855 err=12504
[SEU] addr=2000317B bit=00000005
[ERR] seq=579243856 err=12520
[ERR] seq=579243857 err=12536
[ERR] seq=579243858 err=12552
[ERR] seq=579243859 err=12568
[ERR] seq=579243860 err=12592
[SEU] addr=20003176 bit=00000002
[ERR] seq=579243861 err=12592
[ERR] seq=579243862 err=12592
[ERR] seq=579243863 err=12600
[ERR] seq=579243864 err=12584
[SEU] addr=200031C4 bit=00000007
[ERR] seq=579243865 err=12576
[ERR] seq=579243866 err=12552
[ERR] seq=579243867 err=12544
[ERR] seq=579243868 err=12528
[SEU] addr=200031BC bit=00000005
[ERR] seq=579243869 err=12496
[ERR] seq=579243870 err=12488
[ERR] seq=579243871 err=12448
[ERR] seq=579243872 err=12400
[ERR] seq=579243873 err=12384
[ERR] seq=579243874 err=12336
[ERR] seq=579243875 err=12288
[ERR] seq=579243876 err=12248
[ERR] seq=579243877 err=12192
[ERR] seq=579243878 err=12136
[SEU] addr=20003187 bit=00000005
[ERR] seq=579243879 err=11104
[ERR] seq=579243880 err=12096
[ERR] seq=579243881 err=11880
[SEU] addr=20003160 bit=00000000
[CMD QUEUE backup CORRUPTED] backup repaired
[ERR] seq=579243882 err=11928
[ERR] seq=579243883 err=11824
[SEU] addr=200031C4 bit=00000004
[ERR] seq=579243884 err=11760
[ERR] seq=579243885 err=11696
[ERR] seq=579243886 err=11592
[ERR] seq=579243887 err=11528
[ERR] seq=579243888 err=11448
[SEU] addr=20003147 bit=00000004
[SAMPLE QUEUE CORRUPTED] primary repaired
[ERR] seq=579243889 err=11328
[ERR] seq=579243890 err=11272
[ERR] seq=579243891 err=11144
[ERR] seq=579243892 err=11048
[ERR] seq=579243893 err=10936
[ERR] seq=579243894 err=10856
[ERR] seq=579243895 err=10744
[ERR] seq=579243896 err=10592
[SEU] addr=20003161 bit=00000000
[ERR] seq=579243897 err=10512
[ERR] seq=579243898 err=10368
[ERR] seq=579243899 err=10256
[ERR] seq=579243900 err=10136
[ERR] seq=579243901 err=9992
[ERR] seq=579243902 err=9880
[ERR] seq=579243903 err=9728
[SEU] addr=2000317C bit=00000000
[ERR] seq=579243904 err=9608
[ERR] seq=579243905 err=9440
[ERR] seq=579243906 err=9312
[ERR] seq=579243907 err=9152
[ERR] seq=579243908 err=9016
[ERR] seq=579243909 err=8856
[ERR] seq=579243910 err=8680
[ERR] seq=579243911 err=8560
[SEU] addr=200031A2 bit=00000006
[ERR] seq=579243912 err=8360
[ERR] seq=579243913 err=8208
[ERR] seq=579243914 err=8024
[ERR] seq=579243915 err=7880
[SEU] addr=200031C6 bit=00000005
[ERR] seq=579243916 err=7688
[ERR] seq=579243917 err=7488
[ERR] seq=579243918 err=7352
[SEU] addr=200031B0 bit=00000003
[ERR] seq=579243919 err=7152
[ERR] seq=579243920 err=6968
[ERR] seq=579243921 err=6776
[ERR] seq=579243922 err=6584
[ERR] seq=579243923 err=6392
[ERR] seq=579243924 err=6208
[ERR] seq=579243925 err=5984
[ERR] seq=579243926 err=5800
[ERR] seq=579243927 err=5608
[SEU] addr=200031D3 bit=00000001
[ERR] seq=579243928 err=5384
[ERR] seq=579243929 err=5200
[ERR] seq=579243930 err=4968
[ERR] seq=579243931 err=4776
[ERR] seq=579243932 err=4552
[ERR] seq=579243933 err=4336
[ERR] seq=579243934 err=4136
[ERR] seq=579243935 err=3904
[ERR] seq=579243936 err=3688
[SEU] addr=20003168 bit=00000001
[ERR] seq=579243937 err=3464
[ERR] seq=579243938 err=3240
[ERR] seq=579243939 err=3000
[ERR] seq=579243940 err=2784
[ERR] seq=579243941 err=2552
[SEU] addr=2000318E bit=00000004
[ERR] seq=579243942 err=8390856
[ERR] seq=579243943 err=673200
[ERR] seq=579243944 err=725056
[ERR] seq=579243945 err=111664
[ERR] seq=579243946 err=67576
[SEU] addr=200031D3 bit=00000002
[ERR] seq=579243947 err=14608
[ERR] seq=579243948 err=7600
[ERR] seq=579243949 err=2200
[SEU] addr=200031CA bit=00000002
[ERR] seq=579243950 err=2224
[ERR] seq=579243951 err=1616
[ERR] seq=579243952 err=2104
[ERR] seq=579243953 err=2248
[ERR] seq=579243954 err=2488
[ERR] seq=579243955 err=2728
[ERR] seq=579243956 err=2952
[SEU] addr=200031AE bit=00000002
[ERR] seq=579243957 err=3184
[SEU] addr=20003167 bit=00000007
[ERR] seq=579243958 err=3424
[ERR] seq=579243959 err=3640
[SEU] addr=200031BC bit=00000006
[ERR] seq=579243960 err=4248
[ERR] seq=579243961 err=4448
[ERR] seq=579243962 err=4688
[ERR] seq=579243963 err=4928
[ERR] seq=579243964 err=5168
[SEU] addr=2000317B bit=00000006
[ERR] seq=579243965 err=5392
[ERR] seq=579243966 err=5624
[ERR] seq=579243967 err=5832
[SEU] addr=20003164 bit=00000002
[ERR] seq=579243968 err=6072
[ERR] seq=579243969 err=6304
[SEU] addr=2000315E bit=00000003
[CMD QUEUE backup CORRUPTED] backup repaired
[ERR] seq=579243970 err=6496
[SEU] addr=20003153 bit=00000000
[ERR] seq=579243971 err=6736
[ERR] seq=579243972 err=6944
[SEU] addr=200031B3 bit=00000006
[ERR] seq=579243973 err=7184
[ERR] seq=579243974 err=7392
[ERR] seq=579243975 err=7608
[ERR] seq=579243976 err=7824
[ERR] seq=579243977 err=8024
[ERR] seq=579243978 err=8240
[ERR] seq=579243979 err=8464
[ERR] seq=579243980 err=8680
[SEU] addr=2000315D bit=00000004
[CMD QUEUE backup CORRUPTED] backup repaired
[ERR] seq=579243981 err=8880
[ERR] seq=579243982 err=9080
[SEU] addr=2000315A bit=00000002
[ERR] seq=579243983 err=9280
[ERR] seq=579243984 err=9480
[ERR] seq=579243985 err=9688
[ERR] seq=579243986 err=9888
[ERR] seq=579243987 err=10072
[ERR] seq=579243988 err=10272
[ERR] seq=579243989 err=10464
[ERR] seq=579243990 err=10648
[ERR] seq=579243991 err=10824
[SEU] addr=20003199 bit=00000004
[ERR] seq=579243992 err=11024
[ERR] seq=579243993 err=11176
[ERR] seq=579243994 err=11368
[ERR] seq=579243995 err=11536
[ERR] seq=579243996 err=11720
[SEU] addr=20003181 bit=00000001
[ERR] seq=579243997 err=11880
[ERR] seq=579243998 err=12040
[ERR] seq=579243999 err=12216
[ERR] seq=579244000 err=12368
[ERR] seq=579244001 err=12520
[ERR] seq=579244002 err=12688
[ERR] seq=579244003 err=12816
[ERR] seq=579244004 err=12960
[SEU] addr=20003190 bit=00000001
[ERR] seq=579244005 err=13104
[ERR] seq=579244006 err=13232
[ERR] seq=579244007 err=13384
[ERR] seq=579244008 err=13528
[ERR] seq=579244009 err=13640
[ERR] seq=579244010 err=13776
[SEU] addr=20003144 bit=00000007
[SAMPLE QUEUE CORRUPTED] primary repaired
[ERR] seq=579244011 err=13888
[ERR] seq=579244012 err=14008
[SEU] addr=20003167 bit=00000002
[ERR] seq=579244013 err=14128
[ERR] seq=579244014 err=14248
[ERR] seq=579244015 err=14336
[ERR] seq=579244016 err=14440
[ERR] seq=579244017 err=14552
[ERR] seq=579244018 err=14632
[ERR] seq=579244019 err=14744
[ERR] seq=579244020 err=14816
[ERR] seq=579244021 err=14928
[SEU] addr=200031CB bit=00000000
[ERR] seq=579244022 err=14984
[ERR] seq=579244023 err=15080
[ERR] seq=579244024 err=15152
[ERR] seq=579244025 err=15216
[SEU] addr=200031D4 bit=00000007
[ERR] seq=579243898 err=776
[ERR] seq=579243899 err=1992
[ERR] seq=579243900 err=816
[SEU] addr=20003175 bit=00000005
[ERR] seq=579243901 err=1080
[ERR] seq=579243902 err=1016
[ERR] seq=579243903 err=1136
[SEU] addr=20003184 bit=00000004
[ERR] seq=579243904 err=376
[ERR] seq=579243905 err=1312
[ERR] seq=579243906 err=1240
[ERR] seq=579243907 err=1392
[ERR] seq=579243908 err=1432
[SEU] addr=200031C9 bit=00000004
[ERR] seq=579243909 err=1504
[ERR] seq=579243910 err=1576
[ERR] seq=579243911 err=1640
[ERR] seq=579243912 err=1712
[ERR] seq=579243913 err=1792
[ERR] seq=579243914 err=1856
[ERR] seq=579243915 err=1904
[ERR] seq=579243916 err=2000
[SEU] addr=20003157 bit=00000000
[CMD QUEUE CORRUPTED] primary repaired
[ERR] seq=579243917 err=2072
[ERR] seq=579243918 err=2120
[SEU] addr=20003198 bit=00000006
[ERR] seq=579243919 err=2200
[ERR] seq=579243920 err=2256
[ERR] seq=579243921 err=2328
[SEU] addr=200031BC bit=00000004
[ERR] seq=579243922 err=2400
[ERR] seq=579243923 err=2456
[SEU] addr=200031CA bit=00000002
[ERR] seq=579243924 err=2520
[ERR] seq=579243925 err=2608
[ERR] seq=579243926 err=2648
[ERR] seq=579243927 err=2728
[ERR] seq=579243928 err=2776
[ERR] seq=579243929 err=2864
[ERR] seq=579243930 err=2920
[ERR] seq=579243931 err=2960
[ERR] seq=579243932 err=3048
[SEU] addr=2000318F bit=00000004
[ERR] seq=579243933 err=2147485048
[ERR] seq=579243934 err=171801848
[ERR] seq=579243935 err=185544024
[ERR] seq=579243936 err=28590576
[ERR] seq=579243937 err=17131872
[ERR] seq=579243938 err=3660808
[ERR] seq=579243939 err=1664568
[ERR] seq=579243940 err=429136
[SEU] addr=200031CB bit=00000003
[ERR] seq=579243941 err=168696
[ERR] seq=579243942 err=51032
[ERR] seq=579243943 err=18808
[ERR] seq=579243944 err=8888
[ERR] seq=579243945 err=3480
[ERR] seq=579243946 err=4392
[SEU] addr=20003163 bit=00000004
[ERR] seq=579243947 err=3704
[ERR] seq=579243948 err=3992
[ERR] seq=579243949 err=3944
[ERR] seq=579243950 err=4032
[ERR] seq=579243951 err=4048
[ERR] seq=579243952 err=4104
[ERR] seq=579243953 err=4144
[SEU] addr=200031A0 bit=00000000
[ERR] seq=579243954 err=4168
[ERR] seq=579243955 err=4216
[ERR] seq=579243956 err=4240
[ERR] seq=579243957 err=4264
[ERR] seq=579243958 err=4312
[ERR] seq=579243959 err=4336
[ERR] seq=579243960 err=4736
[ERR] seq=579243961 err=4704
[SEU] addr=2000315D bit=00000000
[CMD QUEUE backup CORRUPTED] backup repaired
[ERR] seq=579243962 err=4776
[ERR] seq=579243963 err=4792
[ERR] seq=579243964 err=4824
[ERR] seq=579243965 err=4832
[ERR] seq=579243966 err=4864
[ERR] seq=579243967 err=4880
[SEU] addr=2000318F bit=00000005
[ERR] seq=579243968 err=4888
[ERR] seq=579243969 err=4912
[ERR] seq=579243970 err=4904
[ERR] seq=579243971 err=4912
[ERR] seq=579243972 err=4912
[ERR] seq=579243973 err=4944
[ERR] seq=579243974 err=4928
[ERR] seq=579243975 err=4952
[ERR] seq=579243976 err=4936
[SEU] addr=20003184 bit=00000001
[ERR] seq=579243977 err=5184
[ERR] seq=579243978 err=4896
[SEU] addr=2000315F bit=00000007
[CMD QUEUE backup CORRUPTED] backup repaired
[ERR] seq=579243979 err=4968
[ERR] seq=579243980 err=4944
[ERR] seq=579243981 err=4936
[ERR] seq=579243982 err=4936
[ERR] seq=579243983 err=4920
[SEU] addr=200031B7 bit=00000005
[ERR] seq=579243984 err=4912
[ERR] seq=579243985 err=4904
[SEU] addr=200031C9 bit=00000005
[ERR] seq=579243986 err=4920
[ERR] seq=579243987 err=4880
[ERR] seq=579243988 err=4888
[ERR] seq=579243989 err=4864
[ERR] seq=579243990 err=4832
[SEU] addr=200031A1 bit=00000007
[ERR] seq=579243991 err=4824
[ERR] seq=579243992 err=4432
[ERR] seq=579243993 err=4448
[ERR] seq=579243994 err=4392
[ERR] seq=579243995 err=4360
[SEU] addr=20003188 bit=00000002
[ERR] seq=579243996 err=4320
[ERR] seq=579243997 err=4304
[ERR] seq=579243998 err=4272
[ERR] seq=579243999 err=4248
[ERR] seq=579244000 err=4216
[ERR] seq=579244001 err=4168
[SEU] addr=2000315A bit=00000007
[ERR] seq=579244002 err=4152
[ERR] seq=579244003 err=4104
[SEU] addr=200031B3 bit=00000002
[ERR] seq=579244004 err=4072
[ERR] seq=579244005 err=4024
[ERR] seq=579244006 err=3968
[SEU] addr=200031D7 bit=00000004
[ERR] seq=847679463 err=4944
[ERR] seq=847679464 err=4760
[ERR] seq=847679465 err=4784
[ERR] seq=847679466 err=4696
[ERR] seq=847679467 err=4600
[ERR] seq=847679468 err=4504
[ERR] seq=847679469 err=4440
[ERR] seq=847679470 err=4336
[SEU] addr=2000316F bit=00000000
[ERR] seq=847679471 err=4256
[ERR] seq=847679472 err=4160
[ERR] seq=847679473 err=4080
[ERR] seq=847679474 err=3960
[ERR] seq=847679475 err=3904
[ERR] seq=847679476 err=3784
[SEU] addr=200031D0 bit=00000003
[ERR] seq=847679477 err=3688
[ERR] seq=847679478 err=3600
[ERR] seq=847679479 err=3512
[ERR] seq=847679480 err=3384
[ERR] seq=847679481 err=3320
[ERR] seq=847679482 err=3200
[SEU] addr=200031A3 bit=00000006
[ERR] seq=847679483 err=3112
[SEU] addr=200031D2 bit=00000005
[ERR] seq=847679484 err=2992
[ERR] seq=847679485 err=2904
[ERR] seq=847679486 err=2808
[ERR] seq=847679487 err=2720
[SEU] addr=2000316A bit=00000003
[ERR] seq=847679488 err=3544
[ERR] seq=847679489 err=3160
[ERR] seq=847679490 err=3768
[ERR] seq=847679491 err=3784
[ERR] seq=847679492 err=3928
[SEU] addr=200031D5 bit=00000004
[ERR] seq=847675397 err=15848
[ERR] seq=847675398 err=14904
[ERR] seq=847675399 err=15928
[ERR] seq=847675400 err=15768
[ERR] seq=847675401 err=15848
[ERR] seq=847675402 err=15808
[ERR] seq=847675403 err=15800
[SEU] addr=2000319C bit=00000003
[ERR] seq=847675404 err=15792
[ERR] seq=847675405 err=15744
[ERR] seq=847675406 err=15720
[ERR] seq=847675407 err=15680
[ERR] seq=847675408 err=15632
[SEU] addr=2000314C bit=00000007
[SAMPLE QUEUE backup CORRUPTED] backup repaired
[ERR] seq=847675409 err=15600
[ERR] seq=847675410 err=15552
[ERR] seq=847675411 err=15504
[SEU] addr=200031BA bit=00000002
[ERR] seq=847675412 err=15448
[ERR] seq=847675413 err=15392
[ERR] seq=847675414 err=15336
[ERR] seq=847675415 err=15264
[ERR] seq=847675416 err=15192
[ERR] seq=847675417 err=15136
[SEU] addr=20003184 bit=00000007
[ERR] seq=847675418 err=3712
[ERR] seq=847675419 err=15872
[SEU] addr=200031D7 bit=00000001
[ERR] seq=814120988 err=4608
[SEU] addr=200031C1 bit=00000003
[ERR] seq=814120989 err=6488
[ERR] seq=814120990 err=5424
[ERR] seq=814120991 err=5672
[ERR] seq=814120992 err=5568
[SEU] addr=20003145 bit=00000003
[SAMPLE QUEUE CORRUPTED] primary repaired
[ERR] seq=814120993 err=5592
[ERR] seq=814120994 err=5584
[ERR] seq=814120995 err=5584
[ERR] seq=814120996 err=5584
[ERR] seq=814120997 err=5584
[ERR] seq=814120998 err=5584
[ERR] seq=814120999 err=5584
[SEU] addr=200031A6 bit=00000001
[ERR] seq=814121000 err=560
[ERR] seq=814121001 err=240
[ERR] seq=814121002 err=584
[ERR] seq=814121003 err=536
[ERR] seq=814121004 err=560
[ERR] seq=814121005 err=560
[ERR] seq=814121006 err=560
[ERR] seq=814121007 err=560
[ERR] seq=814121008 err=560
[SEU] addr=200031CD bit=00000006
[ERR] seq=814121009 err=560
[ERR] seq=814121010 err=560
[SEU] addr=200031BC bit=00000000
[ERR] seq=814121011 err=560
[ERR] seq=814121012 err=560
[ERR] seq=814121013 err=560
[ERR] seq=814121014 err=560
[ERR] seq=814121015 err=560
[ERR] seq=814121016 err=560
[ERR] seq=814121017 err=560
[ERR] seq=814121018 err=560
[ERR] seq=814121019 err=560
[SEU] addr=20003194 bit=00000001
[ERR] seq=814121020 err=560
[ERR] seq=814121021 err=560
[ERR] seq=814121022 err=560
[ERR] seq=814121023 err=560
[ERR] seq=814121024 err=560
[SEU] addr=20003165 bit=00000006
[ERR] seq=814121025 err=560
[ERR] seq=814121026 err=560
[ERR] seq=814121027 err=560
[ERR] seq=814121028 err=560
[ERR] seq=814121029 err=560
[ERR] seq=814121030 err=560
[ERR] seq=814121031 err=560
[ERR] seq=814121032 err=560
[SEU] addr=200031A7 bit=00000007
[ERR] seq=814121033 err=560
[ERR] seq=814121034 err=560
[ERR] seq=814121035 err=560
[ERR] seq=814121036 err=560
[ERR] seq=814121037 err=560
[ERR] seq=814121038 err=560
[ERR] seq=814121039 err=560
[ERR] seq=814121040 err=560
[ERR] seq=814121041 err=560
[ERR] seq=814121042 err=560
[SEU] addr=200031C8 bit=00000001
[ERR] seq=814121043 err=560
[ERR] seq=814121044 err=560
[ERR] seq=814121045 err=560
[ERR] seq=814121046 err=560
[ERR] seq=814121047 err=560
[SEU] addr=2000316B bit=00000004
[ERR] seq=814121048 err=560
[ERR] seq=814121049 err=560
[ERR] seq=814121050 err=560
[ERR] seq=814121051 err=560
[ERR] seq=814121052 err=560
[ERR] seq=814121053 err=560
[SEU] addr=2000315D bit=00000003
[CMD QUEUE backup CORRUPTED] backup repaired
[ERR] seq=814121054 err=560
[ERR] seq=814121055 err=560
[ERR] seq=814121056 err=560
[ERR] seq=814121057 err=560
[ERR] seq=814121058 err=560
[ERR] seq=814121059 err=560
[SEU] addr=2000317D bit=00000002
[ERR] seq=814121060 err=560
[SEU] addr=2000314A bit=00000003
[ERR] seq=814121061 err=560
[ERR] seq=814121062 err=560
[ERR] seq=814121063 err=560
[SEU] addr=200031C5 bit=00000007
[ERR] seq=814121064 err=560
[ERR] seq=814121065 err=560
[SEU] addr=200031B3 bit=00000006
[ERR] seq=814121066 err=560
[ERR] seq=814121067 err=560
[ERR] seq=814121068 err=560
[ERR] seq=814121069 err=560
[ERR] seq=814121070 err=560
[SEU] addr=20003174 bit=00000006
[ERR] seq=814121071 err=560
[ERR] seq=814121072 err=560
[ERR] seq=814121073 err=560
[SEU] addr=2000316C bit=00000004
[ERR] seq=814121074 err=560
[ERR] seq=814121075 err=560
[ERR] seq=814121076 err=560
[SEU] addr=20003169 bit=00000006
[ERR] seq=814121077 err=560
[ERR] seq=814121078 err=560
[ERR] seq=814121079 err=560
[ERR] seq=814121080 err=560
[ERR] seq=814121081 err=560
[ERR] seq=814121082 err=560
[ERR] seq=814121083 err=560
[ERR] seq=814121084 err=560
[ERR] seq=814121085 err=560
[ERR] seq=814121086 err=560
[SEU] addr=20003154 bit=00000005
[CMD QUEUE CORRUPTED] primary repaired
[ERR] seq=814121087 err=560
[ERR] seq=814121088 err=560
[ERR] seq=814121089 err=560
[ERR] seq=814121090 err=560
[ERR] seq=814121091 err=560
[SEU] addr=2000314D bit=00000003
[SAMPLE QUEUE backup CORRUPTED] backup repaired
[ERR] seq=814121092 err=560
[ERR] seq=814121093 err=560
[ERR] seq=814121094 err=560
[ERR] seq=814121095 err=560
[ERR] seq=814121096 err=560
[SEU] addr=20003193 bit=00000007
[ERR] seq=814121097 err=560
[ERR] seq=814121098 err=560
[ERR] seq=814121099 err=560
[ERR] seq=814121100 err=560
[ERR] seq=814121101 err=560
[ERR] seq=814121102 err=560
[ERR] seq=814121103 err=560
[ERR] seq=814121104 err=560
[SEU] addr=200031BB bit=00000007
[ERR] seq=814121105 err=560
[ERR] seq=814121106 err=560
[SEU] addr=200031D4 bit=00000002
[ERR] seq=814121111 err=176
[ERR] seq=814121112 err=216
[ERR] seq=814121113 err=192
[ERR] seq=814121114 err=200
[ERR] seq=814121115 err=184
[SEU] addr=200031BF bit=00000005
[ERR] seq=814121116 err=192
[ERR] seq=814121117 err=192
[ERR] seq=814121118 err=200
[ERR] seq=814121119 err=208
[ERR] seq=814121120 err=208
[SEU] addr=200031A0 bit=00000001
[ERR] seq=814121121 err=200
[SEU] addr=20003195 bit=00000000
[ERR] seq=814121122 err=208
[SEU] addr=2000316A bit=00000000
[ERR] seq=814121123 err=208
[ERR] seq=814121124 err=200
[ERR] seq=814121125 err=208
[SEU] addr=2000314E bit=00000002
[SAMPLE QUEUE backup CORRUPTED] backup repaired
[ERR] seq=814121126 err=208
[ERR] seq=814121127 err=224
[ERR] seq=814121128 err=216
[ERR] seq=814121129 err=224
[SEU] addr=20003188 bit=00000000
[ERR] seq=814121130 err=240
[ERR] seq=814121131 err=216
[ERR] seq=814121132 err=240
[ERR] seq=814121133 err=232
[ERR] seq=814121134 err=232
[ERR] seq=814121135 err=248
[ERR] seq=814121136 err=232
[ERR] seq=814121137 err=248
[ERR] seq=814121138 err=248
[ERR] seq=814121139 err=248
[SEU] addr=200031BA bit=00000007
[ERR] seq=814121140 err=264
[ERR] seq=814121141 err=264
[ERR] seq=814121142 err=264
[ERR] seq=814121143 err=280
[ERR] seq=814121144 err=280
[ERR] seq=814121145 err=280
[ERR] seq=814121146 err=296
[ERR] seq=814121147 err=280
[SEU] addr=20003152 bit=00000006
[ERR] seq=814121148 err=296
[ERR] seq=814121149 err=296
[ERR] seq=814121150 err=288
[ERR] seq=814121151 err=312
[ERR] seq=814121152 err=304
[ERR] seq=814121153 err=320
[ERR] seq=814121154 err=328
[ERR] seq=814121155 err=320
[SEU] addr=20003146 bit=00000004
[SAMPLE QUEUE CORRUPTED] primary repaired
[ERR] seq=814121156 err=320
[ERR] seq=814121157 err=328
[ERR] seq=814121158 err=336
[ERR] seq=814121159 err=320
[ERR] seq=814121160 err=368
[ERR] seq=814121161 err=336
[ERR] seq=814121162 err=360
[ERR] seq=814121163 err=360
[ERR] seq=814121164 err=376
[SEU] addr=20003196 bit=00000002
[ERR] seq=814121165 err=376
[ERR] seq=814121166 err=384
[ERR] seq=814121167 err=384
[ERR] seq=814121168 err=376
[ERR] seq=814121169 err=392
[ERR] seq=814121170 err=392
[ERR] seq=814121171 err=408
[ERR] seq=814121172 err=424
[ERR] seq=814121173 err=416
[SEU] addr=200031B7 bit=00000003
[ERR] seq=814121174 err=432
[ERR] seq=814121175 err=424
[ERR] seq=814121176 err=432
[ERR] seq=814121177 err=440
[ERR] seq=814121178 err=448
[ERR] seq=814121179 err=456
[SEU] addr=20003179 bit=00000004
[ERR] seq=814121180 err=464
[ERR] seq=814121181 err=464
[ERR] seq=814121182 err=472
[ERR] seq=814121183 err=480
[ERR] seq=814121184 err=480
[ERR] seq=814121185 err=504
[SEU] addr=200031D3 bit=00000000
[ERR] seq=814121186 err=512
[ERR] seq=814121187 err=520
[ERR] seq=814121188 err=528
[SEU] addr=200031A6 bit=00000005
[ERR] seq=814121189 err=520
[ERR] seq=814121190 err=536
[ERR] seq=814121191 err=528
[ERR] seq=814121192 err=552
[ERR] seq=814121193 err=552
[SEU] addr=20003183 bit=00000003
[ERR] seq=814121194 err=568
[ERR] seq=814121195 err=576
[ERR] seq=814121196 err=584
[ERR] seq=814121197 err=592
[ERR] seq=814121198 err=592
[ERR] seq=814121199 err=600
[ERR] seq=814121200 err=600
[ERR] seq=814121201 err=616
[SEU] addr=20003156 bit=00000004
[CMD QUEUE CORRUPTED] primary repaired
[ERR] seq=814121202 err=616
[ERR] seq=814121203 err=632
[ERR] seq=814121204 err=632
[ERR] seq=814121205 err=640
[ERR] seq=814121206 err=664
[SEU] addr=20003173 bit=00000002
[ERR] seq=814121207 err=656
[ERR] seq=814121208 err=672
[ERR] seq=814121209 err=696
[ERR] seq=814121210 err=664
[ERR] seq=814121211 err=720
[ERR] seq=814121212 err=696
[ERR] seq=814121213 err=720
[SEU] addr=20003145 bit=00000002
[SAMPLE QUEUE CORRUPTED] primary repaired
[ERR] seq=814121214 err=728
[ERR] seq=814121215 err=736
[SEU] addr=20003151 bit=00000002
[ERR] seq=814121216 err=1952
[ERR] seq=814121217 err=1792
[ERR] seq=814121218 err=1960
[ERR] seq=814121219 err=1928
[SEU] addr=2000316F bit=00000006
[ERR] seq=814121220 err=1944
[ERR] seq=814121221 err=1936
[ERR] seq=814121222 err=1952
[ERR] seq=814121223 err=1936
[ERR] seq=814121224 err=1960
[ERR] seq=814121225 err=1936
[ERR] seq=814121226 err=1952
[ERR] seq=814121227 err=1944
[SEU] addr=200031C9 bit=00000007
[ERR] seq=814121228 err=1936
[ERR] seq=814121229 err=1936
[SEU] addr=20003176 bit=00000002
[ERR] seq=814121230 err=1936
[ERR] seq=814121231 err=1928
[SEU] addr=200031CF bit=00000005
[ERR] seq=814121232 err=1936
[ERR] seq=814121233 err=1936
[ERR] seq=814121234 err=1936
[ERR] seq=814121235 err=1936
[ERR] seq=814121236 err=1936
[SEU] addr=200031B0 bit=00000006
[ERR] seq=814121237 err=1936
[ERR] seq=814121238 err=1928
[ERR] seq=814121239 err=1928
[ERR] seq=814121240 err=1920
[ERR] seq=814121241 err=1920
[ERR] seq=814121242 err=1928
[ERR] seq=814121243 err=1928
[ERR] seq=814121244 err=1928
[ERR] seq=814121245 err=1936
[SEU] addr=200031AE bit=00000006
[ERR] seq=814121246 err=1944
[ERR] seq=814121247 err=1920
[ERR] seq=814121248 err=1936
[SEU] addr=20003169 bit=00000005
[ERR] seq=814121249 err=1920
[ERR] seq=814121250 err=1920
[ERR] seq=814121251 err=1920
[ERR] seq=814121252 err=1928
[SEU] addr=200031A5 bit=00000000
[ERR] seq=814121253 err=1920
[ERR] seq=814121254 err=1920
[ERR] seq=814121255 err=1920
[ERR] seq=814121256 err=1920
[ERR] seq=814121257 err=1920
[ERR] seq=814121258 err=1920
[SEU] addr=200031B3 bit=00000003
[ERR] seq=814121259 err=1920
[ERR] seq=814121260 err=1088
[ERR] seq=814121261 err=920
[ERR] seq=814121262 err=1112
[ERR] seq=814121263 err=1056
[ERR] seq=814121264 err=1112
[ERR] seq=814121265 err=1096
[ERR] seq=814121266 err=1112
[ERR] seq=814121267 err=1120
[SEU] addr=200031C6 bit=00000003
[ERR] seq=814121268 err=1104
[ERR] seq=814121269 err=1096
[ERR] seq=814121270 err=1096
[ERR] seq=814121271 err=1112
[ERR] seq=814121272 err=1120
[ERR] seq=814121273 err=1120
[ERR] seq=814121274 err=1112
[SEU] addr=200031C9 bit=00000002
[ERR] seq=814121275 err=1112
[ERR] seq=814121276 err=1112
[ERR] seq=814121277 err=1112
[ERR] seq=814121278 err=1136
[ERR] seq=814121279 err=1120
[ERR] seq=814121280 err=1504
[ERR] seq=814121281 err=1456
[ERR] seq=814121282 err=1480
[SEU] addr=200031D5 bit=00000002
[ERR] seq=814122307 err=4752
[ERR] seq=814122308 err=4728
[SEU] addr=200031AD bit=00000000
[ERR] seq=814122309 err=5256
[ERR] seq=814122310 err=5264
[ERR] seq=814122311 err=5392
[ERR] seq=814122312 err=5424
[ERR] seq=814122313 err=5488
[ERR] seq=814122314 err=5552
[ERR] seq=814122315 err=5592
[ERR] seq=814122316 err=5648
[ERR] seq=814122317 err=5696
[ERR] seq=814122318 err=5744
[SEU] addr=20003147 bit=00000000
[SAMPLE QUEUE CORRUPTED] primary repaired
[ERR] seq=814122319 err=5776
[ERR] seq=814122320 err=5816
[ERR] seq=814122321 err=5864
[ERR] seq=814122322 err=5896
[ERR] seq=814122323 err=5920
[ERR] seq=814122324 err=5952
[ERR] seq=814122325 err=5976
[ERR] seq=814122326 err=5992
[SEU] addr=20003177 bit=00000000
[ERR] seq=814122327 err=6040
[ERR] seq=814122328 err=6064
[ERR] seq=814122329 err=6072
[ERR] seq=814122330 err=6080
[ERR] seq=814122331 err=6112
[SEU] addr=200031A7 bit=00000000
[ERR] seq=814122332 err=6112
[ERR] seq=814122333 err=6120
[ERR] seq=814122334 err=6136
[ERR] seq=814122335 err=6136
[ERR] seq=814122336 err=6136
[ERR] seq=814122337 err=6136
[ERR] seq=814122338 err=6120
[ERR] seq=814122339 err=6112
[ERR] seq=814122340 err=6112
[SEU] addr=20003184 bit=00000002
[ERR] seq=814122341 err=6608
[ERR] seq=814122342 err=6032
[ERR] seq=814122343 err=6112
[ERR] seq=814122344 err=6032
[ERR] seq=814122345 err=6008
[ERR] seq=814122346 err=5968
[ERR] seq=814122347 err=5960
[ERR] seq=814122348 err=5936
[ERR] seq=814122349 err=5896
[SEU] addr=20003153 bit=00000000
[ERR] seq=814122350 err=5872
[ERR] seq=814122351 err=5832
[ERR] seq=814122352 err=5784
[ERR] seq=814122353 err=5744
[ERR] seq=814122354 err=5696
[ERR] seq=814122355 err=5656
[SEU] addr=20003181 bit=00000004
[ERR] seq=814122356 err=5608
[ERR] seq=814122357 err=5552
[ERR] seq=814122358 err=5488
[SEU] addr=200031BF bit=00000000
[ERR] seq=814122359 err=5456
[ERR] seq=814122360 err=5016
[ERR] seq=814122361 err=4992
[ERR] seq=814122362 err=4904
[ERR] seq=814122363 err=4832
[ERR] seq=814122364 err=4752
[ERR] seq=814122365 err=4720
[ERR] seq=814122366 err=4616
[SEU] addr=20003182 bit=00000001
[ERR] seq=814122367 err=4544
[ERR] seq=814122368 err=4480
[SEU] addr=2000314D bit=00000007
[SAMPLE QUEUE backup CORRUPTED] backup repaired
[ERR] seq=814122369 err=4400
[ERR] seq=814122370 err=4344
[ERR] seq=814122371 err=4248
[ERR] seq=814122372 err=4176
[ERR] seq=814122373 err=4088
[ERR] seq=814122374 err=4000
[ERR] seq=814122375 err=3912
[ERR] seq=814122376 err=3832
[ERR] seq=814122377 err=3752
[SEU] addr=2000315B bit=00000004
[ERR] seq=814122378 err=3656
[ERR] seq=814122379 err=3568
[ERR] seq=814122380 err=3448
[ERR] seq=814122381 err=3376
[SEU] addr=2000318C bit=00000007
[ERR] seq=814122382 err=4280
[ERR] seq=814122383 err=3096
[ERR] seq=814122384 err=3168
[ERR] seq=814122385 err=2960
[ERR] seq=814122386 err=2880
[ERR] seq=814122387 err=2768
[ERR] seq=814122388 err=2656
[ERR] seq=814122389 err=2552
[ERR] seq=814122390 err=2472
[SEU] addr=2000314E bit=00000004
[SAMPLE QUEUE backup CORRUPTED] backup repaired
[ERR] seq=814122391 err=2336
[ERR] seq=814122392 err=2232
[ERR] seq=814122393 err=2128
[ERR] seq=814122394 err=2040
[ERR] seq=814122395 err=1936
[ERR] seq=814122396 err=1800
[ERR] seq=814122397 err=1720
[ERR] seq=814122398 err=1608
[SEU] addr=200031C2 bit=00000001
[ERR] seq=814122399 err=1504
[ERR] seq=814122400 err=1392
[ERR] seq=814122401 err=1304
[ERR] seq=814122402 err=1192
[ERR] seq=814122403 err=1080
[SEU] addr=200031D0 bit=00000001
[ERR] seq=814122404 err=984
[ERR] seq=814122405 err=856
[ERR] seq=814122406 err=784
[SEU] addr=20003191 bit=00000003
[ERR] seq=814122407 err=16760
[SEU] addr=20003156 bit=00000004
[CMD QUEUE CORRUPTED] primary repaired
[ERR] seq=814122408 err=1880
[ERR] seq=814122409 err=1664
[ERR] seq=814122410 err=568
[ERR] seq=814122411 err=256
[ERR] seq=814122412 err=152
[ERR] seq=814122413 err=48
[ERR] seq=814122414 err=88
[ERR] seq=814122415 err=160
[SEU] addr=20003187 bit=00000004
[ERR] seq=814122416 err=984
[ERR] seq=814122417 err=448
[SEU] addr=200031B0 bit=00000003
[ERR] seq=814122418 err=376
[ERR] seq=814122419 err=568
[ERR] seq=814122420 err=664
[ERR] seq=814122421 err=784
[ERR] seq=814122422 err=840
[SEU] addr=200031CF bit=00000000
[ERR] seq=814122423 err=968
[ERR] seq=814122424 err=1048
[ERR] seq=814122425 err=1168
[ERR] seq=814122426 err=1248
[SEU] addr=2000315B bit=00000002
[ERR] seq=814122427 err=1336
[ERR] seq=814122428 err=1448
[ERR] seq=814122429 err=1528
[ERR] seq=814122430 err=1632
[ERR] seq=814122431 err=1712
[ERR] seq=814122432 err=1816
[SEU] addr=2000318F bit=00000007
[ERR] seq=814122433 err=1888
[SEU] addr=200031CC bit=00000002
[ERR] seq=814122434 err=1992
[ERR] seq=814122435 err=2080
[ERR] seq=814122436 err=2168
[ERR] seq=814122437 err=2240
[ERR] seq=814122438 err=2352
[ERR] seq=814122439 err=2424
[ERR] seq=814122440 err=2496
[SEU] addr=2000316B bit=00000000
[ERR] seq=814122441 err=2600
[ERR] seq=814122442 err=2648
[ERR] seq=814122443 err=2744
[ERR] seq=814122444 err=2824
[ERR] seq=814122445 err=2904
[ERR] seq=814122446 err=2968
[ERR] seq=814122447 err=3064
[SEU] addr=20003190 bit=00000002
[ERR] seq=814122448 err=3168
[ERR] seq=814122449 err=3216
[ERR] seq=814122450 err=3288
[ERR] seq=814122451 err=3360
[ERR] seq=814122452 err=3440
[SEU] addr=2000317A bit=00000004
[ERR] seq=814122453 err=3512
[ERR] seq=814122454 err=3584
[ERR] seq=814122455 err=3664
[SEU] addr=200031BE bit=00000004
[ERR] seq=814122456 err=3712
[ERR] seq=814122457 err=3808
[ERR] seq=814122458 err=3872
[ERR] seq=814122459 err=3936
[ERR] seq=814122460 err=4024
[ERR] seq=814122461 err=4056
[SEU] addr=200031A8 bit=00000000
[ERR] seq=814122462 err=4152
[ERR] seq=814122463 err=4216
[ERR] seq=814122464 err=4256
[ERR] seq=814122465 err=4344
[ERR] seq=814122466 err=4392
[ERR] seq=814122467 err=4440
[ERR] seq=814122468 err=4512
[ERR] seq=814122469 err=4576
[SEU] addr=200031C0 bit=00000000
[ERR] seq=814122470 err=4616
[SEU] addr=20003145 bit=00000005
[SAMPLE QUEUE CORRUPTED] primary repaired
[ERR] seq=814122471 err=4688
[ERR] seq=814122472 err=4744
[ERR] seq=814122473 err=4776
[SEU] addr=200031BD bit=00000007
[ERR] seq=814122474 err=4856
[ERR] seq=814122475 err=4904
[ERR] seq=814122476 err=4960
[ERR] seq=814122477 err=4984
[ERR] seq=814122478 err=5048
[ERR] seq=814122479 err=5104
[ERR] seq=814122480 err=5120
[SEU] addr=2000318D bit=00000003
[ERR] seq=814122481 err=21576
[ERR] seq=814122482 err=3920
[ERR] seq=814122483 err=6704
[ERR] seq=814122484 err=5104
[ERR] seq=814122485 err=5512
[ERR] seq=814122486 err=5376
[ERR] seq=814122487 err=5480
[SEU] addr=200031A5 bit=00000007
[ERR] seq=814122488 err=5488
[ERR] seq=814122489 err=5544
[ERR] seq=814122490 err=5568
[SEU] addr=200031C0 bit=00000001
[ERR] seq=814122491 err=5592
[ERR] seq=814122492 err=5640
[ERR] seq=814122493 err=5656
[ERR] seq=814122494 err=5720
[ERR] seq=814122495 err=5728
[ERR] seq=814122496 err=2616
[ERR] seq=814122497 err=2624
[SEU] addr=20003165 bit=00000001
[ERR] seq=814122498 err=2632
[SEU] addr=20003169 bit=00000004
[ERR] seq=814122499 err=2656
[ERR] seq=814122500 err=2656
[ERR] seq=814122501 err=2672
[ERR] seq=814122502 err=2680
[SEU] addr=2000318D bit=00000002
[ERR] seq=814122503 err=10040
[ERR] seq=814122504 err=3344
[ERR] seq=814122505 err=2576
[SEU] addr=200031A4 bit=00000007
[ERR] seq=814122506 err=2808
[ERR] seq=814122507 err=2656
[SEU] addr=20003146 bit=00000007
[SAMPLE QUEUE CORRUPTED] primary repaired
[ERR] seq=814122508 err=2736
[ERR] seq=814122509 err=2720
[SEU] addr=20003194 bit=00000001
[ERR] seq=814122510 err=2744
[ERR] seq=814122511 err=2728
[ERR] seq=814122512 err=2744
[ERR] seq=814122513 err=2728
[SEU] addr=20003150 bit=00000005
[SAMPLE QUEUE backup CORRUPTED] backup repaired
[ERR] seq=814122514 err=2752
[ERR] seq=814122515 err=2736
[ERR] seq=814122516 err=2752
[SEU] addr=20003144 bit=00000003
[SAMPLE QUEUE CORRUPTED] primary repaired
[ERR] seq=814122517 err=2744
[ERR] seq=814122518 err=2744
[ERR] seq=814122519 err=2736
[ERR] seq=814122520 err=2736
[ERR] seq=814122521 err=2736
[SEU] addr=20003163 bit=00000007
[ERR] seq=814122522 err=2736
[ERR] seq=814122523 err=2720
[SEU] addr=200031CB bit=00000005
[ERR] seq=814122524 err=2728
[ERR] seq=814122525 err=2704
[ERR] seq=814122526 err=2720
[SEU] addr=2000316A bit=00000004
[ERR] seq=814122527 err=2688
[ERR] seq=814122528 err=2696
[ERR] seq=814122529 err=2688
[ERR] seq=814122530 err=2680
[ERR] seq=814122531 err=2672
[ERR] seq=814122532 err=2664
[ERR] seq=814122533 err=2656
[ERR] seq=814122534 err=2632
[SEU] addr=200031BE bit=00000001
[ERR] seq=814122535 err=2616
[ERR] seq=814122536 err=2616
[SEU] addr=20003184 bit=00000002
[ERR] seq=814122537 err=2424
[ERR] seq=814122538 err=2608
[ERR] seq=814122539 err=2536
[SEU] addr=2000314E bit=00000001
[SAMPLE QUEUE backup CORRUPTED] backup repaired
[ERR] seq=814122540 err=5664
[ERR] seq=814122541 err=5256
[ERR] seq=814122542 err=5608
[ERR] seq=814122543 err=5520
[SEU] addr=200031B7 bit=00000001
[ERR] seq=814122544 err=5504
[ERR] seq=814122545 err=5464
[ERR] seq=814122546 err=5416
[ERR] seq=814122547 err=5392
[ERR] seq=814122548 err=5328
[ERR] seq=814122549 err=5288
[ERR] seq=814122550 err=5232
[ERR] seq=814122551 err=5200
[SEU] addr=20003184 bit=00000005
[ERR] seq=814122552 err=8104
[ERR] seq=814122553 err=4872
[ERR] seq=814122554 err=5312
[ERR] seq=814122555 err=4952
[ERR] seq=814122556 err=4992
[ERR] seq=814122557 err=4904
[SEU] addr=200031CA bit=00000000
[ERR] seq=814122558 err=4864
[ERR] seq=814122559 err=4792
[ERR] seq=814122560 err=4744
[SEU] addr=200031A5 bit=00000000
[ERR] seq=814122561 err=4688
[ERR] seq=814122562 err=4648
[ERR] seq=814122563 err=4576
[ERR] seq=814122564 err=4512
[ERR] seq=814122565 err=4472
[ERR] seq=814122566 err=4392
[ERR] seq=814122567 err=4344
[ERR] seq=814122568 err=4280
[ERR] seq=814122569 err=4216
[ERR] seq=814122570 err=4152
[SEU] addr=20003183 bit=00000003
[ERR] seq=814122571 err=4088
[ERR] seq=814122572 err=4024
[SEU] addr=2000317A bit=00000006
[ERR] seq=814122573 err=3944
[ERR] seq=814122574 err=3896
[ERR] seq=814122575 err=3808
[ERR] seq=814122576 err=3736
[ERR] seq=814122577 err=3664
[ERR] seq=814122578 err=3592
[ERR] seq=814122579 err=3536
[ERR] seq=814122580 err=3440
[SEU] addr=20003157 bit=00000006
[CMD QUEUE CORRUPTED] primary repaired
[ERR] seq=814122581 err=3384
[ERR] seq=814122582 err=3296
[SEU] addr=2000317D bit=00000003
[ERR] seq=814122583 err=3224
[ERR] seq=814122584 err=3152
[ERR] seq=814122585 err=3064
[ERR] seq=814122586 err=3000
[ERR] seq=814122587 err=2904
[ERR] seq=814122588 err=2832
[ERR] seq=814122589 err=2768
[ERR] seq=814122590 err=2664
[SEU] addr=20003181 bit=00000000
[ERR] seq=814122591 err=2592
[ERR] seq=814122592 err=2504
[ERR] seq=814122593 err=2440
[ERR] seq=814122594 err=2328
[ERR] seq=814122595 err=2256
[ERR] seq=814122596 err=2160
[ERR] seq=814122597 err=2072
[ERR] seq=814122598 err=1984
[ERR] seq=814122599 err=1888
[SEU] addr=200031AE bit=00000006
[ERR] seq=814122600 err=1784
[ERR] seq=814122601 err=1720
[ERR] seq=814122602 err=1600
[ERR] seq=814122603 err=1520
[ERR] seq=814122604 err=1408
[ERR] seq=814122605 err=1336
[SEU] addr=200031B2 bit=00000003
[ERR] seq=814122606 err=1224
[ERR] seq=814122607 err=1128
[ERR] seq=814122608 err=1024
[SEU] addr=20003195 bit=00000005
[ERR] seq=814122609 err=936
[ERR] seq=814122610 err=824
[ERR] seq=814122611 err=728
[ERR] seq=814122612 err=624
[ERR] seq=814122613 err=536
[SEU] addr=200031A8 bit=00000003
[ERR] seq=814122614 err=416
[ERR] seq=814122615 err=312
[ERR] seq=814122616 err=224
[ERR] seq=814122617 err=104
[ERR] seq=814122618 err=56
[SEU] addr=20003164 bit=00000006
[ERR] seq=814122619 err=96
[SEU] addr=2000319D bit=00000000
[ERR] seq=814122620 err=208
[ERR] seq=814122621 err=328
[ERR] seq=814122622 err=416
[ERR] seq=814122623 err=512
[ERR] seq=814122624 err=632
[ERR] seq=814122625 err=744
[ERR] seq=814122626 err=824
[ERR] seq=814122627 err=936
[ERR] seq=814122628 err=1056
[ERR] seq=814122629 err=1152
[SEU] addr=20003168 bit=00000003
[ERR] seq=814122630 err=1256
[ERR] seq=814122631 err=1376
[ERR] seq=814122632 err=1464
[ERR] seq=814122633 err=1608
[ERR] seq=814122634 err=1672
[ERR] seq=814122635 err=1800
[ERR] seq=814122636 err=1896
[ERR] seq=814122637 err=2008
[ERR] seq=814122638 err=2128
[SEU] addr=20003165 bit=00000005
[ERR] seq=814122639 err=2208
[ERR] seq=814122640 err=2328
[ERR] seq=814122641 err=2440
[ERR] seq=814122642 err=2544
[ERR] seq=814122643 err=2648
[ERR] seq=814122644 err=2736
[ERR] seq=814122645 err=2864
[ERR] seq=814122646 err=2952
[ERR] seq=814122647 err=3064
[SEU] addr=20003169 bit=00000002
[ERR] seq=814122648 err=3160
[ERR] seq=814122649 err=3240
[ERR] seq=814122650 err=3368
[SEU] addr=200031BE bit=00000005
[ERR] seq=814122651 err=3432
[ERR] seq=814122652 err=3544
[ERR] seq=814122653 err=3648
[ERR] seq=814122654 err=3744
[ERR] seq=814122655 err=3808
[ERR] seq=814122656 err=3896
[ERR] seq=814122657 err=3992
[SEU] addr=2000317D bit=00000001
[ERR] seq=814122658 err=4080
[ERR] seq=814122659 err=4152
[ERR] seq=814122660 err=4248
[ERR] seq=814122661 err=4320
[ERR] seq=814122662 err=4392
[SEU] addr=200031CA bit=00000000
[ERR] seq=814122663 err=4472
[ERR] seq=814122664 err=4528
[ERR] seq=814122665 err=4616
[ERR] seq=814122666 err=4688
[ERR] seq=814122667 err=4752
[SEU] addr=2000319D bit=00000005
[ERR] seq=814122668 err=5200
[ERR] seq=814122669 err=5208
[ERR] seq=814122670 err=5312
[ERR] seq=814122671 err=5392
[ERR] seq=814122672 err=5424
[ERR] seq=814122673 err=5488
[ERR] seq=814122674 err=5552
[SEU] addr=2000315F bit=00000002
[CMD QUEUE backup CORRUPTED] backup repaired
[ERR] seq=814122675 err=5592
[ERR] seq=814122676 err=5648
[ERR] seq=814122677 err=5696
[ERR] seq=814122678 err=5744
[ERR] seq=814122679 err=5776
[ERR] seq=814122680 err=5816
[ERR] seq=814122681 err=5864
[ERR] seq=814122682 err=5896
[ERR] seq=814122683 err=5920
[SEU] addr=20003178 bit=00000007
[ERR] seq=814122684 err=5952
[ERR] seq=814122685 err=5976
[ERR] seq=814122686 err=5992
[ERR] seq=814122687 err=6040
[SEU] addr=200031D6 bit=00000005
[ERR] seq=816219840 err=3720
[ERR] seq=816219841 err=2792
[ERR] seq=816219842 err=3456
[ERR] seq=816219843 err=3136
[ERR] seq=816219844 err=3040
[ERR] seq=816219845 err=2840
[ERR] seq=816219846 err=2664
[ERR] seq=816219847 err=2472
[SEU] addr=2000315E bit=00000002
[CMD QUEUE backup CORRUPTED] backup repaired
[ERR] seq=816219848 err=2304
[ERR] seq=816219849 err=2112
[ERR] seq=816219850 err=1936
[SEU] addr=200031BC bit=00000005
[ERR] seq=816219851 err=1744
[ERR] seq=816219852 err=1576
[ERR] seq=816219853 err=1384
[ERR] seq=816219854 err=1224
[ERR] seq=816219855 err=1032
[SEU] addr=200031D2 bit=00000000
[ERR] seq=816219856 err=856
[ERR] seq=816219857 err=672
[ERR] seq=816219858 err=512
[ERR] seq=816219859 err=312
[SEU] addr=2000314C bit=00000006
[SAMPLE QUEUE backup CORRUPTED] backup repaired
[ERR] seq=816219860 err=144
[ERR] seq=816219861 err=40
[ERR] seq=816219862 err=208
[ERR] seq=816219863 err=384
[ERR] seq=816219864 err=552
[ERR] seq=816219865 err=712
[ERR] seq=816219866 err=880
[ERR] seq=816219867 err=1048
[ERR] seq=816219868 err=1216
[ERR] seq=816219869 err=1392
[SEU] addr=2000315F bit=00000006
[CMD QUEUE backup CORRUPTED] backup repaired
[ERR] seq=816219870 err=1560
[ERR] seq=816219871 err=1704
[SEU] addr=200031AD bit=00000002
[ERR] seq=816219872 err=1904
[ERR] seq=816219873 err=2040
[ERR] seq=816219874 err=2224
[ERR] seq=816219875 err=2352
[SEU] addr=200031A9 bit=00000003
[ERR] seq=816219876 err=2528
[ERR] seq=816219877 err=2696
[ERR] seq=816219878 err=2824
[ERR] seq=816219879 err=2992
[ERR] seq=816219880 err=3136
[SEU] addr=200031AA bit=00000006
[ERR] seq=816219881 err=3320
[ERR] seq=816219882 err=3448
[ERR] seq=816219883 err=3592
[ERR] seq=816219884 err=3752
[ERR] seq=816219885 err=3880
[ERR] seq=816219886 err=4040
[ERR] seq=816219887 err=4176
[ERR] seq=816219888 err=4312
[ERR] seq=816219889 err=4440
[SEU] addr=2000317C bit=00000001
[ERR] seq=816219890 err=4584
[ERR] seq=816219891 err=4736
[ERR] seq=816219892 err=4864
[ERR] seq=816219893 err=4984
[ERR] seq=816219894 err=5104
[ERR] seq=816219895 err=5264
[ERR] seq=816219896 err=5368
[SEU] addr=20003185 bit=00000003
[ERR] seq=816219897 err=136
[ERR] seq=816219898 err=6056
[ERR] seq=816219899 err=5288
[ERR] seq=816219900 err=5928
[ERR] seq=816219901 err=5936
[ERR] seq=816219902 err=6104
[ERR] seq=816219903 err=6176
[ERR] seq=816219904 err=8360
[SEU] addr=20003165 bit=00000005
[ERR] seq=816219905 err=8288
[ERR] seq=816219906 err=8592
[ERR] seq=816219907 err=8648
[ERR] seq=816219908 err=8776
[ERR] seq=816219909 err=8880
[ERR] seq=816219910 err=9000
[ERR] seq=816219911 err=9088
[ERR] seq=816219912 err=9160
[SEU] addr=200031C2 bit=00000005
[ERR] seq=816219913 err=9264
[ERR] seq=816219914 err=9368
[ERR] seq=816219915 err=9456
[ERR] seq=816219916 err=9528
[ERR] seq=816219917 err=9608
[ERR] seq=816219918 err=9696
[SEU] addr=20003151 bit=00000005
[ERR] seq=816219919 err=9768
[ERR] seq=816219920 err=9848
[ERR] seq=816219921 err=9936
[SEU] addr=200031B8 bit=00000000
[ERR] seq=816219922 err=9992
[ERR] seq=816219923 err=10080
[SEU] addr=200031CD bit=00000004
[ERR] seq=816219924 err=10128
[ERR] seq=816219925 err=10208
[ERR] seq=816219926 err=10248
[SEU] addr=2000317C bit=00000000
[ERR] seq=816219927 err=10312
[SEU] addr=200031C5 bit=00000001
[ERR] seq=816219928 err=10384
[ERR] seq=816219929 err=10440
[ERR] seq=816219930 err=10472
[ERR] seq=816219931 err=10544
[ERR] seq=816219932 err=10568
[SEU] addr=2000319F bit=00000001
[ERR] seq=816219933 err=10632
[ERR] seq=816219934 err=10672
[ERR] seq=816219935 err=10712
[ERR] seq=816219936 err=10760
[ERR] seq=816219937 err=10792
[ERR] seq=816219938 err=10816
[ERR] seq=816219939 err=10856
[ERR] seq=816219940 err=10880
[SEU] addr=2000319B bit=00000000
[ERR] seq=816219941 err=10904
[ERR] seq=816219942 err=10944
[ERR] seq=816219943 err=10952
[ERR] seq=816219944 err=10976
[ERR] seq=816219945 err=10992
[SEU] addr=200031B3 bit=00000003
[ERR] seq=816219946 err=11000
[ERR] seq=816219947 err=11024
[ERR] seq=816219948 err=8984
[ERR] seq=816219949 err=9160
[SEU] addr=20003176 bit=00000006
[ERR] seq=816219950 err=8984
[ERR] seq=816219951 err=9008
[ERR] seq=816219952 err=8992
[SEU] addr=200031B0 bit=00000002
[ERR] seq=816219953 err=9000
[ERR] seq=816219954 err=8992
[ERR] seq=816219955 err=9000
[SEU] addr=20003186 bit=00000003
[ERR] seq=816219956 err=3576
[ERR] seq=816219957 err=9416
[ERR] seq=816219958 err=8480
[ERR] seq=816219959 err=9024
[SEU] addr=200031D2 bit=00000000
[ERR] seq=816219960 err=8888
[SEU] addr=200031BD bit=00000004
[ERR] seq=816219961 err=8912
[ERR] seq=816219962 err=8896
[ERR] seq=816219963 err=8864
[ERR] seq=816219964 err=8832
[ERR] seq=816219965 err=8808
[ERR] seq=816219966 err=8792
[ERR] seq=816219967 err=8744
[ERR] seq=816219968 err=8720
[ERR] seq=816219969 err=8664
[SEU] addr=20003170 bit=00000006
[ERR] seq=816219970 err=8632
[ERR] seq=816219971 err=8600
[ERR] seq=816219972 err=8528
[SEU] addr=20003199 bit=00000001
[ERR] seq=816219973 err=8496
[ERR] seq=816219974 err=8432
[ERR] seq=816219975 err=8408
[ERR] seq=816219976 err=8336
[ERR] seq=816219977 err=8272
[ERR] seq=816219978 err=8216
[ERR] seq=816219979 err=8168
[ERR] seq=816219980 err=8088
[ERR] seq=816219981 err=8048
[ERR] seq=816219982 err=7960
[SEU] addr=20003186 bit=00000005
[ERR] seq=816219983 err=4696
[ERR] seq=816219984 err=8792
[ERR] seq=816219985 err=6688
[ERR] seq=816219986 err=7808
[ERR] seq=816219987 err=7480
[ERR] seq=816219988 err=7520
[ERR] seq=816219989 err=7416
[ERR] seq=816219990 err=7320
[SEU] addr=200031C5 bit=00000004
[ERR] seq=816219991 err=7240
[ERR] seq=816219992 err=7128
[ERR] seq=816219993 err=7056
[ERR] seq=816219994 err=6952
[ERR] seq=816219995 err=6864
[ERR] seq=816219996 err=6736
[ERR] seq=816219997 err=6640
[ERR] seq=816219998 err=6536
[SEU] addr=200031D6 bit=00000005
[ERR] seq=814122847 err=5448
[ERR] seq=814122848 err=4576
[ERR] seq=814122849 err=5600
[ERR] seq=814122850 err=5496
[ERR] seq=814122851 err=5592
[ERR] seq=814122852 err=5640
[ERR] seq=814122853 err=5656
[ERR] seq=814122854 err=5720
[ERR] seq=814122855 err=5728
[ERR] seq=814122856 err=5768
[SEU] addr=200031D5 bit=00000006
[ERR] seq=814139241 err=3464
[ERR] seq=814139242 err=2544
[ERR] seq=814139243 err=3152
[ERR] seq=814139244 err=2824
[ERR] seq=814139245 err=2688
[SEU] addr=200031B2 bit=00000000
[ERR] seq=814139246 err=2472
[ERR] seq=814139247 err=2280
[ERR] seq=814139248 err=2064
[ERR] seq=814139249 err=1864
[SEU] addr=2000318A bit=00000005
[ERR] seq=814139250 err=16778872
[ERR] seq=814139251 err=1342080
[SEU] addr=20003183 bit=00000002
[ERR] seq=814139252 err=1450808
[ERR] seq=814139253 err=223264
[ERR] seq=814139254 err=134648
[ERR] seq=814139255 err=28544
[ERR] seq=814139256 err=13376
[ERR] seq=814139257 err=3328
[ERR] seq=814139258 err=1288
[ERR] seq=814139259 err=616
[SEU] addr=200031C9 bit=00000006
[ERR] seq=814139260 err=352
[ERR] seq=814139261 err=728
[ERR] seq=814139262 err=880
[ERR] seq=814139263 err=1120
[ERR] seq=814139264 err=1320
[ERR] seq=814139265 err=1568
[ERR] seq=814139266 err=1776
[ERR] seq=814139267 err=1984
[SEU] addr=20003193 bit=00000000
[ERR] seq=814139268 err=134219176
[ERR] seq=814139269 err=10739816
[ERR] seq=814139270 err=11598128
[ERR] seq=814139271 err=1789544
[ERR] seq=814139272 err=1072632
[ERR] seq=814139273 err=231848
[ERR] seq=814139274 err=106192
[ERR] seq=814139275 err=30272
[ERR] seq=814139276 err=12952
[SEU] addr=20003165 bit=00000004
[ERR] seq=814139277 err=7064
[ERR] seq=814139278 err=3856
[ERR] seq=814139279 err=4840
[ERR] seq=814139280 err=4984
[ERR] seq=814139281 err=5304
[ERR] seq=814139282 err=5496
[ERR] seq=814139283 err=5696
[ERR] seq=814139284 err=5912
[ERR] seq=814139285 err=6104
[SEU] addr=200031D5 bit=00000001
[ERR] seq=814138774 err=2520
[ERR] seq=814138775 err=2632
[ERR] seq=814138776 err=2472
[ERR] seq=814138777 err=2496
[SEU] addr=20003171 bit=00000003
[ERR] seq=814138778 err=2456
[ERR] seq=814138779 err=2456
[SEU] addr=2000314B bit=00000007
[ERR] seq=814138780 err=2432
[ERR] seq=814138781 err=2440
[ERR] seq=814138782 err=2400
[ERR] seq=814138783 err=2400
[SEU] addr=20003181 bit=00000001
[ERR] seq=814138784 err=2384
[ERR] seq=814138785 err=2360
[ERR] seq=814138786 err=2344
[ERR] seq=814138787 err=2328
[ERR] seq=814138788 err=2328
[ERR] seq=814138789 err=2296
[ERR] seq=814138790 err=2288
[ERR] seq=814138791 err=2256
[SEU] addr=20003173 bit=00000002
[ERR] seq=814138792 err=2256
[ERR] seq=814138793 err=2240
[ERR] seq=814138794 err=2216
[ERR] seq=814138795 err=2216
[ERR] seq=814138796 err=2184
[ERR] seq=814138797 err=2176
[ERR] seq=814138798 err=2152
[ERR] seq=814138799 err=2120
[SEU] addr=200031B7 bit=00000007
[ERR] seq=814138800 err=2104
[SEU] addr=2000318F bit=00000002
[ERR] seq=814138801 err=536873000
[ERR] seq=814138802 err=42950880
[ERR] seq=814138803 err=46387696
[ERR] seq=814138804 err=7148000
[ERR] seq=814138805 err=4284608
[ERR] seq=814138806 err=915528
[ERR] seq=814138807 err=417720
[ERR] seq=814138808 err=107584
[ERR] seq=814138809 err=43696
[ERR] seq=814138810 err=13024
[SEU] addr=200031D7 bit=00000004
[ERR] seq=545703355 err=6784
[ERR] seq=545703356 err=2544
[ERR] seq=545703357 err=2880
[ERR] seq=545703358 err=2256
[ERR] seq=545703359 err=2392
[SEU] addr=20003159 bit=00000003
[ERR] seq=545703360 err=2296
[ERR] seq=545703361 err=2296
[ERR] seq=545703362 err=2240
[ERR] seq=545703363 err=2208
[ERR] seq=545703364 err=2184
[ERR] seq=545703365 err=2136
[SEU] addr=20003187 bit=00000004
[ERR] seq=545703366 err=1616
[ERR] seq=545703367 err=2088
[ERR] seq=545703368 err=1968
[SEU] addr=200031B6 bit=00000007
[ERR] seq=545703369 err=1984
[ERR] seq=545703370 err=1912
[ERR] seq=545703371 err=1888
[ERR] seq=545703372 err=1840
[ERR] seq=545703373 err=1792
[ERR] seq=545703374 err=1752
[SEU] addr=2000318D bit=00000003
[ERR] seq=545703375 err=18088
[ERR] seq=545703376 err=2448
[ERR] seq=545703377 err=3016
[ERR] seq=545703378 err=1376
[ERR] seq=545703379 err=1656
[ERR] seq=545703380 err=1464
[SEU] addr=20003193 bit=00000006
[ERR] seq=545703381 err=1456
[ERR] seq=545703382 err=1384
[SEU] addr=200031AC bit=00000004
[ERR] seq=545703383 err=1344
[ERR] seq=545703384 err=1296
[ERR] seq=545703385 err=1240
[SEU] addr=200031BE bit=00000001
[ERR] seq=545703386 err=1232
[ERR] seq=545703387 err=1152
[ERR] seq=545703388 err=1128
[ERR] seq=545703389 err=1056
[ERR] seq=545703390 err=1112
[ERR] seq=545703391 err=1192
[ERR] seq=545703392 err=1256
[SEU] addr=20003160 bit=00000003
[CMD QUEUE backup CORRUPTED] backup repaired
[ERR] seq=545703393 err=1328
[ERR] seq=545703394 err=1400
[SEU] addr=200031D1 bit=00000001
[ERR] seq=545703395 err=1472
[ERR] seq=545703396 err=1536
[ERR] seq=545703397 err=1640
[ERR] seq=545703398 err=1704
[SEU] addr=20003148 bit=00000002
[SAMPLE QUEUE CORRUPTED] primary repaired
[ERR] seq=545703399 err=1784
[ERR] seq=545703400 err=1848
[ERR] seq=545703401 err=1944
[ERR] seq=545703402 err=2016
[ERR] seq=545703403 err=2080
[SEU] addr=200031CD bit=00000000
[ERR] seq=545703404 err=2176
[ERR] seq=545703405 err=2240
[ERR] seq=545703406 err=2320
[SEU] addr=20003185 bit=00000000
[ERR] seq=545703407 err=6376
[ERR] seq=545703408 err=3136
[ERR] seq=545703409 err=1808
[ERR] seq=545703410 err=2744
[ERR] seq=545703411 err=2624
[ERR] seq=545703412 err=2776
[ERR] seq=545703413 err=2840
[ERR] seq=545703414 err=2920
[SEU] addr=200031C6 bit=00000000
[ERR] seq=545703415 err=2968
[ERR] seq=545703416 err=3040
[ERR] seq=545703417 err=3136
[ERR] seq=545703418 err=3192
[ERR] seq=545703419 err=3264
[SEU] addr=200031A4 bit=00000003
[ERR] seq=545703420 err=3320
[ERR] seq=545703421 err=3400
[ERR] seq=545703422 err=3480
[ERR] seq=545703423 err=3528
[SEU] addr=20003183 bit=00000004
[ERR] seq=545703424 err=7688
[ERR] seq=545703425 err=7424
[ERR] seq=545703426 err=7848
[ERR] seq=545703427 err=7840
[ERR] seq=545703428 err=7944
[ERR] seq=545703429 err=8016
[SEU] addr=20003153 bit=00000007
[ERR] seq=545703430 err=8064
[ERR] seq=545703431 err=8136
[ERR] seq=545703432 err=8160
[ERR] seq=545703433 err=8232
[SEU] addr=20003188 bit=00000004
[ERR] seq=545703434 err=8128
[ERR] seq=545703435 err=8344
[ERR] seq=545703436 err=8360
[ERR] seq=545703437 err=8408
[ERR] seq=545703438 err=8464
[ERR] seq=545703439 err=8512
[ERR] seq=545703440 err=8544
[SEU] addr=200031AE bit=00000003
[ERR] seq=545703441 err=8584
[ERR] seq=545703442 err=8624
[ERR] seq=545703443 err=8656
[ERR] seq=545703444 err=9080
[ERR] seq=545703445 err=9048
[ERR] seq=545703446 err=9120
[ERR] seq=545703447 err=9152
[ERR] seq=545703448 err=9184
[ERR] seq=545703449 err=9200
[ERR] seq=545703450 err=9232
[SEU] addr=2000319F bit=00000006
[ERR] seq=545703451 err=9264
[ERR] seq=545703452 err=9264
[ERR] seq=545703453 err=9296
[ERR] seq=545703454 err=9296
[ERR] seq=545703455 err=9328
[SEU] addr=200031BB bit=00000000
[ERR] seq=545703456 err=9320
[ERR] seq=545703457 err=9352
[ERR] seq=545703458 err=9352
[ERR] seq=545703459 err=9360
[ERR] seq=545703460 err=9360
[ERR] seq=545703461 err=9360
[ERR] seq=545703462 err=9360
[ERR] seq=545703463 err=9384
[ERR] seq=545703464 err=9376
[SEU] addr=20003181 bit=00000002
[ERR] seq=545703465 err=9368
[ERR] seq=545703466 err=9352
[SEU] addr=2000317B bit=00000005
[ERR] seq=545703467 err=9368
[ERR] seq=545703468 err=3672
[ERR] seq=545703469 err=3840
[ERR] seq=545703470 err=3664
[ERR] seq=545703471 err=3680
[ERR] seq=545703472 err=3648
[ERR] seq=545703473 err=3664
[ERR] seq=545703474 err=3632
[SEU] addr=20003158 bit=00000001
[CMD QUEUE CORRUPTED] primary repaired
[ERR] seq=545703475 err=3624
[ERR] seq=545703476 err=3616
[ERR] seq=545703477 err=3600
[ERR] seq=545703478 err=3584
[ERR] seq=545703479 err=3568
[ERR] seq=545703480 err=3320
[ERR] seq=545703481 err=3312
[SEU] addr=20003183 bit=00000002
[ERR] seq=545703482 err=3272
[SEU] addr=2000314F bit=00000000
[SAMPLE QUEUE backup CORRUPTED] backup repaired
[ERR] seq=545703483 err=3256
[ERR] seq=545703484 err=3224
[ERR] seq=545703485 err=3208
[ERR] seq=545703486 err=3184
[ERR] seq=545703487 err=3152
[SEU] addr=2000315C bit=00000005
[CMD QUEUE backup CORRUPTED] backup repaired
[ERR] seq=545703488 err=3136
[SEU] addr=2000316C bit=00000002
[ERR] seq=545703489 err=3104
[ERR] seq=545703490 err=3072
[ERR] seq=545703491 err=3056
[ERR] seq=545703492 err=3024
[ERR] seq=545703493 err=2976
[ERR] seq=545703494 err=2960
[ERR] seq=545703495 err=2928
[ERR] seq=545703496 err=2888
[ERR] seq=545703497 err=2856
[SEU] addr=20003197 bit=00000000
[ERR] seq=545703498 err=2832
[ERR] seq=545703499 err=2784
[ERR] seq=545703500 err=2736
[ERR] seq=545703501 err=2688
[ERR] seq=545703502 err=2664
[ERR] seq=545703503 err=2616
[ERR] seq=545703504 err=2592
[ERR] seq=545703505 err=2536
[SEU] addr=2000315A bit=00000001
[ERR] seq=545703506 err=2488
[ERR] seq=545703507 err=2448
[ERR] seq=545703508 err=2400
[ERR] seq=545703509 err=2352
[SEU] addr=200031A8 bit=00000005
[ERR] seq=545703510 err=2328
[ERR] seq=545703511 err=2264
[SEU] addr=200031CC bit=00000007
[ERR] seq=545703512 err=2240
[ERR] seq=545703513 err=2184
[ERR] seq=545703514 err=2128
[SEU] addr=20003168 bit=00000004
[ERR] seq=545703515 err=2112
[SEU] addr=200031B6 bit=00000003
[ERR] seq=545703516 err=2040
[ERR] seq=545703517 err=2000
[ERR] seq=545703518 err=1936
[ERR] seq=545703519 err=1896
[ERR] seq=545703520 err=1872
[ERR] seq=545703521 err=1808
[SEU] addr=20003199 bit=00000002
[ERR] seq=545703522 err=1768
[ERR] seq=545703523 err=1712
[ERR] seq=545703524 err=1656
[ERR] seq=545703525 err=1624
[ERR] seq=545703526 err=1568
[ERR] seq=545703527 err=1520
[SEU] addr=20003170 bit=00000002
[ERR] seq=545703528 err=1464
[ERR] seq=545703529 err=1424
[ERR] seq=545703530 err=1384
[SEU] addr=20003154 bit=00000002
[CMD QUEUE CORRUPTED] primary repaired
[ERR] seq=545703531 err=1328
[ERR] seq=545703532 err=1264
[ERR] seq=545703533 err=1224
[ERR] seq=545703534 err=1184
[SEU] addr=200031C6 bit=00000004
[ERR] seq=545703535 err=1144
[ERR] seq=545703536 err=1088
[ERR] seq=545703537 err=1056
[ERR] seq=545703538 err=992
[ERR] seq=545703539 err=1064
[ERR] seq=545703540 err=1128
[ERR] seq=545703541 err=1224
[SEU] addr=200031B9 bit=00000003
[ERR] seq=545703542 err=1280
[ERR] seq=545703543 err=1352
[ERR] seq=545703544 err=1416
[ERR] seq=545703545 err=1480
[ERR] seq=545703546 err=1568
[SEU] addr=20003195 bit=00000001
[ERR] seq=545703547 err=1600
[ERR] seq=545703548 err=1720
[ERR] seq=545703549 err=1760
[ERR] seq=545703550 err=1840
[ERR] seq=545703551 err=1904
[SEU] addr=200031C6 bit=00000001
[ERR] seq=545703552 err=1984
[ERR] seq=545703553 err=2048
[ERR] seq=545703554 err=2112
[ERR] seq=545703555 err=2160
[ERR] seq=545703556 err=2256
[ERR] seq=545703557 err=2312
[SEU] addr=2000319B bit=00000000
[ERR] seq=545703558 err=2368
[ERR] seq=545703559 err=2440
[ERR] seq=545703560 err=2488
[ERR] seq=545703561 err=2552
[ERR] seq=545703562 err=2624
[ERR] seq=545703563 err=2680
[SEU] addr=20003153 bit=00000006
[ERR] seq=545703564 err=2736
[ERR] seq=545703565 err=2792
[ERR] seq=545703566 err=2856
[ERR] seq=545703567 err=2904
[ERR] seq=545703568 err=2968
[ERR] seq=545703569 err=3032
[ERR] seq=545703570 err=3088
[SEU] addr=20003154 bit=00000000
[CMD QUEUE CORRUPTED] primary repaired
[ERR] seq=545703571 err=3160
[ERR] seq=545703572 err=3200
[ERR] seq=545703573 err=3256
[ERR] seq=545703574 err=3320
[ERR] seq=545703575 err=3384
[ERR] seq=545703576 err=3424
[ERR] seq=545703577 err=3488
[ERR] seq=545703578 err=3528
[ERR] seq=545703579 err=3592
[SEU] addr=2000319A bit=00000001
[ERR] seq=545703580 err=3640
[ERR] seq=545703581 err=3696
[ERR] seq=545703582 err=3752
[ERR] seq=545703583 err=3792
[ERR] seq=545703584 err=3832
[ERR] seq=545703585 err=3896
[ERR] seq=545703586 err=3928
[ERR] seq=545703587 err=3968
[SEU] addr=200031C9 bit=00000002
[ERR] seq=545703588 err=4024
[ERR] seq=545703589 err=4072
[ERR] seq=545703590 err=4112
[ERR] seq=545703591 err=4152
[ERR] seq=545703592 err=4192
[SEU] addr=200031D7 bit=00000006
[ERR] seq=1619445417 err=2392
[ERR] seq=1619445418 err=2136
[ERR] seq=1619445419 err=2448
[ERR] seq=1619445420 err=2400
[ERR] seq=1619445421 err=2440
[SEU] addr=20003186 bit=00000004
[ERR] seq=1619445422 err=5304
[ERR] seq=1619445423 err=2768
[ERR] seq=1619445424 err=2112
[ERR] seq=1619445425 err=2520
[ERR] seq=1619445426 err=2440
[ERR] seq=1619445427 err=2488
[ERR] seq=1619445428 err=2480
[SEU] addr=20003150 bit=00000006
[SAMPLE QUEUE backup CORRUPTED] backup repaired
[ERR] seq=1619445429 err=2496
[ERR] seq=1619445430 err=2496
[ERR] seq=1619445431 err=2496
[SEU] addr=200031B9 bit=00000002
[ERR] seq=1619445432 err=2504
[ERR] seq=1619445433 err=2496
[SEU] addr=200031CD bit=00000005
[ERR] seq=1619445434 err=2504
[ERR] seq=1619445435 err=2512
[ERR] seq=1619445436 err=2504
[ERR] seq=1619445437 err=2512
[ERR] seq=1619445438 err=2504
[ERR] seq=1619445439 err=2496
[SEU] addr=200031AB bit=00000003
[ERR] seq=1619445440 err=2504
[ERR] seq=1619445441 err=2496
[ERR] seq=1619445442 err=2496
[ERR] seq=1619445443 err=2496
[ERR] seq=1619445444 err=2480
[ERR] seq=1619445445 err=2480
[SEU] addr=200031BD bit=00000004
[ERR] seq=1619445446 err=2480
[ERR] seq=1619445447 err=2464
[ERR] seq=1619445448 err=2456
[ERR] seq=1619445449 err=2448
[ERR] seq=1619445450 err=2440
[SEU] addr=200031D5 bit=00000006
[ERR] seq=1619429067 err=5056
[ERR] seq=1619429068 err=4784
[ERR] seq=1619429069 err=5536
[ERR] seq=1619429070 err=5664
[ERR] seq=1619429071 err=5928
[ERR] seq=1619429072 err=6152
[ERR] seq=1619429073 err=6336
[SEU] addr=20003150 bit=00000004
[SAMPLE QUEUE backup CORRUPTED] backup repaired
[ERR] seq=1619429074 err=6584
[ERR] seq=1619429075 err=6768
[ERR] seq=1619429076 err=6992
[SEU] addr=2000319B bit=00000001
[ERR] seq=1619429077 err=7184
[ERR] seq=1619429078 err=7384
[ERR] seq=1619429079 err=7608
[ERR] seq=1619429080 err=7776
[ERR] seq=1619429081 err=7992
[SEU] addr=2000318B bit=00000000
[ERR] seq=1619429082 err=134218064
[ERR] seq=1619429083 err=10745784
[ERR] seq=1619429084 err=11596704
[ERR] seq=1619429085 err=1795456
[ERR] seq=1619429086 err=1070888
[ERR] seq=1619429087 err=237696
[ERR] seq=1619429088 err=104168
[SEU] addr=2000315F bit=00000004
[CMD QUEUE backup CORRUPTED] backup repaired
[ERR] seq=1619429089 err=36064
[ERR] seq=1619429090 err=10632
[SEU] addr=20003186 bit=00000001
[ERR] seq=1619429091 err=9520
[ERR] seq=1619429092 err=9168
[ERR] seq=1619429093 err=10192
[ERR] seq=1619429094 err=10224
[ERR] seq=1619429095 err=10480
[ERR] seq=1619429096 err=10592
[ERR] seq=1619429097 err=10768
[SEU] addr=20003181 bit=00000002
[ERR] seq=1619429098 err=10920
[ERR] seq=1619429099 err=11048
[ERR] seq=1619429100 err=11224
[ERR] seq=1619429101 err=11368
[ERR] seq=1619429102 err=11488
[ERR] seq=1619429103 err=11624
[ERR] seq=1619429104 err=11752
[ERR] seq=1619429105 err=11904
[ERR] seq=1619429106 err=12024
[ERR] seq=1619429107 err=12104
[SEU] addr=2000317B bit=00000006
[ERR] seq=1619429108 err=12264
[SEU] addr=2000316E bit=00000003
[ERR] seq=1619429109 err=12376
[ERR] seq=1619429110 err=12472
[ERR] seq=1619429111 err=12600
[ERR] seq=1619429112 err=12696
[ERR] seq=1619429113 err=12816
[ERR] seq=1619429114 err=12896
[SEU] addr=200031A8 bit=00000003
[ERR] seq=1619429115 err=13008
[ERR] seq=1619429116 err=13096
[ERR] seq=1619429117 err=13168
[ERR] seq=1619429118 err=13272
[ERR] seq=1619429119 err=13352
[ERR] seq=1619429120 err=11392
[ERR] seq=1619429121 err=11632
[ERR] seq=1619429122 err=11512
[ERR] seq=1619429123 err=11616
[SEU] addr=20003182 bit=00000006
[ERR] seq=1619429124 err=11672
[ERR] seq=1619429125 err=11728
[ERR] seq=1619429126 err=11792
[ERR] seq=1619429127 err=11848
[ERR] seq=1619429128 err=11888
[ERR] seq=1619429129 err=11960
[ERR] seq=1619429130 err=12008
[ERR] seq=1619429131 err=12064
[SEU] addr=200031AC bit=00000005
[ERR] seq=1619429132 err=12096
[ERR] seq=1619429133 err=12144
[ERR] seq=1619429134 err=12176
[ERR] seq=1619429135 err=12200
[ERR] seq=1619429136 err=12240
[SEU] addr=20003181 bit=00000002
[ERR] seq=1619429137 err=12248
[ERR] seq=1619429138 err=12280
[ERR] seq=1619429139 err=12312
[ERR] seq=1619429140 err=12328
[ERR] seq=1619429141 err=12344
[ERR] seq=1619429142 err=12344
[ERR] seq=1619429143 err=12360
[SEU] addr=2000318D bit=00000005
[ERR] seq=1619429144 err=77880
[ERR] seq=1619429145 err=10288
[ERR] seq=1619429146 err=17992
[ERR] seq=1619429147 err=11480
[SEU] addr=200031A3 bit=00000002
[ERR] seq=1619429148 err=12856
[ERR] seq=1619429149 err=12200
[ERR] seq=1619429150 err=12328
[ERR] seq=1619429151 err=12256
[SEU] addr=20003159 bit=00000005
[ERR] seq=1619429152 err=12232
[ERR] seq=1619429153 err=12208
[ERR] seq=1619429154 err=12192
[ERR] seq=1619429155 err=12144
[ERR] seq=1619429156 err=12112
[ERR] seq=1619429157 err=12072
[SEU] addr=200031A0 bit=00000007
[ERR] seq=1619429158 err=12008
[ERR] seq=1619429159 err=11968
[ERR] seq=1619429160 err=11896
[ERR] seq=1619429161 err=11856
[ERR] seq=1619429162 err=11800
[ERR] seq=1619429163 err=11744
[SEU] addr=2000317E bit=00000004
[ERR] seq=1619429164 err=13728
[ERR] seq=1619429165 err=13496
[ERR] seq=1619429166 err=13608
[ERR] seq=1619429167 err=13496
[ERR] seq=1619429168 err=13440
[ERR] seq=1619429169 err=13368
[ERR] seq=1619429170 err=13256
[ERR] seq=1619429171 err=13184
[SEU] addr=200031D4 bit=00000004
[ERR] seq=1619429156 err=13904
[ERR] seq=1619429157 err=13752
[ERR] seq=1619429158 err=13760
[ERR] seq=1619429159 err=13656
[ERR] seq=1619429160 err=13560
[ERR] seq=1619429161 err=13496
[ERR] seq=1619429162 err=13392
[SEU] addr=2000317B bit=00000005
[ERR] seq=1619429163 err=13312
[ERR] seq=1619429164 err=13184
[SEU] addr=20003160 bit=00000004
[CMD QUEUE backup CORRUPTED] backup repaired
[ERR] seq=1619429165 err=13104
[ERR] seq=1619429166 err=12992
[ERR] seq=1619429167 err=12888
[ERR] seq=1619429168 err=12776
[ERR] seq=1619429169 err=12640
[ERR] seq=1619429170 err=12544
[ERR] seq=1619429171 err=12408
[ERR] seq=1619429172 err=12272
[ERR] seq=1619429173 err=12152
[ERR] seq=1619429174 err=12024
[SEU] addr=200031AA bit=00000006
[ERR] seq=1619429175 err=11872
[ERR] seq=1619429176 err=11752
[ERR] seq=1619429177 err=11608
[SEU] addr=20003159 bit=00000002
[ERR] seq=1619429178 err=11456
[ERR] seq=1619429179 err=11320
[ERR] seq=1619429180 err=11152
[ERR] seq=1619429181 err=11000
[ERR] seq=1619429182 err=10848
[ERR] seq=1619429183 err=10704
[SEU] addr=200031A5 bit=00000001
[ERR] seq=1619429184 err=10520
[ERR] seq=1619429185 err=10344
[ERR] seq=1619429186 err=10208
[ERR] seq=1619429187 err=10008
[ERR] seq=1619429188 err=9848
[ERR] seq=1619429189 err=9648
[ERR] seq=1619429190 err=9488
[ERR] seq=1619429191 err=9296
[ERR] seq=1619429192 err=9112
[SEU] addr=20003152 bit=00000007
[ERR] seq=1619429193 err=8912
[SEU] addr=20003153 bit=00000006
[ERR] seq=1619429194 err=8720
[ERR] seq=1619429195 err=8528
[ERR] seq=1619429196 err=8344
[ERR] seq=1619429197 err=8112
[ERR] seq=1619429198 err=7944
[ERR] seq=1619429199 err=7736
[ERR] seq=1619429200 err=7512
[ERR] seq=1619429201 err=7312
[ERR] seq=1619429202 err=7088
[SEU] addr=200031BC bit=00000001
[ERR] seq=1619429203 err=6888
[ERR] seq=1619429204 err=6664
[ERR] seq=1619429205 err=6464
[ERR] seq=1619429206 err=6240
[ERR] seq=1619429207 err=6000
[SEU] addr=2000315F bit=00000002
[CMD QUEUE backup CORRUPTED] backup repaired
[ERR] seq=1619429208 err=5792
[SEU] addr=2000314C bit=00000005
[SAMPLE QUEUE backup CORRUPTED] backup repaired
[ERR] seq=1619429209 err=5576
[ERR] seq=1619429210 err=5352
[ERR] seq=1619429211 err=5128
[ERR] seq=1619429212 err=4880
[ERR] seq=1619429213 err=4648
[ERR] seq=1619429214 err=4448
[ERR] seq=1619429215 err=4184
[ERR] seq=1619429216 err=3984
[ERR] seq=1619429217 err=3720
[ERR] seq=1619429218 err=3528
[SEU] addr=200031A9 bit=00000006
[ERR] seq=1619429219 err=3256
[ERR] seq=1619429220 err=3024
[ERR] seq=1619429221 err=2792
[ERR] seq=1619429222 err=2584
[SEU] addr=2000319B bit=00000004
[ERR] seq=1619429223 err=2344
[ERR] seq=1619429224 err=2104
[ERR] seq=1619429225 err=1864
[SEU] addr=2000315D bit=00000006
[CMD QUEUE backup CORRUPTED] backup repaired
[ERR] seq=1619429226 err=1632
[ERR] seq=1619429227 err=1400
[ERR] seq=1619429228 err=1160
[ERR] seq=1619429229 err=1288
[ERR] seq=1619429230 err=1448
[ERR] seq=1619429231 err=1616
[ERR] seq=1619429232 err=1744
[ERR] seq=1619429233 err=1880
[SEU] addr=2000315C bit=00000005
[CMD QUEUE backup CORRUPTED] backup repaired
[ERR] seq=1619429234 err=2064
[ERR] seq=1619429235 err=2192
[ERR] seq=1619429236 err=2328
[ERR] seq=1619429237 err=2496
[ERR] seq=1619429238 err=2632
[SEU] addr=2000319B bit=00000004
[ERR] seq=1619429239 err=2784
[ERR] seq=1619429240 err=2904
[ERR] seq=1619429241 err=3072
[ERR] seq=1619429242 err=3208
[ERR] seq=1619429243 err=3360
[ERR] seq=1619429244 err=3480
[ERR] seq=1619429245 err=3648
[SEU] addr=200031C3 bit=00000002
[ERR] seq=1619429246 err=3768
[ERR] seq=1619429247 err=3920
[ERR] seq=1619429248 err=4064
[ERR] seq=1619429249 err=4192
[ERR] seq=1619429250 err=4344
[ERR] seq=1619429251 err=4472
[ERR] seq=1619429252 err=4648
[ERR] seq=1619429253 err=4864
[SEU] addr=200031C5 bit=00000007
[ERR] seq=1619429254 err=5072
[SEU] addr=20003195 bit=00000003
[ERR] seq=1619429255 err=5264
[ERR] seq=1619429256 err=5488
[ERR] seq=1619429257 err=5696
[ERR] seq=1619429258 err=5872
[ERR] seq=1619429259 err=6088
[ERR] seq=1619429260 err=6280
[SEU] addr=200031D5 bit=00000007
[ERR] seq=1619396493 err=5744
[ERR] seq=1619396494 err=5992
[SEU] addr=2000319F bit=00000006
[ERR] seq=1619396495 err=6120
[ERR] seq=1619396496 err=6352
[ERR] seq=1619396497 err=6504
[ERR] seq=1619396498 err=6704
[ERR] seq=1619396499 err=6896
[ERR] seq=1619396500 err=7072
[ERR] seq=1619396501 err=7248
[SEU] addr=200031B8 bit=00000000
[ERR] seq=1619396502 err=7432
[ERR] seq=1619396503 err=7576
[ERR] seq=1619396504 err=7776
[ERR] seq=1619396505 err=7944
[ERR] seq=1619396506 err=8064
[ERR] seq=1619396507 err=8256
[ERR] seq=1619396508 err=8400
[ERR] seq=1619396509 err=8560
[SEU] addr=200031AB bit=00000003
[ERR] seq=1619396510 err=8712
[ERR] seq=1619396511 err=8856
[ERR] seq=1619396512 err=9024
[SEU] addr=20003158 bit=00000000
[CMD QUEUE CORRUPTED] primary repaired
[ERR] seq=1619396513 err=9128
[ERR] seq=1619396514 err=9288
[SEU] addr=2000314F bit=00000002
[SAMPLE QUEUE backup CORRUPTED] backup repaired
[ERR] seq=1619396515 err=9408
[ERR] seq=1619396516 err=9560
[SEU] addr=20003183 bit=00000005
[ERR] seq=1619396517 err=9672
[ERR] seq=1619396518 err=9792
[ERR] seq=1619396519 err=9936
[ERR] seq=1619396520 err=10040
[ERR] seq=1619396521 err=10152
[ERR] seq=1619396522 err=10280
[ERR] seq=1619396523 err=10376
[ERR] seq=1619396524 err=10464
[ERR] seq=1619396525 err=10592
[ERR] seq=1619396526 err=10672
[SEU] addr=200031D5 bit=00000007
[ERR] seq=1619429295 err=11168
[ERR] seq=1619429296 err=11208
[ERR] seq=1619429297 err=11336
[ERR] seq=1619429298 err=11392
[ERR] seq=1619429299 err=11464
[ERR] seq=1619429300 err=11512
[SEU] addr=2000319B bit=00000003
[ERR] seq=1619429301 err=11608
[ERR] seq=1619429302 err=11640
[ERR] seq=1619429303 err=11696
[ERR] seq=1619429304 err=11744
[ERR] seq=1619429305 err=11784
[ERR] seq=1619429306 err=11824
[SEU] addr=200031BC bit=00000002
[ERR] seq=1619429307 err=11848
[ERR] seq=1619429308 err=11872
[ERR] seq=1619429309 err=11920
[ERR] seq=1619429310 err=11936
[ERR] seq=1619429311 err=11952
[ERR] seq=1619429312 err=11960
[ERR] seq=1619429313 err=11984
[SEU] addr=200031B5 bit=00000002
[ERR] seq=1619429314 err=11984
[SEU] addr=20003190 bit=00000006
[ERR] seq=1619429315 err=11480
[ERR] seq=1619429316 err=12016
[ERR] seq=1619429317 err=11952
[ERR] seq=1619429318 err=11984
[ERR] seq=1619429319 err=11984
[ERR] seq=1619429320 err=11960
[SEU] addr=2000317B bit=00000002
[ERR] seq=1619429321 err=11952
[ERR] seq=1619429322 err=11936
[ERR] seq=1619429323 err=11904
[ERR] seq=1619429324 err=11880
[ERR] seq=1619429325 err=11848
[ERR] seq=1619429326 err=11800
[SEU] addr=2000315F bit=00000004
[CMD QUEUE backup CORRUPTED] backup repaired
[ERR] seq=1619429327 err=11792
[SEU] addr=20003170 bit=00000006
[ERR] seq=1619429328 err=11736
[ERR] seq=1619429329 err=11672
[ERR] seq=1619429330 err=11640
[ERR] seq=1619429331 err=11584
[ERR] seq=1619429332 err=11496
[SEU] addr=20003182 bit=00000006
[ERR] seq=1619429333 err=11440
[ERR] seq=1619429334 err=11384
[ERR] seq=1619429335 err=11304
[ERR] seq=1619429336 err=11208
[ERR] seq=1619429337 err=11152
[ERR] seq=1619429338 err=11056
[SEU] addr=200031B4 bit=00000004
[ERR] seq=1619429339 err=10992
[ERR] seq=1619429340 err=10872
[ERR] seq=1619429341 err=10784
[ERR] seq=1619429342 err=10696
[ERR] seq=1619429343 err=10592
[ERR] seq=1619429344 err=10488
[ERR] seq=1619429345 err=10368
[ERR] seq=1619429346 err=10256
[ERR] seq=1619429347 err=10136
[SEU] addr=20003198 bit=00000005
[ERR] seq=1619429348 err=10016
[SEU] addr=200031B2 bit=00000003
[ERR] seq=1619429349 err=9904
[ERR] seq=1619429350 err=9784
[ERR] seq=1619429351 err=9656
[ERR] seq=1619429352 err=9504
[SEU] addr=20003154 bit=00000000
[CMD QUEUE CORRUPTED] primary repaired
[ERR] seq=1619429353 err=9384
[ERR] seq=1619429354 err=9240
[SEU] addr=200031B5 bit=00000007
[ERR] seq=1619429355 err=9104
[ERR] seq=1619429356 err=8944
[ERR] seq=1619429357 err=8784
[ERR] seq=1619429358 err=8664
[ERR] seq=1619429359 err=8488
[ERR] seq=1619429360 err=8336
[SEU] addr=200031D6 bit=00000000
[ERR] seq=1619494897 err=6536
[ERR] seq=1619494898 err=6472
[ERR] seq=1619494899 err=6144
[ERR] seq=1619494900 err=5960
[ERR] seq=1619494901 err=5760
[ERR] seq=1619494902 err=5552
[ERR] seq=1619494903 err=5376
[SEU] addr=20003183 bit=00000003
[ERR] seq=1619494904 err=5144
[ERR] seq=1619494905 err=4928
[ERR] seq=1619494906 err=4736
[ERR] seq=1619494907 err=4544
[ERR] seq=1619494908 err=4400
[ERR] seq=1619494909 err=4272
[ERR] seq=1619494910 err=4144
[SEU] addr=20003198 bit=00000005
[ERR] seq=1619494911 err=3992
[ERR] seq=1619494912 err=9616
[ERR] seq=1619494913 err=8904
[ERR] seq=1619494914 err=9216
[ERR] seq=1619494915 err=8928
[ERR] seq=1619494916 err=8736
[ERR] seq=1619494917 err=8520
[SEU] addr=2000316C bit=00000002
[ERR] seq=1619494918 err=8288
[ERR] seq=1619494919 err=8064
[ERR] seq=1619494920 err=7480
[ERR] seq=1619494921 err=7280
[ERR] seq=1619494922 err=7024
[ERR] seq=1619494923 err=6816
[ERR] seq=1619494924 err=6560
[ERR] seq=1619494925 err=6344
[ERR] seq=1619494926 err=6112
[ERR] seq=1619494927 err=5880
[SEU] addr=20003168 bit=00000000
[ERR] seq=1619494928 err=5656
[ERR] seq=1619494929 err=5416
[ERR] seq=1619494930 err=5200
[ERR] seq=1619494931 err=4976
[ERR] seq=1619494932 err=4736
[ERR] seq=1619494933 err=4520
[ERR] seq=1619494934 err=4280
[ERR] seq=1619494935 err=4048
[SEU] addr=20003185 bit=00000003
[ERR] seq=1619494936 err=1472
[SEU] addr=200031D2 bit=00000007
[ERR] seq=1619494937 err=3848
[ERR] seq=1619494938 err=3120
[ERR] seq=1619494939 err=3168
[ERR] seq=1619494940 err=2480
[ERR] seq=1619494941 err=2296
[ERR] seq=1619494942 err=2792
[ERR] seq=1619494943 err=2872
[ERR] seq=1619494944 err=3056
[ERR] seq=1619494945 err=3192
[SEU] addr=20003167 bit=00000005
[ERR] seq=1619494946 err=3328
[ERR] seq=1619494947 err=3488
[ERR] seq=1619494948 err=3608
[ERR] seq=1619494949 err=3760
[ERR] seq=1619494950 err=3896
[ERR] seq=1619494951 err=4032
[SEU] addr=2000318B bit=00000002
[ERR] seq=1619494952 err=536869720
[ERR] seq=1619494953 err=42953968
[SEU] addr=2000314C bit=00000005
[SAMPLE QUEUE backup CORRUPTED] backup repaired
[ERR] seq=1619494954 err=46384256
[ERR] seq=1619494955 err=7151392
[SEU] addr=20003186 bit=00000004
[ERR] seq=1619494956 err=4288624
[SEU] addr=2000317C bit=00000000
[ERR] seq=1619494957 err=920112
[ERR] seq=1619494958 err=414408
[ERR] seq=1619494959 err=111856
[ERR] seq=1619494960 err=40136
[ERR] seq=1619494961 err=17576
[ERR] seq=1619494962 err=2608
[ERR] seq=1619494963 err=7376
[ERR] seq=1619494964 err=5848
[ERR] seq=1619494965 err=6624
[SEU] addr=20003158 bit=00000002
[CMD QUEUE CORRUPTED] primary repaired
[ERR] seq=1619494966 err=6584
[ERR] seq=1619494967 err=6856
[ERR] seq=1619494968 err=7008
[ERR] seq=1619494969 err=7200
[ERR] seq=1619494970 err=7352
[SEU] addr=200031AD bit=00000000
[ERR] seq=1619494971 err=7536
[ERR] seq=1619494972 err=7704
[ERR] seq=1619494973 err=7872
[ERR] seq=1619494974 err=8024
[ERR] seq=1619494975 err=8184
[ERR] seq=1619494976 err=8328
[ERR] seq=1619494977 err=8504
[SEU] addr=20003165 bit=00000007
[ERR] seq=1619494978 err=8640
[ERR] seq=1619494979 err=8792
[SEU] addr=20003165 bit=00000007
[ERR] seq=1619494980 err=8944
[ERR] seq=1619494981 err=9088
[ERR] seq=1619494982 err=9216
[ERR] seq=1619494983 err=9352
[ERR] seq=1619494984 err=9496
[ERR] seq=1619494985 err=9624
[ERR] seq=1619494986 err=9744
[ERR] seq=1619494987 err=9848
[ERR] seq=1619494988 err=9984
[SEU] addr=200031B9 bit=00000006
[ERR] seq=1619494989 err=10096
[ERR] seq=1619494990 err=10216
[SEU] addr=20003164 bit=00000007
[ERR] seq=1619494991 err=10312
[ERR] seq=1619494992 err=10416
[ERR] seq=1619494993 err=10552
[ERR] seq=1619494994 err=10632
[SEU] addr=20003165 bit=00000002
[ERR] seq=1619494995 err=10736
[ERR] seq=1619494996 err=10816
[ERR] seq=1619494997 err=10904
[ERR] seq=1619494998 err=11000
[ERR] seq=1619494999 err=11088
[ERR] seq=1619495000 err=11152
[ERR] seq=1619495001 err=11248
[ERR] seq=1619495002 err=11304
[ERR] seq=1619495003 err=11376
[SEU] addr=20003190 bit=00000001
[ERR] seq=1619495004 err=11464
[ERR] seq=1619495005 err=11496
[ERR] seq=1619495006 err=11576
[ERR] seq=1619495007 err=11632
[ERR] seq=1619495008 err=11664
[ERR] seq=1619495009 err=11736
[ERR] seq=1619495010 err=11784
[ERR] seq=1619495011 err=11832
[SEU] addr=200031D3 bit=00000000
[ERR] seq=1619495012 err=11872
[ERR] seq=1619495013 err=11912
[ERR] seq=1619495014 err=11960
[ERR] seq=1619495015 err=11984
[ERR] seq=1619495016 err=12000
[ERR] seq=1619495017 err=12040
[SEU] addr=20003170 bit=00000001
[ERR] seq=1619495018 err=12056
[ERR] seq=1619495019 err=12088
[ERR] seq=1619495020 err=12104
[SEU] addr=200031B7 bit=00000004
[ERR] seq=1619495021 err=12120
[ERR] seq=1619495022 err=12120
[ERR] seq=1619495023 err=12136
[SEU] addr=2000319C bit=00000001
[ERR] seq=1619495024 err=12120
[ERR] seq=1619495025 err=12136
[ERR] seq=1619495026 err=12120
[ERR] seq=1619495027 err=12120
[ERR] seq=1619495028 err=12104
[ERR] seq=1619495029 err=12088
[ERR] seq=1619495030 err=12056
[ERR] seq=1619495031 err=12040
[ERR] seq=1619495032 err=12008
[SEU] addr=200031CA bit=00000003
[ERR] seq=1619495033 err=11984
[ERR] seq=1619495034 err=11960
[ERR] seq=1619495035 err=11928
[ERR] seq=1619495036 err=11880
[ERR] seq=1619495037 err=11840
[ERR] seq=1619495038 err=11792
[ERR] seq=1619495039 err=11744
[SEU] addr=200031C0 bit=00000000
[ERR] seq=1619495040 err=11680
[ERR] seq=1619495041 err=11632
[ERR] seq=1619495042 err=11576
[ERR] seq=1619495043 err=11520
[ERR] seq=1619495044 err=11448
[ERR] seq=1619495045 err=11384
[ERR] seq=1619495046 err=11328
[ERR] seq=1619495047 err=11232
[SEU] addr=20003158 bit=00000004
[CMD QUEUE CORRUPTED] primary repaired
[ERR] seq=1619495048 err=11176
[ERR] seq=1619495049 err=11088
[ERR] seq=1619495050 err=10984
[ERR] seq=1619495051 err=10920
[ERR] seq=1619495052 err=10816
[ERR] seq=1619495053 err=10712
[ERR] seq=1619495054 err=10640
[SEU] addr=20003181 bit=00000005
[ERR] seq=1619495055 err=10536
[ERR] seq=1619495056 err=10400
[ERR] seq=1619495057 err=10312
[ERR] seq=1619495058 err=10192
[ERR] seq=1619495059 err=10096
[ERR] seq=1619495060 err=9952
[ERR] seq=1619495061 err=9840
[ERR] seq=1619495062 err=9728
[SEU] addr=20003155 bit=00000004
[CMD QUEUE CORRUPTED] primary repaired
[ERR] seq=1619495063 err=9592
[ERR] seq=1619495064 err=9472
[ERR] seq=1619495065 err=9328
[ERR] seq=1619495066 err=9200
[ERR] seq=1619495067 err=9056
[ERR] seq=1619495068 err=8912
[ERR] seq=1619495069 err=8752
[ERR] seq=1619495070 err=8616
[ERR] seq=1619495071 err=8456
[SEU] addr=200031CC bit=00000005
[ERR] seq=1619495072 err=8312
[ERR] seq=1619495073 err=8144
[ERR] seq=1619495074 err=7976
[ERR] seq=1619495075 err=7848
[ERR] seq=1619495076 err=7656
[ERR] seq=1619495077 err=7480
[ERR] seq=1619495078 err=7320
[ERR] seq=1619495079 err=7152
[ERR] seq=1619495080 err=6960
[SEU] addr=200031A8 bit=00000001
[ERR] seq=1619495081 err=6776
[ERR] seq=1619495082 err=6608
[ERR] seq=1619495083 err=6424
[ERR] seq=1619495084 err=6216
[SEU] addr=200031B3 bit=00000006
[ERR] seq=1619495085 err=6048
[ERR] seq=1619495086 err=5840
[SEU] addr=2000315D bit=00000002
[CMD QUEUE backup CORRUPTED] backup repaired
[ERR] seq=1619495087 err=5656
[ERR] seq=1619495088 err=5464
[ERR] seq=1619495089 err=5256
[ERR] seq=1619495090 err=5056
[ERR] seq=1619495091 err=4848
[ERR] seq=1619495092 err=4664
[ERR] seq=1619495093 err=4544
[ERR] seq=1619495094 err=4416
[ERR] seq=1619495095 err=4264
[ERR] seq=1619495096 err=4128
[SEU] addr=20003150 bit=00000006
[SAMPLE QUEUE backup CORRUPTED] backup repaired
[ERR] seq=1619495097 err=3976
[ERR] seq=1619495098 err=3856
[ERR] seq=1619495099 err=3704
[ERR] seq=1619495100 err=3584
[ERR] seq=1619495101 err=3416
[ERR] seq=1619495102 err=3280
[ERR] seq=1619495103 err=3144
[SEU] addr=2000315F bit=00000006
[CMD QUEUE backup CORRUPTED] backup repaired
[ERR] seq=1619495104 err=2992
[ERR] seq=1619495105 err=2864
[ERR] seq=1619495106 err=2704
[ERR] seq=1619495107 err=2560
[ERR] seq=1619495108 err=2408
[ERR] seq=1619495109 err=2264
[SEU] addr=20003192 bit=00000006
[ERR] seq=1619495110 err=33556536
[ERR] seq=1619495111 err=2684768
[ERR] seq=1619495112 err=2900912
[ERR] seq=1619495113 err=446632
[ERR] seq=1619495114 err=269192
[ERR] seq=1619495115 err=56616
[ERR] seq=1619495116 err=27224
[ERR] seq=1619495117 err=5672
[SEU] addr=20003159 bit=00000004
[ERR] seq=1619495118 err=3792
[ERR] seq=1619495119 err=704
[ERR] seq=1619495120 err=1896
[ERR] seq=1619495121 err=1800
[ERR] seq=1619495122 err=2136
[SEU] addr=2000314A bit=00000007
[ERR] seq=1619495123 err=2336
[ERR] seq=1619495124 err=2936
[ERR] seq=1619495125 err=3128
[ERR] seq=1619495126 err=3384
[ERR] seq=1619495127 err=3608
[ERR] seq=1619495128 err=3840
[ERR] seq=1619495129 err=4064
[ERR] seq=1619495130 err=4288
[ERR] seq=1619495131 err=4520
[SEU] addr=2000318E bit=00000000
[ERR] seq=1619495132 err=527008
[ERR] seq=1619495133 err=46896
[ERR] seq=1619495134 err=48216
[ERR] seq=1619495135 err=12360
[ERR] seq=1619495136 err=7288
[ERR] seq=1619495137 err=6720
[ERR] seq=1619495138 err=5632
[ERR] seq=1619495139 err=6360
[ERR] seq=1619495140 err=6416
[ERR] seq=1619495141 err=6672
[SEU] addr=20003170 bit=00000007
[ERR] seq=1619495142 err=6872
[ERR] seq=1619495143 err=7080
[SEU] addr=20003174 bit=00000007
[ERR] seq=1619495144 err=7296
[ERR] seq=1619495145 err=7496
[ERR] seq=1619495146 err=7680
[SEU] addr=200031AD bit=00000001
[ERR] seq=1619495147 err=7896
[SEU] addr=2000315E bit=00000002
[CMD QUEUE backup CORRUPTED] backup repaired
[ERR] seq=1619495148 err=8088
[ERR] seq=1619495149 err=8280
[ERR] seq=1619495150 err=8496
[ERR] seq=1619495151 err=8656
[SEU] addr=20003183 bit=00000007
[ERR] seq=1619495152 err=8864
[ERR] seq=1619495153 err=9040
[ERR] seq=1619495154 err=9224
[ERR] seq=1619495155 err=9392
[ERR] seq=1619495156 err=9600
[ERR] seq=1619495157 err=9744
[ERR] seq=1619495158 err=9928
[ERR] seq=1619495159 err=10096
[ERR] seq=1619495160 err=10272
[ERR] seq=1619495161 err=10416
[SEU] addr=200031A4 bit=00000000
[ERR] seq=1619495162 err=10584
[ERR] seq=1619495163 err=10744
[ERR] seq=1619495164 err=10896
[ERR] seq=1619495165 err=11048
[ERR] seq=1619495166 err=11184
[SEU] addr=200031A4 bit=00000000
[ERR] seq=1619495167 err=11336
[ERR] seq=1619495168 err=13520
[ERR] seq=1619495169 err=13512
[SEU] addr=20003157 bit=00000003
[CMD QUEUE CORRUPTED] primary repaired
[ERR] seq=1619495170 err=13808
[ERR] seq=1619495171 err=13896
[ERR] seq=1619495172 err=14048
[ERR] seq=1619495173 err=14176
[ERR] seq=1619495174 err=14288
[ERR] seq=1619495175 err=14408
[ERR] seq=1619495176 err=14528
[ERR] seq=1619495177 err=14624
[ERR] seq=1619495178 err=14736
[ERR] seq=1619495179 err=14832
[SEU] addr=20003188 bit=00000001
[ERR] seq=1619495180 err=14904
[ERR] seq=1619495181 err=15040
[ERR] seq=1619495182 err=15104
[SEU] addr=200031C4 bit=00000000
[ERR] seq=1619495183 err=15200
[ERR] seq=1619495184 err=15280
[ERR] seq=1619495185 err=15368
[ERR] seq=1619495186 err=15432
[ERR] seq=1619495187 err=15504
[ERR] seq=1619495188 err=15560
[ERR] seq=1619495189 err=15624
[ERR] seq=1619495190 err=15696
[ERR] seq=1619495191 err=15728
[SEU] addr=200031CE bit=00000007
[ERR] seq=1619495192 err=15792
[ERR] seq=1619495193 err=15848
[ERR] seq=1619495194 err=15872
[SEU] addr=20003166 bit=00000004
[ERR] seq=1619495195 err=15912
[ERR] seq=1619495196 err=13896
[ERR] seq=1619495197 err=14096
[ERR] seq=1619495198 err=13936
[ERR] seq=1619495199 err=14000
[ERR] seq=1619495200 err=14000
[ERR] seq=1619495201 err=14008
[SEU] addr=200031C5 bit=00000006
[ERR] seq=1619495202 err=14032
[ERR] seq=1619495203 err=14016
[ERR] seq=1619495204 err=14032
[ERR] seq=1619495205 err=14024
[ERR] seq=1619495206 err=14016
[ERR] seq=1619495207 err=13992
[SEU] addr=2000318E bit=00000003
[ERR] seq=1619495208 err=4201240
[ERR] seq=1619495209 err=349480
[SEU] addr=2000319E bit=00000005
[ERR] seq=1619495210 err=369288
[ERR] seq=1619495211 err=69736
[ERR] seq=1619495212 err=40320
[SEU] addr=20003166 bit=00000006
[ERR] seq=1619495213 err=20976
[ERR] seq=1619495214 err=10568
[ERR] seq=1619495215 err=14600
[SEU] addr=200031A7 bit=00000002
[ERR] seq=1619495216 err=13368
[ERR] seq=1619495217 err=13760
[ERR] seq=1619495218 err=13584
[ERR] seq=1619495219 err=13560
[ERR] seq=1619495220 err=13472
[SEU] addr=20003188 bit=00000007
[ERR] seq=1619495221 err=14448
[ERR] seq=1619495222 err=13272
[ERR] seq=1619495223 err=13352
[ERR] seq=1619495224 err=13184
[SEU] addr=200031AE bit=00000000
[ERR] seq=1619495225 err=13112
[ERR] seq=1619495226 err=13032
[ERR] seq=1619495227 err=12928
[ERR] seq=1619495228 err=12832
[ERR] seq=1619495229 err=12744
[ERR] seq=1619495230 err=12640
[SEU] addr=2000318F bit=00000005
[ERR] seq=1619495231 err=12536
[ERR] seq=1619495232 err=12416
[ERR] seq=1619495233 err=12304
[SEU] addr=200031D6 bit=00000001
[ERR] seq=1619364162 err=13496
[ERR] seq=1619364163 err=13320
[ERR] seq=1619364164 err=13384
[ERR] seq=1619364165 err=13312
[ERR] seq=1619364166 err=13256
[ERR] seq=1619364167 err=13184
[SEU] addr=200031CE bit=00000004
[ERR] seq=1619364168 err=13120
[ERR] seq=1619364169 err=13040
[ERR] seq=1619364170 err=12960
[SEU] addr=20003196 bit=00000006
[ERR] seq=1619364171 err=12872
[ERR] seq=1619364172 err=12792
[ERR] seq=1619364173 err=12696
[ERR] seq=1619364174 err=12624
[ERR] seq=1619364175 err=12512
[ERR] seq=1619364176 err=12408
[ERR] seq=1619364177 err=12320
[ERR] seq=1619364178 err=12216
[SEU] addr=200031C0 bit=00000003
[ERR] seq=1619364179 err=12096
[ERR] seq=1619364180 err=11984
[SEU] addr=2000319C bit=00000006
[ERR] seq=1619364181 err=11872
[ERR] seq=1619364182 err=11744
[ERR] seq=1619364183 err=11624
[ERR] seq=1619364184 err=11504
[ERR] seq=1619364185 err=11352
[SEU] addr=2000315E bit=00000006
[CMD QUEUE backup CORRUPTED] backup repaired
[ERR] seq=1619364186 err=11240
[ERR] seq=1619364187 err=11112
[ERR] seq=1619364188 err=10952
[SEU] addr=20003154 bit=00000004
[CMD QUEUE CORRUPTED] primary repaired
[ERR] seq=1619364189 err=10824
[ERR] seq=1619364190 err=10664
[ERR] seq=1619364191 err=10544
[ERR] seq=1619364192 err=10376
[SEU] addr=200031CE bit=00000006
[ERR] seq=1619364193 err=10208
[ERR] seq=1619364194 err=10064
[ERR] seq=1619364195 err=9912
[ERR] seq=1619364196 err=9736
[ERR] seq=1619364197 err=9568
[ERR] seq=1619364198 err=9416
[SEU] addr=20003195 bit=00000001
[ERR] seq=1619364199 err=9240
[ERR] seq=1619364200 err=9056
[SEU] addr=20003168 bit=00000006
[ERR] seq=1619364201 err=8880
[ERR] seq=1619364202 err=8688
[ERR] seq=1619364203 err=8520
[ERR] seq=1619364204 err=8320
[ERR] seq=1619364205 err=8136
[ERR] seq=1619364206 err=7928
[ERR] seq=1619364207 err=7760
[SEU] addr=2000314E bit=00000002
[SAMPLE QUEUE backup CORRUPTED] backup repaired
[ERR] seq=1619364208 err=7544
[ERR] seq=1619364209 err=7336
[ERR] seq=1619364210 err=7144
[SEU] addr=200031A5 bit=00000005
[ERR] seq=1619364211 err=6952
[ERR] seq=1619364212 err=6728
[ERR] seq=1619364213 err=6528
[ERR] seq=1619364214 err=6320
[ERR] seq=1619364215 err=6104
[SEU] addr=200031A2 bit=00000002
[ERR] seq=1619364216 err=5880
[ERR] seq=1619364217 err=5664
[ERR] seq=1619364218 err=5456
[ERR] seq=1619364219 err=5216
[ERR] seq=1619364220 err=5024
[ERR] seq=1619364221 err=4792
[ERR] seq=1619364222 err=4552
[ERR] seq=1619364223 err=4344
[SEU] addr=20003175 bit=00000007
[ERR] seq=1619364224 err=4104
[SEU] addr=20003178 bit=00000002
[ERR] seq=1619364225 err=3872
[SEU] addr=20003188 bit=00000001
[ERR] seq=1619364226 err=3664
[ERR] seq=1619364227 err=3400
[ERR] seq=1619364228 err=3208
[SEU] addr=20003153 bit=00000003
[ERR] seq=1619364229 err=2944
[SEU] addr=200031A8 bit=00000007
[ERR] seq=1619364230 err=2728
[ERR] seq=1619364231 err=2472
[ERR] seq=1619364232 err=2264
[ERR] seq=1619364233 err=1992
[ERR] seq=1619364234 err=1792
[ERR] seq=1619364235 err=1560
[ERR] seq=1619364236 err=1328
[ERR] seq=1619364237 err=1096
[ERR] seq=1619364238 err=1176
[SEU] addr=2000319C bit=00000005
[ERR] seq=1619364239 err=1312
[ERR] seq=1619364240 err=1712
[SEU] addr=2000315C bit=00000002
[CMD QUEUE backup CORRUPTED] backup repaired
[ERR] seq=1619364241 err=1848
[ERR] seq=1619364242 err=2008
[SEU] addr=20003154 bit=00000002
[CMD QUEUE CORRUPTED] primary repaired
[ERR] seq=1619364243 err=2160
[ERR] seq=1619364244 err=2320
[ERR] seq=1619364245 err=2448
[ERR] seq=1619364246 err=2608
[SEU] addr=200031D1 bit=00000007
[ERR] seq=1619364247 err=2752
[ERR] seq=1619364248 err=2896
[ERR] seq=1619364249 err=3056
[SEU] addr=2000314F bit=00000006
[SAMPLE QUEUE backup CORRUPTED] backup repaired
[ERR] seq=1619364250 err=3184
[ERR] seq=1619364251 err=3336
[SEU] addr=20003174 bit=00000006
[ERR] seq=1619364252 err=3488
[ERR] seq=1619364253 err=3624
[ERR] seq=1619364254 err=3752
[ERR] seq=1619364255 err=3928
[SEU] addr=200031B2 bit=00000002
[ERR] seq=1619364256 err=4048
[ERR] seq=1619364257 err=4208
[ERR] seq=1619364258 err=4320
[ERR] seq=1619364259 err=4472
[ERR] seq=1619364260 err=4632
[ERR] seq=1619364261 err=4792
[ERR] seq=1619364262 err=5008
[ERR] seq=1619364263 err=5216
[SEU] addr=20003150 bit=00000001
[SAMPLE QUEUE backup CORRUPTED] backup repaired
[ERR] seq=1619364264 err=5424
[ERR] seq=1619364265 err=5648
[ERR] seq=1619364266 err=5856
[ERR] seq=1619364267 err=6056
[ERR] seq=1619364268 err=6272
[ERR] seq=1619364269 err=6480
[ERR] seq=1619364270 err=6648
[ERR] seq=1619364271 err=6872
[ERR] seq=1619364272 err=7064
[SEU] addr=20003159 bit=00000006
[ERR] seq=1619364273 err=7240
[ERR] seq=1619364274 err=7448
[ERR] seq=1619364275 err=7616
[ERR] seq=1619364276 err=7808
[ERR] seq=1619364277 err=7992
[ERR] seq=1619364278 err=8152
[ERR] seq=1619364279 err=8352
[SEU] addr=200031D2 bit=00000002
[ERR] seq=1619364280 err=8520
[ERR] seq=1619364281 err=8688
[ERR] seq=1619364282 err=8856
[ERR] seq=1619364283 err=9008
[ERR] seq=1619364284 err=9192
[ERR] seq=1619364285 err=9336
[ERR] seq=1619364286 err=9472
[ERR] seq=1619364287 err=9640
[ERR] seq=1619364288 err=9792
[ERR] seq=1619364289 err=9928
[SEU] addr=200031AA bit=00000001
[ERR] seq=1619364290 err=10080
[ERR] seq=1619364291 err=10208
[ERR] seq=1619364292 err=10352
[ERR] seq=1619364293 err=10472
[ERR] seq=1619364294 err=10624
[ERR] seq=1619364295 err=10728
[SEU] addr=20003178 bit=00000006
[ERR] seq=1619364296 err=10832
[ERR] seq=1619364297 err=10968
[ERR] seq=1619364298 err=11080
[SEU] addr=200031B5 bit=00000002
[ERR] seq=1619364299 err=11184
[ERR] seq=1619364300 err=11312
[ERR] seq=1619364301 err=11408
[ERR] seq=1619364302 err=11512
[ERR] seq=1619364303 err=11600
[ERR] seq=1619364304 err=11696
[ERR] seq=1619364305 err=11792
[ERR] seq=1619364306 err=11864
[ERR] seq=1619364307 err=11944
[SEU] addr=200031CF bit=00000000
[ERR] seq=1619364308 err=12040
[ERR] seq=1619364309 err=12112
[ERR] seq=1619364310 err=12184
[ERR] seq=1619364311 err=12232
[ERR] seq=1619364312 err=12312
[ERR] seq=1619364313 err=12392
[SEU] addr=20003182 bit=00000004
[ERR] seq=1619364314 err=12408
[SEU] addr=200031BB bit=00000002
[ERR] seq=1619364315 err=12496
[ERR] seq=1619364316 err=12528
[ERR] seq=1619364317 err=12552
[ERR] seq=1619364318 err=12608
[ERR] seq=1619364319 err=12640
[ERR] seq=1619364320 err=12664
[SEU] addr=200031D2 bit=00000005
[ERR] seq=1619364321 err=12704
[ERR] seq=1619364322 err=12712
[ERR] seq=1619364323 err=12736
[ERR] seq=1619364324 err=12744
[ERR] seq=1619364325 err=12768
[SEU] addr=200031AA bit=00000007
[ERR] seq=1619364326 err=12768
[ERR] seq=1619364327 err=12776
[ERR] seq=1619364328 err=12760
[ERR] seq=1619364329 err=12776
[ERR] seq=1619364330 err=12768
[ERR] seq=1619364331 err=12768
[ERR] seq=1619364332 err=12744
[SEU] addr=200031BA bit=00000003
[ERR] seq=1619364333 err=12736
[ERR] seq=1619364334 err=12720
[ERR] seq=1619364335 err=12688
[ERR] seq=1619364336 err=12672
[SEU] addr=2000315C bit=00000000
[CMD QUEUE backup CORRUPTED] backup repaired
[ERR] seq=1619364337 err=12632
[ERR] seq=1619364338 err=12584
[ERR] seq=1619364339 err=12560
[ERR] seq=1619364340 err=12520
[ERR] seq=1619364341 err=12464
[ERR] seq=1619364342 err=12424
[SEU] addr=20003161 bit=00000000
[ERR] seq=1619364343 err=12360
[ERR] seq=1619364344 err=12288
[ERR] seq=1619364345 err=12232
[ERR] seq=1619364346 err=12152
[ERR] seq=1619364347 err=12088
[ERR] seq=1619364348 err=12008
[ERR] seq=1619364349 err=11928
[ERR] seq=1619364350 err=11848
[SEU] addr=200031CD bit=00000002
[ERR] seq=1619364351 err=11760
[ERR] seq=1619364352 err=7576
[ERR] seq=1619364353 err=7792
[ERR] seq=1619364354 err=7360
[ERR] seq=1619364355 err=7304
[ERR] seq=1619364356 err=7168
[ERR] seq=1619364357 err=7064
[ERR] seq=1619364358 err=6944
[SEU] addr=20003150 bit=00000005
[SAMPLE QUEUE backup CORRUPTED] backup repaired
[ERR] seq=1619364359 err=6824
[ERR] seq=1619364360 err=6704
[ERR] seq=1619364361 err=6592
[SEU] addr=20003178 bit=00000007
[ERR] seq=1619364362 err=6472
[ERR] seq=1619364363 err=6344
[ERR] seq=1619364364 err=6200
[SEU] addr=200031B5 bit=00000001
[ERR] seq=1619364365 err=6064
[ERR] seq=1619364366 err=5928
[ERR] seq=1619364367 err=5792
[ERR] seq=1619364368 err=5632
[ERR] seq=1619364369 err=5480
[SEU] addr=2000315D bit=00000006
[CMD QUEUE backup CORRUPTED] backup repaired
[ERR] seq=1619364370 err=5344
[ERR] seq=1619364371 err=5176
[ERR] seq=1619364372 err=5024
[ERR] seq=1619364373 err=4848
[ERR] seq=1619364374 err=4704
[SEU] addr=2000318A bit=00000000
[ERR] seq=1619364375 err=522352
[ERR] seq=1619364376 err=46296
[ERR] seq=1619364377 err=43384
[ERR] seq=1619364378 err=10968
[ERR] seq=1619364379 err=2304
[ERR] seq=1619364380 err=10680
[ERR] seq=1619364381 err=8696
[ERR] seq=1619364382 err=9560
[ERR] seq=1619364383 err=9136
[ERR] seq=1619364384 err=9056
[SEU] addr=200031A0 bit=00000001
[ERR] seq=1619364385 err=8824
[ERR] seq=1619364386 err=8640
[ERR] seq=1619364387 err=8448
[ERR] seq=1619364388 err=8232
[ERR] seq=1619364389 err=8024
[ERR] seq=1619364390 err=7816
[ERR] seq=1619364391 err=7608
[ERR] seq=1619364392 err=7384
[ERR] seq=1619364393 err=7200
[SEU] addr=200031BB bit=00000000
[ERR] seq=1619364394 err=6960
[ERR] seq=1619364395 err=6760
[ERR] seq=1619364396 err=6536
[SEU] addr=200031B8 bit=00000005
[ERR] seq=1619364397 err=6280
[ERR] seq=1619364398 err=6096
[SEU] addr=20003193 bit=00000006
[ERR] seq=1619364399 err=5864
[ERR] seq=1619364400 err=5648
[ERR] seq=1619364401 err=5416
[ERR] seq=1619364402 err=5184
[ERR] seq=1619364403 err=4976
[ERR] seq=1619364404 err=4728
[SEU] addr=2000318B bit=00000000
[ERR] seq=1619364405 err=134218408
[ERR] seq=1619364406 err=10741704
[ERR] seq=1619364407 err=11597128
[ERR] seq=1619364408 err=1790528
[ERR] seq=1619364409 err=1071408
[ERR] seq=1619364410 err=231936
[ERR] seq=1619364411 err=104728
[ERR] seq=1619364412 err=29112
[ERR] seq=1619364413 err=11312
[SEU] addr=2000315B bit=00000007
[ERR] seq=1619364414 err=5032
[SEU] addr=200031D2 bit=00000000
[ERR] seq=1619364415 err=2000
[ERR] seq=1619364416 err=1904
[SEU] addr=200031B5 bit=00000001
[ERR] seq=1619364417 err=1240
[ERR] seq=1619364418 err=1160
[ERR] seq=1619364419 err=1104
[ERR] seq=1619364420 err=1256
[ERR] seq=1619364421 err=1384
[SEU] addr=20003150 bit=00000000
[SAMPLE QUEUE backup CORRUPTED] backup repaired
[ERR] seq=1619364422 err=1552
[ERR] seq=1619364423 err=1680
[ERR] seq=1619364424 err=1832
[ERR] seq=1619364425 err=1984
[ERR] seq=1619364426 err=2128
[ERR] seq=1619364427 err=2288
[ERR] seq=1619364428 err=2424
[ERR] seq=1619364429 err=2560
[SEU] addr=2000318A bit=00000001
[ERR] seq=1619364430 err=1051304
[ERR] seq=1619364431 err=83552
[ERR] seq=1619364432 err=93616
[SEU] addr=2000314E bit=00000004
[SAMPLE QUEUE backup CORRUPTED] backup repaired
[ERR] seq=1619364433 err=13408
[ERR] seq=1619364434 err=11672
[ERR] seq=1619364435 err=1664
[ERR] seq=1619364436 err=4392
[ERR] seq=1619364437 err=3536
[ERR] seq=1619364438 err=3936
[ERR] seq=1619364439 err=3992
[SEU] addr=200031D5 bit=00000001
[ERR] seq=1619363928 err=2296
[ERR] seq=1619363929 err=1792
[ERR] seq=1619363930 err=2272
[SEU] addr=2000316A bit=00000007
[ERR] seq=1619363931 err=2144
[ERR] seq=1619363932 err=2168
[ERR] seq=1619363933 err=2104
[ERR] seq=1619363934 err=2088
[SEU] addr=2000315F bit=00000002
[CMD QUEUE backup CORRUPTED] backup repaired
[ERR] seq=1619363935 err=2032
[SEU] addr=2000318A bit=00000000
[ERR] seq=1619363936 err=524080
[ERR] seq=1619363937 err=43888
[ERR] seq=1619363938 err=45096
[ERR] seq=1619363939 err=8840
[ERR] seq=1619363940 err=3984
[ERR] seq=1619363941 err=2688
[ERR] seq=1619363942 err=1368
[ERR] seq=1619363943 err=1816
[SEU] addr=20003197 bit=00000000
[ERR] seq=1619363944 err=1632
[ERR] seq=1619363945 err=1640
[ERR] seq=1619363946 err=1592
[ERR] seq=1619363947 err=1544
[ERR] seq=1619363948 err=1504
[SEU] addr=20003189 bit=00000003
[ERR] seq=1619363949 err=17848
[ERR] seq=1619363950 err=1160
[ERR] seq=1619363951 err=2792
[ERR] seq=1619363952 err=1120
[ERR] seq=1619363953 err=1432
[SEU] addr=200031BF bit=00000005
[ERR] seq=1619363954 err=1216
[ERR] seq=1619363955 err=1232
[ERR] seq=1619363956 err=1176
[ERR] seq=1619363957 err=1120
[ERR] seq=1619363958 err=1096
[ERR] seq=1619363959 err=1040
[ERR] seq=1619363960 err=1008
[SEU] addr=200031AF bit=00000005
[ERR] seq=1619363961 err=944
[ERR] seq=1619363962 err=904
[ERR] seq=1619363963 err=856
[ERR] seq=1619363964 err=824
[ERR] seq=1619363965 err=768
[ERR] seq=1619363966 err=728
[ERR] seq=1619363967 err=704
[ERR] seq=1619363968 err=648
[SEU] addr=2000315B bit=00000004
[ERR] seq=1619363969 err=616
[ERR] seq=1619363970 err=576
[ERR] seq=1619363971 err=544
[ERR] seq=1619363972 err=488
[ERR] seq=1619363973 err=456
[SEU] addr=200031BF bit=00000005
[ERR] seq=1619363974 err=424
[ERR] seq=1619363975 err=376
[ERR] seq=1619363976 err=336
[ERR] seq=1619363977 err=320
[ERR] seq=1619363978 err=256
[ERR] seq=1619363979 err=232
[ERR] seq=1619363980 err=208
[ERR] seq=1619363981 err=160
[SEU] addr=20003180 bit=00000003
[ERR] seq=1619363982 err=136
[ERR] seq=1619363983 err=104
[ERR] seq=1619363984 err=56
[ERR] seq=1619363985 err=40
[ERR] seq=1619363986 err=16
[SEU] addr=2000316A bit=00000002
[ERR] seq=1619363987 err=48
[SEU] addr=20003180 bit=00000006
[ERR] seq=1619363988 err=80
[ERR] seq=1619363989 err=120
[ERR] seq=1619363990 err=160
[ERR] seq=1619363991 err=200
[ERR] seq=1619363992 err=232
[SEU] addr=2000315F bit=00000000
[CMD QUEUE backup CORRUPTED] backup repaired
[ERR] seq=1619363993 err=264
[ERR] seq=1619363994 err=296
[ERR] seq=1619363995 err=336
[ERR] seq=1619363996 err=360
[ERR] seq=1619363997 err=400
[ERR] seq=1619363998 err=416
[ERR] seq=1619363999 err=472
[ERR] seq=1619364000 err=512
[ERR] seq=1619364001 err=528
[SEU] addr=2000319A bit=00000004
[ERR] seq=1619364002 err=560
[ERR] seq=1619364003 err=600
[ERR] seq=1619364004 err=608
[ERR] seq=1619364005 err=648
[ERR] seq=1619364006 err=680
[ERR] seq=1619364007 err=712
[ERR] seq=1619364008 err=728
[ERR] seq=1619364009 err=768
[SEU] addr=200031C3 bit=00000002
[ERR] seq=1619364010 err=776
[SEU] addr=20003193 bit=00000006
[ERR] seq=1619364011 err=824
[ERR] seq=1619364012 err=840
[ERR] seq=1619364013 err=872
[ERR] seq=1619364014 err=896
[ERR] seq=1619364015 err=920
[ERR] seq=1619364016 err=960
[ERR] seq=1619364017 err=960
[ERR] seq=1619364018 err=1000
[ERR] seq=1619364019 err=1008
[SEU] addr=20003195 bit=00000005
[ERR] seq=1619364020 err=1048
[SEU] addr=200031CA bit=00000006
[ERR] seq=1619364021 err=1064
[ERR] seq=1619364022 err=1088
[ERR] seq=1619364023 err=1112
[SEU] addr=20003149 bit=00000001
[ERR] seq=1619364024 err=1128
[SEU] addr=20003172 bit=00000006
[ERR] seq=1619364025 err=1152
[ERR] seq=1619364026 err=1176
[SEU] addr=20003157 bit=00000004
[CMD QUEUE CORRUPTED] primary repaired
[ERR] seq=1619364027 err=1200
[ERR] seq=1619364028 err=1224
[ERR] seq=1619364029 err=1248
[SEU] addr=20003190 bit=00000001
[ERR] seq=1619364030 err=1248
[ERR] seq=1619364031 err=1280
[ERR] seq=1619364032 err=1312
[ERR] seq=1619364033 err=1312
[ERR] seq=1619364034 err=1360
[ERR] seq=1619364035 err=1368
[ERR] seq=1619364036 err=1376
[ERR] seq=1619364037 err=1416
[ERR] seq=1619364038 err=1416
[SEU] addr=20003169 bit=00000006
[ERR] seq=1619364039 err=1440
[ERR] seq=1619364040 err=1456
[ERR] seq=1619364041 err=1472
[ERR] seq=1619364042 err=1504
[ERR] seq=1619364043 err=1496
[ERR] seq=1619364044 err=1536
[ERR] seq=1619364045 err=1544
[ERR] seq=1619364046 err=1560
[ERR] seq=1619364047 err=1576
[SEU] addr=20003196 bit=00000002
[ERR] seq=1619364048 err=1584
[ERR] seq=1619364049 err=1592
[ERR] seq=1619364050 err=1600
[ERR] seq=1619364051 err=1632
[ERR] seq=1619364052 err=1632
[SEU] addr=2000314B bit=00000006
[ERR] seq=1619364053 err=1648
[ERR] seq=1619364054 err=1640
[ERR] seq=1619364055 err=1672
[ERR] seq=1619364056 err=1672
[ERR] seq=1619364057 err=1696
[ERR] seq=1619364058 err=1688
[ERR] seq=1619364059 err=1720
[ERR] seq=1619364060 err=1720
[ERR] seq=1619364061 err=1736
[SEU] addr=20003181 bit=00000000
[ERR] seq=1619364062 err=1728
[ERR] seq=1619364063 err=1728
[ERR] seq=1619364064 err=1736
[ERR] seq=1619364065 err=1744
[ERR] seq=1619364066 err=1760
[ERR] seq=1619364067 err=1752
[ERR] seq=1619364068 err=1768
[ERR] seq=1619364069 err=1776
[SEU] addr=200031C9 bit=00000003
[ERR] seq=1619364070 err=1784
[ERR] seq=1619364071 err=1768
[SEU] addr=200031C7 bit=00000001
[ERR] seq=1619364072 err=1768
[ERR] seq=1619364073 err=1768
[ERR] seq=1619364074 err=1784
[ERR] seq=1619364075 err=1776
[ERR] seq=1619364076 err=1768
[ERR] seq=1619364077 err=1752
[ERR] seq=1619364078 err=1760
[ERR] seq=1619364079 err=1744
[SEU] addr=2000315C bit=00000006
[CMD QUEUE backup CORRUPTED] backup repaired
[ERR] seq=1619364080 err=1736
[ERR] seq=1619364081 err=1728
[ERR] seq=1619364082 err=1728
[ERR] seq=1619364083 err=1736
[ERR] seq=1619364084 err=1720
[ERR] seq=1619364085 err=1720
[ERR] seq=1619364086 err=1696
[ERR] seq=1619364087 err=1688
[ERR] seq=1619364088 err=1680
[SEU] addr=200031C2 bit=00000003
[ERR] seq=1619364089 err=1672
[ERR] seq=1619364090 err=1640
[ERR] seq=1619364091 err=1656
[ERR] seq=1619364092 err=1632
[ERR] seq=1619364093 err=1632
[ERR] seq=1619364094 err=1608
[ERR] seq=1619364095 err=1584
[ERR] seq=1619364096 err=3640
[ERR] seq=1619364097 err=3456
[ERR] seq=1619364098 err=3624
[SEU] addr=20003190 bit=00000003
[ERR] seq=1619364099 err=3648
[ERR] seq=1619364100 err=3584
[SEU] addr=200031B2 bit=00000007
[ERR] seq=1619364101 err=3568
[ERR] seq=1619364102 err=3552
[ERR] seq=1619364103 err=3520
[ERR] seq=1619364104 err=3512
[ERR] seq=1619364105 err=3480
[ERR] seq=1619364106 err=3472
[ERR] seq=1619364107 err=3464
[ERR] seq=1619364108 err=3424
[SEU] addr=2000318A bit=00000000
[ERR] seq=1619364109 err=527712
[ERR] seq=1619364110 err=39800
[ERR] seq=1619364111 err=48656
[ERR] seq=1619364112 err=4824
[ERR] seq=1619364113 err=7504
[ERR] seq=1619364114 err=2424
[SEU] addr=200031BA bit=00000005
[ERR] seq=1619364115 err=3704
[ERR] seq=1619364116 err=3168
[ERR] seq=1619364117 err=3288
[ERR] seq=1619364118 err=3216
[ERR] seq=1619364119 err=3216
[ERR] seq=1619364120 err=3184
[ERR] seq=1619364121 err=3160
[ERR] seq=1619364122 err=3144
[ERR] seq=1619364123 err=3120
[SEU] addr=2000317E bit=00000002
[ERR] seq=1619364124 err=1040
[ERR] seq=1619364125 err=1184
[ERR] seq=1619364126 err=984
[ERR] seq=1619364127 err=984
[ERR] seq=1619364128 err=968
[SEU] addr=200031B5 bit=00000003
[ERR] seq=1619364129 err=912
[ERR] seq=1619364130 err=912
[ERR] seq=1619364131 err=872
[ERR] seq=1619364132 err=840
[ERR] seq=1619364133 err=824
[SEU] addr=2000317C bit=00000007
[ERR] seq=1619364134 err=792
[ERR] seq=1619364135 err=768
[ERR] seq=1619364136 err=728
[ERR] seq=1619364137 err=728
[ERR] seq=1619364138 err=672
[ERR] seq=1619364139 err=656
[SEU] addr=20003153 bit=00000007
[ERR] seq=1619364140 err=616
[SEU] addr=20003162 bit=00000002
[ERR] seq=1619364141 err=600
[ERR] seq=1619364142 err=560
[SEU] addr=2000315F bit=00000002
[CMD QUEUE backup CORRUPTED] backup repaired
[ERR] seq=1619364143 err=544
[ERR] seq=1619364144 err=512
[ERR] seq=1619364145 err=472
[SEU] addr=20003152 bit=00000005
[ERR] seq=1619364146 err=440
[ERR] seq=1619364147 err=392
[ERR] seq=1619364148 err=368
[ERR] seq=1619364149 err=352
[ERR] seq=1619364150 err=296
[ERR] seq=1619364151 err=272
[ERR] seq=1619364152 err=232
[ERR] seq=1619364153 err=200
[ERR] seq=1619364154 err=168
[SEU] addr=20003166 bit=00000005
[ERR] seq=1619364155 err=120
[ERR] seq=1619364156 err=80
[ERR] seq=1619364157 err=48
[ERR] seq=1619364158 err=16
[ERR] seq=1619364159 err=40
[ERR] seq=1619364160 err=56
[ERR] seq=1619364161 err=104
[SEU] addr=20003181 bit=00000000
[ERR] seq=1619364162 err=128
[ERR] seq=1619364163 err=176
[ERR] seq=1619364164 err=200
[ERR] seq=1619364165 err=240
[SEU] addr=200031D6 bit=00000001
[ERR] seq=1619495238 err=1840
[ERR] seq=1619495239 err=1816
[ERR] seq=1619495240 err=2072
[ERR] seq=1619495241 err=2160
[ERR] seq=1619495242 err=2280
[ERR] seq=1619495243 err=2360
[SEU] addr=200031D0 bit=00000005
[ERR] seq=1619495244 err=2472
[ERR] seq=1619495245 err=2616
[ERR] seq=1619495246 err=2688
[ERR] seq=1619495247 err=2808
[ERR] seq=1619495248 err=2904
[ERR] seq=1619495249 err=3016
[ERR] seq=1619495250 err=3128
[ERR] seq=1619495251 err=3224
[ERR] seq=1619495252 err=3344
[SEU] addr=200031A4 bit=00000007
[ERR] seq=1619495253 err=3440
[ERR] seq=1619495254 err=3552
[ERR] seq=1619495255 err=3648
[SEU] addr=2000315B bit=00000005
[ERR] seq=1619495256 err=3752
[ERR] seq=1619495257 err=3872
[ERR] seq=1619495258 err=3960
[ERR] seq=1619495259 err=4072
[SEU] addr=20003172 bit=00000003
[ERR] seq=1619495260 err=4160
[ERR] seq=1619495261 err=4264
[ERR] seq=1619495262 err=4368
[ERR] seq=1619495263 err=4448
[SEU] addr=2000319E bit=00000002
[ERR] seq=1619495264 err=4544
[ERR] seq=1619495265 err=4656
[ERR] seq=1619495266 err=4744
[ERR] seq=1619495267 err=4832
[ERR] seq=1619495268 err=4896
[ERR] seq=1619495269 err=5008
[SEU] addr=2000319A bit=00000006
[ERR] seq=1619495270 err=5080
[ERR] seq=1619495271 err=5168
[ERR] seq=1619495272 err=5240
[ERR] seq=1619495273 err=5336
[SEU] addr=200031A3 bit=00000005
[ERR] seq=1619495274 err=5400
[ERR] seq=1619495275 err=5480
[ERR] seq=1619495276 err=5536
[SEU] addr=200031C3 bit=00000003
[ERR] seq=1619495277 err=5624
[ERR] seq=1619495278 err=5696
[SEU] addr=20003187 bit=00000005
[ERR] seq=1619495279 err=2000
[SEU] addr=20003152 bit=00000000
[ERR] seq=1619495280 err=6512
[ERR] seq=1619495281 err=5904
[ERR] seq=1619495282 err=6360
[ERR] seq=1619495283 err=6368
[ERR] seq=1619495284 err=6448
[ERR] seq=1619495285 err=6488
[SEU] addr=20003191 bit=00000002
[ERR] seq=1619495286 err=14752
[SEU] addr=2000315E bit=00000001
[CMD QUEUE backup CORRUPTED] backup repaired
[ERR] seq=1619495287 err=5960
[ERR] seq=1619495288 err=7344
[ERR] seq=1619495289 err=6600
[ERR] seq=1619495290 err=6816
[ERR] seq=1619495291 err=6776
[ERR] seq=1619495292 err=6816
[SEU] addr=200031B0 bit=00000007
[ERR] seq=1619495293 err=6872
[ERR] seq=1619495294 err=6904
[ERR] seq=1619495295 err=6944
[SEU] addr=2000316B bit=00000006
[ERR] seq=1619495296 err=6960
[ERR] seq=1619495297 err=6968
[ERR] seq=1619495298 err=7016
[ERR] seq=1619495299 err=7040
[ERR] seq=1619495300 err=7072
[ERR] seq=1619495301 err=7080
[SEU] addr=20003187 bit=00000006
[ERR] seq=1619495302 err=688
[ERR] seq=1619495303 err=7712
[SEU] addr=200031CA bit=00000000
[ERR] seq=1619495304 err=6472
[ERR] seq=1619495305 err=7232
[ERR] seq=1619495306 err=7088
[ERR] seq=1619495307 err=7152
[ERR] seq=1619495308 err=7136
[SEU] addr=2000316A bit=00000006
[ERR] seq=1619495309 err=7144
[ERR] seq=1619495310 err=7128
[ERR] seq=1619495311 err=7120
[ERR] seq=1619495312 err=7120
[ERR] seq=1619495313 err=7104
[ERR] seq=1619495314 err=7080
[ERR] seq=1619495315 err=7072
[ERR] seq=1619495316 err=7048
[ERR] seq=1619495317 err=7008
[SEU] addr=2000319A bit=00000007
[ERR] seq=1619495318 err=6976
[ERR] seq=1619495319 err=6968
[SEU] addr=200031B5 bit=00000001
[ERR] seq=1619495320 err=6944
[ERR] seq=1619495321 err=6912
[ERR] seq=1619495322 err=6880
[SEU] addr=200031C3 bit=00000000
[ERR] seq=1619495323 err=6824
[ERR] seq=1619495324 err=6792
[ERR] seq=1619495325 err=6752
[ERR] seq=1619495326 err=6712
[SEU] addr=20003180 bit=00000000
[ERR] seq=1619495327 err=6656
[ERR] seq=1619495328 err=6624
[ERR] seq=1619495329 err=6560
[ERR] seq=1619495330 err=6512
[ERR] seq=1619495331 err=6448
[SEU] addr=200031C6 bit=00000003
[ERR] seq=1619495332 err=6024
[ERR] seq=1619495333 err=6008
[ERR] seq=1619495334 err=5912
[ERR] seq=1619495335 err=5832
[ERR] seq=1619495336 err=5776
[ERR] seq=1619495337 err=5704
[SEU] addr=2000315F bit=00000002
[CMD QUEUE backup CORRUPTED] backup repaired
[ERR] seq=1619495338 err=5624
[ERR] seq=1619495339 err=5560
[ERR] seq=1619495340 err=5488
[ERR] seq=1619495341 err=5408
[ERR] seq=1619495342 err=5352
[ERR] seq=1619495343 err=5256
[ERR] seq=1619495344 err=5184
[SEU] addr=20003150 bit=00000002
[SAMPLE QUEUE backup CORRUPTED] backup repaired
[ERR] seq=1619495345 err=5088
[ERR] seq=1619495346 err=5024
[ERR] seq=1619495347 err=4912
[ERR] seq=1619495348 err=4848
[ERR] seq=1619495349 err=4752
[ERR] seq=1619495350 err=4664
[ERR] seq=1619495351 err=4568
[SEU] addr=20003159 bit=00000006
[ERR] seq=1619495352 err=4456
[ERR] seq=1619495353 err=4392
[ERR] seq=1619495354 err=4264
[ERR] seq=1619495355 err=4192
[ERR] seq=1619495356 err=4088
[ERR] seq=1619495357 err=3968
[ERR] seq=1619495358 err=3888
[ERR] seq=1619495359 err=3776
[SEU] addr=2000317F bit=00000007
[ERR] seq=1619495360 err=3664
[ERR] seq=1619495361 err=3560
[ERR] seq=1619495362 err=3472
[ERR] seq=1619495363 err=3344
[SEU] addr=20003196 bit=00000007
[ERR] seq=1619495364 err=3248
[ERR] seq=1619495365 err=3152
[ERR] seq=1619495366 err=3032
[ERR] seq=1619495367 err=2936
[ERR] seq=1619495368 err=2808
[ERR] seq=1619495369 err=2736
[ERR] seq=1619495370 err=2624
[ERR] seq=1619495371 err=2504
[ERR] seq=1619495372 err=2408
[ERR] seq=1619495373 err=2296
[SEU] addr=20003183 bit=00000005
[ERR] seq=1619495374 err=2200
[ERR] seq=1619495375 err=2096
[ERR] seq=1619495376 err=1992
[ERR] seq=1619495377 err=1872
[ERR] seq=1619495378 err=1776
[ERR] seq=1619495379 err=1688
[SEU] addr=20003160 bit=00000000
[CMD QUEUE backup CORRUPTED] backup repaired
[ERR] seq=1619495380 err=1576
[ERR] seq=1619495381 err=1472
[ERR] seq=1619495382 err=1360
[ERR] seq=1619495383 err=1280
[ERR] seq=1619495384 err=1136
[SEU] addr=20003182 bit=00000000
[ERR] seq=1619495385 err=1064
[ERR] seq=1619495386 err=952
[SEU] addr=20003198 bit=00000001
[ERR] seq=1619495387 err=848
[ERR] seq=1619495388 err=752
[ERR] seq=1619495389 err=640
[ERR] seq=1619495390 err=560
[SEU] addr=200031D4 bit=00000005
[ERR] seq=1619495423 err=1280
[ERR] seq=1619495424 err=5392
[ERR] seq=1619495425 err=5336
[ERR] seq=1619495426 err=5784
[ERR] seq=1619495427 err=5904
[SEU] addr=20003194 bit=00000004
[ERR] seq=1619495428 err=6040
[ERR] seq=1619495429 err=6208
[ERR] seq=1619495430 err=6312
[ERR] seq=1619495431 err=6440
[ERR] seq=1619495432 err=6592
[ERR] seq=1619495433 err=6712
[SEU] addr=20003168 bit=00000004
[ERR] seq=1619495434 err=6840
[ERR] seq=1619495435 err=6960
[ERR] seq=1619495436 err=7088
[ERR] seq=1619495437 err=7232
[ERR] seq=1619495438 err=7320
[ERR] seq=1619495439 err=7456
[ERR] seq=1619495440 err=7576
[ERR] seq=1619495441 err=7688
[ERR] seq=1619495442 err=7816
[SEU] addr=2000318D bit=00000002
[ERR] seq=1619495443 err=9944
[SEU] addr=200031D5 bit=00000002
[ERR] seq=1619496468 err=4432
[ERR] seq=1619496469 err=3416
[ERR] seq=1619496470 err=3944
[ERR] seq=1619496471 err=3848
[SEU] addr=200031B5 bit=00000000
[ERR] seq=1619496472 err=3928
[ERR] seq=1619496473 err=3968
[ERR] seq=1619496474 err=4016
[ERR] seq=1619496475 err=4072
[ERR] seq=1619496476 err=4096
[SEU] addr=20003196 bit=00000002
[ERR] seq=1619496477 err=4168
[ERR] seq=1619496478 err=4216
[ERR] seq=1619496479 err=4272
[ERR] seq=1619496480 err=4304
[ERR] seq=1619496481 err=4360
[ERR] seq=1619496482 err=4392
[ERR] seq=1619496483 err=4448
[SEU] addr=20003173 bit=00000003
[ERR] seq=1619496484 err=4480
[ERR] seq=1619496485 err=4520
[ERR] seq=1619496486 err=4576
[ERR] seq=1619496487 err=4624
[ERR] seq=1619496488 err=4656
[SEU] addr=20003193 bit=00000000
[ERR] seq=1619496489 err=134222440
[ERR] seq=1619496490 err=10741856
[ERR] seq=1619496491 err=11601200
[ERR] seq=1619496492 err=1791176
[ERR] seq=1619496493 err=1075512
[ERR] seq=1619496494 err=233128
[SEU] addr=20003185 bit=00000000
[ERR] seq=1619496495 err=108360
[ERR] seq=1619496496 err=31176
[ERR] seq=1619496497 err=15400
[ERR] seq=1619496498 err=7592
[ERR] seq=1619496499 err=6144
[ERR] seq=1619496500 err=5000
[ERR] seq=1619496501 err=5256
[SEU] addr=20003197 bit=00000007
[ERR] seq=1619496502 err=5160
[ERR] seq=1619496503 err=5232
[ERR] seq=1619496504 err=5264
[ERR] seq=1619496505 err=5288
[ERR] seq=1619496506 err=5320
[ERR] seq=1619496507 err=5352
[ERR] seq=1619496508 err=1272
[ERR] seq=1619496509 err=1656
[SEU] addr=20003161 bit=00000004
[ERR] seq=1619496510 err=1328
[ERR] seq=1619496511 err=1408
[ERR] seq=1619496512 err=1424
[ERR] seq=1619496513 err=1448
[ERR] seq=1619496514 err=1480
[ERR] seq=1619496515 err=1496
[SEU] addr=20003182 bit=00000001
[ERR] seq=1619496516 err=1528
[ERR] seq=1619496517 err=1560
[ERR] seq=1619496518 err=1584
[ERR] seq=1619496519 err=1608
[SEU] addr=200031B3 bit=00000005
[ERR] seq=1619496520 err=1640
[ERR] seq=1619496521 err=1664
[SEU] addr=2000318A bit=00000002
[ERR] seq=1619496522 err=2098856
[ERR] seq=1619496523 err=167656
[ERR] seq=1619496524 err=182928
[ERR] seq=1619496525 err=27792
[ERR] seq=1619496526 err=18504
[ERR] seq=1619496527 err=3440
[SEU] addr=200031A2 bit=00000003
[ERR] seq=1619496528 err=3440
[ERR] seq=1619496529 err=1440
[ERR] seq=1619496530 err=2040
[ERR] seq=1619496531 err=1848
[ERR] seq=1619496532 err=1936
[ERR] seq=1619496533 err=1928
[ERR] seq=1619496534 err=1944
[SEU] addr=200031A2 bit=00000004
[ERR] seq=1619496535 err=1976
[ERR] seq=1619496536 err=1992
[ERR] seq=1619496537 err=2008
[ERR] seq=1619496538 err=2008
[ERR] seq=1619496539 err=2056
[ERR] seq=1619496540 err=2040
[ERR] seq=1619496541 err=2088
[ERR] seq=1619496542 err=2056
[ERR] seq=1619496543 err=2080
[SEU] addr=20003156 bit=00000005
[CMD QUEUE CORRUPTED] primary repaired
[ERR] seq=1619496544 err=2104
[SEU] addr=20003170 bit=00000007
[ERR] seq=1619496545 err=2096
[ERR] seq=1619496546 err=2128
[ERR] seq=1619496547 err=2128
[ERR] seq=1619496548 err=2144
[ERR] seq=1619496549 err=2144
[ERR] seq=1619496550 err=2160
[ERR] seq=1619496551 err=2160
[ERR] seq=1619496552 err=2152
[SEU] addr=200031BE bit=00000003
[ERR] seq=1619496553 err=2160
[ERR] seq=1619496554 err=2168
[ERR] seq=1619496555 err=2176
[ERR] seq=1619496556 err=2168
[ERR] seq=1619496557 err=2176
[ERR] seq=1619496558 err=2168
[SEU] addr=200031D1 bit=00000002
[ERR] seq=1619496559 err=2160
[ERR] seq=1619496560 err=2152
[ERR] seq=1619496561 err=2160
[ERR] seq=1619496562 err=2160
[ERR] seq=1619496563 err=2144
[ERR] seq=1619496564 err=2144
[ERR] seq=1619496565 err=2128
[ERR] seq=1619496566 err=2128
[ERR] seq=1619496567 err=2096
[SEU] addr=20003164 bit=00000005
[ERR] seq=1619496568 err=2104
[ERR] seq=1619496569 err=2080
[ERR] seq=1619496570 err=2072
[ERR] seq=1619496571 err=2080
[ERR] seq=1619496572 err=2048
[ERR] seq=1619496573 err=2056
[SEU] addr=20003150 bit=00000007
[SAMPLE QUEUE backup CORRUPTED] backup repaired
[ERR] seq=1619496574 err=2008
[ERR] seq=1619496575 err=2016
[ERR] seq=1619496576 err=1992
[ERR] seq=1619496577 err=1984
[ERR] seq=1619496578 err=1936
[ERR] seq=1619496579 err=1944
[ERR] seq=1619496580 err=1920
[ERR] seq=1619496581 err=1904
[ERR] seq=1619496582 err=1880
[SEU] addr=200031C2 bit=00000007
[ERR] seq=1619496583 err=1840
[ERR] seq=1619496584 err=1848
[ERR] seq=1619496585 err=1816
[ERR] seq=1619496586 err=1784
[ERR] seq=1619496587 err=1768
[SEU] addr=200031CC bit=00000004
[ERR] seq=1619496588 err=1744
[ERR] seq=1619496589 err=1720
[ERR] seq=1619496590 err=1704
[SEU] addr=20003186 bit=00000001
[ERR] seq=1619496591 err=1288
[ERR] seq=1619496592 err=1864
[ERR] seq=1619496593 err=1376
[ERR] seq=1619496594 err=1624
[ERR] seq=1619496595 err=1544
[ERR] seq=1619496596 err=1536
[ERR] seq=1619496597 err=1504
[SEU] addr=2000314C bit=00000007
[SAMPLE QUEUE backup CORRUPTED] backup repaired
[ERR] seq=1619496598 err=1480
[ERR] seq=1619496599 err=1464
[ERR] seq=1619496600 err=1432
[ERR] seq=1619496601 err=1376
[SEU] addr=20003163 bit=00000006
[ERR] seq=1619496602 err=1368
[ERR] seq=1619496603 err=1328
[ERR] seq=1619496604 err=1280
[ERR] seq=1619496605 err=1264
[ERR] seq=1619496606 err=1224
[ERR] seq=1619496607 err=1192
[ERR] seq=1619496608 err=1168
[ERR] seq=1619496609 err=1128
[SEU] addr=200031AC bit=00000003
[ERR] seq=1619496610 err=1112
[ERR] seq=1619496611 err=1064
[SEU] addr=20003167 bit=00000007
[ERR] seq=1619496612 err=1024
[ERR] seq=1619496613 err=992
[SEU] addr=200031D0 bit=00000006
[ERR] seq=1619496614 err=960
[ERR] seq=1619496615 err=920
[ERR] seq=1619496616 err=896
[ERR] seq=1619496617 err=856
[SEU] addr=2000315C bit=00000007
[CMD QUEUE backup CORRUPTED] backup repaired
[ERR] seq=1619496618 err=800
[ERR] seq=1619496619 err=776
[ERR] seq=1619496620 err=728
[ERR] seq=1619496621 err=720
[ERR] seq=1619496622 err=656
[ERR] seq=1619496623 err=616
[ERR] seq=1619496624 err=568
[SEU] addr=20003161 bit=00000002
[ERR] seq=1619496625 err=536
[ERR] seq=1619496626 err=480
[ERR] seq=1619496627 err=432
[ERR] seq=1619496628 err=392
[ERR] seq=1619496629 err=368
[ERR] seq=1619496630 err=312
[ERR] seq=1619496631 err=264
[ERR] seq=1619496632 err=216
[ERR] seq=1619496633 err=184
[SEU] addr=2000316A bit=00000002
[ERR] seq=1619496634 err=120
[ERR] seq=1619496635 err=72
[ERR] seq=1619496636 err=56
[ERR] seq=1619496637 err=72
[ERR] seq=1619496638 err=112
[ERR] seq=1619496639 err=136
[ERR] seq=1619496640 err=168
[SEU] addr=2000314F bit=00000001
[SAMPLE QUEUE backup CORRUPTED] backup repaired
[ERR] seq=1619496641 err=216
[ERR] seq=1619496642 err=264
[ERR] seq=1619496643 err=328
[ERR] seq=1619496644 err=352
[ERR] seq=1619496645 err=424
[SEU] addr=200031A6 bit=00000000
[ERR] seq=1619496646 err=480
[ERR] seq=1619496647 err=528
[ERR] seq=1619496648 err=568
[ERR] seq=1619496649 err=656
[ERR] seq=1619496650 err=688
[ERR] seq=1619496651 err=736
[ERR] seq=1619496652 err=808
[ERR] seq=1619496653 err=864
[ERR] seq=1619496654 err=912
[ERR] seq=1619496655 err=960
[SEU] addr=200031C9 bit=00000000
[ERR] seq=1619496656 err=1040
[ERR] seq=1619496657 err=1088
[ERR] seq=1619496658 err=1128
[ERR] seq=1619496659 err=1208
[ERR] seq=1619496660 err=1256
[ERR] seq=1619496661 err=1320
[SEU] addr=20003199 bit=00000001
[ERR] seq=1619496662 err=1360
[ERR] seq=1619496663 err=1440
[ERR] seq=1619496664 err=1472
[ERR] seq=1619496665 err=1560
[ERR] seq=1619496666 err=1616
[ERR] seq=1619496667 err=1672
[ERR] seq=1619496668 err=1736
[ERR] seq=1619496669 err=1792
[ERR] seq=1619496670 err=1848
[ERR] seq=1619496671 err=1896
[SEU] addr=200031A5 bit=00000001
[ERR] seq=1619496672 err=1984
[ERR] seq=1619496673 err=2040
[ERR] seq=1619496674 err=2096
[ERR] seq=1619496675 err=2160
[ERR] seq=1619496676 err=2208
[SEU] addr=200031AF bit=00000001
[ERR] seq=1619496677 err=2280
[ERR] seq=1619496678 err=2336
[ERR] seq=1619496679 err=2392
[ERR] seq=1619496680 err=2432
[ERR] seq=1619496681 err=2512
[ERR] seq=1619496682 err=2568
[ERR] seq=1619496683 err=2608
[ERR] seq=1619496684 err=2664
[SEU] addr=200031BA bit=00000007
[ERR] seq=1619496685 err=2752
[ERR] seq=1619496686 err=2792
[ERR] seq=1619496687 err=2848
[ERR] seq=1619496688 err=2912
[ERR] seq=1619496689 err=2952
[ERR] seq=1619496690 err=3024
[ERR] seq=1619496691 err=3064
[SEU] addr=2000314C bit=00000003
[SAMPLE QUEUE backup CORRUPTED] backup repaired
[ERR] seq=1619496692 err=3128
[ERR] seq=1619496693 err=3176
[ERR] seq=1619496694 err=3232
[SEU] addr=20003181 bit=00000003
[ERR] seq=1619496695 err=3280
[ERR] seq=1619496696 err=3320
[ERR] seq=1619496697 err=3392
[ERR] seq=1619496698 err=3440
[ERR] seq=1619496699 err=3504
[ERR] seq=1619496700 err=3520
[ERR] seq=1619496701 err=3584
[SEU] addr=20003147 bit=00000003
[SAMPLE QUEUE CORRUPTED] primary repaired
[ERR] seq=1619496702 err=3632
[ERR] seq=1619496703 err=3656
[ERR] seq=1619496704 err=1672
[ERR] seq=1619496705 err=1880
[SEU] addr=200031C8 bit=00000005
[ERR] seq=1619496706 err=1768
[ERR] seq=1619496707 err=1816
[ERR] seq=1619496708 err=1832
[ERR] seq=1619496709 err=1872
[ERR] seq=1619496710 err=1896
[ERR] seq=1619496711 err=1952
[ERR] seq=1619496712 err=1976
[SEU] addr=200031B8 bit=00000005
[ERR] seq=1619496713 err=1992
[ERR] seq=1619496714 err=2032
[ERR] seq=1619496715 err=2048
[ERR] seq=1619496716 err=2080
[ERR] seq=1619496717 err=2104
[ERR] seq=1619496718 err=2136
[ERR] seq=1619496719 err=2160
[SEU] addr=2000317D bit=00000005
[ERR] seq=1619496720 err=2552
[ERR] seq=1619496721 err=2520
[ERR] seq=1619496722 err=2584
[ERR] seq=1619496723 err=2584
[ERR] seq=1619496724 err=2616
[SEU] addr=20003148 bit=00000005
[SAMPLE QUEUE CORRUPTED] primary repaired
[ERR] seq=1619496725 err=2624
[ERR] seq=1619496726 err=2640
[ERR] seq=1619496727 err=2648
[ERR] seq=1619496728 err=2656
[ERR] seq=1619496729 err=2672
[SEU] addr=20003167 bit=00000004
[ERR] seq=1619496730 err=2664
[ERR] seq=1619496731 err=2680
[ERR] seq=1619496732 err=2672
[ERR] seq=1619496733 err=2672
[SEU] addr=20003173 bit=00000003
[ERR] seq=1619496734 err=2672
[ERR] seq=1619496735 err=2680
[ERR] seq=1619496736 err=2680
[ERR] seq=1619496737 err=2672
[ERR] seq=1619496738 err=2672
[ERR] seq=1619496739 err=2672
[ERR] seq=1619496740 err=2680
[ERR] seq=1619496741 err=2664
[ERR] seq=1619496742 err=2672
[SEU] addr=20003173 bit=00000003
[ERR] seq=1619496743 err=2656
[ERR] seq=1619496744 err=2648
[ERR] seq=1619496745 err=2640
[SEU] addr=200031CD bit=00000001
[ERR] seq=1619496746 err=2624
[ERR] seq=1619496747 err=2616
[ERR] seq=1619496748 err=2224
[ERR] seq=1619496749 err=2256
[ERR] seq=1619496750 err=2200
[ERR] seq=1619496751 err=2184
[SEU] addr=20003185 bit=00000006
[ERR] seq=1619496752 err=4984
[ERR] seq=1619496753 err=2680
[ERR] seq=1619496754 err=1696
[ERR] seq=1619496755 err=2160
[ERR] seq=1619496756 err=2024
[ERR] seq=1619496757 err=2024
[ERR] seq=1619496758 err=2000
[ERR] seq=1619496759 err=1992
[ERR] seq=1619496760 err=1952
[ERR] seq=1619496761 err=1912
[SEU] addr=200031C4 bit=00000002
[ERR] seq=1619496762 err=1880
[ERR] seq=1619496763 err=1832
[ERR] seq=1619496764 err=3864
[ERR] seq=1619496765 err=3656
[ERR] seq=1619496766 err=3784
[ERR] seq=1619496767 err=3712
[ERR] seq=1619496768 err=3672
[SEU] addr=20003151 bit=00000006
[ERR] seq=1619496769 err=3632
[ERR] seq=1619496770 err=3584
[ERR] seq=1619496771 err=3552
[ERR] seq=1619496772 err=3504
[ERR] seq=1619496773 err=3440
[ERR] seq=1619496774 err=3408
[ERR] seq=1619496775 err=3336
[SEU] addr=2000317F bit=00000003
[ERR] seq=1619496776 err=3280
[ERR] seq=1619496777 err=3232
[ERR] seq=1619496778 err=3200
[ERR] seq=1619496779 err=3128
[ERR] seq=1619496780 err=3064
[ERR] seq=1619496781 err=3040
[ERR] seq=1619496782 err=2968
[ERR] seq=1619496783 err=2912
[SEU] addr=200031AD bit=00000004
[ERR] seq=1619496784 err=2856
[ERR] seq=1619496785 err=2816
[SEU] addr=20003163 bit=00000001
[ERR] seq=1619496786 err=2752
[SEU] addr=20003153 bit=00000003
[ERR] seq=1619496787 err=2664
[ERR] seq=1619496788 err=2632
[ERR] seq=1619496789 err=2568
[ERR] seq=1619496790 err=2512
[ERR] seq=1619496791 err=2464
[ERR] seq=1619496792 err=2392
[ERR] seq=1619496793 err=2336
[ERR] seq=1619496794 err=2296
[ERR] seq=1619496795 err=2224
[SEU] addr=20003166 bit=00000004
[ERR] seq=1619496796 err=2160
[ERR] seq=1619496797 err=2096
[ERR] seq=1619496798 err=2064
[ERR] seq=1619496799 err=1984
[ERR] seq=1619496800 err=1904
[ERR] seq=1619496801 err=1872
[ERR] seq=1619496802 err=1792
[ERR] seq=1619496803 err=1744
[ERR] seq=1619496804 err=1696
[SEU] addr=200031BE bit=00000005
[ERR] seq=1619496805 err=1616
[ERR] seq=1619496806 err=1560
[ERR] seq=1619496807 err=1512
[ERR] seq=1619496808 err=1440
[ERR] seq=1619496809 err=1376
[ERR] seq=1619496810 err=1344
[SEU] addr=20003147 bit=00000000
[SAMPLE QUEUE CORRUPTED] primary repaired
[ERR] seq=1619496811 err=1280
[ERR] seq=1619496812 err=1216
[ERR] seq=1619496813 err=1176
[SEU] addr=2000314E bit=00000005
[SAMPLE QUEUE backup CORRUPTED] backup repaired
[ERR] seq=1619496814 err=1104
[ERR] seq=1619496815 err=1064
[ERR] seq=1619496816 err=992
[ERR] seq=1619496817 err=952
[ERR] seq=1619496818 err=880
[SEU] addr=20003173 bit=00000007
[ERR] seq=1619496819 err=840
[ERR] seq=1619496820 err=792
[SEU] addr=200031AA bit=00000000
[ERR] seq=1619496821 err=720
[ERR] seq=1619496822 err=688
[ERR] seq=1619496823 err=632
[ERR] seq=1619496824 err=568
[ERR] seq=1619496825 err=520
[ERR] seq=1619496826 err=456
[ERR] seq=1619496827 err=424
[ERR] seq=1619496828 err=368
[SEU] addr=200031B0 bit=00000000
[ERR] seq=1619496829 err=312
[ERR] seq=1619496830 err=280
[SEU] addr=200031D5 bit=00000001
[ERR] seq=1619496319 err=11912
[ERR] seq=1619496320 err=10872
[ERR] seq=1619496321 err=11824
[ERR] seq=1619496322 err=11568
[ERR] seq=1619496323 err=11584
[ERR] seq=1619496324 err=11456
[ERR] seq=1619496325 err=11352
[SEU] addr=200031D6 bit=00000005
[ERR] seq=1621593478 err=1144
[ERR] seq=1621593479 err=2024
[ERR] seq=1621593480 err=1168
[ERR] seq=1621593481 err=1360
[ERR] seq=1621593482 err=1312
[SEU] addr=200031C6 bit=00000007
[ERR] seq=1621593483 err=1376
[ERR] seq=1621593484 err=1416
[ERR] seq=1621593485 err=1456
[ERR] seq=1621593486 err=1488
[ERR] seq=1621593487 err=1552
[ERR] seq=1621593488 err=1592
[ERR] seq=1621593489 err=1640
[ERR] seq=1621593490 err=1672
[SEU] addr=20003186 bit=00000000
[ERR] seq=1621593491 err=1272
[ERR] seq=1621593492 err=1800
[ERR] seq=1621593493 err=1736
[ERR] seq=1621593494 err=1840
[ERR] seq=1621593495 err=1848
[SEU] addr=200031BB bit=00000006
[ERR] seq=1621593496 err=1912
[ERR] seq=1621593497 err=1944
[ERR] seq=1621593498 err=1984
[ERR] seq=1621593499 err=2008
[ERR] seq=1621593500 err=2048
[ERR] seq=1621593501 err=2088
[ERR] seq=1621593502 err=2120
[ERR] seq=1621593503 err=2152
[ERR] seq=1621593504 err=2192
[SEU] addr=20003144 bit=00000007
[SAMPLE QUEUE CORRUPTED] primary repaired
[ERR] seq=1621593505 err=2200
[ERR] seq=1621593506 err=2248
[ERR] seq=1621593507 err=2280
[ERR] seq=1621593508 err=2304
[ERR] seq=1621593509 err=2352
[ERR] seq=1621593510 err=2376
[SEU] addr=20003173 bit=00000006
[ERR] seq=1621593511 err=2400
[ERR] seq=1621593512 err=2456
[SEU] addr=200031CA bit=00000003
[ERR] seq=1621593513 err=2464
[ERR] seq=1621593514 err=2504
[ERR] seq=1621593515 err=2528
[SEU] addr=200031B5 bit=00000004
[ERR] seq=1621593516 err=2544
[ERR] seq=1621593517 err=2592
[ERR] seq=1621593518 err=2608
[ERR] seq=1621593519 err=2632
[ERR] seq=1621593520 err=2664
[SEU] addr=200031BB bit=00000003
[ERR] seq=1621593521 err=2688
[ERR] seq=1621593522 err=2728
[SEU] addr=20003149 bit=00000006
[ERR] seq=1621593523 err=2736
[ERR] seq=1621593524 err=2768
[ERR] seq=1621593525 err=2792
[ERR] seq=1621593526 err=2808
[ERR] seq=1621593527 err=2840
[ERR] seq=1621593528 err=2856
[ERR] seq=1621593529 err=2864
[ERR] seq=1621593530 err=2904
[ERR] seq=1621593531 err=2904
[SEU] addr=200031D1 bit=00000003
[ERR] seq=1621593532 err=2952
[ERR] seq=1621593533 err=2952
[ERR] seq=1621593534 err=2968
[ERR] seq=1621593535 err=3000
[ERR] seq=1621593536 err=3016
[ERR] seq=1621593537 err=3032
[ERR] seq=1621593538 err=3040
[ERR] seq=1621593539 err=3072
[SEU] addr=20003167 bit=00000006
[ERR] seq=1621593540 err=3072
[ERR] seq=1621593541 err=3104
[ERR] seq=1621593542 err=3088
[ERR] seq=1621593543 err=3104
[ERR] seq=1621593544 err=3128
[SEU] addr=20003169 bit=00000004
[ERR] seq=1621593545 err=3120
[ERR] seq=1621593546 err=3152
[ERR] seq=1621593547 err=3152
[ERR] seq=1621593548 err=3168
[ERR] seq=1621593549 err=3168
[ERR] seq=1621593550 err=3184
[ERR] seq=1621593551 err=3184
[ERR] seq=1621593552 err=3176
[ERR] seq=1621593553 err=3184
[ERR] seq=1621593554 err=3192
[SEU] addr=200031A2 bit=00000002
[ERR] seq=1621593555 err=3200
[ERR] seq=1621593556 err=3192
[ERR] seq=1621593557 err=3200
[ERR] seq=1621593558 err=3192
[ERR] seq=1621593559 err=3184
[ERR] seq=1621593560 err=3176
[ERR] seq=1621593561 err=3184
[ERR] seq=1621593562 err=3184
[ERR] seq=1621593563 err=3168
[ERR] seq=1621593564 err=3168
[SEU] addr=20003183 bit=00000000
[ERR] seq=1621593565 err=3152
[ERR] seq=1621593566 err=3152
[ERR] seq=1621593567 err=3120
[ERR] seq=1621593568 err=3128
[ERR] seq=1621593569 err=3104
[ERR] seq=1621593570 err=3096
[SEU] addr=200031A1 bit=00000001
[ERR] seq=1621593571 err=3104
[ERR] seq=1621593572 err=3072
[ERR] seq=1621593573 err=3080
[ERR] seq=1621593574 err=3032
[ERR] seq=1621593575 err=3040
[ERR] seq=1621593576 err=3016
[ERR] seq=1621593577 err=3000
[ERR] seq=1621593578 err=2968
[ERR] seq=1621593579 err=2960
[ERR] seq=1621593580 err=2944
[SEU] addr=20003170 bit=00000006
[ERR] seq=1621593581 err=2928
[ERR] seq=1621593582 err=2904
[ERR] seq=1621593583 err=2864
[ERR] seq=1621593584 err=2880
[ERR] seq=1621593585 err=2832
[ERR] seq=1621593586 err=2816
[ERR] seq=1621593587 err=2792
[ERR] seq=1621593588 err=2768
[SEU] addr=20003194 bit=00000002
[ERR] seq=1621593589 err=2744
[ERR] seq=1621593590 err=2728
[ERR] seq=1621593591 err=2688
[SEU] addr=2000318F bit=00000006
[ERR] seq=1621593592 err=2672
[ERR] seq=1621593593 err=2632
[ERR] seq=1621593594 err=2608
[ERR] seq=1621593595 err=2592
[ERR] seq=1621593596 err=2560
[ERR] seq=1621593597 err=2528
[ERR] seq=1621593598 err=2504
[ERR] seq=1621593599 err=2488
[ERR] seq=1621593600 err=6544
[SEU] addr=20003193 bit=00000000
[ERR] seq=1621593601 err=134223896
[ERR] seq=1621593602 err=10741320
[ERR] seq=1621593603 err=11602832
[ERR] seq=1621593604 err=1790536
[ERR] seq=1621593605 err=1077024
[SEU] addr=20003196 bit=00000006
[ERR] seq=1621593606 err=232368
[ERR] seq=1621593607 err=110256
[ERR] seq=1621593608 err=30344
[ERR] seq=1621593609 err=16688
[ERR] seq=1621593610 err=6664
[ERR] seq=1621593611 err=7256
[ERR] seq=1621593612 err=5824
[ERR] seq=1621593613 err=6232
[ERR] seq=1621593614 err=6048
[SEU] addr=20003169 bit=00000003
[ERR] seq=1621593615 err=6056
[ERR] seq=1621593616 err=6008
[ERR] seq=1621593617 err=5968
[ERR] seq=1621593618 err=5928
[SEU] addr=20003187 bit=00000003
[ERR] seq=1621593619 err=6144
[SEU] addr=20003160 bit=00000006
[CMD QUEUE backup CORRUPTED] backup repaired
[ERR] seq=1621593620 err=5832
[ERR] seq=1621593621 err=5848
[ERR] seq=1621593622 err=5776
[ERR] seq=1621593623 err=5744
[ERR] seq=1621593624 err=5688
[ERR] seq=1621593625 err=5656
[ERR] seq=1621593626 err=5600
[SEU] addr=200031A6 bit=00000005
[ERR] seq=1621593627 err=5560
[ERR] seq=1621593628 err=5512
[SEU] addr=2000314D bit=00000007
[SAMPLE QUEUE backup CORRUPTED] backup repaired
[ERR] seq=1621593629 err=5472
[ERR] seq=1621593630 err=5424
[ERR] seq=1621593631 err=5392
[ERR] seq=1621593632 err=5336
[ERR] seq=1621593633 err=5312
[SEU] addr=200031A1 bit=00000001
[ERR] seq=1621593634 err=5240
[ERR] seq=1621593635 err=5200
[SEU] addr=20003162 bit=00000005
[ERR] seq=1621593636 err=5128
[ERR] seq=1621593637 err=5096
[ERR] seq=1621593638 err=5040
[ERR] seq=1621593639 err=5008
[ERR] seq=1621593640 err=4952
[ERR] seq=1621593641 err=4904
[SEU] addr=20003156 bit=00000005
[CMD QUEUE CORRUPTED] primary repaired
[ERR] seq=1621593642 err=4856
[ERR] seq=1621593643 err=4800
[ERR] seq=1621593644 err=4752
[ERR] seq=1621593645 err=4704
[ERR] seq=1621593646 err=4648
[ERR] seq=1621593647 err=4592
[SEU] addr=2000318D bit=00000002
[ERR] seq=1621593648 err=12744
[ERR] seq=1621593649 err=3808
[ERR] seq=1621593650 err=5144
[ERR] seq=1621593651 err=4264
[ERR] seq=1621593652 err=4368
[ERR] seq=1621593653 err=4256
[ERR] seq=1621593654 err=4216
[ERR] seq=1621593655 err=4152
[ERR] seq=1621593656 err=4096
[ERR] seq=1621593657 err=4032
[SEU] addr=200031AF bit=00000005
[ERR] seq=1621593658 err=3976
[ERR] seq=1621593659 err=3912
[ERR] seq=1621593660 err=2272
[ERR] seq=1621593661 err=1872
[ERR] seq=1621593662 err=2432
[ERR] seq=1621593663 err=2424
[ERR] seq=1621593664 err=2512
[SEU] addr=20003147 bit=00000002
[SAMPLE QUEUE CORRUPTED] primary repaired
[ERR] seq=1621593665 err=2568
[ERR] seq=1621593666 err=2640
[ERR] seq=1621593667 err=2696
[ERR] seq=1621593668 err=2760
[ERR] seq=1621593669 err=2808
[ERR] seq=1621593670 err=2872
[ERR] seq=1621593671 err=2928
[ERR] seq=1621593672 err=3008
[ERR] seq=1621593673 err=3064
[ERR] seq=1621593674 err=3120
[SEU] addr=20003161 bit=00000005
[ERR] seq=1621593675 err=3184
[ERR] seq=1621593676 err=3232
[ERR] seq=1621593677 err=3296
[SEU] addr=20003184 bit=00000005
[ERR] seq=1621593678 err=7216
[ERR] seq=1621593679 err=3104
[ERR] seq=1621593680 err=3808
[ERR] seq=1621593681 err=3480
[ERR] seq=1621593682 err=3616
[ERR] seq=1621593683 err=3632
[ERR] seq=1621593684 err=3688
[SEU] addr=200031AE bit=00000003
[ERR] seq=1621593685 err=3776
[ERR] seq=1621593686 err=3816
[SEU] addr=20003175 bit=00000002
[ERR] seq=1621593687 err=3864
[ERR] seq=1621593688 err=3936
[ERR] seq=1621593689 err=3976
[ERR] seq=1621593690 err=4056
[ERR] seq=1621593691 err=4088
[ERR] seq=1621593692 err=4152
[ERR] seq=1621593693 err=4200
[ERR] seq=1621593694 err=4256
[ERR] seq=1621593695 err=4304
[SEU] addr=200031A5 bit=00000005
[ERR] seq=1621593696 err=4344
[ERR] seq=1621593697 err=4408
[ERR] seq=1621593698 err=4464
[ERR] seq=1621593699 err=4528
[SEU] addr=200031B0 bit=00000007
[ERR] seq=1621593700 err=4552
[ERR] seq=1621593701 err=4608
[ERR] seq=1621593702 err=4656
[ERR] seq=1621593703 err=4680
[ERR] seq=1621593704 err=4744
[SEU] addr=200031BB bit=00000004
[ERR] seq=1621593705 err=4792
[ERR] seq=1621593706 err=4848
[ERR] seq=1621593707 err=4872
[ERR] seq=1621593708 err=4904
[ERR] seq=1621593709 err=4944
[ERR] seq=1621593710 err=4968
[ERR] seq=1621593711 err=5024
[ERR] seq=1621593712 err=5040
[SEU] addr=200031B6 bit=00000003
[ERR] seq=1621593713 err=5072
[ERR] seq=1621593714 err=5096
[ERR] seq=1621593715 err=5136
[ERR] seq=1621593716 err=5152
[ERR] seq=1621593717 err=5176
[ERR] seq=1621593718 err=5208
[ERR] seq=1621593719 err=5224
[ERR] seq=1621593720 err=5624
[ERR] seq=1621593721 err=5592
[SEU] addr=20003168 bit=00000000
[ERR] seq=1621593722 err=5648
[ERR] seq=1621593723 err=5672
[ERR] seq=1621593724 err=5688
[ERR] seq=1621593725 err=5696
[ERR] seq=1621593726 err=5712
[SEU] addr=20003183 bit=00000006
[ERR] seq=1621593727 err=5720
[ERR] seq=1621593728 err=5728
[ERR] seq=1621593729 err=5744
[SEU] addr=20003184 bit=00000006
[ERR] seq=1621593730 err=12080
[ERR] seq=1621593731 err=5248
[ERR] seq=1621593732 err=6288
[ERR] seq=1621593733 err=5664
[ERR] seq=1621593734 err=5792
[ERR] seq=1621593735 err=5736
[ERR] seq=1621593736 err=5760
[ERR] seq=1621593737 err=5736
[ERR] seq=1621593738 err=5752
[ERR] seq=1621593739 err=5736
[SEU] addr=2000314F bit=00000000
[SAMPLE QUEUE backup CORRUPTED] backup repaired
[ERR] seq=1621593740 err=5760
[ERR] seq=1621593741 err=5728
[ERR] seq=1621593742 err=5752
[ERR] seq=1621593743 err=5720
[ERR] seq=1621593744 err=5736
[SEU] addr=20003196 bit=00000006
[ERR] seq=1621593745 err=5704
[ERR] seq=1621593746 err=5704
[ERR] seq=1621593747 err=5688
[ERR] seq=1621593748 err=5296
[ERR] seq=1621593749 err=5328
[SEU] addr=20003174 bit=00000001
[ERR] seq=1621593750 err=5272
[SEU] addr=200031C7 bit=00000006
[ERR] seq=1621593751 err=5248
[ERR] seq=1621593752 err=5232
[ERR] seq=1621593753 err=5208
[ERR] seq=1621593754 err=5176
[ERR] seq=1621593755 err=5160
[ERR] seq=1621593756 err=5136
[ERR] seq=1621593757 err=5096
[ERR] seq=1621593758 err=5072
[ERR] seq=1621593759 err=5056
[ERR] seq=1621593760 err=5024
[SEU] addr=20003169 bit=00000005
[ERR] seq=1621593761 err=4976
[ERR] seq=1621593762 err=4960
[ERR] seq=1621593763 err=4904
[ERR] seq=1621593764 err=4888
[ERR] seq=1621593765 err=4840
[ERR] seq=1621593766 err=4800
[SEU] addr=200031D7 bit=00000007
[ERR] seq=3769077415 err=1440
[SEU] addr=20003193 bit=00000005
[ERR] seq=3769077416 err=208744
[ERR] seq=3769077417 err=199160
[ERR] seq=3769077418 err=1456
[ERR] seq=3769077419 err=171264
[ERR] seq=3769077420 err=145192
[ERR] seq=3769077421 err=61480
[ERR] seq=3769077422 err=193688
[ERR] seq=3769077423 err=202616
[ERR] seq=3769077424 err=2856
[ERR] seq=3769077425 err=198784
[SEU] addr=2000316A bit=00000005
[ERR] seq=3769077426 err=200576
[SEU] addr=20003193 bit=00000004
[ERR] seq=3769077427 err=2147485344
[ERR] seq=3769077428 err=171812720
[ERR] seq=3769077429 err=185639504
[ERR] seq=3769077430 err=28728112
[ERR] seq=3769077431 err=17143888
[ERR] seq=3769077432 err=3664312
[ERR] seq=3769077433 err=1743416
[ERR] seq=3769077434 err=541312
[ERR] seq=3769077435 err=168408
[SEU] addr=20003186 bit=00000000
[ERR] seq=3769077436 err=213928
[ERR] seq=3769077437 err=156888
[ERR] seq=3769077438 err=218176
[ERR] seq=3769077439 err=206744
[SEU] addr=2000315A bit=00000006
[ERR] seq=3769077440 err=4000
[ERR] seq=3769077441 err=222456
[ERR] seq=3769077442 err=197200
[ERR] seq=3769077443 err=207736
[ERR] seq=3769077444 err=199136
[ERR] seq=3769077445 err=211776
[ERR] seq=3769077446 err=4720
[ERR] seq=3769077447 err=200080
[SEU] addr=2000315B bit=00000007
[ERR] seq=3769077448 err=200256
[ERR] seq=3769077449 err=214536
[ERR] seq=3769077450 err=209688
[ERR] seq=3769077451 err=3960
[SEU] addr=200031BF bit=00000002
[ERR] seq=3769077452 err=12960
[ERR] seq=3769077453 err=203688
[ERR] seq=3769077454 err=178448
[ERR] seq=3769077455 err=206968
[SEU] addr=20003198 bit=00000006
[ERR] seq=3769077456 err=5776
[ERR] seq=3769077457 err=203048
[ERR] seq=3769077458 err=20264
[SEU] addr=200031B6 bit=00000003
[ERR] seq=3769077459 err=149192
[ERR] seq=3769077460 err=136368
[ERR] seq=3769077461 err=128376
[ERR] seq=3769077462 err=156088
[ERR] seq=3769077463 err=151416
[ERR] seq=3769077464 err=3912
[ERR] seq=3769077465 err=26544
[SEU] addr=2000319F bit=00000000
[ERR] seq=3769077466 err=7120
[ERR] seq=3769077467 err=143120
[ERR] seq=3769077468 err=128272
[ERR] seq=3769077469 err=118944
[ERR] seq=3769077470 err=118520
[ERR] seq=3769077471 err=125232
[ERR] seq=3769077472 err=19680
[ERR] seq=3769077473 err=3632
[ERR] seq=3769077474 err=3920
[SEU] addr=200031C0 bit=00000002
[ERR] seq=3769077475 err=120224
[ERR] seq=3769077476 err=141624
[ERR] seq=3769077477 err=115912
[ERR] seq=3769077478 err=140440
[ERR] seq=3769077479 err=168320
[ERR] seq=3769077480 err=11712
[SEU] addr=20003193 bit=00000000
[ERR] seq=3769077481 err=134220944
[ERR] seq=3769077482 err=10741944
[ERR] seq=3769077483 err=11694240
[ERR] seq=3769077484 err=1891568
[ERR] seq=3769077485 err=1151296
[SEU] addr=2000316B bit=00000006
[ERR] seq=3769077486 err=344288
[ERR] seq=3769077487 err=191096
[ERR] seq=3769077488 err=195032
[ERR] seq=3769077489 err=16272
[ERR] seq=3769077490 err=10664
[ERR] seq=3769077491 err=122640
[ERR] seq=3769077492 err=116344
[ERR] seq=3769077493 err=4264
[ERR] seq=3769077494 err=4904
[SEU] addr=20003196 bit=00000006
[ERR] seq=3769077495 err=5384
[ERR] seq=3769077496 err=4080
[ERR] seq=3769077497 err=4768
[ERR] seq=3769077498 err=17680
[ERR] seq=3769077499 err=128320
[ERR] seq=3769077500 err=46208
[ERR] seq=3769077501 err=15144
[SEU] addr=20003186 bit=00000006
[ERR] seq=3769077502 err=9352
[ERR] seq=3769077503 err=125280
[ERR] seq=3769077504 err=208280
[ERR] seq=3769077505 err=118552
[ERR] seq=3769077506 err=14176
[ERR] seq=3769077507 err=2696
[ERR] seq=3769077508 err=190432
[ERR] seq=3769077509 err=89528
[ERR] seq=3769077510 err=184920
[SEU] addr=200031BA bit=00000006
[ERR] seq=3769077511 err=184272
[ERR] seq=3769077512 err=74744
[ERR] seq=3769077513 err=66976
[ERR] seq=3769077514 err=71144
[ERR] seq=3769077515 err=165624
[SEU] addr=2000316B bit=00000006
[ERR] seq=3769077516 err=73184
[ERR] seq=3769077517 err=154264
[SEU] addr=20003157 bit=00000007
[CMD QUEUE CORRUPTED] primary repaired
[ERR] seq=3769077518 err=171576
[ERR] seq=3769077519 err=174112
[ERR] seq=3769077520 err=191784
[ERR] seq=3769077521 err=6048
[ERR] seq=3769077522 err=31224
[SEU] addr=200031B4 bit=00000007
[ERR] seq=3769077523 err=62400
[ERR] seq=3769077524 err=39480
[ERR] seq=3769077525 err=14424
[ERR] seq=3769077526 err=36368
[ERR] seq=3769077527 err=2984
[SEU] addr=20003164 bit=00000005
[ERR] seq=3769077528 err=18824
[ERR] seq=3769077529 err=25952
[ERR] seq=3769077530 err=15504
[ERR] seq=3769077531 err=24288
[SEU] addr=200031D2 bit=00000002
[ERR] seq=3769077532 err=122216
[ERR] seq=3769077533 err=27288
[ERR] seq=3769077534 err=22584
[SEU] addr=20003146 bit=00000005
[SAMPLE QUEUE CORRUPTED] primary repaired
[ERR] seq=3769077535 err=121016
[ERR] seq=3769077536 err=26768
[ERR] seq=3769077537 err=13088
[ERR] seq=3769077538 err=126408
[ERR] seq=3769077539 err=45208
[SEU] addr=200031D4 bit=00000001
[ERR] seq=3769077538 err=15328
[ERR] seq=3769077539 err=38752
[ERR] seq=3769077540 err=6200
[ERR] seq=3769077541 err=188816
[ERR] seq=3769077542 err=109512
[ERR] seq=3769077543 err=228280
[ERR] seq=3769077544 err=118624
[SEU] addr=2000315D bit=00000005
[CMD QUEUE backup CORRUPTED] backup repaired
[ERR] seq=3769077545 err=9608
[ERR] seq=3769077546 err=4952
[ERR] seq=3769077547 err=193224
[ERR] seq=3769077548 err=92632
[ERR] seq=3769077549 err=187592
[ERR] seq=3769077550 err=187072
[ERR] seq=3769077551 err=77984
[ERR] seq=3769077552 err=63648
[SEU] addr=200031CF bit=00000005
[ERR] seq=3769077553 err=113288
[ERR] seq=3769077554 err=120520
[ERR] seq=3769077555 err=101664
[ERR] seq=3769077556 err=112792
[ERR] seq=3769077557 err=46688
[ERR] seq=3769077558 err=222232
[ERR] seq=3769077559 err=12208
[ERR] seq=3769077560 err=39512
[SEU] addr=20003155 bit=00000003
[CMD QUEUE CORRUPTED] primary repaired
[ERR] seq=3769077561 err=4440
[ERR] seq=3769077562 err=3824
[ERR] seq=3769077563 err=184160
[ERR] seq=3769077564 err=172760
[ERR] seq=3769077565 err=222104
[ERR] seq=3769077566 err=57784
[ERR] seq=3769077567 err=162888
[ERR] seq=3769077568 err=147184
[ERR] seq=3769077569 err=153248
[SEU] addr=200031D6 bit=00000007
[ERR] seq=3760688962 err=141624
[ERR] seq=3760688963 err=218352
[ERR] seq=3760688964 err=200592
[ERR] seq=3760688965 err=206512
[ERR] seq=3760688966 err=217760
[ERR] seq=3760688967 err=1280
[ERR] seq=3760688968 err=19144
[ERR] seq=3760688969 err=215248
[SEU] addr=20003187 bit=00000004
[ERR] seq=3760688970 err=195568
[ERR] seq=3760688971 err=220448
[ERR] seq=3760688972 err=1168
[ERR] seq=3760688973 err=202856
[SEU] addr=20003167 bit=00000000
[ERR] seq=3760688974 err=197368
[ERR] seq=3760688975 err=193416
[ERR] seq=3760688976 err=63920
[SEU] addr=2000319E bit=00000006
[ERR] seq=3760688977 err=218576
[ERR] seq=3760688978 err=209048
[ERR] seq=3760688979 err=194216
[ERR] seq=3760688980 err=119536
[ERR] seq=3760688981 err=9200
[ERR] seq=3760688982 err=12136
[ERR] seq=3760688983 err=186064
[ERR] seq=3760688984 err=168816
[SEU] addr=200031A5 bit=00000002
[ERR] seq=3760688985 err=219744
[ERR] seq=3760688986 err=208848
[ERR] seq=3760688987 err=120048
[ERR] seq=3760688988 err=236640
[ERR] seq=3760688989 err=5304
[ERR] seq=3760688990 err=23448
[SEU] addr=20003160 bit=00000004
[CMD QUEUE backup CORRUPTED] backup repaired
[ERR] seq=3760688991 err=216776
[ERR] seq=3760688992 err=199904
[ERR] seq=3760688993 err=199824
[ERR] seq=3760688994 err=223000
[ERR] seq=3760688995 err=211888
[ERR] seq=3760688996 err=222288
[ERR] seq=3760688997 err=4400
[SEU] addr=20003175 bit=00000002
[ERR] seq=3760688998 err=22312
[ERR] seq=3760688999 err=193896
[ERR] seq=3760689000 err=181800
[ERR] seq=3760689001 err=224616
[ERR] seq=3760689002 err=190312
[ERR] seq=3760689003 err=198376
[ERR] seq=3760689004 err=219648
[SEU] addr=2000316E bit=00000000
[ERR] seq=3760689005 err=218640
[ERR] seq=3760689006 err=121024
[ERR] seq=3760689007 err=13504
[ERR] seq=3760689008 err=14392
[ERR] seq=3760689009 err=211256
[ERR] seq=3760689010 err=169368
[SEU] addr=200031B3 bit=00000004
[ERR] seq=3760689011 err=218472
[ERR] seq=3760689012 err=217016
[ERR] seq=3760689013 err=192888
[ERR] seq=3760689014 err=206168
[SEU] addr=20003164 bit=00000002
[ERR] seq=3760689015 err=212576
[ERR] seq=3760689016 err=121240
[ERR] seq=3760689017 err=13808
[SEU] addr=2000315B bit=00000007
[ERR] seq=3760689018 err=15144
[ERR] seq=3760689019 err=211896
[ERR] seq=3760689020 err=170136
[SEU] addr=2000319E bit=00000001
[ERR] seq=3760689021 err=219216
[ERR] seq=3760689022 err=217784
[ERR] seq=3760689023 err=193608
[ERR] seq=3760689024 err=206896
[ERR] seq=3760689025 err=213288
[ERR] seq=3760689026 err=121944
[SEU] addr=200031A4 bit=00000006
[ERR] seq=3760689027 err=14496
[ERR] seq=3760689028 err=15840
[ERR] seq=3760689029 err=221904
[ERR] seq=3760689030 err=51648
[ERR] seq=3760689031 err=211384
[ERR] seq=3760689032 err=185144
[ERR] seq=3760689033 err=228112
[SEU] addr=200031D4 bit=00000003
[ERR] seq=3760689026 err=213928
[ERR] seq=3760689027 err=8656
[SEU] addr=2000318B bit=00000004
[ERR] seq=3760689028 err=2147482552
[ERR] seq=3760689029 err=172019792
[ERR] seq=3760689030 err=185538840
[ERR] seq=3760689031 err=28798848
[ERR] seq=3760689032 err=17114576
[ERR] seq=3760689033 err=3885792
[SEU] addr=20003194 bit=00000000
[ERR] seq=3760689034 err=1644664
[ERR] seq=3760689035 err=651416
[ERR] seq=3760689036 err=167496
[ERR] seq=3760689037 err=276304
[ERR] seq=3760689038 err=178464
[SEU] addr=20003189 bit=00000004
[ERR] seq=3760689039 err=162280
[ERR] seq=3760689040 err=195920
[ERR] seq=3760689041 err=203384
[ERR] seq=3760689042 err=190488
[ERR] seq=3760689043 err=207168
[SEU] addr=2000317C bit=00000003
[ERR] seq=3760689044 err=214136
[ERR] seq=3760689045 err=122992
[ERR] seq=3760689046 err=15512
[ERR] seq=3760689047 err=199760
[ERR] seq=3760689048 err=183976
[ERR] seq=3760689049 err=212544
[ERR] seq=3760689050 err=211376
[ERR] seq=3760689051 err=226920
[SEU] addr=20003173 bit=00000007
[ERR] seq=3760689052 err=189400
[ERR] seq=3760689053 err=229808
[ERR] seq=3760689054 err=227368
[ERR] seq=3760689055 err=226984
[ERR] seq=3760689056 err=217512
[ERR] seq=3760689057 err=225768
[ERR] seq=3760689058 err=8112
[ERR] seq=3760689059 err=182208
[SEU] addr=200031A4 bit=00000003
[ERR] seq=3760689060 err=154472
[ERR] seq=3760689061 err=71272
[ERR] seq=3760689062 err=203408
[SEU] addr=200031AD bit=00000000
[ERR] seq=3760689063 err=212480
[ERR] seq=3760689064 err=7992
[ERR] seq=3760689065 err=208840
[ERR] seq=3760689066 err=210712
[SEU] addr=200031A5 bit=00000000
[ERR] seq=3760689067 err=8504
[SEU] addr=20003193 bit=00000002
[ERR] seq=3760689068 err=536884808
[ERR] seq=3760689069 err=43114880
[ERR] seq=3760689070 err=46480312
[ERR] seq=3760689071 err=7181088
[ERR] seq=3760689072 err=4292120
[ERR] seq=3760689073 err=1053872
[SEU] addr=2000318B bit=00000003
[ERR] seq=3760689074 err=1074099576
[ERR] seq=3760689075 err=86015208
[ERR] seq=3760689076 err=92804640
[ERR] seq=3760689077 err=14503216
[ERR] seq=3760689078 err=8542864
[ERR] seq=3760689079 err=2051632
[ERR] seq=3760689080 err=831528
[SEU] addr=2000319D bit=00000000
[ERR] seq=3760689081 err=446936
[ERR] seq=3760689082 err=124488
[ERR] seq=3760689083 err=242624
[ERR] seq=3760689084 err=201648
[SEU] addr=200031B7 bit=00000001
[ERR] seq=3760689085 err=225520
[ERR] seq=3760689086 err=5528
[ERR] seq=3760689087 err=211560
[SEU] addr=20003171 bit=00000002
[ERR] seq=3760689088 err=211312
[ERR] seq=3760689089 err=225760
[ERR] seq=3760689090 err=220840
[ERR] seq=3760689091 err=7488
[ERR] seq=3760689092 err=24120
[ERR] seq=3760689093 err=214792
[ERR] seq=3760689094 err=189560
[ERR] seq=3760689095 err=218056
[SEU] addr=200031B4 bit=00000004
[ERR] seq=3760689096 err=5272
[ERR] seq=3760689097 err=214128
[ERR] seq=3760689098 err=9304
[SEU] addr=2000316A bit=00000006
[ERR] seq=3760689099 err=160152
[ERR] seq=3760689100 err=147256
[ERR] seq=3760689101 err=139264
[ERR] seq=3760689102 err=166872
[ERR] seq=3760689103 err=162160
[ERR] seq=3760689104 err=7064
[ERR] seq=3760689105 err=37184
[ERR] seq=3760689106 err=3416
[SEU] addr=200031C8 bit=00000002
[ERR] seq=3760689107 err=153608
[SEU] addr=2000315E bit=00000003
[CMD QUEUE backup CORRUPTED] backup repaired
[ERR] seq=3760689108 err=138656
[ERR] seq=3760689109 err=129296
[ERR] seq=3760689110 err=128744
[ERR] seq=3760689111 err=135384
[ERR] seq=3760689112 err=29736
[ERR] seq=3760689113 err=13608
[ERR] seq=3760689114 err=6264
[SEU] addr=20003182 bit=00000002
[ERR] seq=3760689115 err=130000
[ERR] seq=3760689116 err=151272
[ERR] seq=3760689117 err=125464
[ERR] seq=3760689118 err=149864
[ERR] seq=3760689119 err=177632
[SEU] addr=20003155 bit=00000007
[CMD QUEUE CORRUPTED] primary repaired
[ERR] seq=3760689120 err=20920
[ERR] seq=3760689121 err=16704
[SEU] addr=20003179 bit=00000003
[ERR] seq=3760689122 err=4376
[ERR] seq=3760689123 err=165104
[ERR] seq=3760689124 err=113560
[ERR] seq=3760689125 err=137832
[ERR] seq=3760689126 err=124144
[ERR] seq=3760689127 err=147816
[ERR] seq=3760689128 err=176616
[ERR] seq=3760689129 err=19728
[SEU] addr=20003182 bit=00000007
[ERR] seq=3760689130 err=15600
[ERR] seq=3760689131 err=131456
[ERR] seq=3760689132 err=123648
[ERR] seq=3760689133 err=3296
[ERR] seq=3760689134 err=12192
[ERR] seq=3760689135 err=1776
[ERR] seq=3760689136 err=3144
[ERR] seq=3760689137 err=2088
[SEU] addr=200031A5 bit=00000007
[ERR] seq=3760689138 err=11352
[SEU] addr=200031B0 bit=00000003
[ERR] seq=3760689139 err=134504
[SEU] addr=20003168 bit=00000001
[ERR] seq=3760689140 err=40200
[ERR] seq=3760689141 err=20984
[ERR] seq=3760689142 err=192448
[ERR] seq=3760689143 err=115128
[SEU] addr=200031AB bit=00000006
[ERR] seq=3760689144 err=232592
[ERR] seq=3760689145 err=123000
[ERR] seq=3760689146 err=5544
[ERR] seq=3760689147 err=9080
[ERR] seq=3760689148 err=197304
[ERR] seq=3760689149 err=96032
[ERR] seq=3760689150 err=191288
[SEU] addr=20003170 bit=00000004
[ERR] seq=3760689151 err=190448
[ERR] seq=3760689152 err=74608
[ERR] seq=3760689153 err=66816
[ERR] seq=3760689154 err=70608
[ERR] seq=3760689155 err=165000
[SEU] addr=20003180 bit=00000005
[ERR] seq=3760689156 err=74040
[ERR] seq=3760689157 err=153232
[SEU] addr=200031D7 bit=00000005
[ERR] seq=3223818246 err=171320
[ERR] seq=3223818247 err=134744
[ERR] seq=3223818248 err=170920
[ERR] seq=3223818249 err=8648
[ERR] seq=3223818250 err=5528
[ERR] seq=3223818251 err=120888
[ERR] seq=3223818252 err=113184
[SEU] addr=20003163 bit=00000004
[ERR] seq=3223818253 err=7184
[ERR] seq=3223818254 err=2056
[ERR] seq=3223818255 err=8664
[ERR] seq=3223818256 err=7288
[ERR] seq=3223818257 err=8328
[ERR] seq=3223818258 err=21368
[SEU] addr=200031BB bit=00000007
[ERR] seq=3223818259 err=124496
[ERR] seq=3223818260 err=50176
[ERR] seq=3223818261 err=11048
[ERR] seq=3223818262 err=182528
[ERR] seq=3223818263 err=105224
[SEU] addr=20003172 bit=00000003
[ERR] seq=3223818264 err=222736
[ERR] seq=3223818265 err=113168
[ERR] seq=3223818266 err=15352
[ERR] seq=3223818267 err=1464
[ERR] seq=3223818268 err=187552
[ERR] seq=3223818269 err=86352
[ERR] seq=3223818270 err=181632
[SEU] addr=2000315B bit=00000005
[ERR] seq=3223818271 err=180848
[SEU] addr=2000315E bit=00000004
[CMD QUEUE backup CORRUPTED] backup repaired
[ERR] seq=3223818272 err=71184
[ERR] seq=3223818273 err=70672
[SEU] addr=200031B9 bit=00000003
[ERR] seq=3223818274 err=67304
[ERR] seq=3223818275 err=161664
[ERR] seq=3223818276 err=77280
[SEU] addr=20003162 bit=00000005
[ERR] seq=3223818277 err=150056
[ERR] seq=3223818278 err=167200
[ERR] seq=3223818279 err=169632
[ERR] seq=3223818280 err=187160
[SEU] addr=20003175 bit=00000004
[ERR] seq=3223818281 err=10528
[ERR] seq=3223818282 err=36088
[ERR] seq=3223818283 err=57408
[ERR] seq=3223818284 err=44592
[ERR] seq=3223818285 err=9184
[ERR] seq=3223818286 err=41744
[ERR] seq=3223818287 err=6288
[ERR] seq=3223818288 err=24456
[SEU] addr=20003185 bit=00000001
[ERR] seq=3223818289 err=200976
[ERR] seq=3223818290 err=35848
[ERR] seq=3223818291 err=6432
[ERR] seq=3223818292 err=117144
[ERR] seq=3223818293 err=27560
[SEU] addr=2000319A bit=00000002
[ERR] seq=3223818294 err=25224
[ERR] seq=3223818295 err=118840
[ERR] seq=3223818296 err=29280
[SEU] addr=20003150 bit=00000006
[SAMPLE QUEUE backup CORRUPTED] backup repaired
[ERR] seq=3223818297 err=15640
[ERR] seq=3223818298 err=123712
[ERR] seq=3223818299 err=48016
[ERR] seq=3223818300 err=12568
[ERR] seq=3223818301 err=184376
[ERR] seq=3223818302 err=107104
[ERR] seq=3223818303 err=224712
[ERR] seq=3223818304 err=115224
[ERR] seq=3223818305 err=13224
[SEU] addr=2000315A bit=00000006
[ERR] seq=3223818306 err=2560
[ERR] seq=3223818307 err=189416
[ERR] seq=3223818308 err=88744
[ERR] seq=3223818309 err=183600
[ERR] seq=3223818310 err=182968
[ERR] seq=3223818311 err=73792
[ERR] seq=3223818312 err=67944
[SEU] addr=20003177 bit=00000006
[ERR] seq=3223818313 err=117664
[ERR] seq=3223818314 err=124992
[ERR] seq=3223818315 err=97088
[ERR] seq=3223818316 err=108120
[SEU] addr=2000319E bit=00000004
[ERR] seq=3223818317 err=51464
[ERR] seq=3223818318 err=227088
[ERR] seq=3223818319 err=7264
[ERR] seq=3223818320 err=34480
[ERR] seq=3223818321 err=8376
[ERR] seq=3223818322 err=3440
[ERR] seq=3223818323 err=176992
[SEU] addr=200031B4 bit=00000001
[ERR] seq=3223818324 err=165368
[ERR] seq=3223818325 err=214608
[ERR] seq=3223818326 err=50200
[ERR] seq=3223818327 err=155232
[ERR] seq=3223818328 err=139464
[ERR] seq=3223818329 err=145424
[ERR] seq=3223818330 err=123080
[ERR] seq=3223818331 err=170288
[SEU] addr=2000315A bit=00000000
[ERR] seq=3223818332 err=173928
[ERR] seq=3223818333 err=179784
[ERR] seq=3223818334 err=213496
[ERR] seq=3223818335 err=51800
[ERR] seq=3223818336 err=197032
[ERR] seq=3223818337 err=165000
[SEU] addr=20003198 bit=00000001
[ERR] seq=3223818338 err=211096
[ERR] seq=3223818339 err=178568
[ERR] seq=3223818340 err=15304
[ERR] seq=3223818341 err=6960
[ERR] seq=3223818342 err=5384
[ERR] seq=3223818343 err=120976
[SEU] addr=200031D7 bit=00000007
[ERR] seq=1076334696 err=137392
[SEU] addr=20003186 bit=00000006
[ERR] seq=1076334697 err=5072
[ERR] seq=1076334698 err=2856
[SEU] addr=20003188 bit=00000003
[ERR] seq=1076334699 err=10216
[ERR] seq=1076334700 err=8712
[SEU] addr=200031BF bit=00000003
[ERR] seq=1076334701 err=9808
[SEU] addr=200031C5 bit=00000002
[ERR] seq=1076334702 err=9624
[ERR] seq=1076334703 err=9728
[ERR] seq=1076334704 err=9720
[ERR] seq=1076334705 err=9752
[ERR] seq=1076334706 err=9768
[ERR] seq=1076334707 err=9776
[ERR] seq=1076334708 err=9768
[ERR] seq=1076334709 err=9784
[SEU] addr=20003187 bit=00000004
[ERR] seq=1076334710 err=10888
[ERR] seq=1076334711 err=9696
[ERR] seq=1076334712 err=9880
[ERR] seq=1076334713 err=9768
[ERR] seq=1076334714 err=9792
[ERR] seq=1076334715 err=9776
[SEU] addr=20003144 bit=00000000
[SAMPLE QUEUE CORRUPTED] primary repaired
[ERR] seq=1076334716 err=9760
[ERR] seq=1076334717 err=9752
[ERR] seq=1076334718 err=9736
[SEU] addr=200031C8 bit=00000002
[ERR] seq=1076334719 err=9720
[ERR] seq=1076334720 err=9704
[ERR] seq=1076334721 err=9680
[ERR] seq=1076334722 err=9664
[ERR] seq=1076334723 err=9640
[ERR] seq=1076334724 err=9592
[ERR] seq=1076334725 err=9568
[SEU] addr=20003183 bit=00000004
[ERR] seq=1076334726 err=9544
[ERR] seq=1076334727 err=9496
[ERR] seq=1076334728 err=9480
[ERR] seq=1076334729 err=9432
[ERR] seq=1076334730 err=9384
[ERR] seq=1076334731 err=9336
[SEU] addr=200031BF bit=00000007
[ERR] seq=1076334732 err=9272
[ERR] seq=1076334733 err=9248
[ERR] seq=1076334734 err=9192
[SEU] addr=200031A5 bit=00000004
[ERR] seq=1076334735 err=9128
[ERR] seq=1076334736 err=9072
[ERR] seq=1076334737 err=9040
[ERR] seq=1076334738 err=8968
[ERR] seq=1076334739 err=8888
[ERR] seq=1076334740 err=8832
[ERR] seq=1076334741 err=8768
[SEU] addr=2000319B bit=00000001
[ERR] seq=1076334742 err=8688
[ERR] seq=1076334743 err=8640
[ERR] seq=1076334744 err=8544
[ERR] seq=1076334745 err=8472
[ERR] seq=1076334746 err=8392
[ERR] seq=1076334747 err=8312
[ERR] seq=1076334748 err=8232
[SEU] addr=2000319A bit=00000002
[ERR] seq=1076334749 err=8128
[ERR] seq=1076334750 err=8056
[ERR] seq=1076334751 err=7960
[ERR] seq=1076334752 err=7880
[SEU] addr=2000318C bit=00000000
[ERR] seq=1076334753 err=7768
[ERR] seq=1076334754 err=7680
[ERR] seq=1076334755 err=7560
[ERR] seq=1076334756 err=7472
[ERR] seq=1076334757 err=7352
[ERR] seq=1076334758 err=7272
[SEU] addr=200031AA bit=00000000
[ERR] seq=1076334759 err=7152
[SEU] addr=200031AE bit=00000001
[ERR] seq=1076334760 err=7032
[SEU] addr=2000315C bit=00000007
[CMD QUEUE backup CORRUPTED] backup repaired
[ERR] seq=1076334761 err=6944
[ERR] seq=1076334762 err=6824
[ERR] seq=1076334763 err=6720
[ERR] seq=1076334764 err=6592
[SEU] addr=200031AA bit=00000002
[ERR] seq=1076334765 err=6472
[ERR] seq=1076334766 err=6352
[ERR] seq=1076334767 err=6232
[ERR] seq=1076334768 err=6080
[ERR] seq=1076334769 err=5976
[ERR] seq=1076334770 err=5856
[ERR] seq=1076334771 err=5712
[ERR] seq=1076334772 err=5576
[SEU] addr=200031CA bit=00000002
[ERR] seq=1076334773 err=5440
[ERR] seq=1076334774 err=5320
[ERR] seq=1076334775 err=5168
[ERR] seq=1076334776 err=5016
[ERR] seq=1076334777 err=4904
[ERR] seq=1076334778 err=4760
[SEU] addr=20003176 bit=00000002
[ERR] seq=1076334779 err=4592
[ERR] seq=1076334780 err=4464
[SEU] addr=200031C0 bit=00000003
[ERR] seq=1076334781 err=4312
[ERR] seq=1076334782 err=4176
[ERR] seq=1076334783 err=4000
[ERR] seq=1076334784 err=3848
[SEU] addr=200031C2 bit=00000006
[ERR] seq=1076334785 err=3712
[ERR] seq=1076334786 err=3544
[SEU] addr=200031C7 bit=00000003
[ERR] seq=1076334787 err=3392
[ERR] seq=1076334788 err=3240
[ERR] seq=1076334789 err=3080
[ERR] seq=1076334790 err=2912
[ERR] seq=1076334791 err=2760
[ERR] seq=1076334792 err=2600
[SEU] addr=200031BA bit=00000005
[ERR] seq=1076334793 err=2424
[ERR] seq=1076334794 err=2272
[ERR] seq=1076334795 err=2096
[ERR] seq=1076334796 err=1928
[SEU] addr=200031A7 bit=00000007
[ERR] seq=1076334797 err=1744
[ERR] seq=1076334798 err=1616
[ERR] seq=1076334799 err=1424
[ERR] seq=1076334800 err=1240
[SEU] addr=2000319E bit=00000000
[ERR] seq=1076334801 err=1096
[ERR] seq=1076334802 err=1160
[ERR] seq=1076334803 err=1272
[ERR] seq=1076334804 err=1368
[SEU] addr=200031B2 bit=00000005
[ERR] seq=1076334805 err=1488
[ERR] seq=1076334806 err=1592
[SEU] addr=200031AA bit=00000001
[ERR] seq=1076334807 err=1704
[ERR] seq=1076334808 err=1832
[ERR] seq=1076334809 err=1920
[ERR] seq=1076334810 err=2056
[SEU] addr=2000314E bit=00000005
[SAMPLE QUEUE backup CORRUPTED] backup repaired
[ERR] seq=1076334811 err=2160
[ERR] seq=1076334812 err=2272
[ERR] seq=1076334813 err=2384
[ERR] seq=1076334814 err=2512
[ERR] seq=1076334815 err=2624
[SEU] addr=200031BE bit=00000004
[ERR] seq=1076334816 err=2720
[ERR] seq=1076334817 err=2856
[ERR] seq=1076334818 err=2968
[ERR] seq=1076334819 err=3080
[ERR] seq=1076334820 err=3200
[ERR] seq=1076334821 err=3296
[ERR] seq=1076334822 err=3424
[ERR] seq=1076334823 err=3536
[SEU] addr=20003149 bit=00000001
[ERR] seq=1076334824 err=3648
[ERR] seq=1076334825 err=3768
[ERR] seq=1076334826 err=3896
[ERR] seq=1076334827 err=3984
[ERR] seq=1076334828 err=4104
[ERR] seq=1076334829 err=4208
[ERR] seq=1076334830 err=4320
[ERR] seq=1076334831 err=4448
[ERR] seq=1076334832 err=4536
[SEU] addr=20003179 bit=00000004
[ERR] seq=1076334833 err=4656
[SEU] addr=200031A0 bit=00000004
[ERR] seq=1076334834 err=4752
[ERR] seq=1076334835 err=4928
[ERR] seq=1076334836 err=5080
[SEU] addr=2000317A bit=00000001
[ERR] seq=1076334837 err=5256
[ERR] seq=1076334838 err=5408
[ERR] seq=1076334839 err=5576
[ERR] seq=1076334840 err=6112
[ERR] seq=1076334841 err=6232
[ERR] seq=1076334842 err=6424
[ERR] seq=1076334843 err=6568
[ERR] seq=1076334844 err=6720
[ERR] seq=1076334845 err=6864
[ERR] seq=1076334846 err=7024
[SEU] addr=20003178 bit=00000000
[ERR] seq=1076334847 err=7160
[ERR] seq=1076334848 err=5280
[ERR] seq=1076334849 err=5584
[SEU] addr=200031CF bit=00000001
[ERR] seq=1076334850 err=5520
[ERR] seq=1076334851 err=5696
[ERR] seq=1076334852 err=5808
[SEU] addr=200031BF bit=00000000
[ERR] seq=1076334853 err=5960
[ERR] seq=1076334854 err=6080
[ERR] seq=1076334855 err=6200
[ERR] seq=1076334856 err=6336
[ERR] seq=1076334857 err=6456
[ERR] seq=1076334858 err=6568
[ERR] seq=1076334859 err=6704
[SEU] addr=200031BE bit=00000003
[ERR] seq=1076334860 err=6832
[ERR] seq=1076334861 err=6936
[SEU] addr=200031BA bit=00000003
[ERR] seq=1076334862 err=7048
[ERR] seq=1076334863 err=7168
[ERR] seq=1076334864 err=7240
[ERR] seq=1076334865 err=7368
[ERR] seq=1076334866 err=7472
[ERR] seq=1076334867 err=7544
[ERR] seq=1076334868 err=7656
[ERR] seq=1076334869 err=7728
[SEU] addr=20003153 bit=00000003
[ERR] seq=1076334870 err=7808
[ERR] seq=1076334871 err=7888
[ERR] seq=1076334872 err=7976
[ERR] seq=1076334873 err=8040
[ERR] seq=1076334874 err=8096
[ERR] seq=1076334875 err=8176
[ERR] seq=1076334876 err=8240
[SEU] addr=200031BB bit=00000005
[ERR] seq=1076334877 err=8288
[ERR] seq=1076334878 err=8328
[ERR] seq=1076334879 err=8392
[ERR] seq=1076334880 err=8456
[ERR] seq=1076334881 err=8480
[ERR] seq=1076334882 err=8512
[SEU] addr=200031CC bit=00000005
[ERR] seq=1076334883 err=8544
[ERR] seq=1076334884 err=8576
[ERR] seq=1076334885 err=8608
[ERR] seq=1076334886 err=8608
[ERR] seq=1076334887 err=8640
[SEU] addr=2000317F bit=00000002
[ERR] seq=1076334888 err=8648
[ERR] seq=1076334889 err=8672
[ERR] seq=1076334890 err=8656
[ERR] seq=1076334891 err=8656
[ERR] seq=1076334892 err=8672
[ERR] seq=1076334893 err=8656
[SEU] addr=20003149 bit=00000006
[ERR] seq=1076334894 err=8640
[ERR] seq=1076334895 err=8608
[ERR] seq=1076334896 err=8616
[ERR] seq=1076334897 err=8576
[SEU] addr=200031B4 bit=00000007
[ERR] seq=1076334898 err=10600
[ERR] seq=1076334899 err=10400
[ERR] seq=1076334900 err=10544
[ERR] seq=1076334901 err=10488
[ERR] seq=1076334902 err=10456
[SEU] addr=2000315D bit=00000006
[CMD QUEUE backup CORRUPTED] backup repaired
[ERR] seq=1076334903 err=10384
[ERR] seq=1076334904 err=10344
[ERR] seq=1076334905 err=10296
[ERR] seq=1076334906 err=10240
[ERR] seq=1076334907 err=10152
[ERR] seq=1076334908 err=10096
[SEU] addr=200031D3 bit=00000001
[ERR] seq=1076334909 err=10040
[ERR] seq=1076334910 err=9944
[ERR] seq=1076334911 err=9856
[ERR] seq=1076334912 err=9808
[ERR] seq=1076334913 err=9712
[ERR] seq=1076334914 err=9608
[ERR] seq=1076334915 err=9528
[ERR] seq=1076334916 err=9440
[ERR] seq=1076334917 err=9312
[ERR] seq=1076334918 err=9224
[SEU] addr=200031AD bit=00000004
[ERR] seq=1076334919 err=9104
[ERR] seq=1076334920 err=9016
[SEU] addr=200031B5 bit=00000001
[ERR] seq=1076334921 err=8904
[ERR] seq=1076334922 err=8760
[ERR] seq=1076334923 err=8640
[ERR] seq=1076334924 err=8528
[ERR] seq=1076334925 err=8392
[ERR] seq=1076334926 err=8288
[SEU] addr=2000314A bit=00000004
[ERR] seq=1076334927 err=8144
[ERR] seq=1076334928 err=8024
[SEU] addr=200031D6 bit=00000005
[ERR] seq=1074237777 err=5168
[ERR] seq=1074237778 err=4248
[ERR] seq=1074237779 err=5440
[ERR] seq=1074237780 err=5336
[ERR] seq=1074237781 err=5512
[ERR] seq=1074237782 err=5584
[ERR] seq=1074237783 err=5664
[SEU] addr=200031A8 bit=00000000
[ERR] seq=1074237784 err=5736
[ERR] seq=1074237785 err=5800
[ERR] seq=1074237786 err=6264
[ERR] seq=1074237787 err=6264
[ERR] seq=1074237788 err=6376
[SEU] addr=200031C6 bit=00000005
[ERR] seq=1074237789 err=6448
[ERR] seq=1074237790 err=6520
[ERR] seq=1074237791 err=6584
[ERR] seq=1074237792 err=6616
[ERR] seq=1074237793 err=6688
[ERR] seq=1074237794 err=6744
[ERR] seq=1074237795 err=6800
[SEU] addr=200031CF bit=00000006
[ERR] seq=1074237796 err=6824
[ERR] seq=1074237797 err=6880
[SEU] addr=20003167 bit=00000002
[ERR] seq=1074237798 err=6928
[ERR] seq=1074237799 err=6968
[ERR] seq=1074237800 err=7008
[ERR] seq=1074237801 err=7048
[ERR] seq=1074237802 err=7080
[ERR] seq=1074237803 err=7112
[ERR] seq=1074237804 err=7128
[ERR] seq=1074237805 err=7160
[SEU] addr=2000318B bit=00000002
[ERR] seq=1074237806 err=536878120
[SEU] addr=200031C1 bit=00000000
[ERR] seq=1074237807 err=42950160
[ERR] seq=1074237808 err=46392872
[ERR] seq=1074237809 err=7147304
[ERR] seq=1074237810 err=4289856
[ERR] seq=1074237811 err=914832
[ERR] seq=1074237812 err=423032
[ERR] seq=1074237813 err=106872
[SEU] addr=2000319C bit=00000002
[ERR] seq=1074237814 err=49064
[ERR] seq=1074237815 err=12320
[ERR] seq=1074237816 err=11576
[ERR] seq=1074237817 err=6000
[SEU] addr=20003181 bit=00000006
[ERR] seq=1074237818 err=7736
[ERR] seq=1074237819 err=7120
[ERR] seq=1074237820 err=7304
[ERR] seq=1074237821 err=7216
[ERR] seq=1074237822 err=7232
[ERR] seq=1074237823 err=7208
[ERR] seq=1074237824 err=7160
[ERR] seq=1074237825 err=7136
[SEU] addr=200031AE bit=00000000
[ERR] seq=1074237826 err=7112
[ERR] seq=1074237827 err=7080
[ERR] seq=1074237828 err=7056
[ERR] seq=1074237829 err=7008
[ERR] seq=1074237830 err=6984
[ERR] seq=1074237831 err=6936
[ERR] seq=1074237832 err=6872
[ERR] seq=1074237833 err=6848
[ERR] seq=1074237834 err=6816
[ERR] seq=1074237835 err=6736
[SEU] addr=200031CC bit=00000005
[ERR] seq=1074237836 err=6696
[ERR] seq=1074237837 err=6640
[ERR] seq=1074237838 err=6584
[ERR] seq=1074237839 err=6520
[ERR] seq=1074237840 err=6096
[ERR] seq=1074237841 err=6056
[ERR] seq=1074237842 err=5960
[ERR] seq=1074237843 err=5896
[SEU] addr=2000319C bit=00000007
[ERR] seq=1074237844 err=5808
[ERR] seq=1074237845 err=5760
[ERR] seq=1074237846 err=5664
[ERR] seq=1074237847 err=5608
[ERR] seq=1074237848 err=5520
[ERR] seq=1074237849 err=5424
[ERR] seq=1074237850 err=5376
[ERR] seq=1074237851 err=5280
[SEU] addr=20003196 bit=00000005
[ERR] seq=1074237852 err=5200
[ERR] seq=1074237853 err=5080
[ERR] seq=1074237854 err=5032
[ERR] seq=1074237855 err=4928
[ERR] seq=1074237856 err=4832
[ERR] seq=1074237857 err=4744
[ERR] seq=1074237858 err=4656
[ERR] seq=1074237859 err=4568
[ERR] seq=1074237860 err=4432
[SEU] addr=2000318A bit=00000006
[ERR] seq=1074237861 err=33558784
[ERR] seq=1074237862 err=2685136
[ERR] seq=1074237863 err=2903240
[ERR] seq=1074237864 err=447456
[ERR] seq=1074237865 err=271584
[ERR] seq=1074237866 err=57960
[ERR] seq=1074237867 err=29704
[SEU] addr=2000314B bit=00000005
[ERR] seq=1074237868 err=7456
[ERR] seq=1074237869 err=6104
[ERR] seq=1074237870 err=2672
[ERR] seq=1074237871 err=3552
[ERR] seq=1074237872 err=3088
[ERR] seq=1074237873 err=3104
[ERR] seq=1074237874 err=2944
[ERR] seq=1074237875 err=2856
[SEU] addr=2000319E bit=00000002
[ERR] seq=1074237876 err=2752
[ERR] seq=1074237877 err=2632
[ERR] seq=1074237878 err=2536
[ERR] seq=1074237879 err=2408
[ERR] seq=1074237880 err=2312
[ERR] seq=1074237881 err=2208
[ERR] seq=1074237882 err=2088
[ERR] seq=1074237883 err=1992
[SEU] addr=20003193 bit=00000004
[ERR] seq=1074237884 err=2147483104
[ERR] seq=1074237885 err=171800448
[ERR] seq=1074237886 err=185541912
[ERR] seq=1074237887 err=28588848
[ERR] seq=1074237888 err=17129584
[ERR] seq=1074237889 err=3658744
[SEU] addr=20003157 bit=00000003
[CMD QUEUE CORRUPTED] primary repaired
[ERR] seq=1074237890 err=1662064
[ERR] seq=1074237891 err=426760
[ERR] seq=1074237892 err=166096
[ERR] seq=1074237893 err=48560
[ERR] seq=1074237894 err=16360
[ERR] seq=1074237895 err=6440
[ERR] seq=1074237896 err=1192
[ERR] seq=1074237897 err=1944
[SEU] addr=20003195 bit=00000004
[ERR] seq=1074237898 err=1312
[ERR] seq=1074237899 err=1624
[ERR] seq=1074237900 err=1584
[ERR] seq=1074237901 err=1696
[SEU] addr=200031A2 bit=00000004
[ERR] seq=1074237902 err=1744
[ERR] seq=1074237903 err=1816
[SEU] addr=200031C9 bit=00000004
[ERR] seq=1074237904 err=1856
[ERR] seq=1074237905 err=1944
[ERR] seq=1074237906 err=2000
[SEU] addr=20003159 bit=00000005
[ERR] seq=1074237907 err=2064
[ERR] seq=1074237908 err=2136
[ERR] seq=1074237909 err=2176
[ERR] seq=1074237910 err=2256
[ERR] seq=1074237911 err=2296
[ERR] seq=1074237912 err=2376
[ERR] seq=1074237913 err=2424
[SEU] addr=200031CF bit=00000005
[ERR] seq=1074237914 err=2488
[ERR] seq=1074237915 err=2536
[SEU] addr=20003178 bit=00000003
[ERR] seq=1074237916 err=2600
[ERR] seq=1074237917 err=2656
[ERR] seq=1074237918 err=2720
[ERR] seq=1074237919 err=2768
[ERR] seq=1074237920 err=2816
[ERR] seq=1074237921 err=2872
[ERR] seq=1074237922 err=2944
[ERR] seq=1074237923 err=2968
[SEU] addr=20003177 bit=00000004
[ERR] seq=1074237924 err=3032
[ERR] seq=1074237925 err=3096
[ERR] seq=1074237926 err=3144
[ERR] seq=1074237927 err=3208
[ERR] seq=1074237928 err=3208
[ERR] seq=1074237929 err=3280
[ERR] seq=1074237930 err=3328
[ERR] seq=1074237931 err=3392
[ERR] seq=1074237932 err=3424
[SEU] addr=20003165 bit=00000004
[ERR] seq=1074237933 err=3480
[ERR] seq=1074237934 err=3528
[SEU] addr=20003166 bit=00000002
[ERR] seq=1074237935 err=3592
[ERR] seq=1074237936 err=3624
[ERR] seq=1074237937 err=3656
[SEU] addr=200031CA bit=00000000
[ERR] seq=1074237938 err=3712
[ERR] seq=1074237939 err=3776
[ERR] seq=1074237940 err=3800
[ERR] seq=1074237941 err=3848
[ERR] seq=1074237942 err=3896
[ERR] seq=1074237943 err=3936
[ERR] seq=1074237944 err=3960
[ERR] seq=1074237945 err=4008
[SEU] addr=200031C1 bit=00000003
[ERR] seq=1074237946 err=4056
[ERR] seq=1074237947 err=4104
[ERR] seq=1074237948 err=4128
[ERR] seq=1074237949 err=4176
[ERR] seq=1074237950 err=4216
[ERR] seq=1074237951 err=4248
[ERR] seq=1074237952 err=1512
[ERR] seq=1074237953 err=1528
[SEU] addr=200031BD bit=00000001
[ERR] seq=1074237954 err=1520
[ERR] seq=1074237955 err=1544
[ERR] seq=1074237956 err=1520
[ERR] seq=1074237957 err=1552
[ERR] seq=1074237958 err=1560
[ERR] seq=1074237959 err=1552
[ERR] seq=1074237960 err=1552
[ERR] seq=1074237961 err=1560
[ERR] seq=1074237962 err=1568
[SEU] addr=20003151 bit=00000000
[ERR] seq=1074237963 err=1576
[ERR] seq=1074237964 err=1560
[ERR] seq=1074237965 err=1576
[ERR] seq=1074237966 err=1592
[ERR] seq=1074237967 err=1592
[ERR] seq=1074237968 err=1592
[ERR] seq=1074237969 err=1616
[ERR] seq=1074237970 err=1624
[SEU] addr=20003181 bit=00000000
[ERR] seq=1074237971 err=1640
[ERR] seq=1074237972 err=1664
[ERR] seq=1074237973 err=1672
[ERR] seq=1074237974 err=1696
[ERR] seq=1074237975 err=1704
[SEU] addr=200031B6 bit=00000004
[ERR] seq=1074237976 err=1736
[ERR] seq=1074237977 err=1736
[ERR] seq=1074237978 err=1720
[ERR] seq=1074237979 err=1760
[ERR] seq=1074237980 err=1776
[SEU] addr=2000317C bit=00000001
[ERR] seq=1074237981 err=1784
[ERR] seq=1074237982 err=1784
[SEU] addr=2000319C bit=00000004
[ERR] seq=1074237983 err=1784
[ERR] seq=1074237984 err=1808
[ERR] seq=1074237985 err=1808
[ERR] seq=1074237986 err=1808
[SEU] addr=2000319D bit=00000000
[ERR] seq=1074237987 err=1808
[ERR] seq=1074237988 err=1832
[ERR] seq=1074237989 err=1832
[ERR] seq=1074237990 err=1840
[SEU] addr=20003179 bit=00000006
[ERR] seq=1074237991 err=1840
[ERR] seq=1074237992 err=1840
[ERR] seq=1074237993 err=1840
[ERR] seq=1074237994 err=1840
[ERR] seq=1074237995 err=1848
[ERR] seq=1074237996 err=1848
[SEU] addr=20003183 bit=00000007
[ERR] seq=1074237997 err=1832
[ERR] seq=1074237998 err=1840
[ERR] seq=1074237999 err=1840
[ERR] seq=1074238000 err=1848
[SEU] addr=200031D6 bit=00000003
[ERR] seq=1074762289 err=7648
[ERR] seq=1074762290 err=2048
[ERR] seq=1074762291 err=2640
[ERR] seq=1074762292 err=2304
[ERR] seq=1074762293 err=2312
[ERR] seq=1074762294 err=2200
[SEU] addr=2000314D bit=00000005
[SAMPLE QUEUE backup CORRUPTED] backup repaired
[ERR] seq=1074762295 err=2136
[ERR] seq=1074762296 err=2064
[ERR] seq=1074762297 err=1984
[ERR] seq=1074762298 err=1896
[ERR] seq=1074762299 err=1824
[ERR] seq=1074762300 err=1736
[SEU] addr=2000318E bit=00000000
[ERR] seq=1074762301 err=525384
[ERR] seq=1074762302 err=43520
[ERR] seq=1074762303 err=46352
[ERR] seq=1074762304 err=8400
[ERR] seq=1074762305 err=5216
[SEU] addr=2000316C bit=00000006
[ERR] seq=1074762306 err=2128
[ERR] seq=1074762307 err=1400
[SEU] addr=200031B3 bit=00000006
[ERR] seq=1074762308 err=1176
[SEU] addr=20003152 bit=00000004
[ERR] seq=1074762309 err=1032
[ERR] seq=1074762310 err=1128
[ERR] seq=1074762311 err=1248
[ERR] seq=1074762312 err=1400
[ERR] seq=1074762313 err=1536
[SEU] addr=200031C9 bit=00000006
[ERR] seq=1074762314 err=1680
[ERR] seq=1074762315 err=1800
[ERR] seq=1074762316 err=1952
[SEU] addr=2000318B bit=00000005
[ERR] seq=1074762317 err=2104
[ERR] seq=1074762318 err=2200
[ERR] seq=1074762319 err=2376
[SEU] addr=20003171 bit=00000007
[ERR] seq=1074762320 err=2520
[ERR] seq=1074762321 err=2656
[ERR] seq=1074762322 err=2808
[ERR] seq=1074762323 err=2944
[ERR] seq=1074762324 err=3088
[ERR] seq=1074762325 err=3248
[ERR] seq=1074762326 err=3360
[ERR] seq=1074762327 err=3536
[ERR] seq=1074762328 err=3680
[ERR] seq=1074762329 err=3824
[SEU] addr=200031D1 bit=00000001
[ERR] seq=1074762330 err=3960
[ERR] seq=1074762331 err=4104
[ERR] seq=1074762332 err=4264
[ERR] seq=1074762333 err=4424
[ERR] seq=1074762334 err=4528
[ERR] seq=1074762335 err=4704
[ERR] seq=1074762336 err=4840
[SEU] addr=200031A4 bit=00000005
[ERR] seq=1074762337 err=5000
[ERR] seq=1074762338 err=5128
[ERR] seq=1074762339 err=5272
[ERR] seq=1074762340 err=5416
[ERR] seq=1074762341 err=5544
[ERR] seq=1074762342 err=5704
[SEU] addr=2000316F bit=00000002
[ERR] seq=1074762343 err=5832
[ERR] seq=1074762344 err=5976
[ERR] seq=1074762345 err=6128
[ERR] seq=1074762346 err=6248
[ERR] seq=1074762347 err=6408
[ERR] seq=1074762348 err=6520
[ERR] seq=1074762349 err=6640
[ERR] seq=1074762350 err=6776
[ERR] seq=1074762351 err=6920
[SEU] addr=20003162 bit=00000002
[ERR] seq=1074762352 err=7040
[ERR] seq=1074762353 err=7184
[ERR] seq=1074762354 err=7272
[SEU] addr=20003199 bit=00000007
[ERR] seq=1074762355 err=7408
[ERR] seq=1074762356 err=7544
[ERR] seq=1074762357 err=7664
[SEU] addr=20003159 bit=00000004
[ERR] seq=1074762358 err=7768
[ERR] seq=1074762359 err=7896
[ERR] seq=1074762360 err=8392
[ERR] seq=1074762361 err=8448
[ERR] seq=1074762362 err=8600
[ERR] seq=1074762363 err=8696
[ERR] seq=1074762364 err=8816
[ERR] seq=1074762365 err=8912
[ERR] seq=1074762366 err=9008
[SEU] addr=20003184 bit=00000004
[ERR] seq=1074762367 err=6496
[ERR] seq=1074762368 err=9408
[ERR] seq=1074762369 err=9096
[ERR] seq=1074762370 err=9392
[ERR] seq=1074762371 err=9464
[SEU] addr=20003151 bit=00000005
[ERR] seq=1074762372 err=9552
[ERR] seq=1074762373 err=9656
[ERR] seq=1074762374 err=9720
[ERR] seq=1074762375 err=9808
[ERR] seq=1074762376 err=9872
[SEU] addr=200031BE bit=00000003
[ERR] seq=1074762377 err=9936
[ERR] seq=1074762378 err=10008
[ERR] seq=1074762379 err=10080
[ERR] seq=1074762380 err=10168
[ERR] seq=1074762381 err=10208
[ERR] seq=1074762382 err=10264
[ERR] seq=1074762383 err=10336
[ERR] seq=1074762384 err=10376
[ERR] seq=1074762385 err=10448
[SEU] addr=20003181 bit=00000007
[ERR] seq=1074762386 err=10472
[ERR] seq=1074762387 err=10520
[ERR] seq=1074762388 err=10552
[ERR] seq=1074762389 err=10608
[ERR] seq=1074762390 err=10624
[ERR] seq=1074762391 err=10648
[ERR] seq=1074762392 err=10704
[ERR] seq=1074762393 err=10712
[SEU] addr=200031D5 bit=00000004
[ERR] seq=1074758298 err=1408
[ERR] seq=1074758299 err=1032
[ERR] seq=1074758300 err=1576
[ERR] seq=1074758301 err=1608
[ERR] seq=1074758302 err=1720
[ERR] seq=1074758303 err=1792
[SEU] addr=200031AF bit=00000001
[ERR] seq=1074758304 err=1880
[ERR] seq=1074758305 err=1960
[ERR] seq=1074758306 err=2016
[ERR] seq=1074758307 err=2120
[ERR] seq=1074758308 err=2192
[ERR] seq=1074758309 err=2272
[ERR] seq=1074758310 err=2344
[ERR] seq=1074758311 err=2440
[ERR] seq=1074758312 err=2496
[SEU] addr=20003171 bit=00000002
[ERR] seq=1074758313 err=2600
[ERR] seq=1074758314 err=2648
[ERR] seq=1074758315 err=2728
[ERR] seq=1074758316 err=2832
[ERR] seq=1074758317 err=2904
[ERR] seq=1074758318 err=2968
[ERR] seq=1074758319 err=3056
[ERR] seq=1074758320 err=3128
[ERR] seq=1074758321 err=3208
[SEU] addr=200031C4 bit=00000006
[ERR] seq=1074758322 err=3288
[ERR] seq=1074758323 err=3352
[ERR] seq=1074758324 err=3424
[ERR] seq=1074758325 err=3512
[ERR] seq=1074758326 err=3560
[SEU] addr=200031BA bit=00000003
[ERR] seq=1074758327 err=3624
[ERR] seq=1074758328 err=3704
[ERR] seq=1074758329 err=3768
[ERR] seq=1074758330 err=3832
[ERR] seq=1074758331 err=3888
[ERR] seq=1074758332 err=3968
[ERR] seq=1074758333 err=4024
[ERR] seq=1074758334 err=4072
[ERR] seq=1074758335 err=4136
[SEU] addr=20003189 bit=00000001
[ERR] seq=1074758336 err=8312
[ERR] seq=1074758337 err=3920
[ERR] seq=1074758338 err=4960
[SEU] addr=20003196 bit=00000003
[ERR] seq=1074758339 err=4592
[ERR] seq=1074758340 err=4792
[ERR] seq=1074758341 err=4840
[ERR] seq=1074758342 err=4944
[SEU] addr=200031D0 bit=00000003
[ERR] seq=1074758343 err=4984
[ERR] seq=1074758344 err=5080
[ERR] seq=1074758345 err=5136
[ERR] seq=1074758346 err=5224
[ERR] seq=1074758347 err=5296
[ERR] seq=1074758348 err=5328
[ERR] seq=1074758349 err=5416
[ERR] seq=1074758350 err=5464
[SEU] addr=20003170 bit=00000005
[ERR] seq=1074758351 err=5552
[ERR] seq=1074758352 err=5576
[ERR] seq=1074758353 err=5648
[ERR] seq=1074758354 err=5664
[SEU] addr=200031D0 bit=00000002
[ERR] seq=1074758355 err=5736
[SEU] addr=20003174 bit=00000001
[ERR] seq=1074758356 err=5768
[ERR] seq=1074758357 err=5816
[SEU] addr=200031D4 bit=00000005
[ERR] seq=1074758390 err=2832
[ERR] seq=1074758391 err=3032
[ERR] seq=1074758392 err=2840
[ERR] seq=1074758393 err=2848
[ERR] seq=1074758394 err=2808
[ERR] seq=1074758395 err=2824
[SEU] addr=2000314A bit=00000001
[ERR] seq=1074758396 err=2816
[ERR] seq=1074758397 err=2816
[ERR] seq=1074758398 err=2784
[ERR] seq=1074758399 err=2792
[ERR] seq=1074758400 err=4576
[ERR] seq=1074758401 err=4432
[SEU] addr=20003180 bit=00000007
[ERR] seq=1074758402 err=4560
[ERR] seq=1074758403 err=4520
[ERR] seq=1074758404 err=4528
[ERR] seq=1074758405 err=4512
[ERR] seq=1074758406 err=4488
[ERR] seq=1074758407 err=4472
[ERR] seq=1074758408 err=4472
[ERR] seq=1074758409 err=4440
[ERR] seq=1074758410 err=4408
[SEU] addr=20003172 bit=00000005
[ERR] seq=1074758411 err=4384
[ERR] seq=1074758412 err=4384
[ERR] seq=1074758413 err=4344
[ERR] seq=1074758414 err=4328
[ERR] seq=1074758415 err=4296
[SEU] addr=2000317E bit=00000004
[ERR] seq=1074758416 err=4264
[ERR] seq=1074758417 err=4256
[ERR] seq=1074758418 err=4224
[SEU] addr=20003167 bit=00000006
[ERR] seq=1074758419 err=4184
[ERR] seq=1074758420 err=4168
[ERR] seq=1074758421 err=4120
[ERR] seq=1074758422 err=4096
[ERR] seq=1074758423 err=4056
[ERR] seq=1074758424 err=4024
[ERR] seq=1074758425 err=3992
[ERR] seq=1074758426 err=3960
[SEU] addr=20003185 bit=00000006
[ERR] seq=1074758427 err=8624
[ERR] seq=1074758428 err=3584
[ERR] seq=1074758429 err=4184
[ERR] seq=1074758430 err=3776
[ERR] seq=1074758431 err=3800
[ERR] seq=1074758432 err=3728
[SEU] addr=20003147 bit=00000001
[SAMPLE QUEUE CORRUPTED] primary repaired
[ERR] seq=1074758433 err=3712
[ERR] seq=1074758434 err=3656
[ERR] seq=1074758435 err=3624
[ERR] seq=1074758436 err=3592
[ERR] seq=1074758437 err=3536
[ERR] seq=1074758438 err=3520
[ERR] seq=1074758439 err=3464
[SEU] addr=20003185 bit=00000000
[ERR] seq=1074758440 err=4360
[ERR] seq=1074758441 err=3328
[ERR] seq=1074758442 err=3432
[ERR] seq=1074758443 err=3304
[ERR] seq=1074758444 err=3280
[ERR] seq=1074758445 err=3232
[SEU] addr=2000317C bit=00000006
[ERR] seq=1074758446 err=3200
[ERR] seq=1074758447 err=3144
[ERR] seq=1074758448 err=3120
[ERR] seq=1074758449 err=3080
[ERR] seq=1074758450 err=3024
[ERR] seq=1074758451 err=3008
[ERR] seq=1074758452 err=3016
[ERR] seq=1074758453 err=3008
[SEU] addr=2000316A bit=00000005
[ERR] seq=1074758454 err=2992
[ERR] seq=1074758455 err=2984
[SEU] addr=20003183 bit=00000005
[ERR] seq=1074758456 err=2992
[ERR] seq=1074758457 err=2984
[ERR] seq=1074758458 err=2960
[ERR] seq=1074758459 err=2968
[ERR] seq=1074758460 err=2960
[ERR] seq=1074758461 err=2960
[ERR] seq=1074758462 err=2960
[ERR] seq=1074758463 err=2928
[ERR] seq=1074758464 err=2944
[SEU] addr=20003177 bit=00000000
[ERR] seq=1074758465 err=2952
[ERR] seq=1074758466 err=2920
[ERR] seq=1074758467 err=2920
[ERR] seq=1074758468 err=2928
[ERR] seq=1074758469 err=2912
[ERR] seq=1074758470 err=2904
[SEU] addr=200031AD bit=00000003
[ERR] seq=1074758471 err=2904
[ERR] seq=1074758472 err=2904
[ERR] seq=1074758473 err=2888
[ERR] seq=1074758474 err=2888
[ERR] seq=1074758475 err=2880
[ERR] seq=1074758476 err=2872
[ERR] seq=1074758477 err=2872
[ERR] seq=1074758478 err=2880
[ERR] seq=1074758479 err=2856
[ERR] seq=1074758480 err=2864
[SEU] addr=20003188 bit=00000000
[ERR] seq=1074758481 err=2872
[SEU] addr=200031A6 bit=00000001
[ERR] seq=1074758482 err=2832
[ERR] seq=1074758483 err=2728
[ERR] seq=1074758484 err=2944
[ERR] seq=1074758485 err=2976
[ERR] seq=1074758486 err=3032
[ERR] seq=1074758487 err=3088
[ERR] seq=1074758488 err=3144
[ERR] seq=1074758489 err=3200
[ERR] seq=1074758490 err=3232
[SEU] addr=200031B3 bit=00000001
[ERR] seq=1074758491 err=3304
[ERR] seq=1074758492 err=3344
[ERR] seq=1074758493 err=3392
[ERR] seq=1074758494 err=3432
[ERR] seq=1074758495 err=3488
[ERR] seq=1074758496 err=3544
[ERR] seq=1074758497 err=3568
[ERR] seq=1074758498 err=3616
[ERR] seq=1074758499 err=3680
[SEU] addr=2000315E bit=00000006
[CMD QUEUE backup CORRUPTED] backup repaired
[ERR] seq=1074758500 err=3736
[SEU] addr=20003165 bit=00000002
[ERR] seq=1074758501 err=3768
[ERR] seq=1074758502 err=3808
[ERR] seq=1074758503 err=3864
[SEU] addr=2000316F bit=00000002
[ERR] seq=1074758504 err=3888
[ERR] seq=1074758505 err=3928
[ERR] seq=1074758506 err=3960
[ERR] seq=1074758507 err=4016
[ERR] seq=1074758508 err=4064
[ERR] seq=1074758509 err=4096
[SEU] addr=20003189 bit=00000004
[ERR] seq=1074758510 err=33448
[ERR] seq=1074758511 err=6792
[ERR] seq=1074758512 err=3504
[ERR] seq=1074758513 err=4664
[ERR] seq=1074758514 err=4024
[ERR] seq=1074758515 err=4360
[ERR] seq=1074758516 err=4336
[ERR] seq=1074758517 err=4384
[ERR] seq=1074758518 err=4408
[SEU] addr=20003177 bit=00000003
[ERR] seq=1074758519 err=4456
[ERR] seq=1074758520 err=4472
[ERR] seq=1074758521 err=4520
[ERR] seq=1074758522 err=4560
[ERR] seq=1074758523 err=4584
[ERR] seq=1074758524 err=4632
[ERR] seq=1074758525 err=4648
[ERR] seq=1074758526 err=4664
[SEU] addr=200031AE bit=00000005
[ERR] seq=1074758527 err=4720
[ERR] seq=1074758528 err=4752
[SEU] addr=20003175 bit=00000005
[ERR] seq=1074758529 err=4768
[ERR] seq=1074758530 err=4792
[ERR] seq=1074758531 err=4824
[ERR] seq=1074758532 err=4856
[ERR] seq=1074758533 err=4880
[SEU] addr=200031CF bit=00000002
[ERR] seq=1074758534 err=4920
[ERR] seq=1074758535 err=4936
[ERR] seq=1074758536 err=4960
[SEU] addr=200031D4 bit=00000003
[ERR] seq=1074758529 err=5480
[ERR] seq=1074758530 err=5448
[ERR] seq=1074758531 err=5536
[ERR] seq=1074758532 err=5568
[SEU] addr=200031C1 bit=00000005
[ERR] seq=1074758533 err=5600
[SEU] addr=20003176 bit=00000000
[ERR] seq=1074758534 err=5640
[SEU] addr=2000315F bit=00000003
[CMD QUEUE backup CORRUPTED] backup repaired
[ERR] seq=1074758535 err=5664
[ERR] seq=1074758536 err=5680
[ERR] seq=1074758537 err=5728
[ERR] seq=1074758538 err=5736
[ERR] seq=1074758539 err=5768
[ERR] seq=1074758540 err=5800
[ERR] seq=1074758541 err=5832
[ERR] seq=1074758542 err=5856
[SEU] addr=200031CD bit=00000004
[ERR] seq=1074758543 err=5888
[ERR] seq=1074758544 err=5904
[ERR] seq=1074758545 err=5912
[SEU] addr=2000319A bit=00000003
[ERR] seq=1074758546 err=5936
[ERR] seq=1074758547 err=5944
[ERR] seq=1074758548 err=5992
[SEU] addr=2000314C bit=00000001
[SAMPLE QUEUE backup CORRUPTED] backup repaired
[ERR] seq=1074758549 err=5984
[ERR] seq=1074758550 err=6008
[ERR] seq=1074758551 err=6024
[ERR] seq=1074758552 err=6048
[SEU] addr=200031D0 bit=00000007
[ERR] seq=1074758553 err=6056
[ERR] seq=1074758554 err=6048
[ERR] seq=1074758555 err=6064
[ERR] seq=1074758556 err=6088
[ERR] seq=1074758557 err=6080
[ERR] seq=1074758558 err=6096
[ERR] seq=1074758559 err=6080
[SEU] addr=2000314F bit=00000002
[SAMPLE QUEUE backup CORRUPTED] backup repaired
[ERR] seq=1074758560 err=6112
[ERR] seq=1074758561 err=6096
[SEU] addr=2000316B bit=00000005
[ERR] seq=1074758562 err=6096
[ERR] seq=1074758563 err=6096
[ERR] seq=1074758564 err=6104
[ERR] seq=1074758565 err=6096
[SEU] addr=20003159 bit=00000006
[ERR] seq=1074758566 err=6104
[SEU] addr=200031B9 bit=00000003
[ERR] seq=1074758567 err=6088
[ERR] seq=1074758568 err=6104
[ERR] seq=1074758569 err=6080
[ERR] seq=1074758570 err=6088
[ERR] seq=1074758571 err=6056
[ERR] seq=1074758572 err=6072
[SEU] addr=2000319C bit=00000003
[ERR] seq=1074758573 err=6048
[ERR] seq=1074758574 err=6048
[ERR] seq=1074758575 err=6024
[ERR] seq=1074758576 err=6016
[ERR] seq=1074758577 err=5984
[ERR] seq=1074758578 err=5984
[SEU] addr=200031B1 bit=00000006
[ERR] seq=1074758579 err=5952
[ERR] seq=1074758580 err=5944
[ERR] seq=1074758581 err=5912
[SEU] addr=200031CA bit=00000007
[ERR] seq=1074758582 err=5904
[ERR] seq=1074758583 err=5888
[ERR] seq=1074758584 err=5864
[ERR] seq=1074758585 err=5832
[ERR] seq=1074758586 err=5792
[ERR] seq=1074758587 err=5784
[SEU] addr=200031C2 bit=00000005
[ERR] seq=1074758588 err=5744
[ERR] seq=1074758589 err=5728
[ERR] seq=1074758590 err=5688
[SEU] addr=200031B7 bit=00000004
[ERR] seq=1074758591 err=5664
[ERR] seq=1074758592 err=5648
[ERR] seq=1074758593 err=5608
[ERR] seq=1074758594 err=5568
[ERR] seq=1074758595 err=5528
[ERR] seq=1074758596 err=5520
[ERR] seq=1074758597 err=5480
[ERR] seq=1074758598 err=5448
[SEU] addr=20003182 bit=00000004
[ERR] seq=1074758599 err=5416
[ERR] seq=1074758600 err=5384
[ERR] seq=1074758601 err=5344
[ERR] seq=1074758602 err=5320
[ERR] seq=1074758603 err=5264
[ERR] seq=1074758604 err=5232
[ERR] seq=1074758605 err=5184
[ERR] seq=1074758606 err=5144
[ERR] seq=1074758607 err=5112
[SEU] addr=20003190 bit=00000000
[ERR] seq=1074758608 err=5072
[ERR] seq=1074758609 err=5024
[ERR] seq=1074758610 err=4992
[ERR] seq=1074758611 err=4952
[ERR] seq=1074758612 err=4920
[ERR] seq=1074758613 err=4840
[SEU] addr=200031C0 bit=00000002
[ERR] seq=1074758614 err=4808
[ERR] seq=1074758615 err=4776
[ERR] seq=1074758616 err=4712
[ERR] seq=1074758617 err=4672
[ERR] seq=1074758618 err=4616
[ERR] seq=1074758619 err=4592
[SEU] addr=20003169 bit=00000001
[ERR] seq=1074758620 err=4528
[ERR] seq=1074758621 err=4480
[ERR] seq=1074758622 err=4416
[ERR] seq=1074758623 err=4400
[SEU] addr=20003180 bit=00000004
[ERR] seq=1074758624 err=4344
[ERR] seq=1074758625 err=4280
[ERR] seq=1074758626 err=4232
[SEU] addr=20003144 bit=00000006
[SAMPLE QUEUE CORRUPTED] primary repaired
[ERR] seq=1074758627 err=4184
[ERR] seq=1074758628 err=4120
[ERR] seq=1074758629 err=4056
[SEU] addr=200031A1 bit=00000006
[ERR] seq=1074758630 err=4000
[ERR] seq=1074758631 err=3952
[ERR] seq=1074758632 err=3896
[ERR] seq=1074758633 err=3856
[ERR] seq=1074758634 err=3776
[ERR] seq=1074758635 err=3720
[ERR] seq=1074758636 err=3656
[ERR] seq=1074758637 err=3592
[ERR] seq=1074758638 err=3520
[ERR] seq=1074758639 err=3480
[SEU] addr=20003147 bit=00000000
[SAMPLE QUEUE CORRUPTED] primary repaired
[ERR] seq=1074758640 err=3408
[ERR] seq=1074758641 err=3344
[ERR] seq=1074758642 err=3280
[ERR] seq=1074758643 err=3224
[ERR] seq=1074758644 err=3168
[ERR] seq=1074758645 err=3096
[ERR] seq=1074758646 err=3032
[ERR] seq=1074758647 err=2960
[ERR] seq=1074758648 err=2888
[SEU] addr=200031C4 bit=00000004
[ERR] seq=1074758649 err=2824
[ERR] seq=1074758650 err=2744
[ERR] seq=1074758651 err=2696
[ERR] seq=1074758652 err=2624
[ERR] seq=1074758653 err=2544
[ERR] seq=1074758654 err=2456
[ERR] seq=1074758655 err=2384
[ERR] seq=1074758656 err=3808
[ERR] seq=1074758657 err=3432
[SEU] addr=200031B7 bit=00000004
[ERR] seq=1074758658 err=4024
[ERR] seq=1074758659 err=4008
[ERR] seq=1074758660 err=4120
[ERR] seq=1074758661 err=4216
[ERR] seq=1074758662 err=4280
[ERR] seq=1074758663 err=4352
[ERR] seq=1074758664 err=4424
[SEU] addr=2000314B bit=00000000
[ERR] seq=1074758665 err=4520
[ERR] seq=1074758666 err=4592
[ERR] seq=1074758667 err=4664
[ERR] seq=1074758668 err=4736
[ERR] seq=1074758669 err=4824
[SEU] addr=200031BB bit=00000005
[ERR] seq=1074758670 err=4904
[ERR] seq=1074758671 err=4976
[ERR] seq=1074758672 err=5048
[ERR] seq=1074758673 err=5136
[ERR] seq=1074758674 err=5216
[ERR] seq=1074758675 err=5304
[ERR] seq=1074758676 err=5352
[ERR] seq=1074758677 err=5456
[ERR] seq=1074758678 err=5528
[ERR] seq=1074758679 err=5632
[SEU] addr=2000317D bit=00000007
[ERR] seq=1074758680 err=5688
[ERR] seq=1074758681 err=5768
[ERR] seq=1074758682 err=5864
[ERR] seq=1074758683 err=5928
[ERR] seq=1074758684 err=6024
[ERR] seq=1074758685 err=6096
[ERR] seq=1074758686 err=6168
[SEU] addr=200031A6 bit=00000002
[ERR] seq=1074758687 err=6272
[ERR] seq=1074758688 err=6344
[ERR] seq=1074758689 err=6408
[ERR] seq=1074758690 err=6504
[SEU] addr=20003148 bit=00000002
[SAMPLE QUEUE CORRUPTED] primary repaired
[ERR] seq=1074758691 err=6568
[ERR] seq=1074758692 err=6640
[ERR] seq=1074758693 err=6720
[SEU] addr=20003165 bit=00000001
[ERR] seq=1074758694 err=6808
[ERR] seq=1074758695 err=6880
[ERR] seq=1074758696 err=6928
[ERR] seq=1074758697 err=7016
[ERR] seq=1074758698 err=7096
[ERR] seq=1074758699 err=7168
[ERR] seq=1074758700 err=7232
[ERR] seq=1074758701 err=7304
[SEU] addr=2000318C bit=00000001
[ERR] seq=1074758702 err=7400
[ERR] seq=1074758703 err=7448
[ERR] seq=1074758704 err=7512
[ERR] seq=1074758705 err=7560
[ERR] seq=1074758706 err=7632
[ERR] seq=1074758707 err=7712
[SEU] addr=2000315A bit=00000001
[ERR] seq=1074758708 err=7776
[SEU] addr=200031BB bit=00000003
[ERR] seq=1074758709 err=7840
[ERR] seq=1074758710 err=7880
[ERR] seq=1074758711 err=7960
[ERR] seq=1074758712 err=7984
[ERR] seq=1074758713 err=8056
[SEU] addr=20003190 bit=00000000
[ERR] seq=1074758714 err=8096
[ERR] seq=1074758715 err=8160
[ERR] seq=1074758716 err=8192
[ERR] seq=1074758717 err=8232
[ERR] seq=1074758718 err=8304
[SEU] addr=2000315F bit=00000006
[CMD QUEUE backup CORRUPTED] backup repaired
[ERR] seq=1074758719 err=8336
[ERR] seq=1074758720 err=8384
[ERR] seq=1074758721 err=8408
[SEU] addr=200031AE bit=00000006
[ERR] seq=1074758722 err=8840
[ERR] seq=1074758723 err=8832
[ERR] seq=1074758724 err=8896
[ERR] seq=1074758725 err=8920
[ERR] seq=1074758726 err=8960
[ERR] seq=1074758727 err=8992
[ERR] seq=1074758728 err=9016
[ERR] seq=1074758729 err=9040
[ERR] seq=1074758730 err=4960
[SEU] addr=20003177 bit=00000005
[ERR] seq=1074758731 err=5336
[ERR] seq=1074758732 err=4968
[ERR] seq=1074758733 err=5048
[ERR] seq=1074758734 err=5040
[SEU] addr=200031B2 bit=00000005
[ERR] seq=1074758735 err=5064
[ERR] seq=1074758736 err=5056
[SEU] addr=200031A4 bit=00000002
[ERR] seq=1074758737 err=5088
[ERR] seq=1074758738 err=5072
[ERR] seq=1074758739 err=5088
[ERR] seq=1074758740 err=5072
[ERR] seq=1074758741 err=5104
[ERR] seq=1074758742 err=5096
[ERR] seq=1074758743 err=5112
[SEU] addr=20003189 bit=00000003
[ERR] seq=1074758744 err=17080
[ERR] seq=1074758745 err=6384
[ERR] seq=1074758746 err=3680
[ERR] seq=1074758747 err=5296
[ERR] seq=1074758748 err=4944
[ERR] seq=1074758749 err=5096
[ERR] seq=1074758750 err=5056
[SEU] addr=2000316A bit=00000003
[ERR] seq=1074758751 err=5040
[ERR] seq=1074758752 err=5024
[ERR] seq=1074758753 err=5000
[ERR] seq=1074758754 err=5008
[ERR] seq=1074758755 err=4968
[ERR] seq=1074758756 err=4944
[ERR] seq=1074758757 err=4920
[ERR] seq=1074758758 err=4896
[SEU] addr=2000316D bit=00000002
[ERR] seq=1074758759 err=4880
[ERR] seq=1074758760 err=4448
[ERR] seq=1074758761 err=4480
[ERR] seq=1074758762 err=4416
[ERR] seq=1074758763 err=4368
[ERR] seq=1074758764 err=4336
[ERR] seq=1074758765 err=4288
[ERR] seq=1074758766 err=4248
[SEU] addr=20003195 bit=00000001
[ERR] seq=1074758767 err=4208
[ERR] seq=1074758768 err=4144
[ERR] seq=1074758769 err=4104
[ERR] seq=1074758770 err=4072
[ERR] seq=1074758771 err=4016
[SEU] addr=20003161 bit=00000007
[ERR] seq=1074758772 err=3960
[ERR] seq=1074758773 err=3920
[ERR] seq=1074758774 err=3864
[SEU] addr=2000315D bit=00000006
[CMD QUEUE backup CORRUPTED] backup repaired
[ERR] seq=1074758775 err=3792
[SEU] addr=20003189 bit=00000006
[ERR] seq=1074758776 err=131896
[SEU] addr=200031AF bit=00000005
[ERR] seq=1074758777 err=14160
[ERR] seq=1074758778 err=12160
[ERR] seq=1074758779 err=5304
[ERR] seq=1074758780 err=2440
[ERR] seq=1074758781 err=3640
[ERR] seq=1074758782 err=3256
[ERR] seq=1074758783 err=3328
[SEU] addr=200031D4 bit=00000006
[ERR] seq=1074758720 err=12000
[ERR] seq=1074758721 err=11280
[ERR] seq=1074758722 err=11984
[ERR] seq=1074758723 err=11832
[ERR] seq=1074758724 err=11848
[SEU] addr=2000317E bit=00000005
[ERR] seq=1074758725 err=11728
[SEU] addr=20003177 bit=00000004
[ERR] seq=1074758726 err=11728
[ERR] seq=1074758727 err=11648
[ERR] seq=1074758728 err=11584
[ERR] seq=1074758729 err=11488
[ERR] seq=1074758730 err=11424
[ERR] seq=1074758731 err=11368
[SEU] addr=20003146 bit=00000002
[SAMPLE QUEUE CORRUPTED] primary repaired
[ERR] seq=1074758732 err=11248
[ERR] seq=1074758733 err=11192
[ERR] seq=1074758734 err=11088
[ERR] seq=1074758735 err=10992
[ERR] seq=1074758736 err=10888
[ERR] seq=1074758737 err=10800
[ERR] seq=1074758738 err=10672
[ERR] seq=1074758739 err=10584
[ERR] seq=1074758740 err=10448
[SEU] addr=2000318E bit=00000005
[ERR] seq=1074758741 err=16782472
[ERR] seq=1074758742 err=1352392
[ERR] seq=1074758743 err=1454704
[ERR] seq=1074758744 err=233304
[ERR] seq=1074758745 err=138856
[ERR] seq=1074758746 err=38272
[ERR] seq=1074758747 err=17920
[ERR] seq=1074758748 err=12792
[SEU] addr=20003184 bit=00000001
[ERR] seq=1074758749 err=7760
[ERR] seq=1074758750 err=9608
[ERR] seq=1074758751 err=8888
[ERR] seq=1074758752 err=8968
[ERR] seq=1074758753 err=8752
[ERR] seq=1074758754 err=8640
[SEU] addr=200031CE bit=00000006
[ERR] seq=1074758755 err=8488
[ERR] seq=1074758756 err=8336
[ERR] seq=1074758757 err=8192
[ERR] seq=1074758758 err=8024
[ERR] seq=1074758759 err=7880
[SEU] addr=200031AC bit=00000005
[ERR] seq=1074758760 err=7352
[ERR] seq=1074758761 err=7232
[ERR] seq=1074758762 err=7040
[ERR] seq=1074758763 err=6864
[ERR] seq=1074758764 err=6704
[ERR] seq=1074758765 err=6536
[SEU] addr=2000314E bit=00000002
[SAMPLE QUEUE backup CORRUPTED] backup repaired
[ERR] seq=1074758766 err=6352
[ERR] seq=1074758767 err=6200
[ERR] seq=1074758768 err=6024
[ERR] seq=1074758769 err=5848
[ERR] seq=1074758770 err=5688
[ERR] seq=1074758771 err=5512
[SEU] addr=20003179 bit=00000006
[ERR] seq=1074758772 err=5336
[ERR] seq=1074758773 err=5152
[ERR] seq=1074758774 err=4992
[SEU] addr=2000319E bit=00000002
[ERR] seq=1074758775 err=4800
[ERR] seq=1074758776 err=4616
[ERR] seq=1074758777 err=4456
[ERR] seq=1074758778 err=4264
[SEU] addr=20003159 bit=00000001
[ERR] seq=1074758779 err=4080
[ERR] seq=1074758780 err=3888
[ERR] seq=1074758781 err=3712
[ERR] seq=1074758782 err=3528
[ERR] seq=1074758783 err=3360
[ERR] seq=1074758784 err=3152
[ERR] seq=1074758785 err=2976
[ERR] seq=1074758786 err=2800
[ERR] seq=1074758787 err=2608
[SEU] addr=200031BE bit=00000004
[ERR] seq=1074758788 err=2408
[SEU] addr=20003179 bit=00000002
[ERR] seq=1074758789 err=2240
[ERR] seq=1074758790 err=2056
[ERR] seq=1074758791 err=1872
[ERR] seq=1074758792 err=1688
[ERR] seq=1074758793 err=1512
[ERR] seq=1074758794 err=1320
[ERR] seq=1074758795 err=1160
[SEU] addr=2000318C bit=00000005
[ERR] seq=1074758796 err=1280
[ERR] seq=1074758797 err=1216
[ERR] seq=1074758798 err=1304
[ERR] seq=1074758799 err=1424
[ERR] seq=1074758800 err=1520
[ERR] seq=1074758801 err=1632
[ERR] seq=1074758802 err=1752
[ERR] seq=1074758803 err=1856
[ERR] seq=1074758804 err=1976
[ERR] seq=1074758805 err=2072
[SEU] addr=2000314B bit=00000001
[ERR] seq=1074758806 err=2192
[ERR] seq=1074758807 err=2328
[ERR] seq=1074758808 err=2408
[ERR] seq=1074758809 err=2520
[SEU] addr=200031AF bit=00000001
[ERR] seq=1074758810 err=2624
[ERR] seq=1074758811 err=2736
[ERR] seq=1074758812 err=2832
[ERR] seq=1074758813 err=2936
[SEU] addr=2000318C bit=00000005
[ERR] seq=1074758814 err=2792
[ERR] seq=1074758815 err=3168
[ERR] seq=1074758816 err=3216
[ERR] seq=1074758817 err=3352
[ERR] seq=1074758818 err=3456
[ERR] seq=1074758819 err=3544
[ERR] seq=1074758820 err=3648
[ERR] seq=1074758821 err=3744
[ERR] seq=1074758822 err=3840
[ERR] seq=1074758823 err=3928
[SEU] addr=200031C6 bit=00000005
[ERR] seq=1074758824 err=4032
[ERR] seq=1074758825 err=4120
[ERR] seq=1074758826 err=4208
[ERR] seq=1074758827 err=4304
[ERR] seq=1074758828 err=4384
[ERR] seq=1074758829 err=4504
[ERR] seq=1074758830 err=4568
[ERR] seq=1074758831 err=4656
[SEU] addr=2000319E bit=00000002
[ERR] seq=1074758832 err=4800
[ERR] seq=1074758833 err=4960
[ERR] seq=1074758834 err=5048
[SEU] addr=200031C7 bit=00000003
[ERR] seq=1074758835 err=5208
[ERR] seq=1074758836 err=5312
[ERR] seq=1074758837 err=5464
[ERR] seq=1074758838 err=5576
[ERR] seq=1074758839 err=5696
[SEU] addr=20003190 bit=00000002
[ERR] seq=1074758840 err=5848
[ERR] seq=1074758841 err=5912
[ERR] seq=1074758842 err=6040
[SEU] addr=200031A3 bit=00000005
[ERR] seq=1074758843 err=6128
[ERR] seq=1074758844 err=6264
[ERR] seq=1074758845 err=6368
[SEU] addr=200031CF bit=00000007
[ERR] seq=1074758846 err=6456
[ERR] seq=1074758847 err=6584
[SEU] addr=20003193 bit=00000004
[ERR] seq=1074758848 err=2147489584
[ERR] seq=1074758849 err=171805456
[ERR] seq=1074758850 err=185548656
[ERR] seq=1074758851 err=28594264
[ERR] seq=1074758852 err=17136584
[ERR] seq=1074758853 err=3664576
[ERR] seq=1074758854 err=1669328
[ERR] seq=1074758855 err=432960
[ERR] seq=1074758856 err=173496
[SEU] addr=2000319C bit=00000004
[ERR] seq=1074758857 err=54904
[ERR] seq=1074758858 err=23672
[SEU] addr=200031D4 bit=00000001
[ERR] seq=1074758857 err=12840
[ERR] seq=1074758858 err=8408
[ERR] seq=1074758859 err=8392
[ERR] seq=1074758860 err=7736
[ERR] seq=1074758861 err=8056
[ERR] seq=1074758862 err=8040
[ERR] seq=1074758863 err=8128
[SEU] addr=200031C3 bit=00000003
[ERR] seq=1074758864 err=8184
[ERR] seq=1074758865 err=8248
[ERR] seq=1074758866 err=8304
[ERR] seq=1074758867 err=8376
[ERR] seq=1074758868 err=8408
[ERR] seq=1074758869 err=8480
[ERR] seq=1074758870 err=8520
[ERR] seq=1074758871 err=8544
[ERR] seq=1074758872 err=8616
[SEU] addr=200031C3 bit=00000003
[ERR] seq=1074758873 err=8656
[ERR] seq=1074758874 err=8704
[SEU] addr=200031A6 bit=00000000
[ERR] seq=1074758875 err=8728
[ERR] seq=1074758876 err=8776
[SEU] addr=200031D0 bit=00000000
[ERR] seq=1074758877 err=8800
[ERR] seq=1074758878 err=8832
[ERR] seq=1074758879 err=8848
[ERR] seq=1074758880 err=8872
[ERR] seq=1074758881 err=8896
[ERR] seq=1074758882 err=8912
[ERR] seq=1074758883 err=8944
[ERR] seq=1074758884 err=8952
[ERR] seq=1074758885 err=8976
[ERR] seq=1074758886 err=8984
[SEU] addr=200031BD bit=00000004
[ERR] seq=1074758887 err=8984
[ERR] seq=1074758888 err=9000
[ERR] seq=1074758889 err=8992
[ERR] seq=1074758890 err=8992
[ERR] seq=1074758891 err=8992
[ERR] seq=1074758892 err=9000
[ERR] seq=1074758893 err=8984
[ERR] seq=1074758894 err=8984
[ERR] seq=1074758895 err=8976
[SEU] addr=200031AB bit=00000005
[ERR] seq=1074758896 err=8952
[ERR] seq=1074758897 err=8944
[ERR] seq=1074758898 err=8920
[ERR] seq=1074758899 err=8904
[ERR] seq=1074758900 err=8872
[ERR] seq=1074758901 err=8856
[SEU] addr=200031CC bit=00000007
[ERR] seq=1074758902 err=8840
[ERR] seq=1074758903 err=8800
[ERR] seq=1074758904 err=8776
[ERR] seq=1074758905 err=8736
[ERR] seq=1074758906 err=8704
[ERR] seq=1074758907 err=8656
[ERR] seq=1074758908 err=8624
[ERR] seq=1074758909 err=8568
[ERR] seq=1074758910 err=8520
[SEU] addr=2000315A bit=00000000
[ERR] seq=1074758911 err=8480
[ERR] seq=1074758912 err=6392
[ERR] seq=1074758913 err=6488
[ERR] seq=1074758914 err=6248
[ERR] seq=1074758915 err=6224
[SEU] addr=200031BB bit=00000000
[ERR] seq=1074758916 err=6144
[ERR] seq=1074758917 err=6088
[ERR] seq=1074758918 err=6024
[ERR] seq=1074758919 err=5952
[ERR] seq=1074758920 err=7936
[ERR] seq=1074758921 err=7688
[ERR] seq=1074758922 err=7784
[ERR] seq=1074758923 err=7680
[ERR] seq=1074758924 err=7608
[SEU] addr=2000315D bit=00000005
[CMD QUEUE backup CORRUPTED] backup repaired
[ERR] seq=1074758925 err=7528
[ERR] seq=1074758926 err=7448
[ERR] seq=1074758927 err=7352
[SEU] addr=2000315A bit=00000000
[ERR] seq=1074758928 err=7280
[ERR] seq=1074758929 err=7184
[ERR] seq=1074758930 err=7080
[ERR] seq=1074758931 err=6968
[SEU] addr=200031A8 bit=00000007
[ERR] seq=1074758932 err=6880
[ERR] seq=1074758933 err=6776
[ERR] seq=1074758934 err=6696
[SEU] addr=200031CD bit=00000007
[ERR] seq=1074758935 err=6560
[END]
samples=10000
SEUs=1857
good samples=588
errors=9412
samples omitted=0
max_error=0x80001730
propagations=9198
detected_errors=254
tmr_corrections=0
dmr_corrections=254
crc detections=0
clamp_activations=0
rate limit activations=0
[HARDFAULT]
