START
SEED=77761234
[SEU] addr=20003148 bit=00000002
[SAMPLE QUEUE CORRUPTED] primary repaired
[SEU] addr=200031C6 bit=00000000
[SEU] addr=2000315E bit=00000003
[CMD QUEUE backup CORRUPTED] backup repaired
[SEU] addr=200031C0 bit=00000004
[SEU] addr=200031CA bit=00000002
[SEU] addr=200031B5 bit=00000007
[SEU] addr=200031DE bit=00000005
[SEU] addr=20003183 bit=00000004
[SEU] addr=20003161 bit=00000001
[SEU] addr=2000316A bit=00000005
[SEU] addr=20003190 bit=00000001
[ERR] seq=64 err=16
[SEU] addr=20003152 bit=00000005
[SEU] addr=200031D3 bit=00000006
[SEU] addr=2000316D bit=00000002
[SEU] addr=2000314B bit=00000005
[SEU] addr=200031D6 bit=00000006
[SEU] addr=200031DC bit=00000000
[SEU] addr=2000315F bit=00000007
[CMD QUEUE backup CORRUPTED] backup repaired
[SEU] addr=20003168 bit=00000005
[SEU] addr=200031B2 bit=00000006
[SEU] addr=200031C1 bit=00000004
[SEU] addr=20003144 bit=00000005
[SAMPLE QUEUE CORRUPTED] primary repaired
[SEU] addr=200031C3 bit=00000007
[SEU] addr=2000314B bit=00000006
[SEU] addr=200031C7 bit=00000003
[SEU] addr=200031DB bit=00000002
[SEU] addr=2000314C bit=00000006
[SAMPLE QUEUE backup CORRUPTED] backup repaired
[SEU] addr=20003193 bit=00000004
[ERR] seq=156 err=2147483648
[ERR] seq=157 err=171798688
[ERR] seq=158 err=185542576
[SEU] addr=2000318A bit=00000007
[ERR] seq=159 err=95696152
[ERR] seq=160 err=22499080
[ERR] seq=161 err=9455600
[ERR] seq=162 err=2556368
[SEU] addr=200031A6 bit=00000006
[ERR] seq=163 err=960952
[ERR] seq=164 err=281376
[SEU] addr=200031CB bit=00000002
[ERR] seq=165 err=99368
[SEU] addr=200031D5 bit=00000007
[ERR] seq=166 err=30440
[ERR] seq=167 err=10368
[ERR] seq=168 err=3248
[ERR] seq=169 err=1072
[ERR] seq=170 err=328
[ERR] seq=171 err=96
[SEU] addr=200031C3 bit=00000001
[ERR] seq=172 err=16
[SEU] addr=20003185 bit=00000000
[ERR] seq=180 err=7856
[ERR] seq=181 err=616
[ERR] seq=182 err=656
[ERR] seq=183 err=80
[ERR] seq=184 err=40
[SEU] addr=2000317D bit=00000001
[SEU] addr=20003177 bit=00000007
[SEU] addr=200031DA bit=00000007
[SEU] addr=200031BB bit=00000002
[SEU] addr=200031B3 bit=00000000
[SEU] addr=2000319A bit=00000002
[SEU] addr=200031CD bit=00000002
[SEU] addr=200031CB bit=00000007
[SEU] addr=200031CF bit=00000005
[SEU] addr=200031CB bit=00000004
[SEU] addr=200031D2 bit=00000000
[SEU] addr=2000317E bit=00000007
[SEU] addr=2000318B bit=00000002
[ERR] seq=240 err=536870912
[ERR] seq=241 err=42949672
[ERR] seq=242 err=46385640
[ERR] seq=243 err=7146816
[SEU] addr=200031CF bit=00000001
[ERR] seq=244 err=4282592
[ERR] seq=245 err=914344
[ERR] seq=246 err=415744
[ERR] seq=247 err=106400
[ERR] seq=248 err=41768
[ERR] seq=249 err=11848
[SEU] addr=200031D5 bit=00000006
[ERR] seq=250 err=4280
[ERR] seq=251 err=1280
[ERR] seq=252 err=432
[ERR] seq=253 err=128
[ERR] seq=254 err=40
[ERR] seq=255 err=8
[SEU] addr=2000318A bit=00000007
[ERR] seq=258 err=67108864
[ERR] seq=259 err=5368704
[ERR] seq=260 err=5798200
[ERR] seq=261 err=893352
[ERR] seq=262 err=535320
[ERR] seq=263 err=114288
[ERR] seq=264 err=51960
[SEU] addr=2000317B bit=00000002
[ERR] seq=265 err=13288
[ERR] seq=266 err=5208
[ERR] seq=267 err=1472
[ERR] seq=268 err=528
[ERR] seq=269 err=152
[ERR] seq=270 err=48
[ERR] seq=271 err=8
[SEU] addr=200031BD bit=00000002
[SEU] addr=20003195 bit=00000000
[SEU] addr=2000317C bit=00000007
[SEU] addr=2000314A bit=00000004
[SEU] addr=200031DB bit=00000005
[SEU] addr=20003156 bit=00000003
[CMD QUEUE CORRUPTED] primary repaired
[SEU] addr=2000319F bit=00000006
[SEU] addr=2000318D bit=00000001
[ERR] seq=305 err=4096
[ERR] seq=306 err=320
[ERR] seq=307 err=344
[ERR] seq=308 err=48
[ERR] seq=309 err=24
[SEU] addr=20003190 bit=00000002
[ERR] seq=310 err=32
[SEU] addr=200031B7 bit=00000001
[SEU] addr=20003184 bit=00000003
[ERR] seq=324 err=904
[SEU] addr=20003156 bit=00000007
[CMD QUEUE CORRUPTED] primary repaired
[ERR] seq=325 err=56
[ERR] seq=326 err=56
[SEU] addr=20003155 bit=00000001
[CMD QUEUE CORRUPTED] primary repaired
[SEU] addr=20003192 bit=00000002
[ERR] seq=341 err=2097152
[ERR] seq=342 err=167768
[ERR] seq=343 err=181184
[ERR] seq=344 err=27904
[ERR] seq=345 err=16720
[ERR] seq=346 err=3568
[SEU] addr=200031D0 bit=00000002
[ERR] seq=347 err=1616
[ERR] seq=348 err=408
[ERR] seq=349 err=160
[ERR] seq=350 err=40
[ERR] seq=351 err=8
[SEU] addr=20003190 bit=00000000
[ERR] seq=353 err=8
[SEU] addr=20003162 bit=00000007
[SEU] addr=200031D6 bit=00000005
[SEU] addr=20003152 bit=00000007
[SEU] addr=2000315C bit=00000005
[CMD QUEUE backup CORRUPTED] backup repaired
[SEU] addr=2000315B bit=00000000
[SEU] addr=200031B6 bit=00000006
[SEU] addr=20003192 bit=00000005
[ERR] seq=390 err=16777216
[ERR] seq=391 err=1342176
[ERR] seq=392 err=1449544
[ERR] seq=393 err=223328
[ERR] seq=394 err=133824
[ERR] seq=395 err=28568
[SEU] addr=20003177 bit=00000005
[ERR] seq=396 err=12984
[SEU] addr=200031C8 bit=00000007
[ERR] seq=397 err=3312
[ERR] seq=398 err=1296
[ERR] seq=399 err=360
[ERR] seq=400 err=120
[ERR] seq=401 err=32
[SEU] addr=2000319D bit=00000000
[ERR] seq=402 err=8
[SEU] addr=200031A8 bit=00000001
[SEU] addr=20003193 bit=00000006
[SEU] addr=200031C1 bit=00000003
[SEU] addr=200031B2 bit=00000007
[SEU] addr=200031D3 bit=00000000
[SEU] addr=200031B5 bit=00000002
[SEU] addr=200031A9 bit=00000001
[SEU] addr=20003189 bit=00000003
[ERR] seq=440 err=16384
[ERR] seq=441 err=1304
[ERR] seq=442 err=1408
[ERR] seq=443 err=216
[ERR] seq=444 err=128
[SEU] addr=200031B7 bit=00000000
[ERR] seq=445 err=24
[ERR] seq=446 err=8
[SEU] addr=200031A1 bit=00000007
[SEU] addr=20003181 bit=00000000
[SEU] addr=200031BA bit=00000005
[SEU] addr=20003168 bit=00000006
[SEU] addr=200031DF bit=00000004
[SEU] addr=200031DD bit=00000002
[SEU] addr=200031DB bit=00000006
[SEU] addr=20003155 bit=00000000
[CMD QUEUE CORRUPTED] primary repaired
[SEU] addr=200031D7 bit=00000003
[SEU] addr=200031C8 bit=00000004
[SEU] addr=20003194 bit=00000004
[SEU] addr=20003172 bit=00000004
[SEU] addr=20003174 bit=00000007
[SEU] addr=200031BC bit=00000007
[SEU] addr=200031A0 bit=00000004
[SEU] addr=20003149 bit=00000000
[SEU] addr=20003148 bit=00000006
[SAMPLE QUEUE CORRUPTED] primary repaired
[SEU] addr=2000314F bit=00000002
[SAMPLE QUEUE backup CORRUPTED] backup repaired
[SEU] addr=20003147 bit=00000000
[SAMPLE QUEUE CORRUPTED] primary repaired
[SEU] addr=2000315F bit=00000006
[CMD QUEUE backup CORRUPTED] backup repaired
[SEU] addr=200031C2 bit=00000004
[SEU] addr=200031A2 bit=00000006
[SEU] addr=20003192 bit=00000002
[ERR] seq=578 err=2097152
[ERR] seq=579 err=167768
[ERR] seq=580 err=181184
[SEU] addr=200031C1 bit=00000003
[ERR] seq=581 err=27904
[ERR] seq=582 err=16720
[ERR] seq=583 err=3568
[ERR] seq=584 err=1616
[ERR] seq=585 err=408
[ERR] seq=586 err=160
[ERR] seq=587 err=40
[SEU] addr=200031D9 bit=00000004
[ERR] seq=588 err=8
[SEU] addr=20003153 bit=00000006
[SEU] addr=200031AF bit=00000005
[SEU] addr=200031B4 bit=00000007
[SEU] addr=2000317E bit=00000007
[SEU] addr=20003179 bit=00000002
[SEU] addr=20003176 bit=00000004
[SEU] addr=200031C3 bit=00000000
[SEU] addr=200031C6 bit=00000007
[SEU] addr=2000314F bit=00000005
[SAMPLE QUEUE backup CORRUPTED] backup repaired
[SEU] addr=20003176 bit=00000007
[SEU] addr=200031A1 bit=00000005
[SEU] addr=20003149 bit=00000003
[SEU] addr=2000315F bit=00000006
[CMD QUEUE backup CORRUPTED] backup repaired
[SEU] addr=200031C2 bit=00000002
[SEU] addr=2000316F bit=00000002
[SEU] addr=20003178 bit=00000003
[SEU] addr=200031C9 bit=00000006
[SEU] addr=2000319D bit=00000001
[SEU] addr=20003198 bit=00000001
[SEU] addr=2000317A bit=00000004
[SEU] addr=20003145 bit=00000002
[SAMPLE QUEUE CORRUPTED] primary repaired
[SEU] addr=2000315B bit=00000006
[SEU] addr=20003151 bit=00000004
[SEU] addr=200031A2 bit=00000004
[SEU] addr=20003166 bit=00000005
[SEU] addr=2000318C bit=00000007
[ERR] seq=725 err=1024
[ERR] seq=726 err=80
[ERR] seq=727 err=80
[SEU] addr=200031B9 bit=00000003
[SEU] addr=20003177 bit=00000001
[SEU] addr=20003198 bit=00000001
[SEU] addr=20003150 bit=00000001
[SAMPLE QUEUE backup CORRUPTED] backup repaired
[SEU] addr=200031D9 bit=00000001
[SEU] addr=20003184 bit=00000005
[ERR] seq=759 err=4152
[ERR] seq=760 err=320
[ERR] seq=761 err=328
[ERR] seq=762 err=16
[ERR] seq=763 err=8
[SEU] addr=2000318D bit=00000001
[ERR] seq=766 err=4096
[ERR] seq=767 err=320
[ERR] seq=768 err=344
[ERR] seq=769 err=48
[ERR] seq=770 err=24
[SEU] addr=200031D5 bit=00000002
[SEU] addr=200031CD bit=00000007
[SEU] addr=200031DF bit=00000006
[SEU] addr=200031D9 bit=00000006
[SEU] addr=20003167 bit=00000007
[SEU] addr=200031B8 bit=00000001
[SEU] addr=2000318D bit=00000006
[ERR] seq=797 err=131072
[ERR] seq=798 err=10480
[ERR] seq=799 err=11312
[ERR] seq=800 err=1736
[ERR] seq=801 err=1040
[ERR] seq=802 err=216
[ERR] seq=803 err=96
[SEU] addr=20003179 bit=00000003
[ERR] seq=804 err=16
[SEU] addr=200031B9 bit=00000007
[SEU] addr=200031C6 bit=00000005
[SEU] addr=200031B5 bit=00000000
[SEU] addr=200031CE bit=00000000
[SEU] addr=200031C2 bit=00000001
[SEU] addr=2000315F bit=00000001
[CMD QUEUE backup CORRUPTED] backup repaired
[SEU] addr=20003173 bit=00000001
[SEU] addr=200031A8 bit=00000005
[SEU] addr=20003170 bit=00000006
[SEU] addr=200031C9 bit=00000000
[SEU] addr=200031A7 bit=00000003
[SEU] addr=200031B4 bit=00000006
[SEU] addr=20003171 bit=00000000
[SEU] addr=2000319B bit=00000001
[SEU] addr=200031DF bit=00000007
[SEU] addr=2000314B bit=00000004
[SEU] addr=20003159 bit=00000006
[SEU] addr=200031AE bit=00000002
[SEU] addr=200031C8 bit=00000001
[SEU] addr=200031A2 bit=00000006
[SEU] addr=20003188 bit=00000003
[ERR] seq=933 err=64
[SEU] addr=2000316F bit=00000006
[SEU] addr=200031D1 bit=00000000
[SEU] addr=200031D0 bit=00000002
[SEU] addr=200031BF bit=00000006
[SEU] addr=20003151 bit=00000005
[SEU] addr=200031A1 bit=00000006
[SEU] addr=200031D7 bit=00000002
[SEU] addr=200031DB bit=00000002
[SEU] addr=20003181 bit=00000001
[SEU] addr=2000317C bit=00000007
[SEU] addr=200031BF bit=00000005
[SEU] addr=200031B2 bit=00000000
[SEU] addr=2000316C bit=00000000
[SEU] addr=20003167 bit=00000007
[SEU] addr=200031AB bit=00000003
[SEU] addr=200031D4 bit=00000004
[SEU] addr=200031A9 bit=00000007
[SEU] addr=200031A5 bit=00000007
[SEU] addr=200031B3 bit=00000001
[SEU] addr=2000319F bit=00000006
[SEU] addr=20003145 bit=00000003
[SAMPLE QUEUE CORRUPTED] primary repaired
[SEU] addr=200031A0 bit=00000006
[SEU] addr=2000316D bit=00000003
[SEU] addr=200031CE bit=00000004
[SEU] addr=200031A9 bit=00000006
[SEU] addr=2000318C bit=00000004
[ERR] seq=1061 err=128
[SEU] addr=20003183 bit=00000007
[ERR] seq=1062 err=8
[ERR] seq=1063 err=8
[SEU] addr=200031A0 bit=00000002
[SEU] addr=2000316F bit=00000005
[SEU] addr=200031C9 bit=00000000
[SEU] addr=200031B1 bit=00000004
[SEU] addr=20003160 bit=00000006
[CMD QUEUE backup CORRUPTED] backup repaired
[SEU] addr=20003166 bit=00000005
[SEU] addr=200031CB bit=00000007
[SEU] addr=2000314A bit=00000000
[SEU] addr=200031A4 bit=00000004
[SEU] addr=2000314B bit=00000000
[SEU] addr=20003197 bit=00000005
[SEU] addr=200031B3 bit=00000007
[SEU] addr=200031C2 bit=00000006
[SEU] addr=200031B6 bit=00000007
[SEU] addr=2000315F bit=00000003
[CMD QUEUE backup CORRUPTED] backup repaired
[SEU] addr=200031B4 bit=00000002
[SEU] addr=200031B3 bit=00000000
[SEU] addr=20003173 bit=00000002
[SEU] addr=2000319F bit=00000007
[SEU] addr=2000319E bit=00000003
[SEU] addr=200031BD bit=00000001
[SEU] addr=20003174 bit=00000000
[SEU] addr=20003191 bit=00000001
[ERR] seq=1191 err=4096
[ERR] seq=1192 err=320
[ERR] seq=1193 err=344
[ERR] seq=1194 err=48
[SEU] addr=20003144 bit=00000005
[SAMPLE QUEUE CORRUPTED] primary repaired
[ERR] seq=1195 err=24
[SEU] addr=20003161 bit=00000005
[SEU] addr=200031AD bit=00000003
[SEU] addr=20003185 bit=00000007
[ERR] seq=1209 err=608
[ERR] seq=1210 err=40
[ERR] seq=1211 err=40
[SEU] addr=200031DE bit=00000003
[SEU] addr=20003191 bit=00000001
[ERR] seq=1224 err=4096
[ERR] seq=1225 err=320
[ERR] seq=1226 err=344
[ERR] seq=1227 err=48
[ERR] seq=1228 err=24
[SEU] addr=20003173 bit=00000006
[SEU] addr=200031C8 bit=00000002
[SEU] addr=20003156 bit=00000007
[CMD QUEUE CORRUPTED] primary repaired
[SEU] addr=200031C7 bit=00000000
[SEU] addr=20003155 bit=00000007
[CMD QUEUE CORRUPTED] primary repaired
[SEU] addr=200031C3 bit=00000001
[SEU] addr=200031B8 bit=00000007
[SEU] addr=20003185 bit=00000005
[ERR] seq=1283 err=8072
[ERR] seq=1284 err=640
[ERR] seq=1285 err=680
[ERR] seq=1286 err=80
[ERR] seq=1287 err=40
[SEU] addr=20003180 bit=00000007
[SEU] addr=2000319F bit=00000005
[SEU] addr=20003166 bit=00000004
[SEU] addr=20003156 bit=00000000
[CMD QUEUE CORRUPTED] primary repaired
[SEU] addr=200031C5 bit=00000003
[SEU] addr=200031D0 bit=00000004
[SEU] addr=20003167 bit=00000006
[SEU] addr=200031BC bit=00000002
[SEU] addr=20003180 bit=00000002
[SEU] addr=200031CE bit=00000007
[SEU] addr=200031DD bit=00000004
[SEU] addr=20003172 bit=00000001
[SEU] addr=20003164 bit=00000001
[SEU] addr=200031C4 bit=00000004
[SEU] addr=2000317E bit=00000007
[SEU] addr=20003172 bit=00000000
[SEU] addr=20003155 bit=00000007
[CMD QUEUE CORRUPTED] primary repaired
[SEU] addr=200031BD bit=00000006
[SEU] addr=2000317F bit=00000004
[SEU] addr=200031D5 bit=00000000
[SEU] addr=200031A6 bit=00000006
[SEU] addr=20003158 bit=00000007
[CMD QUEUE CORRUPTED] primary repaired
[SEU] addr=200031D1 bit=00000003
[SEU] addr=20003144 bit=00000002
[SAMPLE QUEUE CORRUPTED] primary repaired
[SEU] addr=2000317F bit=00000002
[SEU] addr=20003153 bit=00000000
[SEU] addr=200031AD bit=00000007
[SEU] addr=20003197 bit=00000007
[SEU] addr=2000318E bit=00000001
[ERR] seq=1446 err=1048576
[ERR] seq=1447 err=83880
[SEU] addr=2000319C bit=00000000
[ERR] seq=1448 err=90584
[ERR] seq=1449 err=13944
[ERR] seq=1450 err=8352
[ERR] seq=1451 err=1776
[SEU] addr=20003157 bit=00000006
[CMD QUEUE CORRUPTED] primary repaired
[ERR] seq=1452 err=800
[ERR] seq=1453 err=200
[ERR] seq=1454 err=80
[ERR] seq=1455 err=16
[SEU] addr=200031C9 bit=00000000
[SEU] addr=200031D6 bit=00000002
[SEU] addr=2000319C bit=00000005
[SEU] addr=20003163 bit=00000005
[SEU] addr=20003196 bit=00000005
[SEU] addr=2000314E bit=00000007
[SAMPLE QUEUE backup CORRUPTED] backup repaired
[SEU] addr=20003192 bit=00000003
[ERR] seq=1498 err=4194304
[ERR] seq=1499 err=335544
[ERR] seq=1500 err=362384
[ERR] seq=1501 err=55824
[ERR] seq=1502 err=33448
[ERR] seq=1503 err=7136
[ERR] seq=1504 err=3240
[ERR] seq=1505 err=824
[ERR] seq=1506 err=320
[SEU] addr=200031DF bit=00000007
[ERR] seq=1507 err=88
[ERR] seq=1508 err=24
[SEU] addr=2000319C bit=00000005
[SEU] addr=20003154 bit=00000002
[CMD QUEUE CORRUPTED] primary repaired
[SEU] addr=2000318C bit=00000007
[ERR] seq=1523 err=1024
[ERR] seq=1524 err=80
[ERR] seq=1525 err=80
[SEU] addr=20003159 bit=00000007
[SEU] addr=20003144 bit=00000006
[SAMPLE QUEUE CORRUPTED] primary repaired
[SEU] addr=2000318D bit=00000005
[ERR] seq=1540 err=65536
[ERR] seq=1541 err=5240
[ERR] seq=1542 err=5656
[ERR] seq=1543 err=864
[ERR] seq=1544 err=512
[ERR] seq=1545 err=104
[ERR] seq=1546 err=48
[ERR] seq=1547 err=8
[SEU] addr=200031C2 bit=00000001
[SEU] addr=200031D5 bit=00000002
[SEU] addr=200031DA bit=00000004
[SEU] addr=20003194 bit=00000007
[SEU] addr=20003172 bit=00000003
[SEU] addr=2000318D bit=00000003
[ERR] seq=1580 err=16384
[ERR] seq=1581 err=1304
[ERR] seq=1582 err=1408
[ERR] seq=1583 err=216
[ERR] seq=1584 err=128
[SEU] addr=20003182 bit=00000002
[ERR] seq=1585 err=24
[ERR] seq=1586 err=8
[SEU] addr=200031BD bit=00000007
[SEU] addr=20003147 bit=00000007
[SAMPLE QUEUE CORRUPTED] primary repaired
[SEU] addr=20003182 bit=00000002
[SEU] addr=20003174 bit=00000004
[SEU] addr=20003170 bit=00000007
[SEU] addr=20003161 bit=00000001
[SEU] addr=200031D9 bit=00000001
[SEU] addr=20003195 bit=00000002
[SEU] addr=200031D4 bit=00000004
[SEU] addr=200031D3 bit=00000005
[SEU] addr=200031AE bit=00000004
[SEU] addr=200031CF bit=00000001
[SEU] addr=20003181 bit=00000001
[SEU] addr=200031D9 bit=00000002
[SEU] addr=2000314A bit=00000004
[SEU] addr=20003149 bit=00000002
[SEU] addr=200031C3 bit=00000004
[SEU] addr=20003153 bit=00000002
[SEU] addr=20003172 bit=00000003
[SEU] addr=200031DC bit=00000005
[SEU] addr=2000315B bit=00000007
[SEU] addr=20003193 bit=00000005
[SEU] addr=200031BE bit=00000005
[SEU] addr=20003148 bit=00000005
[SAMPLE QUEUE CORRUPTED] primary repaired
[SEU] addr=2000316C bit=00000000
[SEU] addr=200031DC bit=00000006
[SEU] addr=200031D1 bit=00000002
[SEU] addr=20003197 bit=00000007
[SEU] addr=200031B5 bit=00000007
[SEU] addr=200031C8 bit=00000007
[SEU] addr=20003159 bit=00000002
[SEU] addr=200031A4 bit=00000006
[SEU] addr=20003163 bit=00000007
[SEU] addr=20003164 bit=00000007
[SEU] addr=20003185 bit=00000007
[ERR] seq=1772 err=904
[ERR] seq=1773 err=56
[ERR] seq=1774 err=56
[SEU] addr=20003187 bit=00000005
[ERR] seq=1779 err=4344
[ERR] seq=1780 err=328
[ERR] seq=1781 err=336
[ERR] seq=1782 err=16
[ERR] seq=1783 err=8
[SEU] addr=20003185 bit=00000006
[ERR] seq=1787 err=3416
[ERR] seq=1788 err=264
[SEU] addr=2000315A bit=00000003
[ERR] seq=1789 err=272
[ERR] seq=1790 err=16
[ERR] seq=1791 err=8
[SEU] addr=200031CB bit=00000006
[SEU] addr=2000316D bit=00000005
[SEU] addr=200031CF bit=00000004
[SEU] addr=20003179 bit=00000006
[SEU] addr=200031BD bit=00000005
[SEU] addr=20003158 bit=00000004
[CMD QUEUE CORRUPTED] primary repaired
[SEU] addr=200031C8 bit=00000006
[SEU] addr=20003196 bit=00000001
[SEU] addr=20003183 bit=00000007
[SEU] addr=200031C7 bit=00000004
[SEU] addr=200031A1 bit=00000003
[SEU] addr=2000318F bit=00000006
[SEU] addr=200031D5 bit=00000007
[SEU] addr=200031D9 bit=00000005
[SEU] addr=2000314B bit=00000000
[SEU] addr=200031D5 bit=00000006
[SEU] addr=2000317F bit=00000000
[SEU] addr=20003185 bit=00000002
[ERR] seq=1876 err=1760
[ERR] seq=1877 err=128
[ERR] seq=1878 err=128
[SEU] addr=20003153 bit=00000005
[SEU] addr=2000314E bit=00000000
[SAMPLE QUEUE backup CORRUPTED] backup repaired
[SEU] addr=2000316F bit=00000001
[SEU] addr=2000316A bit=00000001
[SEU] addr=20003148 bit=00000004
[SAMPLE QUEUE CORRUPTED] primary repaired
[SEU] addr=20003157 bit=00000004
[CMD QUEUE CORRUPTED] primary repaired
[SEU] addr=20003186 bit=00000003
[ERR] seq=1921 err=11456
[ERR] seq=1922 err=904
[ERR] seq=1923 err=960
[ERR] seq=1924 err=120
[ERR] seq=1925 err=64
[SEU] addr=200031CE bit=00000001
[SEU] addr=20003162 bit=00000006
[SEU] addr=200031D3 bit=00000006
[SEU] addr=200031C7 bit=00000006
[SEU] addr=2000315A bit=00000005
[SEU] addr=20003186 bit=00000006
[ERR] seq=1956 err=3712
[ERR] seq=1957 err=288
[ERR] seq=1958 err=296
[SEU] addr=200031D7 bit=00000003
[ERR] seq=1959 err=16
[ERR] seq=1960 err=8
[SEU] addr=200031A1 bit=00000004
[SEU] addr=200031A5 bit=00000007
[SEU] addr=200031AB bit=00000004
[SEU] addr=200031D2 bit=00000003
[SEU] addr=20003165 bit=00000006
[SEU] addr=20003185 bit=00000001
[ERR] seq=1987 err=3904
[ERR] seq=1988 err=304
[ERR] seq=1989 err=312
[ERR] seq=1990 err=24
[ERR] seq=1991 err=16
[SEU] addr=20003159 bit=00000002
[SEU] addr=20003181 bit=00000007
[SEU] addr=200031B7 bit=00000006
[SEU] addr=2000315F bit=00000001
[CMD QUEUE backup CORRUPTED] backup repaired
[SEU] addr=20003191 bit=00000005
[ERR] seq=2017 err=65536
[ERR] seq=2018 err=5240
[SEU] addr=2000316D bit=00000003
[ERR] seq=2019 err=5656
[ERR] seq=2020 err=864
[ERR] seq=2021 err=512
[ERR] seq=2022 err=104
[ERR] seq=2023 err=48
[ERR] seq=2024 err=8
[SEU] addr=200031B3 bit=00000006
[SEU] addr=2000315A bit=00000001
[SEU] addr=2000318F bit=00000000
[ERR] seq=2039 err=134217728
[ERR] seq=2040 err=10737416
[SEU] addr=2000318A bit=00000000
[ERR] seq=2041 err=12120696
[ERR] seq=2042 err=1828640
[SEU] addr=20003192 bit=00000005
[ERR] seq=2043 err=17893152
[ERR] seq=2044 err=1577728
[ERR] seq=2045 err=1557640
[ERR] seq=2046 err=250800
[ERR] seq=2047 err=144648
[ERR] seq=2048 err=31608
[ERR] seq=2049 err=14072
[ERR] seq=2050 err=3624
[ERR] seq=2051 err=1400
[SEU] addr=20003153 bit=00000001
[ERR] seq=2052 err=392
[ERR] seq=2053 err=128
[ERR] seq=2054 err=32
[ERR] seq=2055 err=8
[SEU] addr=2000314D bit=00000007
[SAMPLE QUEUE backup CORRUPTED] backup repaired
[SEU] addr=20003194 bit=00000001
[SEU] addr=20003161 bit=00000000
[SEU] addr=20003158 bit=00000001
[CMD QUEUE CORRUPTED] primary repaired
[SEU] addr=200031CD bit=00000004
[SEU] addr=20003154 bit=00000003
[CMD QUEUE CORRUPTED] primary repaired
[SEU] addr=2000318A bit=00000007
[ERR] seq=2090 err=67108864
[ERR] seq=2091 err=5368704
[ERR] seq=2092 err=5798200
[ERR] seq=2093 err=893352
[ERR] seq=2094 err=535320
[SEU] addr=2000316F bit=00000006
[ERR] seq=2095 err=114288
[ERR] seq=2096 err=51960
[ERR] seq=2097 err=13288
[ERR] seq=2098 err=5208
[ERR] seq=2099 err=1472
[ERR] seq=2100 err=528
[ERR] seq=2101 err=152
[ERR] seq=2102 err=48
[ERR] seq=2103 err=8
[SEU] addr=20003158 bit=00000000
[CMD QUEUE CORRUPTED] primary repaired
[SEU] addr=200031CD bit=00000002
[SEU] addr=200031AF bit=00000007
[SEU] addr=2000319B bit=00000001
[SEU] addr=200031BC bit=00000007
[SEU] addr=200031B3 bit=00000004
[SEU] addr=20003196 bit=00000004
[SEU] addr=2000314D bit=00000005
[SAMPLE QUEUE backup CORRUPTED] backup repaired
[SEU] addr=20003168 bit=00000000
[SEU] addr=20003195 bit=00000007
[SEU] addr=20003181 bit=00000007
[SEU] addr=20003192 bit=00000005
[ERR] seq=2152 err=16777216
[ERR] seq=2153 err=1342176
[ERR] seq=2154 err=1449544
[ERR] seq=2155 err=223328
[ERR] seq=2156 err=133824
[SEU] addr=200031B5 bit=00000002
[ERR] seq=2157 err=28568
[ERR] seq=2158 err=12984
[SEU] addr=20003145 bit=00000002
[SAMPLE QUEUE CORRUPTED] primary repaired
[ERR] seq=2159 err=3312
[SEU] addr=200031CF bit=00000002
[ERR] seq=2160 err=1296
[ERR] seq=2161 err=360
[ERR] seq=2162 err=120
[ERR] seq=2163 err=32
[ERR] seq=2164 err=8
[SEU] addr=2000315E bit=00000000
[CMD QUEUE backup CORRUPTED] backup repaired
[SEU] addr=20003145 bit=00000005
[SAMPLE QUEUE CORRUPTED] primary repaired
[SEU] addr=20003199 bit=00000000
[SEU] addr=20003147 bit=00000005
[SAMPLE QUEUE CORRUPTED] primary repaired
[SEU] addr=20003182 bit=00000001
[SEU] addr=20003165 bit=00000002
[SEU] addr=2000315F bit=00000000
[CMD QUEUE backup CORRUPTED] backup repaired
[SEU] addr=20003182 bit=00000002
[SEU] addr=20003157 bit=00000001
[CMD QUEUE CORRUPTED] primary repaired
[SEU] addr=200031B6 bit=00000002
[SEU] addr=200031AB bit=00000005
[SEU] addr=200031CF bit=00000007
[SEU] addr=200031C5 bit=00000007
[SEU] addr=200031D2 bit=00000007
[SEU] addr=200031D5 bit=00000004
[SEU] addr=2000318B bit=00000003
[ERR] seq=2242 err=1073741824
[ERR] seq=2243 err=85899344
[ERR] seq=2244 err=92771288
[SEU] addr=2000315D bit=00000007
[CMD QUEUE backup CORRUPTED] backup repaired
[ERR] seq=2245 err=14293640
[ERR] seq=2246 err=8565184
[ERR] seq=2247 err=1828696
[ERR] seq=2248 err=831496
[ERR] seq=2249 err=212800
[ERR] seq=2250 err=83536
[SEU] addr=200031A0 bit=00000003
[ERR] seq=2251 err=23704
[ERR] seq=2252 err=8576
[ERR] seq=2253 err=2576
[ERR] seq=2254 err=880
[ERR] seq=2255 err=264
[SEU] addr=200031D6 bit=00000002
[ERR] seq=2256 err=80
[ERR] seq=2257 err=16
[SEU] addr=20003150 bit=00000002
[SAMPLE QUEUE backup CORRUPTED] backup repaired
[SEU] addr=200031D7 bit=00000005
[SEU] addr=2000316B bit=00000006
[SEU] addr=2000315A bit=00000003
[SEU] addr=20003188 bit=00000000
[ERR] seq=2273 err=8
[SEU] addr=200031BF bit=00000004
[SEU] addr=200031C2 bit=00000000
[SEU] addr=2000317E bit=00000005
[SEU] addr=200031C5 bit=00000002
[SEU] addr=200031DB bit=00000004
[SEU] addr=200031AB bit=00000000
[SEU] addr=200031A9 bit=00000006
[SEU] addr=200031B2 bit=00000003
[SEU] addr=200031CA bit=00000006
[SEU] addr=2000315B bit=00000000
[SEU] addr=200031CE bit=00000003
[SEU] addr=2000319A bit=00000006
[SEU] addr=200031AF bit=00000002
[SEU] addr=2000314F bit=00000005
[SAMPLE QUEUE backup CORRUPTED] backup repaired
[SEU] addr=200031AB bit=00000000
[SEU] addr=20003182 bit=00000002
[SEU] addr=20003154 bit=00000003
[CMD QUEUE CORRUPTED] primary repaired
[SEU] addr=20003157 bit=00000000
[CMD QUEUE CORRUPTED] primary repaired
[SEU] addr=200031BA bit=00000005
[SEU] addr=200031DA bit=00000004
[SEU] addr=20003157 bit=00000006
[CMD QUEUE CORRUPTED] primary repaired
[SEU] addr=200031D0 bit=00000004
[SEU] addr=200031D6 bit=00000007
[SEU] addr=20003154 bit=00000000
[CMD QUEUE CORRUPTED] primary repaired
[SEU] addr=200031D0 bit=00000000
[SEU] addr=2000315F bit=00000001
[CMD QUEUE backup CORRUPTED] backup repaired
[SEU] addr=20003165 bit=00000001
[SEU] addr=200031DF bit=00000001
[SEU] addr=200031B9 bit=00000002
[SEU] addr=20003197 bit=00000006
[SEU] addr=200031D2 bit=00000002
[SEU] addr=200031A9 bit=00000004
[SEU] addr=20003161 bit=00000007
[SEU] addr=200031C0 bit=00000005
[SEU] addr=2000318A bit=00000007
[ERR] seq=2440 err=67108864
[ERR] seq=2441 err=5368704
[ERR] seq=2442 err=5798200
[ERR] seq=2443 err=893352
[ERR] seq=2444 err=535320
[ERR] seq=2445 err=114288
[ERR] seq=2446 err=51960
[SEU] addr=20003150 bit=00000002
[SAMPLE QUEUE backup CORRUPTED] backup repaired
[ERR] seq=2447 err=13288
[ERR] seq=2448 err=5208
[ERR] seq=2449 err=1472
[SEU] addr=20003178 bit=00000000
[ERR] seq=2450 err=528
[ERR] seq=2451 err=152
[ERR] seq=2452 err=48
[ERR] seq=2453 err=8
[SEU] addr=200031DF bit=00000007
[SEU] addr=200031BD bit=00000007
[SEU] addr=20003150 bit=00000005
[SAMPLE QUEUE backup CORRUPTED] backup repaired
[SEU] addr=20003170 bit=00000001
[SEU] addr=2000317F bit=00000000
[SEU] addr=200031BF bit=00000001
[SEU] addr=200031D2 bit=00000000
[SEU] addr=200031C0 bit=00000001
[SEU] addr=20003196 bit=00000001
[SEU] addr=200031D8 bit=00000005
[SEU] addr=200031C6 bit=00000000
[SEU] addr=2000317B bit=00000005
[SEU] addr=2000319E bit=00000007
[SEU] addr=2000317F bit=00000007
[SEU] addr=20003182 bit=00000001
[SEU] addr=20003152 bit=00000001
[SEU] addr=200031C9 bit=00000002
[SEU] addr=200031B9 bit=00000004
[SEU] addr=200031D4 bit=00000003
[SEU] addr=20003180 bit=00000006
[SEU] addr=20003152 bit=00000000
[SEU] addr=20003151 bit=00000001
[SEU] addr=20003169 bit=00000004
[SEU] addr=2000316A bit=00000006
[SEU] addr=200031CA bit=00000006
[SEU] addr=20003172 bit=00000006
[SEU] addr=200031CE bit=00000000
[SEU] addr=200031BC bit=00000003
[SEU] addr=200031A8 bit=00000004
[SEU] addr=2000316A bit=00000003
[SEU] addr=20003156 bit=00000002
[CMD QUEUE CORRUPTED] primary repaired
[SEU] addr=200031A8 bit=00000003
[SEU] addr=200031DE bit=00000004
[SEU] addr=200031B4 bit=00000003
[SEU] addr=20003179 bit=00000003
[SEU] addr=200031D2 bit=00000000
[SEU] addr=20003152 bit=00000007
[SEU] addr=200031D5 bit=00000006
[SEU] addr=200031A4 bit=00000006
[SEU] addr=200031A7 bit=00000005
[SEU] addr=20003183 bit=00000006
[SEU] addr=20003174 bit=00000004
[SEU] addr=200031B0 bit=00000005
[SEU] addr=20003166 bit=00000007
[SEU] addr=200031CE bit=00000005
[SEU] addr=200031C1 bit=00000003
[SEU] addr=2000315C bit=00000005
[CMD QUEUE backup CORRUPTED] backup repaired
[SEU] addr=20003199 bit=00000006
[SEU] addr=20003195 bit=00000006
[SEU] addr=200031A1 bit=00000007
[SEU] addr=200031C3 bit=00000000
[SEU] addr=200031AF bit=00000003
[SEU] addr=2000316F bit=00000005
[SEU] addr=200031C9 bit=00000007
[SEU] addr=20003189 bit=00000002
[ERR] seq=2775 err=8192
[ERR] seq=2776 err=648
[ERR] seq=2777 err=696
[ERR] seq=2778 err=96
[SEU] addr=2000314E bit=00000004
[SAMPLE QUEUE backup CORRUPTED] backup repaired
[ERR] seq=2779 err=48
[SEU] addr=20003144 bit=00000002
[SAMPLE QUEUE CORRUPTED] primary repaired
[SEU] addr=2000317F bit=00000005
[SEU] addr=2000316B bit=00000005
[SEU] addr=200031BF bit=00000000
[SEU] addr=200031AA bit=00000002
[SEU] addr=20003160 bit=00000004
[CMD QUEUE backup CORRUPTED] backup repaired
[SEU] addr=2000315B bit=00000002
[SEU] addr=2000316A bit=00000006
[SEU] addr=20003156 bit=00000007
[CMD QUEUE CORRUPTED] primary repaired
[SEU] addr=2000316D bit=00000004
[SEU] addr=200031D8 bit=00000003
[SEU] addr=200031BD bit=00000006
[SEU] addr=20003191 bit=00000004
[ERR] seq=2852 err=32768
[ERR] seq=2853 err=2616
[ERR] seq=2854 err=2824
[ERR] seq=2855 err=432
[ERR] seq=2856 err=256
[ERR] seq=2857 err=48
[ERR] seq=2858 err=16
[SEU] addr=20003175 bit=00000007
[SEU] addr=200031D2 bit=00000003
[SEU] addr=200031AD bit=00000000
[SEU] addr=200031D7 bit=00000000
[SEU] addr=200031D1 bit=00000001
[SEU] addr=20003183 bit=00000002
[SEU] addr=2000315B bit=00000001
[SEU] addr=20003155 bit=00000007
[CMD QUEUE CORRUPTED] primary repaired
[SEU] addr=20003176 bit=00000007
[SEU] addr=200031C1 bit=00000000
[SEU] addr=20003149 bit=00000000
[SEU] addr=200031B8 bit=00000006
[SEU] addr=20003177 bit=00000004
[SEU] addr=200031BE bit=00000007
[SEU] addr=200031CB bit=00000002
[SEU] addr=2000319C bit=00000001
[SEU] addr=2000315E bit=00000005
[CMD QUEUE backup CORRUPTED] backup repaired
[SEU] addr=20003185 bit=00000007
[ERR] seq=2941 err=352
[ERR] seq=2942 err=8
[ERR] seq=2943 err=8
[SEU] addr=20003183 bit=00000006
[SEU] addr=20003198 bit=00000005
[SEU] addr=20003185 bit=00000005
[ERR] seq=2963 err=7856
[ERR] seq=2964 err=616
[SEU] addr=200031A8 bit=00000004
[ERR] seq=2965 err=656
[ERR] seq=2966 err=80
[ERR] seq=2967 err=40
[SEU] addr=2000319F bit=00000007
[SEU] addr=20003195 bit=00000002
[SEU] addr=200031BA bit=00000007
[SEU] addr=2000316C bit=00000002
[SEU] addr=20003151 bit=00000002
[SEU] addr=2000319A bit=00000006
[SEU] addr=200031AB bit=00000001
[SEU] addr=2000317F bit=00000000
[SEU] addr=20003153 bit=00000007
[SEU] addr=20003172 bit=00000004
[SEU] addr=20003186 bit=00000003
[ERR] seq=3034 err=9728
[ERR] seq=3035 err=768
[ERR] seq=3036 err=824
[ERR] seq=3037 err=112
[ERR] seq=3038 err=56
[SEU] addr=2000319C bit=00000006
[SEU] addr=2000316A bit=00000007
[SEU] addr=200031DE bit=00000000
[SEU] addr=200031DB bit=00000003
[SEU] addr=20003166 bit=00000006
[SEU] addr=20003144 bit=00000006
[SAMPLE QUEUE CORRUPTED] primary repaired
[SEU] addr=2000319D bit=00000002
[SEU] addr=200031C2 bit=00000000
[SEU] addr=20003187 bit=00000003
[ERR] seq=3079 err=816
[ERR] seq=3080 err=56
[ERR] seq=3081 err=56
[SEU] addr=200031D1 bit=00000002
[SEU] addr=20003189 bit=00000006
[ERR] seq=3091 err=131072
[ERR] seq=3092 err=10480
[ERR] seq=3093 err=11312
[ERR] seq=3094 err=1736
[ERR] seq=3095 err=1040
[ERR] seq=3096 err=216
[ERR] seq=3097 err=96
[SEU] addr=20003189 bit=00000005
[ERR] seq=3098 err=65552
[ERR] seq=3099 err=5240
[ERR] seq=3100 err=5656
[ERR] seq=3101 err=864
[ERR] seq=3102 err=512
[ERR] seq=3103 err=104
[ERR] seq=3104 err=48
[ERR] seq=3105 err=8
[SEU] addr=20003171 bit=00000004
[SEU] addr=200031DD bit=00000000
[SEU] addr=200031C9 bit=00000005
[SEU] addr=200031C9 bit=00000002
[SEU] addr=20003155 bit=00000001
[CMD QUEUE CORRUPTED] primary repaired
[SEU] addr=200031B9 bit=00000002
[SEU] addr=20003177 bit=00000005
[SEU] addr=20003193 bit=00000003
[ERR] seq=3154 err=1073741824
[ERR] seq=3155 err=85899344
[ERR] seq=3156 err=92771288
[ERR] seq=3157 err=14293640
[ERR] seq=3158 err=8565184
[ERR] seq=3159 err=1828696
[ERR] seq=3160 err=831496
[ERR] seq=3161 err=212800
[ERR] seq=3162 err=83536
[SEU] addr=200031A0 bit=00000003
[ERR] seq=3163 err=23704
[ERR] seq=3164 err=8576
[ERR] seq=3165 err=2576
[ERR] seq=3166 err=880
[SEU] addr=200031B1 bit=00000003
[ERR] seq=3167 err=264
[ERR] seq=3168 err=80
[ERR] seq=3169 err=16
[SEU] addr=200031D9 bit=00000001
[SEU] addr=2000314D bit=00000007
[SAMPLE QUEUE backup CORRUPTED] backup repaired
[SEU] addr=2000318A bit=00000005
[ERR] seq=3182 err=16777216
[ERR] seq=3183 err=1342176
[ERR] seq=3184 err=1449544
[ERR] seq=3185 err=223328
[ERR] seq=3186 err=133824
[ERR] seq=3187 err=28568
[ERR] seq=3188 err=12984
[SEU] addr=20003164 bit=00000004
[ERR] seq=3189 err=3312
[ERR] seq=3190 err=1296
[ERR] seq=3191 err=360
[ERR] seq=3192 err=120
[SEU] addr=2000314F bit=00000006
[SAMPLE QUEUE backup CORRUPTED] backup repaired
[ERR] seq=3193 err=32
[ERR] seq=3194 err=8
[SEU] addr=20003162 bit=00000007
[SEU] addr=2000316A bit=00000002
[SEU] addr=200031C4 bit=00000004
[SEU] addr=20003177 bit=00000006
[SEU] addr=200031BD bit=00000004
[SEU] addr=200031A1 bit=00000003
[SEU] addr=20003185 bit=00000003
[ERR] seq=3221 err=9520
[ERR] seq=3222 err=752
[SEU] addr=2000319B bit=00000006
[ERR] seq=3223 err=808
[ERR] seq=3224 err=112
[ERR] seq=3225 err=56
[SEU] addr=20003183 bit=00000001
[SEU] addr=20003161 bit=00000000
[SEU] addr=20003194 bit=00000005
[SEU] addr=200031BC bit=00000003
[SEU] addr=2000314A bit=00000004
[SEU] addr=2000319C bit=00000003
[SEU] addr=200031B7 bit=00000006
[SEU] addr=20003168 bit=00000007
[SEU] addr=200031B9 bit=00000006
[SEU] addr=20003192 bit=00000005
[ERR] seq=3284 err=16777216
[ERR] seq=3285 err=1342176
[ERR] seq=3286 err=1449544
[ERR] seq=3287 err=223328
[ERR] seq=3288 err=133824
[ERR] seq=3289 err=28568
[SEU] addr=200031B3 bit=00000005
[ERR] seq=3290 err=12984
[ERR] seq=3291 err=3312
[ERR] seq=3292 err=1296
[ERR] seq=3293 err=360
[ERR] seq=3294 err=120
[ERR] seq=3295 err=32
[ERR] seq=3296 err=8
[SEU] addr=200031AD bit=00000007
[SEU] addr=20003162 bit=00000005
[SEU] addr=200031AD bit=00000001
[SEU] addr=2000315B bit=00000003
[SEU] addr=200031DD bit=00000006
[SEU] addr=2000317C bit=00000007
[SEU] addr=200031C0 bit=00000002
[SEU] addr=200031D1 bit=00000001
[SEU] addr=20003147 bit=00000001
[SAMPLE QUEUE CORRUPTED] primary repaired
[SEU] addr=20003198 bit=00000002
[SEU] addr=2000317A bit=00000007
[SEU] addr=20003184 bit=00000006
[ERR] seq=3356 err=4680
[ERR] seq=3357 err=360
[ERR] seq=3358 err=376
[ERR] seq=3359 err=32
[SEU] addr=20003182 bit=00000007
[ERR] seq=3360 err=16
[SEU] addr=200031A7 bit=00000000
[SEU] addr=20003163 bit=00000002
[SEU] addr=20003146 bit=00000000
[SAMPLE QUEUE CORRUPTED] primary repaired
[SEU] addr=2000318D bit=00000004
[ERR] seq=3374 err=32768
[ERR] seq=3375 err=2616
[ERR] seq=3376 err=2824
[SEU] addr=2000315F bit=00000006
[CMD QUEUE backup CORRUPTED] backup repaired
[ERR] seq=3377 err=432
[ERR] seq=3378 err=256
[ERR] seq=3379 err=48
[ERR] seq=3380 err=16
[SEU] addr=20003156 bit=00000005
[CMD QUEUE CORRUPTED] primary repaired
[SEU] addr=20003164 bit=00000006
[SEU] addr=20003167 bit=00000002
[SEU] addr=2000316B bit=00000001
[SEU] addr=200031D9 bit=00000001
[SEU] addr=200031CF bit=00000004
[SEU] addr=2000314D bit=00000007
[SAMPLE QUEUE backup CORRUPTED] backup repaired
[SEU] addr=20003155 bit=00000003
[CMD QUEUE CORRUPTED] primary repaired
[SEU] addr=200031CB bit=00000000
[SEU] addr=200031DC bit=00000006
[SEU] addr=20003155 bit=00000004
[CMD QUEUE CORRUPTED] primary repaired
[SEU] addr=200031D1 bit=00000003
[SEU] addr=2000314C bit=00000004
[SAMPLE QUEUE backup CORRUPTED] backup repaired
[SEU] addr=2000319A bit=00000006
[SEU] addr=200031D6 bit=00000006
[SEU] addr=2000317E bit=00000004
[SEU] addr=20003155 bit=00000005
[CMD QUEUE CORRUPTED] primary repaired
[SEU] addr=200031CB bit=00000002
[SEU] addr=20003157 bit=00000006
[CMD QUEUE CORRUPTED] primary repaired
[SEU] addr=200031A0 bit=00000001
[SEU] addr=2000318A bit=00000005
[ERR] seq=3502 err=16777216
[ERR] seq=3503 err=1342176
[ERR] seq=3504 err=1449544
[SEU] addr=2000315B bit=00000002
[ERR] seq=3505 err=223328
[ERR] seq=3506 err=133824
[ERR] seq=3507 err=28568
[ERR] seq=3508 err=12984
[ERR] seq=3509 err=3312
[ERR] seq=3510 err=1296
[SEU] addr=20003176 bit=00000007
[ERR] seq=3511 err=360
[ERR] seq=3512 err=120
[ERR] seq=3513 err=32
[ERR] seq=3514 err=8
[SEU] addr=200031BB bit=00000006
[SEU] addr=20003146 bit=00000007
[SAMPLE QUEUE CORRUPTED] primary repaired
[SEU] addr=2000318E bit=00000001
[ERR] seq=3526 err=1048576
[ERR] seq=3527 err=83880
[ERR] seq=3528 err=90584
[ERR] seq=3529 err=13944
[ERR] seq=3530 err=8352
[ERR] seq=3531 err=1776
[ERR] seq=3532 err=800
[SEU] addr=2000316F bit=00000007
[ERR] seq=3533 err=200
[ERR] seq=3534 err=80
[ERR] seq=3535 err=16
[SEU] addr=200031AE bit=00000003
[SEU] addr=20003151 bit=00000006
[SEU] addr=2000315C bit=00000007
[CMD QUEUE backup CORRUPTED] backup repaired
[SEU] addr=200031CF bit=00000004
[SEU] addr=2000316C bit=00000004
[SEU] addr=20003172 bit=00000005
[SEU] addr=200031DF bit=00000006
[SEU] addr=20003179 bit=00000000
[SEU] addr=20003145 bit=00000005
[SAMPLE QUEUE CORRUPTED] primary repaired
[SEU] addr=200031C5 bit=00000004
[SEU] addr=2000316D bit=00000006
[SEU] addr=200031C6 bit=00000006
[SEU] addr=20003149 bit=00000005
[SEU] addr=20003187 bit=00000000
[ERR] seq=3610 err=2608
[ERR] seq=3611 err=200
[ERR] seq=3612 err=208
[ERR] seq=3613 err=16
[ERR] seq=3614 err=8
[SEU] addr=200031DD bit=00000003
[SEU] addr=2000315E bit=00000005
[CMD QUEUE backup CORRUPTED] backup repaired
[SEU] addr=200031C5 bit=00000006
[SEU] addr=20003159 bit=00000006
[SEU] addr=2000317E bit=00000007
[SEU] addr=200031B6 bit=00000003
[SEU] addr=200031AB bit=00000006
[SEU] addr=2000315B bit=00000007
[SEU] addr=20003168 bit=00000000
[SEU] addr=20003174 bit=00000005
[SEU] addr=200031A1 bit=00000005
[SEU] addr=200031A4 bit=00000006
[SEU] addr=20003148 bit=00000002
[SAMPLE QUEUE CORRUPTED] primary repaired
[SEU] addr=20003164 bit=00000003
[SEU] addr=20003171 bit=00000000
[SEU] addr=200031BC bit=00000001
[SEU] addr=2000319F bit=00000005
[SEU] addr=20003197 bit=00000005
[SEU] addr=2000314E bit=00000002
[SAMPLE QUEUE backup CORRUPTED] backup repaired
[SEU] addr=200031AB bit=00000006
[SEU] addr=20003154 bit=00000000
[CMD QUEUE CORRUPTED] primary repaired
[SEU] addr=200031D9 bit=00000007
[SEU] addr=2000316C bit=00000001
[SEU] addr=200031A1 bit=00000007
[SEU] addr=20003168 bit=00000001
[SEU] addr=200031DF bit=00000004
[SEU] addr=200031A9 bit=00000004
[SEU] addr=2000314D bit=00000004
[SAMPLE QUEUE backup CORRUPTED] backup repaired
[SEU] addr=20003167 bit=00000003
[SEU] addr=200031C9 bit=00000007
[SEU] addr=20003192 bit=00000000
[ERR] seq=3774 err=524288
[ERR] seq=3775 err=41936
[SEU] addr=200031A3 bit=00000004
[ERR] seq=3776 err=45288
[ERR] seq=3777 err=6968
[ERR] seq=3778 err=4168
[ERR] seq=3779 err=880
[ERR] seq=3780 err=392
[SEU] addr=200031D0 bit=00000006
[ERR] seq=3781 err=88
[ERR] seq=3782 err=24
[SEU] addr=20003184 bit=00000000
[ERR] seq=3783 err=88
[SEU] addr=200031B0 bit=00000002
[SEU] addr=200031B7 bit=00000000
[SEU] addr=200031C9 bit=00000002
[SEU] addr=20003166 bit=00000003
[SEU] addr=2000314A bit=00000000
[SEU] addr=200031B7 bit=00000005
[SEU] addr=20003190 bit=00000007
[ERR] seq=3823 err=1024
[ERR] seq=3824 err=80
[SEU] addr=200031B2 bit=00000007
[ERR] seq=3825 err=80
[SEU] addr=200031CB bit=00000006
[SEU] addr=200031A9 bit=00000006
[SEU] addr=2000314E bit=00000001
[SAMPLE QUEUE backup CORRUPTED] backup repaired
[SEU] addr=20003170 bit=00000004
[SEU] addr=2000314A bit=00000006
[SEU] addr=20003154 bit=00000002
[CMD QUEUE CORRUPTED] primary repaired
[SEU] addr=20003180 bit=00000003
[SEU] addr=20003181 bit=00000000
[SEU] addr=2000315C bit=00000005
[CMD QUEUE backup CORRUPTED] backup repaired
[SEU] addr=2000314E bit=00000002
[SAMPLE QUEUE backup CORRUPTED] backup repaired
[SEU] addr=2000314C bit=00000005
[SAMPLE QUEUE backup CORRUPTED] backup repaired
[SEU] addr=200031CC bit=00000000
[SEU] addr=2000315B bit=00000006
[SEU] addr=2000314E bit=00000005
[SAMPLE QUEUE backup CORRUPTED] backup repaired
[SEU] addr=200031AD bit=00000002
[SEU] addr=20003152 bit=00000001
[SEU] addr=200031AF bit=00000006
[SEU] addr=20003174 bit=00000000
[SEU] addr=20003165 bit=00000002
[SEU] addr=20003152 bit=00000007
[SEU] addr=2000317D bit=00000004
[SEU] addr=20003175 bit=00000006
[SEU] addr=200031CA bit=00000006
[SEU] addr=20003198 bit=00000002
[SEU] addr=200031C3 bit=00000001
[SEU] addr=20003151 bit=00000004
[SEU] addr=200031A2 bit=00000007
[SEU] addr=20003156 bit=00000005
[CMD QUEUE CORRUPTED] primary repaired
[SEU] addr=200031D7 bit=00000002
[SEU] addr=2000315E bit=00000003
[CMD QUEUE backup CORRUPTED] backup repaired
[SEU] addr=200031AD bit=00000006
[SEU] addr=2000318F bit=00000005
[SEU] addr=20003155 bit=00000005
[CMD QUEUE CORRUPTED] primary repaired
[SEU] addr=20003149 bit=00000005
[SEU] addr=200031A8 bit=00000003
[SEU] addr=2000319D bit=00000004
[SEU] addr=200031D5 bit=00000007
[SEU] addr=200031DF bit=00000003
[SEU] addr=200031C7 bit=00000003
[SEU] addr=2000317F bit=00000002
[SEU] addr=2000317E bit=00000001
[SEU] addr=2000316A bit=00000000
[SEU] addr=20003161 bit=00000005
[SEU] addr=2000317A bit=00000007
[SEU] addr=200031A1 bit=00000007
[SEU] addr=2000319C bit=00000006
[SEU] addr=20003177 bit=00000006
[SEU] addr=20003167 bit=00000002
[SEU] addr=200031D2 bit=00000002
[SEU] addr=2000315C bit=00000004
[CMD QUEUE backup CORRUPTED] backup repaired
[SEU] addr=20003192 bit=00000000
[ERR] seq=4083 err=524288
[ERR] seq=4084 err=41936
[ERR] seq=4085 err=45288
[ERR] seq=4086 err=6968
[ERR] seq=4087 err=4168
[ERR] seq=4088 err=880
[ERR] seq=4089 err=392
[ERR] seq=4090 err=88
[SEU] addr=20003167 bit=00000005
[ERR] seq=4091 err=24
[SEU] addr=200031D6 bit=00000003
[SEU] addr=2000316E bit=00000002
[SEU] addr=2000318F bit=00000004
[ERR] seq=4109 err=2147483648
[ERR] seq=4110 err=171798688
[ERR] seq=4111 err=185542576
[SEU] addr=20003185 bit=00000000
[ERR] seq=4112 err=28587704
[ERR] seq=4113 err=17130408
[ERR] seq=4114 err=3657424
[ERR] seq=4115 err=1662992
[ERR] seq=4116 err=425608
[ERR] seq=4117 err=167080
[ERR] seq=4118 err=47408
[ERR] seq=4119 err=17152
[ERR] seq=4120 err=5160
[SEU] addr=2000315A bit=00000006
[ERR] seq=4121 err=1776
[ERR] seq=4122 err=544
[ERR] seq=4123 err=176
[ERR] seq=4124 err=48
[ERR] seq=4125 err=8
[SEU] addr=200031D7 bit=00000006
[SEU] addr=2000315A bit=00000005
[SEU] addr=200031CE bit=00000000
[SEU] addr=20003186 bit=00000000
[ERR] seq=4144 err=1720
[ERR] seq=4145 err=128
[ERR] seq=4146 err=128
[SEU] addr=200031CB bit=00000000
[SEU] addr=2000315E bit=00000000
[CMD QUEUE backup CORRUPTED] backup repaired
[SEU] addr=2000319D bit=00000007
[SEU] addr=20003151 bit=00000002
[SEU] addr=200031B8 bit=00000000
[SEU] addr=2000318C bit=00000007
[ERR] seq=4173 err=1024
[ERR] seq=4174 err=80
[ERR] seq=4175 err=80
[SEU] addr=200031B9 bit=00000001
[SEU] addr=200031C1 bit=00000005
[SEU] addr=20003192 bit=00000004
[ERR] seq=4199 err=8388608
[ERR] seq=4200 err=671088
[ERR] seq=4201 err=724768
[ERR] seq=4202 err=111656
[ERR] seq=4203 err=66904
[ERR] seq=4204 err=14280
[SEU] addr=200031C6 bit=00000002
[ERR] seq=4205 err=6488
[ERR] seq=4206 err=1648
[ERR] seq=4207 err=640
[SEU] addr=20003170 bit=00000000
[ERR] seq=4208 err=176
[ERR] seq=4209 err=56
[ERR] seq=4210 err=8
[SEU] addr=20003171 bit=00000005
[SEU] addr=200031A2 bit=00000004
[SEU] addr=200031CC bit=00000004
[SEU] addr=200031C1 bit=00000005
[SEU] addr=200031D3 bit=00000000
[SEU] addr=200031CD bit=00000002
[SEU] addr=200031DA bit=00000004
[SEU] addr=20003160 bit=00000001
[CMD QUEUE backup CORRUPTED] backup repaired
[SEU] addr=20003173 bit=00000002
[SEU] addr=2000315B bit=00000001
[SEU] addr=2000314D bit=00000001
[SAMPLE QUEUE backup CORRUPTED] backup repaired
[SEU] addr=200031A7 bit=00000005
[SEU] addr=200031A4 bit=00000004
[SEU] addr=2000318A bit=00000004
[ERR] seq=4277 err=8388608
[ERR] seq=4278 err=671088
[ERR] seq=4279 err=724768
[ERR] seq=4280 err=111656
[ERR] seq=4281 err=66904
[ERR] seq=4282 err=14280
[ERR] seq=4283 err=6488
[ERR] seq=4284 err=1648
[ERR] seq=4285 err=640
[SEU] addr=20003146 bit=00000005
[SAMPLE QUEUE CORRUPTED] primary repaired
[ERR] seq=4286 err=176
[ERR] seq=4287 err=56
[ERR] seq=4288 err=8
[SEU] addr=200031C6 bit=00000000
[SEU] addr=2000319C bit=00000000
[SEU] addr=2000316D bit=00000004
[SEU] addr=20003199 bit=00000004
[SEU] addr=2000319B bit=00000001
[SEU] addr=200031B2 bit=00000006
[SEU] addr=20003147 bit=00000001
[SAMPLE QUEUE CORRUPTED] primary repaired
[SEU] addr=20003192 bit=00000005
[ERR] seq=4327 err=16777216
[ERR] seq=4328 err=1342176
[SEU] addr=20003144 bit=00000004
[SAMPLE QUEUE CORRUPTED] primary repaired
[ERR] seq=4329 err=1449544
[ERR] seq=4330 err=223328
[ERR] seq=4331 err=133824
[ERR] seq=4332 err=28568
[ERR] seq=4333 err=12984
[SEU] addr=20003177 bit=00000005
[ERR] seq=4334 err=3312
[ERR] seq=4335 err=1296
[ERR] seq=4336 err=360
[ERR] seq=4337 err=120
[ERR] seq=4338 err=32
[ERR] seq=4339 err=8
[SEU] addr=200031B1 bit=00000007
[SEU] addr=200031DE bit=00000006
[SEU] addr=2000317F bit=00000002
[SEU] addr=2000314E bit=00000002
[SAMPLE QUEUE backup CORRUPTED] backup repaired
[SEU] addr=20003177 bit=00000000
[SEU] addr=20003152 bit=00000003
[SEU] addr=2000315A bit=00000003
[SEU] addr=200031CC bit=00000000
[SEU] addr=20003145 bit=00000000
[SAMPLE QUEUE CORRUPTED] primary repaired
[SEU] addr=20003145 bit=00000007
[SAMPLE QUEUE CORRUPTED] primary repaired
[SEU] addr=200031A9 bit=00000005
[SEU] addr=20003156 bit=00000003
[CMD QUEUE CORRUPTED] primary repaired
[SEU] addr=200031BF bit=00000007
[SEU] addr=200031A9 bit=00000001
[SEU] addr=200031A2 bit=00000006
[SEU] addr=200031D3 bit=00000006
[SEU] addr=200031DF bit=00000004
[SEU] addr=20003156 bit=00000004
[CMD QUEUE CORRUPTED] primary repaired
[SEU] addr=20003181 bit=00000000
[SEU] addr=20003172 bit=00000000
[SEU] addr=200031BC bit=00000002
[SEU] addr=2000315F bit=00000002
[CMD QUEUE backup CORRUPTED] backup repaired
[SEU] addr=2000317C bit=00000007
[SEU] addr=2000318F bit=00000003
[ERR] seq=4488 err=1073741824
[ERR] seq=4489 err=85899344
[ERR] seq=4490 err=92771288
[ERR] seq=4491 err=14293640
[ERR] seq=4492 err=8565184
[SEU] addr=200031B9 bit=00000003
[ERR] seq=4493 err=1828696
[ERR] seq=4494 err=831496
[ERR] seq=4495 err=212800
[ERR] seq=4496 err=83536
[ERR] seq=4497 err=23704
[ERR] seq=4498 err=8576
[ERR] seq=4499 err=2576
[ERR] seq=4500 err=880
[ERR] seq=4501 err=264
[SEU] addr=200031DA bit=00000000
[ERR] seq=4502 err=80
[ERR] seq=4503 err=16
[SEU] addr=200031BA bit=00000004
[SEU] addr=20003168 bit=00000005
[SEU] addr=20003153 bit=00000005
[SEU] addr=20003157 bit=00000002
[CMD QUEUE CORRUPTED] primary repaired
[SEU] addr=200031CC bit=00000000
[SEU] addr=20003193 bit=00000002
[ERR] seq=4539 err=536870912
[SEU] addr=20003164 bit=00000007
[ERR] seq=4540 err=42949672
[ERR] seq=4541 err=46385640
[ERR] seq=4542 err=7146816
[ERR] seq=4543 err=4282592
[ERR] seq=4544 err=914344
[ERR] seq=4545 err=415744
[ERR] seq=4546 err=106400
[ERR] seq=4547 err=41768
[SEU] addr=20003186 bit=00000000
[ERR] seq=4548 err=12560
[ERR] seq=4549 err=4336
[ERR] seq=4550 err=1336
[SEU] addr=2000316C bit=00000007
[ERR] seq=4551 err=432
[ERR] seq=4552 err=128
[ERR] seq=4553 err=40
[ERR] seq=4554 err=8
[SEU] addr=200031C1 bit=00000005
[SEU] addr=200031DF bit=00000002
[SEU] addr=200031DE bit=00000005
[SEU] addr=20003153 bit=00000007
[SEU] addr=2000315E bit=00000001
[CMD QUEUE backup CORRUPTED] backup repaired
[SEU] addr=200031A7 bit=00000006
[SEU] addr=20003166 bit=00000002
[SEU] addr=200031C4 bit=00000003
[SEU] addr=2000319A bit=00000005
[SEU] addr=20003156 bit=00000005
[CMD QUEUE CORRUPTED] primary repaired
[SEU] addr=2000319B bit=00000001
[SEU] addr=200031B9 bit=00000006
[SEU] addr=200031DE bit=00000003
[SEU] addr=20003171 bit=00000007
[SEU] addr=200031C0 bit=00000000
[SEU] addr=2000314B bit=00000000
[SEU] addr=200031BE bit=00000002
[SEU] addr=20003146 bit=00000003
[SAMPLE QUEUE CORRUPTED] primary repaired
[SEU] addr=200031B7 bit=00000000
[SEU] addr=200031DE bit=00000004
[SEU] addr=200031BE bit=00000003
[SEU] addr=200031B3 bit=00000000
[SEU] addr=20003173 bit=00000002
[SEU] addr=2000315B bit=00000006
[SEU] addr=20003192 bit=00000001
[ERR] seq=4695 err=1048576
[ERR] seq=4696 err=83880
[ERR] seq=4697 err=90584
[ERR] seq=4698 err=13944
[ERR] seq=4699 err=8352
[SEU] addr=20003150 bit=00000002
[SAMPLE QUEUE backup CORRUPTED] backup repaired
[ERR] seq=4700 err=1776
[ERR] seq=4701 err=800
[ERR] seq=4702 err=200
[ERR] seq=4703 err=80
[ERR] seq=4704 err=16
[SEU] addr=200031BD bit=00000005
[SEU] addr=2000319B bit=00000003
[SEU] addr=2000316F bit=00000005
[SEU] addr=20003155 bit=00000004
[CMD QUEUE CORRUPTED] primary repaired
[SEU] addr=2000316C bit=00000006
[SEU] addr=20003191 bit=00000006
[ERR] seq=4738 err=131072
[ERR] seq=4739 err=10480
[ERR] seq=4740 err=11312
[ERR] seq=4741 err=1736
[ERR] seq=4742 err=1040
[ERR] seq=4743 err=216
[ERR] seq=4744 err=96
[SEU] addr=2000315C bit=00000000
[CMD QUEUE backup CORRUPTED] backup repaired
[ERR] seq=4745 err=16
[SEU] addr=20003180 bit=00000005
[SEU] addr=2000316E bit=00000004
[SEU] addr=2000315F bit=00000002
[CMD QUEUE backup CORRUPTED] backup repaired
[SEU] addr=2000314F bit=00000000
[SAMPLE QUEUE backup CORRUPTED] backup repaired
[SEU] addr=20003168 bit=00000002
[SEU] addr=20003157 bit=00000001
[CMD QUEUE CORRUPTED] primary repaired
[SEU] addr=20003199 bit=00000000
[SEU] addr=2000319D bit=00000004
[SEU] addr=200031D9 bit=00000002
[SEU] addr=20003158 bit=00000005
[CMD QUEUE CORRUPTED] primary repaired
[SEU] addr=20003189 bit=00000003
[ERR] seq=4828 err=16384
[ERR] seq=4829 err=1304
[ERR] seq=4830 err=1408
[SEU] addr=20003171 bit=00000001
[ERR] seq=4831 err=216
[ERR] seq=4832 err=128
[ERR] seq=4833 err=24
[ERR] seq=4834 err=8
[SEU] addr=2000319A bit=00000004
[SEU] addr=20003146 bit=00000003
[SAMPLE QUEUE CORRUPTED] primary repaired
[SEU] addr=200031B3 bit=00000006
[SEU] addr=20003180 bit=00000007
[SEU] addr=200031DE bit=00000004
[SEU] addr=200031AD bit=00000007
[SEU] addr=200031D1 bit=00000006
[SEU] addr=20003163 bit=00000001
[SEU] addr=20003186 bit=00000003
[ERR] seq=4888 err=816
[ERR] seq=4889 err=56
[ERR] seq=4890 err=56
[SEU] addr=200031B7 bit=00000007
[SEU] addr=2000319E bit=00000007
[SEU] addr=20003170 bit=00000001
[SEU] addr=20003162 bit=00000001
[SEU] addr=200031D6 bit=00000007
[SEU] addr=20003194 bit=00000001
[SEU] addr=200031D0 bit=00000004
[SEU] addr=200031B6 bit=00000004
[SEU] addr=20003190 bit=00000004
[ERR] seq=4945 err=128
[ERR] seq=4946 err=8
[ERR] seq=4947 err=8
[SEU] addr=2000319A bit=00000002
[SEU] addr=200031A2 bit=00000002
[SEU] addr=20003174 bit=00000004
[SEU] addr=20003194 bit=00000001
[SEU] addr=200031DD bit=00000001
[SEU] addr=20003151 bit=00000005
[SEU] addr=20003157 bit=00000006
[CMD QUEUE CORRUPTED] primary repaired
[SEU] addr=20003178 bit=00000006
[SEU] addr=2000318E bit=00000007
[ERR] seq=5008 err=67108864
[ERR] seq=5009 err=5368704
[SEU] addr=2000316B bit=00000002
[ERR] seq=5010 err=5798200
[ERR] seq=5011 err=893352
[ERR] seq=5012 err=535320
[ERR] seq=5013 err=114288
[ERR] seq=5014 err=51960
[ERR] seq=5015 err=13288
[ERR] seq=5016 err=5208
[ERR] seq=5017 err=1472
[ERR] seq=5018 err=528
[ERR] seq=5019 err=152
[SEU] addr=20003164 bit=00000001
[ERR] seq=5020 err=48
[ERR] seq=5021 err=8
[SEU] addr=200031D9 bit=00000004
[SEU] addr=200031C7 bit=00000000
[SEU] addr=2000317A bit=00000002
[SEU] addr=200031CB bit=00000005
[SEU] addr=2000315E bit=00000001
[CMD QUEUE backup CORRUPTED] backup repaired
[SEU] addr=200031C6 bit=00000005
[SEU] addr=20003159 bit=00000002
[SEU] addr=2000318A bit=00000004
[ERR] seq=5064 err=8388608
[ERR] seq=5065 err=671088
[ERR] seq=5066 err=724768
[ERR] seq=5067 err=111656
[ERR] seq=5068 err=66904
[SEU] addr=20003174 bit=00000000
[ERR] seq=5069 err=14280
[ERR] seq=5070 err=6488
[ERR] seq=5071 err=1648
[ERR] seq=5072 err=640
[SEU] addr=200031C6 bit=00000006
[ERR] seq=5073 err=176
[ERR] seq=5074 err=56
[ERR] seq=5075 err=8
[SEU] addr=200031B5 bit=00000004
[SEU] addr=200031C5 bit=00000000
[SEU] addr=2000315D bit=00000007
[CMD QUEUE backup CORRUPTED] backup repaired
[SEU] addr=2000314C bit=00000004
[SAMPLE QUEUE backup CORRUPTED] backup repaired
[SEU] addr=200031DE bit=00000000
[SEU] addr=2000318F bit=00000000
[ERR] seq=5101 err=134217728
[ERR] seq=5102 err=10737416
[SEU] addr=200031D3 bit=00000001
[ERR] seq=5103 err=11596408
[SEU] addr=2000319D bit=00000000
[ERR] seq=5104 err=1786704
[ERR] seq=5105 err=1070648
[ERR] seq=5106 err=228584
[ERR] seq=5107 err=103928
[ERR] seq=5108 err=26592
[ERR] seq=5109 err=10432
[ERR] seq=5110 err=2952
[ERR] seq=5111 err=1064
[SEU] addr=200031AE bit=00000000
[ERR] seq=5112 err=312
[ERR] seq=5113 err=104
[ERR] seq=5114 err=32
[ERR] seq=5115 err=8
[SEU] addr=2000317B bit=00000001
[SEU] addr=200031AE bit=00000001
[SEU] addr=200031B5 bit=00000004
[SEU] addr=200031DD bit=00000002
[SEU] addr=2000317B bit=00000001
[SEU] addr=20003198 bit=00000003
[SEU] addr=2000317D bit=00000002
[SEU] addr=20003178 bit=00000001
[SEU] addr=200031DF bit=00000002
[SEU] addr=2000319F bit=00000006
[SEU] addr=2000316D bit=00000007
[SEU] addr=2000319F bit=00000002
[SEU] addr=200031DC bit=00000004
[SEU] addr=2000318B bit=00000005
[SEU] addr=20003181 bit=00000000
[SEU] addr=200031D6 bit=00000006
[SEU] addr=200031C2 bit=00000001
[SEU] addr=2000314D bit=00000006
[SAMPLE QUEUE backup CORRUPTED] backup repaired
[SEU] addr=20003151 bit=00000003
[SEU] addr=200031D2 bit=00000006
[SEU] addr=200031B2 bit=00000000
[SEU] addr=2000315C bit=00000000
[CMD QUEUE backup CORRUPTED] backup repaired
[SEU] addr=20003193 bit=00000005
[SEU] addr=2000319A bit=00000003
[SEU] addr=20003179 bit=00000003
[SEU] addr=20003177 bit=00000004
[SEU] addr=2000314A bit=00000005
[SEU] addr=200031DC bit=00000006
[SEU] addr=20003175 bit=00000006
[SEU] addr=200031B9 bit=00000000
[SEU] addr=20003186 bit=00000005
[ERR] seq=5280 err=9064
[ERR] seq=5281 err=712
[ERR] seq=5282 err=752
[ERR] seq=5283 err=96
[ERR] seq=5284 err=56
[SEU] addr=20003151 bit=00000000
[SEU] addr=2000317E bit=00000007
[SEU] addr=200031B7 bit=00000002
[SEU] addr=200031C7 bit=00000005
[SEU] addr=200031DC bit=00000004
[SEU] addr=2000318F bit=00000006
[SEU] addr=2000314D bit=00000005
[SAMPLE QUEUE backup CORRUPTED] backup repaired
[SEU] addr=20003145 bit=00000005
[SAMPLE QUEUE CORRUPTED] primary repaired
[SEU] addr=20003182 bit=00000003
[SEU] addr=2000318C bit=00000004
[ERR] seq=5328 err=128
[ERR] seq=5329 err=8
[ERR] seq=5330 err=8
[SEU] addr=20003180 bit=00000003
[SEU] addr=20003162 bit=00000002
[SEU] addr=20003145 bit=00000006
[SAMPLE QUEUE CORRUPTED] primary repaired
[SEU] addr=2000317D bit=00000005
[SEU] addr=20003150 bit=00000005
[SAMPLE QUEUE backup CORRUPTED] backup repaired
[SEU] addr=200031D1 bit=00000006
[SEU] addr=2000316D bit=00000004
[SEU] addr=2000315B bit=00000006
[SEU] addr=2000318D bit=00000002
[ERR] seq=5368 err=8192
[ERR] seq=5369 err=648
[SEU] addr=20003163 bit=00000004
[ERR] seq=5370 err=696
[ERR] seq=5371 err=96
[ERR] seq=5372 err=48
[SEU] addr=200031B9 bit=00000002
[SEU] addr=20003179 bit=00000000
[SEU] addr=2000318F bit=00000007
[SEU] addr=2000317D bit=00000002
[SEU] addr=200031D5 bit=00000000
[SEU] addr=2000319A bit=00000001
[SEU] addr=2000319C bit=00000005
[SEU] addr=200031BA bit=00000000
[SEU] addr=20003176 bit=00000006
[SEU] addr=200031CA bit=00000006
[SEU] addr=2000316D bit=00000004
[SEU] addr=200031C2 bit=00000002
[SEU] addr=200031DB bit=00000003
[SEU] addr=2000317A bit=00000007
[SEU] addr=200031BE bit=00000003
[SEU] addr=20003175 bit=00000005
[SEU] addr=200031A1 bit=00000000
[SEU] addr=20003161 bit=00000001
[SEU] addr=200031B3 bit=00000003
[SEU] addr=2000318C bit=00000006
[ERR] seq=5476 err=512
[ERR] seq=5477 err=40
[ERR] seq=5478 err=40
[SEU] addr=20003184 bit=00000004
[ERR] seq=5483 err=64
[SEU] addr=200031A6 bit=00000006
[SEU] addr=20003171 bit=00000001
[SEU] addr=2000316C bit=00000005
[SEU] addr=2000315E bit=00000004
[CMD QUEUE backup CORRUPTED] backup repaired
[SEU] addr=20003155 bit=00000006
[CMD QUEUE CORRUPTED] primary repaired
[SEU] addr=2000317D bit=00000004
[SEU] addr=2000316F bit=00000005
[SEU] addr=200031CC bit=00000004
[SEU] addr=20003185 bit=00000001
[ERR] seq=5524 err=11104
[ERR] seq=5525 err=880
[ERR] seq=5526 err=936
[SEU] addr=200031B2 bit=00000003
[ERR] seq=5527 err=112
[ERR] seq=5528 err=56
[SEU] addr=20003188 bit=00000007
[ERR] seq=5533 err=1024
[ERR] seq=5534 err=80
[ERR] seq=5535 err=80
[SEU] addr=200031C2 bit=00000004
[SEU] addr=20003184 bit=00000002
[ERR] seq=5548 err=312
[SEU] addr=200031C6 bit=00000003
[ERR] seq=5549 err=8
[SEU] addr=2000317E bit=00000000
[ERR] seq=5550 err=8
[SEU] addr=200031BD bit=00000006
[SEU] addr=200031B1 bit=00000000
[SEU] addr=20003183 bit=00000006
[SEU] addr=20003149 bit=00000006
[SEU] addr=200031B4 bit=00000001
[SEU] addr=20003183 bit=00000002
[SEU] addr=200031DF bit=00000003
[SEU] addr=20003147 bit=00000000
[SAMPLE QUEUE CORRUPTED] primary repaired
[SEU] addr=200031B2 bit=00000006
[SEU] addr=200031D2 bit=00000000
[SEU] addr=200031B9 bit=00000007
[SEU] addr=20003160 bit=00000006
[CMD QUEUE backup CORRUPTED] backup repaired
[SEU] addr=20003187 bit=00000004
[ERR] seq=5603 err=1544
[ERR] seq=5604 err=112
[ERR] seq=5605 err=112
[SEU] addr=200031DF bit=00000004
[SEU] addr=2000318B bit=00000001
[ERR] seq=5616 err=268435456
[ERR] seq=5617 err=21474832
[ERR] seq=5618 err=23192816
[ERR] seq=5619 err=3573408
[ERR] seq=5620 err=2141296
[ERR] seq=5621 err=457168
[ERR] seq=5622 err=207864
[ERR] seq=5623 err=53192
[ERR] seq=5624 err=20872
[SEU] addr=20003190 bit=00000004
[ERR] seq=5625 err=6040
[ERR] seq=5626 err=2144
[ERR] seq=5627 err=648
[ERR] seq=5628 err=216
[ERR] seq=5629 err=64
[ERR] seq=5630 err=16
[SEU] addr=2000315D bit=00000006
[CMD QUEUE backup CORRUPTED] backup repaired
[SEU] addr=200031B6 bit=00000005
[SEU] addr=200031C5 bit=00000007
[SEU] addr=200031A5 bit=00000007
[SEU] addr=20003173 bit=00000006
[SEU] addr=200031AF bit=00000000
[SEU] addr=200031BD bit=00000000
[SEU] addr=200031C6 bit=00000006
[SEU] addr=200031CB bit=00000002
[SEU] addr=200031A5 bit=00000005
[SEU] addr=200031DE bit=00000006
[SEU] addr=200031D5 bit=00000004
[SEU] addr=2000317A bit=00000007
[SEU] addr=20003170 bit=00000000
[SEU] addr=200031A0 bit=00000007
[SEU] addr=2000317D bit=00000006
[SEU] addr=2000315A bit=00000004
[SEU] addr=200031BB bit=00000000
[SEU] addr=20003149 bit=00000004
[SEU] addr=20003152 bit=00000001
[SEU] addr=20003177 bit=00000003
[SEU] addr=200031D2 bit=00000002
[SEU] addr=20003158 bit=00000003
[CMD QUEUE CORRUPTED] primary repaired
[SEU] addr=200031B1 bit=00000007
[SEU] addr=20003178 bit=00000007
[SEU] addr=200031A8 bit=00000006
[SEU] addr=200031D9 bit=00000003
[SEU] addr=20003177 bit=00000000
[SEU] addr=2000318F bit=00000007
[SEU] addr=2000319D bit=00000000
[SEU] addr=200031A3 bit=00000005
[SEU] addr=20003196 bit=00000004
[SEU] addr=200031A3 bit=00000004
[SEU] addr=200031BD bit=00000004
[SEU] addr=2000314E bit=00000004
[SAMPLE QUEUE backup CORRUPTED] backup repaired
[SEU] addr=200031B7 bit=00000003
[SEU] addr=200031B6 bit=00000004
[SEU] addr=2000317D bit=00000007
[SEU] addr=2000317E bit=00000002
[SEU] addr=2000317E bit=00000000
[SEU] addr=20003187 bit=00000007
[ERR] seq=5861 err=116072
[ERR] seq=5862 err=9280
[ERR] seq=5863 err=10008
[ERR] seq=5864 err=1520
[SEU] addr=200031DD bit=00000001
[ERR] seq=5865 err=904
[ERR] seq=5866 err=168
[ERR] seq=5867 err=56
[SEU] addr=2000314F bit=00000007
[SAMPLE QUEUE backup CORRUPTED] backup repaired
[SEU] addr=200031CC bit=00000005
[SEU] addr=200031AE bit=00000003
[SEU] addr=20003170 bit=00000006
[SEU] addr=200031B5 bit=00000006
[SEU] addr=200031DE bit=00000005
[SEU] addr=2000319C bit=00000000
[SEU] addr=20003165 bit=00000007
[SEU] addr=200031A7 bit=00000001
[SEU] addr=200031AB bit=00000000
[SEU] addr=20003181 bit=00000006
[SEU] addr=200031C0 bit=00000006
[SEU] addr=2000316E bit=00000007
[SEU] addr=200031D8 bit=00000006
[SEU] addr=200031C3 bit=00000000
[SEU] addr=200031C0 bit=00000003
[SEU] addr=20003181 bit=00000004
[SEU] addr=20003166 bit=00000000
[SEU] addr=2000317C bit=00000001
[SEU] addr=200031DD bit=00000006
[SEU] addr=20003162 bit=00000002
[SEU] addr=20003149 bit=00000004
[SEU] addr=200031D3 bit=00000007
[SEU] addr=2000319C bit=00000000
[SEU] addr=20003166 bit=00000005
[SEU] addr=20003190 bit=00000006
[ERR] seq=6018 err=512
[ERR] seq=6019 err=40
[ERR] seq=6020 err=40
[SEU] addr=20003176 bit=00000002
[SEU] addr=200031AA bit=00000001
[SEU] addr=200031BF bit=00000001
[SEU] addr=200031B1 bit=00000007
[SEU] addr=20003150 bit=00000006
[SAMPLE QUEUE backup CORRUPTED] backup repaired
[SEU] addr=2000319A bit=00000006
[SEU] addr=20003195 bit=00000007
[SEU] addr=200031D4 bit=00000005
[SEU] addr=200031B4 bit=00000001
[SEU] addr=20003184 bit=00000007
[ERR] seq=6071 err=3896
[ERR] seq=6072 err=296
[SEU] addr=20003164 bit=00000004
[ERR] seq=6073 err=304
[ERR] seq=6074 err=16
[ERR] seq=6075 err=8
[SEU] addr=200031DF bit=00000006
[SEU] addr=200031CD bit=00000001
[SEU] addr=2000316E bit=00000005
[SEU] addr=20003196 bit=00000000
[SEU] addr=2000319A bit=00000003
[SEU] addr=20003159 bit=00000006
[SEU] addr=20003194 bit=00000007
[SEU] addr=200031B3 bit=00000000
[SEU] addr=200031D7 bit=00000000
[SEU] addr=200031AE bit=00000000
[SEU] addr=20003178 bit=00000007
[SEU] addr=2000318D bit=00000002
[ERR] seq=6148 err=8192
[ERR] seq=6149 err=648
[ERR] seq=6150 err=696
[SEU] addr=2000315F bit=00000004
[CMD QUEUE backup CORRUPTED] backup repaired
[ERR] seq=6151 err=96
[ERR] seq=6152 err=48
[SEU] addr=200031AC bit=00000004
[SEU] addr=200031A6 bit=00000004
[SEU] addr=200031B6 bit=00000007
[SEU] addr=2000314A bit=00000002
[SEU] addr=2000319D bit=00000002
[SEU] addr=2000315D bit=00000006
[CMD QUEUE backup CORRUPTED] backup repaired
[SEU] addr=200031C4 bit=00000006
[SEU] addr=200031BE bit=00000000
[SEU] addr=200031BF bit=00000004
[SEU] addr=200031DC bit=00000000
[SEU] addr=200031BC bit=00000005
[SEU] addr=200031B9 bit=00000001
[SEU] addr=20003148 bit=00000007
[SAMPLE QUEUE CORRUPTED] primary repaired
[SEU] addr=200031C2 bit=00000007
[SEU] addr=200031C0 bit=00000000
[SEU] addr=2000317C bit=00000003
[SEU] addr=20003159 bit=00000006
[SEU] addr=20003187 bit=00000001
[ERR] seq=6246 err=928
[ERR] seq=6247 err=64
[ERR] seq=6248 err=64
[SEU] addr=20003178 bit=00000000
[SEU] addr=20003150 bit=00000001
[SAMPLE QUEUE backup CORRUPTED] backup repaired
[SEU] addr=20003182 bit=00000004
[SEU] addr=200031A3 bit=00000000
[SEU] addr=200031A1 bit=00000007
[SEU] addr=2000318D bit=00000007
[ERR] seq=6277 err=262144
[ERR] seq=6278 err=20968
[ERR] seq=6279 err=22640
[ERR] seq=6280 err=3480
[ERR] seq=6281 err=2080
[ERR] seq=6282 err=432
[ERR] seq=6283 err=192
[ERR] seq=6284 err=40
[SEU] addr=200031C7 bit=00000004
[ERR] seq=6285 err=8
[SEU] addr=20003173 bit=00000002
[SEU] addr=200031DB bit=00000007
[SEU] addr=200031AB bit=00000002
[SEU] addr=200031B5 bit=00000001
[SEU] addr=2000316F bit=00000000
[SEU] addr=200031B7 bit=00000001
[SEU] addr=20003170 bit=00000000
[SEU] addr=20003150 bit=00000002
[SAMPLE QUEUE backup CORRUPTED] backup repaired
[SEU] addr=200031AD bit=00000002
[SEU] addr=2000317E bit=00000007
[SEU] addr=200031C6 bit=00000000
[SEU] addr=2000317A bit=00000000
[SEU] addr=2000314A bit=00000005
[SEU] addr=2000317A bit=00000003
[SEU] addr=2000319B bit=00000004
[SEU] addr=2000319D bit=00000001
[SEU] addr=200031A0 bit=00000004
[SEU] addr=200031CC bit=00000001
[SEU] addr=200031AF bit=00000006
[SEU] addr=2000315D bit=00000003
[CMD QUEUE backup CORRUPTED] backup repaired
[SEU] addr=20003156 bit=00000002
[CMD QUEUE CORRUPTED] primary repaired
[SEU] addr=2000317A bit=00000002
[SEU] addr=20003153 bit=00000003
[SEU] addr=200031A8 bit=00000004
[SEU] addr=200031A1 bit=00000002
[SEU] addr=20003173 bit=00000002
[SEU] addr=200031A9 bit=00000005
[SEU] addr=200031C2 bit=00000004
[SEU] addr=20003145 bit=00000007
[SAMPLE QUEUE CORRUPTED] primary repaired
[SEU] addr=2000319E bit=00000002
[SEU] addr=20003180 bit=00000002
[SEU] addr=200031AA bit=00000007
[SEU] addr=200031AF bit=00000007
[SEU] addr=200031C7 bit=00000004
[SEU] addr=200031BA bit=00000006
[SEU] addr=200031CA bit=00000001
[SEU] addr=20003194 bit=00000006
[SEU] addr=200031DA bit=00000005
[SEU] addr=20003156 bit=00000005
[CMD QUEUE CORRUPTED] primary repaired
[SEU] addr=200031A5 bit=00000000
[SEU] addr=20003158 bit=00000005
[CMD QUEUE CORRUPTED] primary repaired
[SEU] addr=20003144 bit=00000006
[SAMPLE QUEUE CORRUPTED] primary repaired
[SEU] addr=20003186 bit=00000002
[ERR] seq=6523 err=1464
[ERR] seq=6524 err=112
[ERR] seq=6525 err=112
[SEU] addr=20003171 bit=00000007
[SEU] addr=2000315B bit=00000003
[SEU] addr=2000315A bit=00000003
[SEU] addr=20003171 bit=00000002
[SEU] addr=2000318E bit=00000004
[ERR] seq=6553 err=8388608
[ERR] seq=6554 err=671088
[ERR] seq=6555 err=724768
[ERR] seq=6556 err=111656
[ERR] seq=6557 err=66904
[ERR] seq=6558 err=14280
[ERR] seq=6559 err=6488
[ERR] seq=6560 err=1648
[SEU] addr=20003196 bit=00000001
[ERR] seq=6561 err=640
[ERR] seq=6562 err=176
[ERR] seq=6563 err=56
[ERR] seq=6564 err=8
[SEU] addr=20003147 bit=00000002
[SAMPLE QUEUE CORRUPTED] primary repaired
[SEU] addr=20003169 bit=00000002
[SEU] addr=20003161 bit=00000003
[SEU] addr=200031CE bit=00000001
[SEU] addr=2000319C bit=00000005
[SEU] addr=200031B2 bit=00000001
[SEU] addr=200031C1 bit=00000001
[SEU] addr=20003147 bit=00000002
[SAMPLE QUEUE CORRUPTED] primary repaired
[SEU] addr=20003179 bit=00000007
[SEU] addr=200031CC bit=00000007
[SEU] addr=20003170 bit=00000003
[SEU] addr=200031C7 bit=00000001
[SEU] addr=2000318C bit=00000003
[ERR] seq=6660 err=64
[SEU] addr=20003168 bit=00000003
[SEU] addr=200031D8 bit=00000007
[SEU] addr=20003183 bit=00000003
[SEU] addr=200031CE bit=00000007
[SEU] addr=2000315A bit=00000007
[SEU] addr=2000314F bit=00000004
[SAMPLE QUEUE backup CORRUPTED] backup repaired
[SEU] addr=20003170 bit=00000001
[SEU] addr=2000315D bit=00000002
[CMD QUEUE backup CORRUPTED] backup repaired
[SEU] addr=20003169 bit=00000006
[SEU] addr=200031C9 bit=00000001
[SEU] addr=200031D4 bit=00000003
[SEU] addr=200031C6 bit=00000005
[SEU] addr=20003163 bit=00000001
[SEU] addr=2000317C bit=00000007
[SEU] addr=20003189 bit=00000000
[ERR] seq=6725 err=2048
[ERR] seq=6726 err=160
[ERR] seq=6727 err=168
[SEU] addr=200031B5 bit=00000006
[ERR] seq=6728 err=16
[ERR] seq=6729 err=8
[SEU] addr=20003171 bit=00000003
[SEU] addr=2000315C bit=00000001
[CMD QUEUE backup CORRUPTED] backup repaired
[SEU] addr=200031AE bit=00000007
[SEU] addr=2000315C bit=00000007
[CMD QUEUE backup CORRUPTED] backup repaired
[SEU] addr=200031DB bit=00000005
[SEU] addr=200031CF bit=00000003
[SEU] addr=200031C0 bit=00000001
[SEU] addr=200031C0 bit=00000000
[SEU] addr=200031D4 bit=00000007
[SEU] addr=200031D6 bit=00000003
[SEU] addr=20003152 bit=00000005
[SEU] addr=200031A2 bit=00000007
[SEU] addr=20003165 bit=00000003
[SEU] addr=20003161 bit=00000002
[SEU] addr=20003176 bit=00000005
[SEU] addr=20003192 bit=00000003
[ERR] seq=6824 err=4194304
[ERR] seq=6825 err=335544
[ERR] seq=6826 err=362384
[ERR] seq=6827 err=55824
[SEU] addr=2000318E bit=00000001
[ERR] seq=6828 err=1082024
[ERR] seq=6829 err=91016
[SEU] addr=200031A4 bit=00000004
[ERR] seq=6830 err=93824
[ERR] seq=6831 err=14768
[ERR] seq=6832 err=8672
[ERR] seq=6833 err=1864
[SEU] addr=2000315C bit=00000001
[CMD QUEUE backup CORRUPTED] backup repaired
[ERR] seq=6834 err=824
[ERR] seq=6835 err=200
[ERR] seq=6836 err=80
[ERR] seq=6837 err=16
[SEU] addr=200031DD bit=00000006
[SEU] addr=200031CA bit=00000000
[SEU] addr=2000318F bit=00000004
[ERR] seq=6851 err=2147483648
[ERR] seq=6852 err=171798688
[ERR] seq=6853 err=185542576
[ERR] seq=6854 err=28587288
[ERR] seq=6855 err=17130376
[ERR] seq=6856 err=3657400
[SEU] addr=200031A9 bit=00000001
[ERR] seq=6857 err=1663016
[ERR] seq=6858 err=425632
[ERR] seq=6859 err=167088
[ERR] seq=6860 err=47408
[SEU] addr=20003157 bit=00000000
[CMD QUEUE CORRUPTED] primary repaired
[ERR] seq=6861 err=17152
[ERR] seq=6862 err=5160
[ERR] seq=6863 err=1776
[ERR] seq=6864 err=544
[SEU] addr=20003195 bit=00000002
[ERR] seq=6865 err=176
[SEU] addr=20003179 bit=00000005
[ERR] seq=6866 err=48
[ERR] seq=6867 err=8
[SEU] addr=20003186 bit=00000002
[ERR] seq=6872 err=2864
[ERR] seq=6873 err=216
[ERR] seq=6874 err=224
[ERR] seq=6875 err=16
[SEU] addr=200031D1 bit=00000006
[ERR] seq=6876 err=8
[SEU] addr=20003148 bit=00000004
[SAMPLE QUEUE CORRUPTED] primary repaired
[SEU] addr=200031B3 bit=00000005
[SEU] addr=2000319D bit=00000005
[SEU] addr=200031A0 bit=00000005
[SEU] addr=200031D5 bit=00000004
[SEU] addr=200031A8 bit=00000002
[SEU] addr=20003198 bit=00000007
[SEU] addr=200031B4 bit=00000002
[SEU] addr=200031AC bit=00000003
[SEU] addr=2000318F bit=00000003
[ERR] seq=6934 err=1073741824
[ERR] seq=6935 err=85899344
[ERR] seq=6936 err=92771288
[ERR] seq=6937 err=14293640
[ERR] seq=6938 err=8565184
[ERR] seq=6939 err=1828696
[ERR] seq=6940 err=831496
[ERR] seq=6941 err=212800
[ERR] seq=6942 err=83536
[ERR] seq=6943 err=23704
[SEU] addr=2000319F bit=00000004
[ERR] seq=6944 err=8576
[ERR] seq=6945 err=2576
[SEU] addr=2000318D bit=00000007
[ERR] seq=6946 err=263024
[ERR] seq=6947 err=21240
[SEU] addr=20003194 bit=00000006
[ERR] seq=6948 err=22736
[ERR] seq=6949 err=3512
[ERR] seq=6950 err=2096
[ERR] seq=6951 err=440
[ERR] seq=6952 err=192
[ERR] seq=6953 err=40
[ERR] seq=6954 err=8
[SEU] addr=200031B2 bit=00000005
[SEU] addr=200031B0 bit=00000004
[SEU] addr=2000318F bit=00000001
[ERR] seq=6973 err=268435456
[ERR] seq=6974 err=21474832
[SEU] addr=20003149 bit=00000004
[ERR] seq=6975 err=23192816
[ERR] seq=6976 err=3573408
[ERR] seq=6977 err=2141296
[ERR] seq=6978 err=457168
[ERR] seq=6979 err=207864
[SEU] addr=20003148 bit=00000004
[SAMPLE QUEUE CORRUPTED] primary repaired
[ERR] seq=6980 err=53192
[ERR] seq=6981 err=20872
[ERR] seq=6982 err=5912
[ERR] seq=6983 err=2136
[ERR] seq=6984 err=640
[ERR] seq=6985 err=216
[ERR] seq=6986 err=64
[SEU] addr=2000315D bit=00000004
[CMD QUEUE backup CORRUPTED] backup repaired
[ERR] seq=6987 err=16
[SEU] addr=2000319E bit=00000000
[SEU] addr=200031D2 bit=00000001
[SEU] addr=20003148 bit=00000003
[SAMPLE QUEUE CORRUPTED] primary repaired
[SEU] addr=20003185 bit=00000004
[ERR] seq=7019 err=4400
[ERR] seq=7020 err=352
[ERR] seq=7021 err=360
[SEU] addr=2000319D bit=00000000
[ERR] seq=7022 err=24
[ERR] seq=7023 err=16
[SEU] addr=200031DC bit=00000003
[SEU] addr=200031A5 bit=00000002
[SEU] addr=2000317B bit=00000004
[SEU] addr=200031D5 bit=00000001
[SEU] addr=2000318D bit=00000004
[ERR] seq=7050 err=32768
[ERR] seq=7051 err=2616
[ERR] seq=7052 err=2824
[ERR] seq=7053 err=432
[ERR] seq=7054 err=256
[SEU] addr=200031C9 bit=00000002
[ERR] seq=7055 err=48
[ERR] seq=7056 err=16
[SEU] addr=200031B6 bit=00000007
[SEU] addr=2000316D bit=00000000
[SEU] addr=20003158 bit=00000003
[CMD QUEUE CORRUPTED] primary repaired
[SEU] addr=200031B8 bit=00000005
[SEU] addr=2000316D bit=00000000
[SEU] addr=20003190 bit=00000006
[ERR] seq=7085 err=512
[ERR] seq=7086 err=40
[ERR] seq=7087 err=40
[SEU] addr=200031AF bit=00000001
[SEU] addr=2000319D bit=00000000
[SEU] addr=20003175 bit=00000003
[SEU] addr=2000318C bit=00000005
[ERR] seq=7114 err=256
[ERR] seq=7115 err=16
[ERR] seq=7116 err=16
[SEU] addr=20003148 bit=00000005
[SAMPLE QUEUE CORRUPTED] primary repaired
[SEU] addr=200031CF bit=00000005
[SEU] addr=2000315B bit=00000003
[SEU] addr=20003197 bit=00000003
[SEU] addr=2000319B bit=00000002
[SEU] addr=200031C4 bit=00000000
[SEU] addr=2000319D bit=00000001
[SEU] addr=200031BB bit=00000000
[SEU] addr=2000319E bit=00000006
[SEU] addr=20003147 bit=00000001
[SAMPLE QUEUE CORRUPTED] primary repaired
[SEU] addr=20003160 bit=00000007
[CMD QUEUE backup CORRUPTED] backup repaired
[SEU] addr=200031B2 bit=00000005
[SEU] addr=200031C4 bit=00000003
[SEU] addr=200031C8 bit=00000004
[SEU] addr=20003171 bit=00000007
[SEU] addr=200031DD bit=00000007
[SEU] addr=2000318B bit=00000001
[ERR] seq=7199 err=268435456
[ERR] seq=7200 err=21474832
[ERR] seq=7201 err=23192816
[ERR] seq=7202 err=3573408
[ERR] seq=7203 err=2141296
[ERR] seq=7204 err=457168
[SEU] addr=20003171 bit=00000002
[ERR] seq=7205 err=207864
[ERR] seq=7206 err=53192
[ERR] seq=7207 err=20872
[ERR] seq=7208 err=5912
[ERR] seq=7209 err=2136
[ERR] seq=7210 err=640
[ERR] seq=7211 err=216
[SEU] addr=20003180 bit=00000005
[ERR] seq=7212 err=64
[ERR] seq=7213 err=16
[SEU] addr=200031A9 bit=00000007
[SEU] addr=200031DB bit=00000002
[SEU] addr=2000319F bit=00000000
[SEU] addr=20003161 bit=00000003
[SEU] addr=20003149 bit=00000005
[SEU] addr=200031C9 bit=00000004
[SEU] addr=200031AD bit=00000006
[SEU] addr=200031CA bit=00000004
[SEU] addr=200031DA bit=00000005
[SEU] addr=20003177 bit=00000001
[SEU] addr=200031A3 bit=00000001
[SEU] addr=2000314F bit=00000007
[SAMPLE QUEUE backup CORRUPTED] backup repaired
[SEU] addr=200031A3 bit=00000003
[SEU] addr=200031BC bit=00000007
[SEU] addr=20003152 bit=00000004
[SEU] addr=2000316A bit=00000006
[SEU] addr=20003171 bit=00000001
[SEU] addr=2000318C bit=00000004
[ERR] seq=7345 err=128
[ERR] seq=7346 err=8
[ERR] seq=7347 err=8
[SEU] addr=20003158 bit=00000001
[CMD QUEUE CORRUPTED] primary repaired
[SEU] addr=2000318D bit=00000006
[ERR] seq=7355 err=131072
[ERR] seq=7356 err=10480
[ERR] seq=7357 err=11312
[ERR] seq=7358 err=1736
[ERR] seq=7359 err=1040
[ERR] seq=7360 err=216
[ERR] seq=7361 err=96
[ERR] seq=7362 err=16
[SEU] addr=200031A9 bit=00000005
[SEU] addr=20003190 bit=00000007
[ERR] seq=7366 err=1024
[ERR] seq=7367 err=80
[ERR] seq=7368 err=80
[SEU] addr=2000318B bit=00000002
[ERR] seq=7375 err=536870912
[ERR] seq=7376 err=42949672
[ERR] seq=7377 err=46385640
[ERR] seq=7378 err=7146816
[ERR] seq=7379 err=4282592
[ERR] seq=7380 err=914344
[SEU] addr=200031AE bit=00000001
[ERR] seq=7381 err=415744
[ERR] seq=7382 err=106400
[ERR] seq=7383 err=41768
[SEU] addr=20003146 bit=00000002
[SAMPLE QUEUE CORRUPTED] primary repaired
[ERR] seq=7384 err=11848
[ERR] seq=7385 err=4280
[ERR] seq=7386 err=1280
[ERR] seq=7387 err=432
[ERR] seq=7388 err=128
[ERR] seq=7389 err=40
[ERR] seq=7390 err=8
[SEU] addr=20003197 bit=00000007
[SEU] addr=200031C8 bit=00000004
[SEU] addr=200031C6 bit=00000004
[SEU] addr=20003167 bit=00000001
[SEU] addr=200031C5 bit=00000006
[SEU] addr=200031BB bit=00000001
[SEU] addr=20003195 bit=00000005
[SEU] addr=200031A8 bit=00000003
[SEU] addr=2000319A bit=00000007
[SEU] addr=20003156 bit=00000006
[CMD QUEUE CORRUPTED] primary repaired
[SEU] addr=20003152 bit=00000005
[SEU] addr=200031D7 bit=00000000
[SEU] addr=20003151 bit=00000004
[SEU] addr=2000318A bit=00000007
[ERR] seq=7468 err=67108864
[ERR] seq=7469 err=5368704
[ERR] seq=7470 err=5798200
[ERR] seq=7471 err=893352
[ERR] seq=7472 err=535320
[ERR] seq=7473 err=114288
[SEU] addr=200031B9 bit=00000003
[ERR] seq=7474 err=51960
[ERR] seq=7475 err=13288
[ERR] seq=7476 err=5208
[SEU] addr=200031B7 bit=00000005
[ERR] seq=7477 err=1472
[ERR] seq=7478 err=528
[ERR] seq=7479 err=152
[ERR] seq=7480 err=48
[ERR] seq=7481 err=8
[SEU] addr=200031B7 bit=00000002
[SEU] addr=20003147 bit=00000007
[SAMPLE QUEUE CORRUPTED] primary repaired
[SEU] addr=20003152 bit=00000000
[SEU] addr=2000314F bit=00000002
[SAMPLE QUEUE backup CORRUPTED] backup repaired
[SEU] addr=20003194 bit=00000004
[SEU] addr=200031D0 bit=00000004
[SEU] addr=20003181 bit=00000007
[SEU] addr=200031C5 bit=00000004
[SEU] addr=20003188 bit=00000005
[ERR] seq=7520 err=256
[ERR] seq=7521 err=16
[ERR] seq=7522 err=16
[SEU] addr=20003199 bit=00000001
[SEU] addr=200031DD bit=00000002
[SEU] addr=200031A5 bit=00000007
[SEU] addr=2000314B bit=00000000
[SEU] addr=20003163 bit=00000006
[SEU] addr=20003194 bit=00000003
[SEU] addr=20003166 bit=00000001
[SEU] addr=20003180 bit=00000005
[SEU] addr=2000319D bit=00000002
[SEU] addr=2000318D bit=00000004
[ERR] seq=7592 err=32768
[ERR] seq=7593 err=2616
[ERR] seq=7594 err=2824
[ERR] seq=7595 err=432
[ERR] seq=7596 err=256
[ERR] seq=7597 err=48
[SEU] addr=2000319E bit=00000007
[ERR] seq=7598 err=16
[SEU] addr=20003156 bit=00000003
[CMD QUEUE CORRUPTED] primary repaired
[SEU] addr=20003165 bit=00000002
[SEU] addr=20003198 bit=00000004
[SEU] addr=2000318D bit=00000007
[ERR] seq=7610 err=262144
[ERR] seq=7611 err=20968
[ERR] seq=7612 err=22640
[ERR] seq=7613 err=3480
[ERR] seq=7614 err=2080
[ERR] seq=7615 err=432
[SEU] addr=20003196 bit=00000000
[ERR] seq=7616 err=192
[ERR] seq=7617 err=40
[ERR] seq=7618 err=8
[SEU] addr=2000317E bit=00000005
[SEU] addr=200031A5 bit=00000006
[SEU] addr=200031A1 bit=00000000
[SEU] addr=200031D1 bit=00000006
[SEU] addr=20003181 bit=00000002
[SEU] addr=2000317C bit=00000001
[SEU] addr=20003171 bit=00000001
[SEU] addr=20003174 bit=00000004
[SEU] addr=200031BD bit=00000006
[SEU] addr=20003149 bit=00000003
[SEU] addr=200031CF bit=00000007
[SEU] addr=20003196 bit=00000007
[SEU] addr=2000318F bit=00000004
[ERR] seq=7687 err=2147483648
[ERR] seq=7688 err=171798688
[ERR] seq=7689 err=185542576
[ERR] seq=7690 err=28587288
[ERR] seq=7691 err=17130376
[ERR] seq=7692 err=3657400
[ERR] seq=7693 err=1663016
[SEU] addr=2000315F bit=00000001
[CMD QUEUE backup CORRUPTED] backup repaired
[ERR] seq=7694 err=425632
[ERR] seq=7695 err=167088
[ERR] seq=7696 err=47408
[ERR] seq=7697 err=17152
[ERR] seq=7698 err=5160
[SEU] addr=200031DA bit=00000006
[ERR] seq=7699 err=1776
[ERR] seq=7700 err=544
[ERR] seq=7701 err=176
[ERR] seq=7702 err=48
[ERR] seq=7703 err=8
[SEU] addr=20003159 bit=00000007
[SEU] addr=200031D9 bit=00000007
[SEU] addr=20003165 bit=00000006
[SEU] addr=200031AF bit=00000006
[SEU] addr=20003170 bit=00000005
[SEU] addr=200031BC bit=00000006
[SEU] addr=2000317E bit=00000000
[SEU] addr=2000318A bit=00000002
[ERR] seq=7745 err=2097152
[ERR] seq=7746 err=167768
[ERR] seq=7747 err=181184
[ERR] seq=7748 err=27904
[SEU] addr=200031AD bit=00000002
[ERR] seq=7749 err=16720
[ERR] seq=7750 err=3568
[ERR] seq=7751 err=1616
[ERR] seq=7752 err=408
[ERR] seq=7753 err=160
[ERR] seq=7754 err=40
[ERR] seq=7755 err=8
[SEU] addr=20003172 bit=00000002
[SEU] addr=200031D6 bit=00000000
[SEU] addr=20003158 bit=00000002
[CMD QUEUE CORRUPTED] primary repaired
[SEU] addr=20003193 bit=00000004
[ERR] seq=7764 err=2147483648
[ERR] seq=7765 err=171798688
[ERR] seq=7766 err=185542576
[SEU] addr=20003163 bit=00000000
[ERR] seq=7767 err=28587288
[ERR] seq=7768 err=17130376
[ERR] seq=7769 err=3657400
[SEU] addr=20003171 bit=00000002
[ERR] seq=7770 err=1663016
[ERR] seq=7771 err=425632
[ERR] seq=7772 err=167088
[ERR] seq=7773 err=47408
[ERR] seq=7774 err=17152
[ERR] seq=7775 err=5160
[SEU] addr=200031AE bit=00000005
[ERR] seq=7776 err=1776
[ERR] seq=7777 err=544
[ERR] seq=7778 err=176
[ERR] seq=7779 err=48
[ERR] seq=7780 err=8
[SEU] addr=200031A9 bit=00000001
[SEU] addr=200031A4 bit=00000000
[SEU] addr=2000319A bit=00000007
[SEU] addr=2000318F bit=00000005
[SEU] addr=20003171 bit=00000006
[SEU] addr=20003145 bit=00000005
[SAMPLE QUEUE CORRUPTED] primary repaired
[SEU] addr=200031BD bit=00000001
[SEU] addr=200031D2 bit=00000002
[SEU] addr=200031C2 bit=00000004
[SEU] addr=20003165 bit=00000006
[SEU] addr=200031AF bit=00000007
[SEU] addr=20003149 bit=00000003
[SEU] addr=200031C0 bit=00000005
[SEU] addr=2000319F bit=00000002
[SEU] addr=200031AB bit=00000005
[SEU] addr=200031D0 bit=00000004
[SEU] addr=20003188 bit=00000006
[ERR] seq=7860 err=512
[ERR] seq=7861 err=40
[ERR] seq=7862 err=40
[SEU] addr=200031C3 bit=00000007
[SEU] addr=2000314C bit=00000003
[SAMPLE QUEUE backup CORRUPTED] backup repaired
[SEU] addr=2000317C bit=00000000
[SEU] addr=200031BB bit=00000005
[SEU] addr=200031AD bit=00000000
[SEU] addr=200031D4 bit=00000007
[SEU] addr=200031AA bit=00000004
[SEU] addr=2000314F bit=00000001
[SAMPLE QUEUE backup CORRUPTED] backup repaired
[SEU] addr=2000317D bit=00000005
[SEU] addr=200031CC bit=00000007
[SEU] addr=200031AD bit=00000003
[SEU] addr=2000317F bit=00000000
[SEU] addr=20003158 bit=00000003
[CMD QUEUE CORRUPTED] primary repaired
[SEU] addr=20003173 bit=00000004
[SEU] addr=20003149 bit=00000000
[SEU] addr=200031DC bit=00000005
[SEU] addr=2000314E bit=00000004
[SAMPLE QUEUE backup CORRUPTED] backup repaired
[SEU] addr=2000314E bit=00000006
[SAMPLE QUEUE backup CORRUPTED] backup repaired
[SEU] addr=20003153 bit=00000004
[SEU] addr=2000318C bit=00000000
[ERR] seq=7982 err=8
[SEU] addr=200031C0 bit=00000005
[SEU] addr=200031D4 bit=00000004
[SEU] addr=200031BE bit=00000000
[SEU] addr=2000319D bit=00000000
[SEU] addr=20003192 bit=00000000
[ERR] seq=8001 err=524288
[ERR] seq=8002 err=41936
[ERR] seq=8003 err=45288
[ERR] seq=8004 err=6968
[ERR] seq=8005 err=4168
[ERR] seq=8006 err=880
[SEU] addr=20003199 bit=00000001
[ERR] seq=8007 err=392
[ERR] seq=8008 err=88
[ERR] seq=8009 err=24
[SEU] addr=200031D2 bit=00000002
[SEU] addr=200031BF bit=00000001
[SEU] addr=2000318A bit=00000005
[ERR] seq=8022 err=16777216
[ERR] seq=8023 err=1342176
[ERR] seq=8024 err=1449544
[ERR] seq=8025 err=223328
[ERR] seq=8026 err=133824
[ERR] seq=8027 err=28568
[ERR] seq=8028 err=12984
[ERR] seq=8029 err=3312
[ERR] seq=8030 err=1296
[SEU] addr=20003195 bit=00000001
[ERR] seq=8031 err=360
[ERR] seq=8032 err=120
[ERR] seq=8033 err=32
[ERR] seq=8034 err=8
[SEU] addr=20003184 bit=00000001
[ERR] seq=8041 err=88
[SEU] addr=20003161 bit=00000006
[SEU] addr=200031AC bit=00000000
[SEU] addr=200031AA bit=00000001
[SEU] addr=20003182 bit=00000002
[SEU] addr=2000319F bit=00000006
[SEU] addr=200031DF bit=00000005
[SEU] addr=200031B3 bit=00000003
[SEU] addr=20003176 bit=00000001
[SEU] addr=200031CD bit=00000005
[SEU] addr=200031D2 bit=00000006
[SEU] addr=2000318A bit=00000001
[ERR] seq=8091 err=1048576
[ERR] seq=8092 err=83880
[ERR] seq=8093 err=90584
[SEU] addr=2000315A bit=00000005
[ERR] seq=8094 err=13944
[ERR] seq=8095 err=8352
[ERR] seq=8096 err=1776
[ERR] seq=8097 err=800
[SEU] addr=20003189 bit=00000007
[ERR] seq=8098 err=261944
[ERR] seq=8099 err=20888
[ERR] seq=8100 err=22616
[SEU] addr=2000316E bit=00000004
[ERR] seq=8101 err=3472
[ERR] seq=8102 err=2080
[SEU] addr=20003195 bit=00000002
[ERR] seq=8103 err=432
[ERR] seq=8104 err=192
[SEU] addr=20003185 bit=00000004
[ERR] seq=8105 err=5592
[ERR] seq=8106 err=448
[ERR] seq=8107 err=464
[ERR] seq=8108 err=48
[ERR] seq=8109 err=24
[SEU] addr=200031CA bit=00000007
[SEU] addr=20003162 bit=00000005
[SEU] addr=2000315B bit=00000007
[SEU] addr=200031AC bit=00000005
[SEU] addr=2000314D bit=00000005
[SAMPLE QUEUE backup CORRUPTED] backup repaired
[SEU] addr=20003156 bit=00000001
[CMD QUEUE CORRUPTED] primary repaired
[SEU] addr=20003167 bit=00000006
[SEU] addr=20003178 bit=00000002
[SEU] addr=200031D0 bit=00000003
[SEU] addr=20003151 bit=00000002
[SEU] addr=2000315C bit=00000004
[CMD QUEUE backup CORRUPTED] backup repaired
[SEU] addr=200031A8 bit=00000003
[SEU] addr=20003158 bit=00000005
[CMD QUEUE CORRUPTED] primary repaired
[SEU] addr=200031B8 bit=00000002
[SEU] addr=20003182 bit=00000003
[SEU] addr=200031B1 bit=00000004
[SEU] addr=20003174 bit=00000007
[SEU] addr=20003190 bit=00000003
[ERR] seq=8211 err=64
[SEU] addr=20003194 bit=00000004
[SEU] addr=20003148 bit=00000000
[SAMPLE QUEUE CORRUPTED] primary repaired
[SEU] addr=20003170 bit=00000006
[SEU] addr=2000316C bit=00000006
[SEU] addr=20003180 bit=00000005
[SEU] addr=2000318A bit=00000001
[ERR] seq=8241 err=1048576
[ERR] seq=8242 err=83880
[ERR] seq=8243 err=90584
[ERR] seq=8244 err=13944
[ERR] seq=8245 err=8352
[ERR] seq=8246 err=1776
[ERR] seq=8247 err=800
[ERR] seq=8248 err=200
[ERR] seq=8249 err=80
[SEU] addr=20003152 bit=00000006
[ERR] seq=8250 err=16
[SEU] addr=20003162 bit=00000000
[SEU] addr=200031D4 bit=00000004
[SEU] addr=20003177 bit=00000003
[SEU] addr=200031DE bit=00000004
[SEU] addr=2000314A bit=00000006
[SEU] addr=200031A8 bit=00000003
[SEU] addr=20003190 bit=00000007
[ERR] seq=8289 err=1024
[ERR] seq=8290 err=80
[ERR] seq=8291 err=80
[SEU] addr=20003151 bit=00000001
[SEU] addr=200031AF bit=00000002
[SEU] addr=200031CB bit=00000005
[SEU] addr=20003170 bit=00000004
[SEU] addr=200031BA bit=00000006
[SEU] addr=200031CB bit=00000001
[SEU] addr=200031AC bit=00000003
[SEU] addr=20003153 bit=00000006
[SEU] addr=200031CC bit=00000002
[SEU] addr=20003176 bit=00000004
[SEU] addr=200031DC bit=00000000
[SEU] addr=20003199 bit=00000003
[SEU] addr=200031C5 bit=00000003
[SEU] addr=200031CC bit=00000002
[SEU] addr=20003145 bit=00000001
[SAMPLE QUEUE CORRUPTED] primary repaired
[SEU] addr=2000317A bit=00000001
[SEU] addr=200031C4 bit=00000000
[SEU] addr=20003171 bit=00000004
[SEU] addr=20003176 bit=00000003
[SEU] addr=20003187 bit=00000000
[ERR] seq=8421 err=10872
[ERR] seq=8422 err=856
[ERR] seq=8423 err=912
[ERR] seq=8424 err=120
[ERR] seq=8425 err=64
[SEU] addr=200031B3 bit=00000000
[SEU] addr=200031B4 bit=00000000
[SEU] addr=200031B4 bit=00000002
[SEU] addr=20003192 bit=00000000
[ERR] seq=8450 err=524288
[ERR] seq=8451 err=41936
[ERR] seq=8452 err=45288
[ERR] seq=8453 err=6968
[ERR] seq=8454 err=4168
[SEU] addr=20003145 bit=00000004
[SAMPLE QUEUE CORRUPTED] primary repaired
[ERR] seq=8455 err=880
[ERR] seq=8456 err=392
[ERR] seq=8457 err=88
[ERR] seq=8458 err=24
[SEU] addr=2000317B bit=00000005
[SEU] addr=200031B3 bit=00000006
[SEU] addr=200031CF bit=00000003
[SEU] addr=2000316C bit=00000004
[SEU] addr=200031B5 bit=00000007
[SEU] addr=200031BF bit=00000000
[SEU] addr=200031D6 bit=00000007
[SEU] addr=200031AE bit=00000000
[SEU] addr=200031AE bit=00000007
[SEU] addr=200031DC bit=00000007
[SEU] addr=20003182 bit=00000003
[SEU] addr=20003165 bit=00000001
[SEU] addr=20003144 bit=00000001
[SAMPLE QUEUE CORRUPTED] primary repaired
[SEU] addr=200031C5 bit=00000007
[SEU] addr=200031C7 bit=00000006
[SEU] addr=20003174 bit=00000004
[SEU] addr=20003174 bit=00000000
[SEU] addr=2000314B bit=00000000
[SEU] addr=200031A5 bit=00000000
[SEU] addr=2000314F bit=00000000
[SAMPLE QUEUE backup CORRUPTED] backup repaired
[SEU] addr=200031AD bit=00000004
[SEU] addr=200031B9 bit=00000003
[SEU] addr=200031B0 bit=00000005
[SEU] addr=20003176 bit=00000003
[SEU] addr=2000316B bit=00000000
[SEU] addr=200031BF bit=00000007
[SEU] addr=20003195 bit=00000006
[SEU] addr=20003161 bit=00000004
[SEU] addr=20003150 bit=00000004
[SAMPLE QUEUE backup CORRUPTED] backup repaired
[SEU] addr=2000314C bit=00000003
[SAMPLE QUEUE backup CORRUPTED] backup repaired
[SEU] addr=20003162 bit=00000003
[SEU] addr=20003151 bit=00000004
[SEU] addr=200031C2 bit=00000004
[SEU] addr=20003182 bit=00000001
[SEU] addr=200031D2 bit=00000006
[SEU] addr=20003163 bit=00000004
[SEU] addr=20003160 bit=00000006
[CMD QUEUE backup CORRUPTED] backup repaired
[SEU] addr=20003183 bit=00000000
[SEU] addr=200031A0 bit=00000003
[SEU] addr=20003162 bit=00000007
[SEU] addr=200031D4 bit=00000007
[SEU] addr=20003171 bit=00000001
[SEU] addr=2000317F bit=00000007
[SEU] addr=2000314F bit=00000005
[SAMPLE QUEUE backup CORRUPTED] backup repaired
[SEU] addr=200031AE bit=00000003
[SEU] addr=20003188 bit=00000007
[ERR] seq=8731 err=1024
[ERR] seq=8732 err=80
[ERR] seq=8733 err=80
[SEU] addr=2000319F bit=00000001
[SEU] addr=2000316E bit=00000006
[SEU] addr=20003149 bit=00000004
[SEU] addr=20003146 bit=00000007
[SAMPLE QUEUE CORRUPTED] primary repaired
[SEU] addr=2000319F bit=00000005
[SEU] addr=2000315B bit=00000000
[SEU] addr=2000314D bit=00000006
[SAMPLE QUEUE backup CORRUPTED] backup repaired
[SEU] addr=2000318B bit=00000004
[ERR] seq=8784 err=2147483648
[ERR] seq=8785 err=171798688
[SEU] addr=20003164 bit=00000005
[ERR] seq=8786 err=185542576
[ERR] seq=8787 err=28587288
[ERR] seq=8788 err=17130376
[SEU] addr=2000317A bit=00000005
[ERR] seq=8789 err=3657400
[ERR] seq=8790 err=1663016
[ERR] seq=8791 err=425632
[ERR] seq=8792 err=167088
[ERR] seq=8793 err=47408
[ERR] seq=8794 err=17152
[SEU] addr=200031DD bit=00000007
[ERR] seq=8795 err=5160
[ERR] seq=8796 err=1776
[SEU] addr=200031B3 bit=00000000
[ERR] seq=8797 err=544
[ERR] seq=8798 err=176
[ERR] seq=8799 err=48
[SEU] addr=2000315A bit=00000007
[ERR] seq=8800 err=8
[SEU] addr=2000316B bit=00000005
[SEU] addr=200031AE bit=00000006
[SEU] addr=200031B4 bit=00000002
[SEU] addr=200031B3 bit=00000004
[SEU] addr=20003195 bit=00000007
[SEU] addr=200031D0 bit=00000002
[SEU] addr=20003161 bit=00000003
[SEU] addr=20003153 bit=00000004
[SEU] addr=20003174 bit=00000007
[SEU] addr=20003186 bit=00000001
[ERR] seq=8853 err=2504
[ERR] seq=8854 err=184
[ERR] seq=8855 err=192
[ERR] seq=8856 err=16
[ERR] seq=8857 err=8
[SEU] addr=2000318D bit=00000003
[ERR] seq=8862 err=16384
[ERR] seq=8863 err=1304
[ERR] seq=8864 err=1408
[ERR] seq=8865 err=216
[ERR] seq=8866 err=128
[ERR] seq=8867 err=24
[ERR] seq=8868 err=8
[SEU] addr=20003186 bit=00000000
[ERR] seq=8870 err=1088
[ERR] seq=8871 err=72
[ERR] seq=8872 err=72
[SEU] addr=200031C0 bit=00000005
[SEU] addr=200031BF bit=00000000
[SEU] addr=20003199 bit=00000004
[SEU] addr=200031AE bit=00000003
[SEU] addr=200031D3 bit=00000001
[SEU] addr=200031A4 bit=00000005
[SEU] addr=200031A3 bit=00000006
[SEU] addr=2000314E bit=00000003
[SAMPLE QUEUE backup CORRUPTED] backup repaired
[SEU] addr=200031AE bit=00000004
[SEU] addr=2000314C bit=00000003
[SAMPLE QUEUE backup CORRUPTED] backup repaired
[SEU] addr=20003194 bit=00000002
[SEU] addr=20003176 bit=00000001
[SEU] addr=2000315C bit=00000003
[CMD QUEUE backup CORRUPTED] backup repaired
[SEU] addr=2000315B bit=00000003
[SEU] addr=200031D8 bit=00000005
[SEU] addr=20003171 bit=00000006
[SEU] addr=2000319D bit=00000007
[SEU] addr=200031BD bit=00000006
[SEU] addr=20003194 bit=00000000
[SEU] addr=20003174 bit=00000003
[SEU] addr=2000319B bit=00000001
[SEU] addr=200031D5 bit=00000001
[SEU] addr=2000314D bit=00000001
[SAMPLE QUEUE backup CORRUPTED] backup repaired
[SEU] addr=2000318A bit=00000004
[ERR] seq=9007 err=8388608
[ERR] seq=9008 err=671088
[ERR] seq=9009 err=724768
[ERR] seq=9010 err=111656
[ERR] seq=9011 err=66904
[ERR] seq=9012 err=14280
[SEU] addr=20003190 bit=00000000
[ERR] seq=9013 err=6496
[ERR] seq=9014 err=1648
[ERR] seq=9015 err=640
[ERR] seq=9016 err=176
[SEU] addr=200031A6 bit=00000006
[ERR] seq=9017 err=56
[ERR] seq=9018 err=8
[SEU] addr=2000316D bit=00000003
[SEU] addr=200031DA bit=00000004
[SEU] addr=20003153 bit=00000006
[SEU] addr=200031C7 bit=00000007
[SEU] addr=20003158 bit=00000002
[CMD QUEUE CORRUPTED] primary repaired
[SEU] addr=200031A6 bit=00000001
[SEU] addr=20003193 bit=00000006
[SEU] addr=20003172 bit=00000007
[SEU] addr=2000315E bit=00000003
[CMD QUEUE backup CORRUPTED] backup repaired
[SEU] addr=200031D2 bit=00000005
[SEU] addr=200031DF bit=00000005
[SEU] addr=2000316D bit=00000006
[SEU] addr=2000317F bit=00000002
[SEU] addr=20003160 bit=00000007
[CMD QUEUE backup CORRUPTED] backup repaired
[SEU] addr=20003158 bit=00000002
[CMD QUEUE CORRUPTED] primary repaired
[SEU] addr=200031BA bit=00000002
[SEU] addr=20003170 bit=00000007
[SEU] addr=20003144 bit=00000004
[SAMPLE QUEUE CORRUPTED] primary repaired
[SEU] addr=2000316A bit=00000006
[SEU] addr=20003198 bit=00000006
[SEU] addr=2000314F bit=00000001
[SAMPLE QUEUE backup CORRUPTED] backup repaired
[SEU] addr=200031AF bit=00000007
[SEU] addr=20003166 bit=00000001
[SEU] addr=200031B9 bit=00000003
[SEU] addr=20003195 bit=00000005
[SEU] addr=20003162 bit=00000006
[SEU] addr=20003173 bit=00000002
[SEU] addr=20003178 bit=00000003
[SEU] addr=2000314F bit=00000007
[SAMPLE QUEUE backup CORRUPTED] backup repaired
[SEU] addr=20003152 bit=00000004
[SEU] addr=2000316A bit=00000002
[SEU] addr=20003149 bit=00000007
[SEU] addr=200031A4 bit=00000003
[SEU] addr=20003195 bit=00000007
[SEU] addr=200031D0 bit=00000002
[SEU] addr=2000314C bit=00000002
[SAMPLE QUEUE backup CORRUPTED] backup repaired
[SEU] addr=200031B7 bit=00000002
[SEU] addr=200031D0 bit=00000000
[SEU] addr=20003165 bit=00000007
[SEU] addr=200031D6 bit=00000000
[SEU] addr=20003189 bit=00000007
[ERR] seq=9248 err=262144
[ERR] seq=9249 err=20968
[ERR] seq=9250 err=22640
[ERR] seq=9251 err=3480
[ERR] seq=9252 err=2080
[ERR] seq=9253 err=432
[ERR] seq=9254 err=192
[SEU] addr=200031D2 bit=00000005
[ERR] seq=9255 err=40
[ERR] seq=9256 err=8
[SEU] addr=200031B2 bit=00000005
[SEU] addr=2000317F bit=00000005
[SEU] addr=2000317A bit=00000001
[SEU] addr=200031B4 bit=00000004
[SEU] addr=200031CD bit=00000003
[SEU] addr=2000316F bit=00000004
[SEU] addr=2000319D bit=00000005
[SEU] addr=200031C5 bit=00000003
[SEU] addr=200031DE bit=00000003
[SEU] addr=200031C1 bit=00000000
[SEU] addr=20003147 bit=00000007
[SAMPLE QUEUE CORRUPTED] primary repaired
[SEU] addr=2000316E bit=00000002
[SEU] addr=200031AA bit=00000007
[SEU] addr=200031C0 bit=00000000
[SEU] addr=2000315E bit=00000006
[CMD QUEUE backup CORRUPTED] backup repaired
[SEU] addr=20003195 bit=00000002
[SEU] addr=20003151 bit=00000000
[SEU] addr=20003182 bit=00000006
[SEU] addr=20003157 bit=00000001
[CMD QUEUE CORRUPTED] primary repaired
[SEU] addr=200031A1 bit=00000001
[SEU] addr=200031B0 bit=00000001
[SEU] addr=200031B7 bit=00000002
[SEU] addr=20003147 bit=00000002
[SAMPLE QUEUE CORRUPTED] primary repaired
[SEU] addr=200031CC bit=00000004
[SEU] addr=200031AD bit=00000001
[SEU] addr=200031D5 bit=00000005
[SEU] addr=20003174 bit=00000005
[SEU] addr=20003168 bit=00000002
[SEU] addr=20003175 bit=00000003
[SEU] addr=200031A8 bit=00000002
[SEU] addr=20003147 bit=00000004
[SAMPLE QUEUE CORRUPTED] primary repaired
[SEU] addr=20003164 bit=00000001
[SEU] addr=20003199 bit=00000003
[SEU] addr=20003161 bit=00000007
[SEU] addr=20003158 bit=00000007
[CMD QUEUE CORRUPTED] primary repaired
[SEU] addr=2000316C bit=00000002
[SEU] addr=200031B9 bit=00000002
[SEU] addr=200031B2 bit=00000004
[SEU] addr=2000317B bit=00000000
[SEU] addr=2000319B bit=00000001
[SEU] addr=20003171 bit=00000000
[SEU] addr=20003185 bit=00000004
[ERR] seq=9457 err=11408
[ERR] seq=9458 err=904
[ERR] seq=9459 err=960
[SEU] addr=200031D1 bit=00000007
[ERR] seq=9460 err=120
[ERR] seq=9461 err=64
[SEU] addr=200031A4 bit=00000004
[SEU] addr=2000314C bit=00000002
[SAMPLE QUEUE backup CORRUPTED] backup repaired
[SEU] addr=2000316E bit=00000006
[SEU] addr=2000319A bit=00000003
[SEU] addr=200031DA bit=00000003
[SEU] addr=20003155 bit=00000004
[CMD QUEUE CORRUPTED] primary repaired
[SEU] addr=200031DD bit=00000007
[SEU] addr=2000316D bit=00000002
[SEU] addr=2000317C bit=00000005
[SEU] addr=200031A6 bit=00000000
[SEU] addr=20003163 bit=00000005
[SEU] addr=200031BB bit=00000006
[SEU] addr=200031B7 bit=00000007
[SEU] addr=200031A0 bit=00000003
[SEU] addr=20003190 bit=00000003
[ERR] seq=9537 err=64
[SEU] addr=200031D0 bit=00000003
[SEU] addr=200031BB bit=00000000
[SEU] addr=20003165 bit=00000004
[SEU] addr=2000318D bit=00000005
[ERR] seq=9560 err=65536
[ERR] seq=9561 err=5240
[ERR] seq=9562 err=5656
[ERR] seq=9563 err=864
[ERR] seq=9564 err=512
[ERR] seq=9565 err=104
[SEU] addr=20003183 bit=00000002
[ERR] seq=9566 err=48
[ERR] seq=9567 err=8
[SEU] addr=20003152 bit=00000003
[SEU] addr=2000317D bit=00000003
[SEU] addr=2000319C bit=00000000
[SEU] addr=2000317D bit=00000003
[SEU] addr=2000314A bit=00000004
[SEU] addr=2000317C bit=00000006
[SEU] addr=2000319C bit=00000004
[SEU] addr=200031D5 bit=00000006
[SEU] addr=200031B8 bit=00000001
[SEU] addr=200031AB bit=00000004
[SEU] addr=200031BB bit=00000002
[SEU] addr=2000316E bit=00000000
[SEU] addr=20003160 bit=00000004
[CMD QUEUE backup CORRUPTED] backup repaired
[SEU] addr=200031BD bit=00000005
[SEU] addr=2000315F bit=00000000
[CMD QUEUE backup CORRUPTED] backup repaired
[SEU] addr=200031C9 bit=00000005
[SEU] addr=200031D8 bit=00000007
[SEU] addr=2000319D bit=00000004
[SEU] addr=2000314F bit=00000003
[SAMPLE QUEUE backup CORRUPTED] backup repaired
[SEU] addr=200031CF bit=00000005
[SEU] addr=200031C4 bit=00000007
[SEU] addr=200031BE bit=00000003
[SEU] addr=20003171 bit=00000000
[SEU] addr=20003145 bit=00000004
[SAMPLE QUEUE CORRUPTED] primary repaired
[SEU] addr=20003187 bit=00000005
[ERR] seq=9707 err=4360
[ERR] seq=9708 err=328
[ERR] seq=9709 err=336
[ERR] seq=9710 err=16
[ERR] seq=9711 err=8
[SEU] addr=200031CE bit=00000006
[SEU] addr=20003176 bit=00000000
[SEU] addr=200031D2 bit=00000003
[SEU] addr=200031B5 bit=00000000
[SEU] addr=200031AF bit=00000006
[SEU] addr=200031BA bit=00000004
[SEU] addr=2000318E bit=00000002
[ERR] seq=9761 err=2097152
[ERR] seq=9762 err=167768
[SEU] addr=20003195 bit=00000000
[ERR] seq=9763 err=181184
[ERR] seq=9764 err=27904
[ERR] seq=9765 err=16720
[ERR] seq=9766 err=3568
[ERR] seq=9767 err=1616
[SEU] addr=200031B6 bit=00000005
[ERR] seq=9768 err=408
[ERR] seq=9769 err=160
[ERR] seq=9770 err=40
[ERR] seq=9771 err=8
[SEU] addr=200031DB bit=00000003
[SEU] addr=20003156 bit=00000003
[CMD QUEUE CORRUPTED] primary repaired
[SEU] addr=2000316B bit=00000007
[SEU] addr=200031C3 bit=00000003
[SEU] addr=20003152 bit=00000006
[SEU] addr=200031B0 bit=00000003
[SEU] addr=20003192 bit=00000002
[ERR] seq=9811 err=2097152
[ERR] seq=9812 err=167768
[ERR] seq=9813 err=181184
[ERR] seq=9814 err=27904
[ERR] seq=9815 err=16720
[ERR] seq=9816 err=3568
[ERR] seq=9817 err=1616
[ERR] seq=9818 err=408
[ERR] seq=9819 err=160
[SEU] addr=20003198 bit=00000007
[ERR] seq=9820 err=40
[ERR] seq=9821 err=8
[SEU] addr=20003199 bit=00000006
[SEU] addr=200031A4 bit=00000003
[SEU] addr=200031A1 bit=00000004
[SEU] addr=20003174 bit=00000003
[SEU] addr=2000316A bit=00000005
[SEU] addr=200031C0 bit=00000006
[SEU] addr=20003172 bit=00000005
[SEU] addr=200031D6 bit=00000002
[SEU] addr=200031B8 bit=00000005
[SEU] addr=200031D1 bit=00000006
[SEU] addr=20003164 bit=00000002
[SEU] addr=200031C5 bit=00000005
[SEU] addr=200031BC bit=00000005
[SEU] addr=2000315A bit=00000004
[SEU] addr=20003162 bit=00000006
[SEU] addr=20003175 bit=00000006
[SEU] addr=2000318E bit=00000006
[ERR] seq=9907 err=33554432
[ERR] seq=9908 err=2684352
[SEU] addr=200031DD bit=00000001
[ERR] seq=9909 err=2899096
[ERR] seq=9910 err=446664
[ERR] seq=9911 err=267648
[ERR] seq=9912 err=57136
[SEU] addr=2000315A bit=00000002
[ERR] seq=9913 err=25976
[ERR] seq=9914 err=6640
[ERR] seq=9915 err=2600
[SEU] addr=20003144 bit=00000006
[SAMPLE QUEUE CORRUPTED] primary repaired
[ERR] seq=9916 err=736
[ERR] seq=9917 err=264
[ERR] seq=9918 err=72
[SEU] addr=2000315B bit=00000004
[ERR] seq=9919 err=16
[SEU] addr=200031DF bit=00000000
[SEU] addr=20003177 bit=00000002
[SEU] addr=200031CD bit=00000003
[SEU] addr=20003178 bit=00000006
[SEU] addr=200031C3 bit=00000000
[SEU] addr=20003164 bit=00000006
[SEU] addr=20003161 bit=00000002
[SEU] addr=20003187 bit=00000006
[ERR] seq=9965 err=208
[ERR] seq=9966 err=8
[ERR] seq=9967 err=8
[SEU] addr=200031B3 bit=00000007
[SEU] addr=20003187 bit=00000004
[ERR] seq=9981 err=320
[ERR] seq=9982 err=8
[SEU] addr=2000318F bit=00000002
[ERR] seq=9983 err=536870920
[ERR] seq=9984 err=42949672
[ERR] seq=9985 err=46385640
[ERR] seq=9986 err=7146816
[ERR] seq=9987 err=4282592
[ERR] seq=9988 err=914344
[ERR] seq=9989 err=415744
[ERR] seq=9990 err=106400
[SEU] addr=20003144 bit=00000005
[SAMPLE QUEUE CORRUPTED] primary repaired
[ERR] seq=9991 err=41768
[ERR] seq=9992 err=11848
[ERR] seq=9993 err=4280
[SEU] addr=20003178 bit=00000006
[ERR] seq=9994 err=1280
[ERR] seq=9995 err=432
[ERR] seq=9996 err=128
[ERR] seq=9997 err=40
[ERR] seq=9998 err=8
[END]
samples=10000
SEUs=1816
good samples=8866
errors=1134
samples omitted=0
max_error=0x80000000
propagations=852
detected_errors=377
tmr_corrections=149
dmr_corrections=228
crc detections=0
clamp_activations=0
rate limit activations=0
[HARDFAULT]
