START
SEED=99763333
[SEU] addr=200031AF bit=00000001
[SEU] addr=200031BA bit=00000000
[SEU] addr=200031A5 bit=00000002
[SEU] addr=200031A6 bit=00000006
[SEU] addr=20003154 bit=00000002
[CMD QUEUE CORRUPTED] primary repaired
[SEU] addr=2000316E bit=00000000
[SEU] addr=20003172 bit=00000002
[SEU] addr=200031CA bit=00000002
[SEU] addr=20003152 bit=00000002
[SEU] addr=20003176 bit=00000005
[SEU] addr=200031A8 bit=00000002
[SEU] addr=200031B7 bit=00000000
[SEU] addr=20003183 bit=00000001
[SEU] addr=20003176 bit=00000002
[SEU] addr=200031DA bit=00000003
[SEU] addr=200031A6 bit=00000007
[SEU] addr=20003187 bit=00000002
[ERR] seq=105 err=13016
[ERR] seq=106 err=1032
[ERR] seq=107 err=1096
[ERR] seq=108 err=136
[ERR] seq=109 err=72
[SEU] addr=20003199 bit=00000004
[SEU] addr=20003144 bit=00000000
[SAMPLE QUEUE CORRUPTED] primary repaired
[SEU] addr=2000317B bit=00000001
[SEU] addr=200031CA bit=00000005
[SEU] addr=2000316A bit=00000002
[SEU] addr=2000314B bit=00000007
[SEU] addr=200031BA bit=00000005
[SEU] addr=200031CA bit=00000000
[SEU] addr=200031CD bit=00000004
[SEU] addr=200031BA bit=00000000
[SEU] addr=200031C9 bit=00000002
[SEU] addr=20003188 bit=00000004
[ERR] seq=160 err=128
[ERR] seq=161 err=8
[SEU] addr=200031AC bit=00000000
[ERR] seq=162 err=8
[SEU] addr=2000317C bit=00000005
[SEU] addr=200031D1 bit=00000001
[SEU] addr=200031CE bit=00000002
[SEU] addr=200031CA bit=00000003
[SEU] addr=200031DC bit=00000000
[SEU] addr=20003196 bit=00000005
[SEU] addr=200031BF bit=00000007
[SEU] addr=2000316C bit=00000004
[SEU] addr=2000315D bit=00000004
[CMD QUEUE backup CORRUPTED] backup repaired
[SEU] addr=20003190 bit=00000001
[ERR] seq=215 err=16
[SEU] addr=20003153 bit=00000000
[SEU] addr=200031A2 bit=00000003
[SEU] addr=200031DF bit=00000003
[SEU] addr=200031B2 bit=00000001
[SEU] addr=20003153 bit=00000001
[SEU] addr=2000319A bit=00000007
[SEU] addr=200031D0 bit=00000005
[SEU] addr=200031D1 bit=00000000
[SEU] addr=20003168 bit=00000002
[SEU] addr=2000317F bit=00000003
[SEU] addr=2000315D bit=00000000
[CMD QUEUE backup CORRUPTED] backup repaired
[SEU] addr=2000315D bit=00000002
[CMD QUEUE backup CORRUPTED] backup repaired
[SEU] addr=200031BB bit=00000003
[SEU] addr=20003191 bit=00000005
[ERR] seq=288 err=65536
[ERR] seq=289 err=5240
[ERR] seq=290 err=5656
[ERR] seq=291 err=864
[ERR] seq=292 err=512
[ERR] seq=293 err=104
[ERR] seq=294 err=48
[SEU] addr=2000319D bit=00000006
[ERR] seq=295 err=8
[SEU] addr=200031AA bit=00000001
[SEU] addr=200031A7 bit=00000004
[SEU] addr=200031A2 bit=00000005
[SEU] addr=200031DD bit=00000005
[SEU] addr=2000319B bit=00000002
[SEU] addr=20003192 bit=00000002
[ERR] seq=328 err=2097152
[SEU] addr=200031DF bit=00000006
[ERR] seq=329 err=167768
[ERR] seq=330 err=181184
[ERR] seq=331 err=27904
[ERR] seq=332 err=16720
[ERR] seq=333 err=3568
[ERR] seq=334 err=1616
[ERR] seq=335 err=408
[SEU] addr=200031CC bit=00000007
[ERR] seq=336 err=160
[ERR] seq=337 err=40
[ERR] seq=338 err=8
[SEU] addr=200031B5 bit=00000003
[SEU] addr=20003160 bit=00000007
[CMD QUEUE backup CORRUPTED] backup repaired
[SEU] addr=20003169 bit=00000002
[SEU] addr=2000315F bit=00000005
[CMD QUEUE backup CORRUPTED] backup repaired
[SEU] addr=2000315A bit=00000007
[SEU] addr=2000315E bit=00000005
[CMD QUEUE backup CORRUPTED] backup repaired
[SEU] addr=200031B3 bit=00000006
[SEU] addr=200031C4 bit=00000001
[SEU] addr=200031D9 bit=00000003
[SEU] addr=200031BB bit=00000001
[SEU] addr=200031D2 bit=00000001
[SEU] addr=200031BB bit=00000006
[SEU] addr=200031C7 bit=00000006
[SEU] addr=2000318C bit=00000004
[ERR] seq=406 err=128
[ERR] seq=407 err=8
[SEU] addr=200031CF bit=00000004
[ERR] seq=408 err=8
[SEU] addr=2000316A bit=00000001
[SEU] addr=200031CD bit=00000002
[SEU] addr=20003149 bit=00000003
[SEU] addr=200031BF bit=00000003
[SEU] addr=2000316F bit=00000000
[SEU] addr=200031A0 bit=00000004
[SEU] addr=200031C0 bit=00000000
[SEU] addr=20003146 bit=00000000
[SAMPLE QUEUE CORRUPTED] primary repaired
[SEU] addr=200031D5 bit=00000002
[SEU] addr=20003173 bit=00000005
[SEU] addr=200031B7 bit=00000003
[SEU] addr=200031DD bit=00000002
[SEU] addr=2000317F bit=00000001
[SEU] addr=20003192 bit=00000007
[ERR] seq=496 err=67108864
[ERR] seq=497 err=5368704
[SEU] addr=200031AF bit=00000006
[ERR] seq=498 err=5798200
[ERR] seq=499 err=893352
[ERR] seq=500 err=535320
[ERR] seq=501 err=114288
[ERR] seq=502 err=51960
[SEU] addr=200031DF bit=00000002
[ERR] seq=503 err=13288
[ERR] seq=504 err=5208
[ERR] seq=505 err=1472
[ERR] seq=506 err=528
[ERR] seq=507 err=152
[ERR] seq=508 err=48
[ERR] seq=509 err=8
[SEU] addr=200031A5 bit=00000000
[SEU] addr=200031B8 bit=00000001
[SEU] addr=20003153 bit=00000001
[SEU] addr=20003184 bit=00000002
[ERR] seq=522 err=352
[ERR] seq=523 err=8
[ERR] seq=524 err=8
[SEU] addr=20003192 bit=00000002
[ERR] seq=532 err=2097152
[ERR] seq=533 err=167768
[ERR] seq=534 err=181184
[ERR] seq=535 err=27904
[ERR] seq=536 err=16720
[ERR] seq=537 err=3568
[ERR] seq=538 err=1616
[ERR] seq=539 err=408
[SEU] addr=2000318C bit=00000001
[ERR] seq=540 err=176
[ERR] seq=541 err=40
[ERR] seq=542 err=8
[SEU] addr=20003198 bit=00000000
[SEU] addr=20003199 bit=00000000
[SEU] addr=200031BB bit=00000005
[SEU] addr=20003193 bit=00000000
[ERR] seq=558 err=134217728
[ERR] seq=559 err=10737416
[ERR] seq=560 err=11596408
[SEU] addr=2000317C bit=00000003
[ERR] seq=561 err=1786704
[ERR] seq=562 err=1070648
[ERR] seq=563 err=228584
[ERR] seq=564 err=103928
[ERR] seq=565 err=26592
[ERR] seq=566 err=10432
[ERR] seq=567 err=2952
[SEU] addr=2000314E bit=00000004
[SAMPLE QUEUE backup CORRUPTED] backup repaired
[ERR] seq=568 err=1064
[ERR] seq=569 err=312
[ERR] seq=570 err=104
[ERR] seq=571 err=32
[SEU] addr=2000318F bit=00000004
[ERR] seq=572 err=2147483656
[ERR] seq=573 err=171798688
[SEU] addr=2000319C bit=00000005
[ERR] seq=574 err=185542576
[ERR] seq=575 err=28587288
[SEU] addr=2000318C bit=00000003
[ERR] seq=576 err=17130312
[ERR] seq=577 err=3657400
[ERR] seq=578 err=1663016
[ERR] seq=579 err=425632
[ERR] seq=580 err=167088
[ERR] seq=581 err=47408
[ERR] seq=582 err=17152
[SEU] addr=2000318E bit=00000006
[ERR] seq=583 err=33549272
[ERR] seq=584 err=2682568
[ERR] seq=585 err=2898536
[ERR] seq=586 err=446480
[ERR] seq=587 err=267592
[ERR] seq=588 err=57112
[ERR] seq=589 err=25968
[ERR] seq=590 err=6640
[ERR] seq=591 err=2600
[SEU] addr=200031B9 bit=00000002
[ERR] seq=592 err=736
[ERR] seq=593 err=264
[ERR] seq=594 err=72
[ERR] seq=595 err=16
[SEU] addr=2000319E bit=00000001
[SEU] addr=20003154 bit=00000001
[CMD QUEUE CORRUPTED] primary repaired
[SEU] addr=20003184 bit=00000000
[ERR] seq=615 err=40
[SEU] addr=2000317F bit=00000003
[SEU] addr=2000316D bit=00000002
[SEU] addr=2000318D bit=00000003
[ERR] seq=632 err=16384
[ERR] seq=633 err=1304
[ERR] seq=634 err=1408
[ERR] seq=635 err=216
[ERR] seq=636 err=128
[SEU] addr=2000315A bit=00000005
[ERR] seq=637 err=24
[ERR] seq=638 err=8
[SEU] addr=2000314E bit=00000000
[SAMPLE QUEUE backup CORRUPTED] backup repaired
[SEU] addr=2000314F bit=00000001
[SAMPLE QUEUE backup CORRUPTED] backup repaired
[SEU] addr=2000317D bit=00000003
[SEU] addr=200031B7 bit=00000007
[SEU] addr=20003144 bit=00000006
[SAMPLE QUEUE CORRUPTED] primary repaired
[SEU] addr=20003152 bit=00000005
[SEU] addr=2000319A bit=00000001
[SEU] addr=2000317D bit=00000000
[SEU] addr=200031A3 bit=00000003
[SEU] addr=20003154 bit=00000007
[CMD QUEUE CORRUPTED] primary repaired
[SEU] addr=200031C1 bit=00000005
[SEU] addr=20003157 bit=00000003
[CMD QUEUE CORRUPTED] primary repaired
[SEU] addr=200031D3 bit=00000004
[SEU] addr=20003172 bit=00000004
[SEU] addr=20003172 bit=00000001
[SEU] addr=20003195 bit=00000002
[SEU] addr=200031BA bit=00000003
[SEU] addr=20003169 bit=00000006
[SEU] addr=200031BD bit=00000002
[SEU] addr=200031A0 bit=00000000
[SEU] addr=20003147 bit=00000003
[SAMPLE QUEUE CORRUPTED] primary repaired
[SEU] addr=20003150 bit=00000001
[SAMPLE QUEUE backup CORRUPTED] backup repaired
[SEU] addr=20003193 bit=00000001
[ERR] seq=752 err=268435456
[ERR] seq=753 err=21474832
[ERR] seq=754 err=23192816
[ERR] seq=755 err=3573408
[ERR] seq=756 err=2141296
[SEU] addr=20003151 bit=00000001
[ERR] seq=757 err=457168
[ERR] seq=758 err=207864
[ERR] seq=759 err=53192
[ERR] seq=760 err=20872
[ERR] seq=761 err=5912
[ERR] seq=762 err=2136
[ERR] seq=763 err=640
[ERR] seq=764 err=216
[SEU] addr=200031D1 bit=00000000
[ERR] seq=765 err=64
[ERR] seq=766 err=16
[SEU] addr=200031A5 bit=00000007
[SEU] addr=20003190 bit=00000005
[ERR] seq=782 err=256
[ERR] seq=783 err=16
[SEU] addr=20003172 bit=00000006
[ERR] seq=784 err=16
[SEU] addr=20003164 bit=00000004
[SEU] addr=2000314B bit=00000000
[SEU] addr=20003164 bit=00000003
[SEU] addr=20003185 bit=00000004
[ERR] seq=812 err=11112
[SEU] addr=2000318A bit=00000007
[ERR] seq=813 err=67108784
[ERR] seq=814 err=5368608
[ERR] seq=815 err=5798160
[ERR] seq=816 err=893320
[ERR] seq=817 err=535304
[ERR] seq=818 err=114280
[ERR] seq=819 err=51960
[ERR] seq=820 err=13288
[ERR] seq=821 err=5208
[SEU] addr=2000314C bit=00000005
[SAMPLE QUEUE backup CORRUPTED] backup repaired
[ERR] seq=822 err=1472
[ERR] seq=823 err=528
[SEU] addr=2000318F bit=00000007
[ERR] seq=824 err=152
[ERR] seq=825 err=48
[ERR] seq=826 err=8
[SEU] addr=200031C6 bit=00000000
[SEU] addr=20003172 bit=00000003
[SEU] addr=20003189 bit=00000002
[ERR] seq=848 err=8192
[ERR] seq=849 err=648
[ERR] seq=850 err=696
[ERR] seq=851 err=96
[ERR] seq=852 err=48
[SEU] addr=20003160 bit=00000002
[CMD QUEUE backup CORRUPTED] backup repaired
[SEU] addr=2000317F bit=00000007
[SEU] addr=2000319C bit=00000002
[SEU] addr=200031BF bit=00000007
[SEU] addr=2000319B bit=00000006
[SEU] addr=200031DD bit=00000006
[SEU] addr=20003173 bit=00000000
[SEU] addr=20003145 bit=00000005
[SAMPLE QUEUE CORRUPTED] primary repaired
[SEU] addr=200031CF bit=00000000
[SEU] addr=200031D8 bit=00000005
[SEU] addr=200031D6 bit=00000000
[SEU] addr=200031C5 bit=00000001
[SEU] addr=2000317E bit=00000002
[SEU] addr=200031AB bit=00000003
[SEU] addr=2000318C bit=00000005
[ERR] seq=923 err=256
[ERR] seq=924 err=16
[ERR] seq=925 err=16
[SEU] addr=2000319A bit=00000005
[SEU] addr=200031C4 bit=00000000
[SEU] addr=2000317C bit=00000000
[SEU] addr=2000317E bit=00000003
[SEU] addr=20003145 bit=00000001
[SAMPLE QUEUE CORRUPTED] primary repaired
[SEU] addr=200031A5 bit=00000006
[SEU] addr=200031A6 bit=00000002
[SEU] addr=20003184 bit=00000003
[ERR] seq=958 err=472
[ERR] seq=959 err=24
[ERR] seq=960 err=24
[SEU] addr=200031DF bit=00000003
[SEU] addr=2000319C bit=00000001
[SEU] addr=200031C8 bit=00000002
[SEU] addr=20003189 bit=00000007
[ERR] seq=981 err=262144
[ERR] seq=982 err=20968
[ERR] seq=983 err=22640
[ERR] seq=984 err=3480
[ERR] seq=985 err=2080
[ERR] seq=986 err=432
[SEU] addr=2000316B bit=00000000
[ERR] seq=987 err=192
[ERR] seq=988 err=40
[ERR] seq=989 err=8
[SEU] addr=2000314D bit=00000005
[SAMPLE QUEUE backup CORRUPTED] backup repaired
[SEU] addr=20003192 bit=00000007
[ERR] seq=1003 err=67108864
[ERR] seq=1004 err=5368704
[SEU] addr=200031CD bit=00000000
[ERR] seq=1005 err=5798200
[ERR] seq=1006 err=893352
[ERR] seq=1007 err=535320
[ERR] seq=1008 err=114288
[SEU] addr=20003193 bit=00000001
[ERR] seq=1009 err=268487416
[ERR] seq=1010 err=21488128
[SEU] addr=20003174 bit=00000002
[ERR] seq=1011 err=23198040
[ERR] seq=1012 err=3574888
[ERR] seq=1013 err=2141824
[ERR] seq=1014 err=457328
[ERR] seq=1015 err=207928
[ERR] seq=1016 err=53216
[SEU] addr=200031B5 bit=00000000
[ERR] seq=1017 err=20888
[ERR] seq=1018 err=5920
[ERR] seq=1019 err=2136
[ERR] seq=1020 err=640
[ERR] seq=1021 err=216
[ERR] seq=1022 err=64
[ERR] seq=1023 err=16
[SEU] addr=2000318C bit=00000007
[ERR] seq=1026 err=1024
[ERR] seq=1027 err=80
[ERR] seq=1028 err=80
[SEU] addr=2000315B bit=00000000
[SEU] addr=20003173 bit=00000002
[SEU] addr=200031C1 bit=00000002
[SEU] addr=2000319C bit=00000003
[SEU] addr=200031DD bit=00000003
[SEU] addr=20003170 bit=00000000
[SEU] addr=20003172 bit=00000006
[SEU] addr=20003189 bit=00000006
[ERR] seq=1071 err=131072
[ERR] seq=1072 err=10480
[ERR] seq=1073 err=11312
[ERR] seq=1074 err=1736
[ERR] seq=1075 err=1040
[ERR] seq=1076 err=216
[ERR] seq=1077 err=96
[ERR] seq=1078 err=16
[SEU] addr=200031A3 bit=00000006
[SEU] addr=20003164 bit=00000007
[SEU] addr=200031D2 bit=00000000
[SEU] addr=2000319A bit=00000006
[SEU] addr=20003167 bit=00000002
[SEU] addr=200031CE bit=00000001
[SEU] addr=200031B8 bit=00000004
[SEU] addr=200031C9 bit=00000001
[SEU] addr=20003173 bit=00000007
[SEU] addr=200031B0 bit=00000005
[SEU] addr=200031A3 bit=00000001
[SEU] addr=2000315D bit=00000003
[CMD QUEUE backup CORRUPTED] backup repaired
[SEU] addr=200031C2 bit=00000000
[SEU] addr=200031A0 bit=00000000
[SEU] addr=2000314E bit=00000005
[SAMPLE QUEUE backup CORRUPTED] backup repaired
[SEU] addr=20003179 bit=00000004
[SEU] addr=20003160 bit=00000006
[CMD QUEUE backup CORRUPTED] backup repaired
[SEU] addr=200031DD bit=00000003
[SEU] addr=20003158 bit=00000002
[CMD QUEUE CORRUPTED] primary repaired
[SEU] addr=2000314D bit=00000005
[SAMPLE QUEUE backup CORRUPTED] backup repaired
[SEU] addr=200031A1 bit=00000003
[SEU] addr=200031CD bit=00000002
[SEU] addr=2000317C bit=00000003
[SEU] addr=2000315F bit=00000000
[CMD QUEUE backup CORRUPTED] backup repaired
[SEU] addr=20003187 bit=00000007
[ERR] seq=1200 err=169536
[ERR] seq=1201 err=13552
[ERR] seq=1202 err=14616
[ERR] seq=1203 err=2216
[ERR] seq=1204 err=1328
[ERR] seq=1205 err=272
[ERR] seq=1206 err=104
[ERR] seq=1207 err=8
[SEU] addr=2000317A bit=00000007
[SEU] addr=20003190 bit=00000007
[ERR] seq=1211 err=1024
[ERR] seq=1212 err=80
[ERR] seq=1213 err=80
[SEU] addr=200031AE bit=00000000
[SEU] addr=20003166 bit=00000003
[SEU] addr=2000316C bit=00000005
[SEU] addr=200031B9 bit=00000007
[SEU] addr=20003168 bit=00000000
[SEU] addr=20003198 bit=00000001
[SEU] addr=200031C6 bit=00000001
[SEU] addr=200031DD bit=00000007
[SEU] addr=20003158 bit=00000005
[CMD QUEUE CORRUPTED] primary repaired
[SEU] addr=200031A8 bit=00000003
[SEU] addr=2000318F bit=00000007
[SEU] addr=2000314C bit=00000001
[SAMPLE QUEUE backup CORRUPTED] backup repaired
[SEU] addr=20003174 bit=00000006
[SEU] addr=200031B0 bit=00000000
[SEU] addr=20003188 bit=00000006
[ERR] seq=1298 err=512
[ERR] seq=1299 err=40
[ERR] seq=1300 err=40
[SEU] addr=200031AC bit=00000000
[SEU] addr=200031B1 bit=00000003
[SEU] addr=200031AA bit=00000005
[SEU] addr=2000318D bit=00000003
[ERR] seq=1325 err=16384
[ERR] seq=1326 err=1304
[ERR] seq=1327 err=1408
[ERR] seq=1328 err=216
[ERR] seq=1329 err=128
[ERR] seq=1330 err=24
[ERR] seq=1331 err=8
[SEU] addr=2000318F bit=00000004
[ERR] seq=1333 err=2147483648
[ERR] seq=1334 err=171798688
[ERR] seq=1335 err=185542576
[ERR] seq=1336 err=28587288
[ERR] seq=1337 err=17130376
[ERR] seq=1338 err=3657400
[ERR] seq=1339 err=1663016
[ERR] seq=1340 err=425632
[ERR] seq=1341 err=167088
[SEU] addr=20003167 bit=00000000
[ERR] seq=1342 err=47408
[SEU] addr=2000319B bit=00000003
[ERR] seq=1343 err=17152
[ERR] seq=1344 err=5160
[ERR] seq=1345 err=1776
[ERR] seq=1346 err=544
[ERR] seq=1347 err=176
[ERR] seq=1348 err=48
[ERR] seq=1349 err=8
[SEU] addr=20003177 bit=00000006
[SEU] addr=200031A5 bit=00000004
[SEU] addr=2000315F bit=00000006
[CMD QUEUE backup CORRUPTED] backup repaired
[SEU] addr=2000316D bit=00000005
[SEU] addr=20003198 bit=00000000
[SEU] addr=200031B0 bit=00000004
[SEU] addr=200031AE bit=00000001
[SEU] addr=200031A0 bit=00000006
[SEU] addr=200031C8 bit=00000000
[SEU] addr=200031AF bit=00000002
[SEU] addr=200031CF bit=00000003
[SEU] addr=2000318A bit=00000006
[ERR] seq=1415 err=33554432
[ERR] seq=1416 err=2684352
[ERR] seq=1417 err=2899096
[SEU] addr=20003152 bit=00000001
[ERR] seq=1418 err=446664
[ERR] seq=1419 err=267648
[ERR] seq=1420 err=57136
[SEU] addr=20003158 bit=00000007
[CMD QUEUE CORRUPTED] primary repaired
[ERR] seq=1421 err=25976
[SEU] addr=200031D2 bit=00000007
[ERR] seq=1422 err=6640
[ERR] seq=1423 err=2600
[ERR] seq=1424 err=736
[ERR] seq=1425 err=264
[ERR] seq=1426 err=72
[ERR] seq=1427 err=16
[SEU] addr=20003192 bit=00000002
[ERR] seq=1429 err=2097152
[ERR] seq=1430 err=167768
[ERR] seq=1431 err=181184
[ERR] seq=1432 err=27904
[ERR] seq=1433 err=16720
[ERR] seq=1434 err=3568
[ERR] seq=1435 err=1616
[SEU] addr=200031B0 bit=00000000
[ERR] seq=1436 err=408
[ERR] seq=1437 err=160
[ERR] seq=1438 err=40
[SEU] addr=20003172 bit=00000001
[ERR] seq=1439 err=8
[SEU] addr=200031AF bit=00000003
[SEU] addr=2000316E bit=00000003
[SEU] addr=200031CB bit=00000004
[SEU] addr=20003162 bit=00000004
[SEU] addr=200031AB bit=00000001
[SEU] addr=20003155 bit=00000003
[CMD QUEUE CORRUPTED] primary repaired
[SEU] addr=20003165 bit=00000007
[SEU] addr=200031BD bit=00000002
[SEU] addr=200031B2 bit=00000005
[SEU] addr=200031C5 bit=00000004
[SEU] addr=20003198 bit=00000005
[SEU] addr=2000319D bit=00000002
[SEU] addr=2000316D bit=00000003
[SEU] addr=20003192 bit=00000003
[ERR] seq=1511 err=4194304
[ERR] seq=1512 err=335544
[ERR] seq=1513 err=362384
[ERR] seq=1514 err=55824
[ERR] seq=1515 err=33448
[SEU] addr=20003162 bit=00000006
[ERR] seq=1516 err=7136
[ERR] seq=1517 err=3240
[ERR] seq=1518 err=824
[ERR] seq=1519 err=320
[ERR] seq=1520 err=88
[ERR] seq=1521 err=24
[SEU] addr=2000318D bit=00000005
[ERR] seq=1523 err=65536
[ERR] seq=1524 err=5240
[ERR] seq=1525 err=5656
[SEU] addr=200031C7 bit=00000003
[ERR] seq=1526 err=864
[SEU] addr=200031B9 bit=00000001
[ERR] seq=1527 err=512
[ERR] seq=1528 err=104
[ERR] seq=1529 err=48
[SEU] addr=20003198 bit=00000005
[ERR] seq=1530 err=8
[SEU] addr=200031DB bit=00000001
[SEU] addr=20003199 bit=00000003
[SEU] addr=200031C0 bit=00000004
[SEU] addr=2000314C bit=00000000
[SAMPLE QUEUE backup CORRUPTED] backup repaired
[SEU] addr=200031A0 bit=00000004
[SEU] addr=200031B4 bit=00000006
[SEU] addr=2000314A bit=00000006
[SEU] addr=200031C6 bit=00000004
[SEU] addr=2000314A bit=00000000
[SEU] addr=2000319B bit=00000001
[SEU] addr=20003190 bit=00000002
[ERR] seq=1592 err=32
[SEU] addr=20003187 bit=00000002
[ERR] seq=1593 err=6424
[ERR] seq=1594 err=504
[ERR] seq=1595 err=528
[SEU] addr=20003171 bit=00000004
[ERR] seq=1596 err=48
[ERR] seq=1597 err=24
[SEU] addr=200031A1 bit=00000004
[SEU] addr=20003150 bit=00000006
[SAMPLE QUEUE backup CORRUPTED] backup repaired
[SEU] addr=200031BE bit=00000004
[SEU] addr=20003177 bit=00000002
[SEU] addr=20003154 bit=00000000
[CMD QUEUE CORRUPTED] primary repaired
[SEU] addr=20003172 bit=00000006
[SEU] addr=2000315D bit=00000000
[CMD QUEUE backup CORRUPTED] backup repaired
[SEU] addr=2000319E bit=00000004
[SEU] addr=2000318D bit=00000005
[ERR] seq=1644 err=65536
[ERR] seq=1645 err=5240
[ERR] seq=1646 err=5656
[ERR] seq=1647 err=864
[SEU] addr=200031DA bit=00000000
[ERR] seq=1648 err=512
[ERR] seq=1649 err=104
[ERR] seq=1650 err=48
[SEU] addr=200031A6 bit=00000000
[ERR] seq=1651 err=8
[SEU] addr=200031AE bit=00000006
[SEU] addr=2000317C bit=00000003
[SEU] addr=200031B2 bit=00000006
[SEU] addr=200031B8 bit=00000001
[SEU] addr=20003188 bit=00000003
[ERR] seq=1664 err=64
[SEU] addr=200031B6 bit=00000003
[SEU] addr=20003152 bit=00000000
[SEU] addr=200031A8 bit=00000000
[SEU] addr=20003180 bit=00000004
[SEU] addr=200031B9 bit=00000000
[SEU] addr=20003150 bit=00000006
[SAMPLE QUEUE backup CORRUPTED] backup repaired
[SEU] addr=2000316A bit=00000000
[SEU] addr=2000315A bit=00000006
[SEU] addr=200031CE bit=00000005
[SEU] addr=20003185 bit=00000001
[ERR] seq=1744 err=8280
[ERR] seq=1745 err=648
[ERR] seq=1746 err=696
[ERR] seq=1747 err=96
[ERR] seq=1748 err=48
[SEU] addr=200031DC bit=00000006
[SEU] addr=200031DD bit=00000006
[SEU] addr=2000316C bit=00000002
[SEU] addr=200031C4 bit=00000004
[SEU] addr=20003153 bit=00000000
[SEU] addr=200031C9 bit=00000007
[SEU] addr=200031D4 bit=00000003
[SEU] addr=20003186 bit=00000006
[ERR] seq=1801 err=6048
[ERR] seq=1802 err=472
[ERR] seq=1803 err=496
[ERR] seq=1804 err=48
[ERR] seq=1805 err=24
[SEU] addr=20003180 bit=00000005
[SEU] addr=200031B8 bit=00000004
[SEU] addr=20003158 bit=00000003
[CMD QUEUE CORRUPTED] primary repaired
[SEU] addr=20003170 bit=00000002
[SEU] addr=200031C1 bit=00000004
[SEU] addr=2000318A bit=00000002
[ERR] seq=1839 err=2097152
[ERR] seq=1840 err=167768
[ERR] seq=1841 err=181184
[ERR] seq=1842 err=27904
[ERR] seq=1843 err=16720
[ERR] seq=1844 err=3568
[ERR] seq=1845 err=1616
[ERR] seq=1846 err=408
[SEU] addr=20003150 bit=00000002
[SAMPLE QUEUE backup CORRUPTED] backup repaired
[ERR] seq=1847 err=160
[ERR] seq=1848 err=40
[ERR] seq=1849 err=8
[SEU] addr=20003172 bit=00000004
[SEU] addr=200031B5 bit=00000000
[SEU] addr=20003192 bit=00000005
[ERR] seq=1868 err=16777216
[ERR] seq=1869 err=1342176
[ERR] seq=1870 err=1449544
[ERR] seq=1871 err=223328
[SEU] addr=2000315E bit=00000002
[CMD QUEUE backup CORRUPTED] backup repaired
[ERR] seq=1872 err=133824
[ERR] seq=1873 err=28568
[ERR] seq=1874 err=12984
[ERR] seq=1875 err=3312
[ERR] seq=1876 err=1296
[ERR] seq=1877 err=360
[ERR] seq=1878 err=120
[SEU] addr=20003164 bit=00000002
[ERR] seq=1879 err=32
[ERR] seq=1880 err=8
[SEU] addr=200031D6 bit=00000005
[SEU] addr=200031BE bit=00000001
[SEU] addr=200031B9 bit=00000003
[SEU] addr=2000316A bit=00000004
[SEU] addr=20003154 bit=00000003
[CMD QUEUE CORRUPTED] primary repaired
[SEU] addr=2000318D bit=00000004
[ERR] seq=1910 err=32768
[ERR] seq=1911 err=2616
[ERR] seq=1912 err=2824
[ERR] seq=1913 err=432
[ERR] seq=1914 err=256
[SEU] addr=20003168 bit=00000004
[ERR] seq=1915 err=48
[ERR] seq=1916 err=16
[SEU] addr=200031A1 bit=00000002
[SEU] addr=200031C1 bit=00000004
[SEU] addr=2000314A bit=00000006
[SEU] addr=200031C2 bit=00000001
[SEU] addr=200031BA bit=00000007
[SEU] addr=2000314C bit=00000000
[SAMPLE QUEUE backup CORRUPTED] backup repaired
[SEU] addr=200031BA bit=00000002
[SEU] addr=200031C8 bit=00000002
[SEU] addr=200031C4 bit=00000005
[SEU] addr=200031DC bit=00000001
[SEU] addr=200031B3 bit=00000005
[SEU] addr=200031B1 bit=00000004
[SEU] addr=2000317A bit=00000004
[SEU] addr=20003144 bit=00000000
[SAMPLE QUEUE CORRUPTED] primary repaired
[SEU] addr=20003191 bit=00000007
[ERR] seq=1995 err=262144
[ERR] seq=1996 err=20968
[ERR] seq=1997 err=22640
[ERR] seq=1998 err=3480
[ERR] seq=1999 err=2080
[ERR] seq=2000 err=432
[ERR] seq=2001 err=192
[ERR] seq=2002 err=40
[ERR] seq=2003 err=8
[SEU] addr=2000317A bit=00000007
[SEU] addr=2000318A bit=00000007
[ERR] seq=2013 err=67108864
[ERR] seq=2014 err=5368704
[ERR] seq=2015 err=5798200
[ERR] seq=2016 err=893352
[ERR] seq=2017 err=535320
[ERR] seq=2018 err=114288
[ERR] seq=2019 err=51960
[ERR] seq=2020 err=13288
[SEU] addr=2000316E bit=00000004
[ERR] seq=2021 err=5208
[ERR] seq=2022 err=1472
[ERR] seq=2023 err=528
[ERR] seq=2024 err=152
[ERR] seq=2025 err=48
[SEU] addr=200031BC bit=00000004
[ERR] seq=2026 err=8
[SEU] addr=200031DC bit=00000000
[SEU] addr=20003148 bit=00000007
[SAMPLE QUEUE CORRUPTED] primary repaired
[SEU] addr=200031B6 bit=00000003
[SEU] addr=2000316D bit=00000006
[SEU] addr=20003166 bit=00000005
[SEU] addr=20003150 bit=00000005
[SAMPLE QUEUE backup CORRUPTED] backup repaired
[SEU] addr=200031B3 bit=00000000
[SEU] addr=20003195 bit=00000004
[SEU] addr=20003149 bit=00000006
[SEU] addr=200031B8 bit=00000002
[SEU] addr=200031BB bit=00000004
[SEU] addr=2000317F bit=00000000
[SEU] addr=2000319D bit=00000000
[SEU] addr=200031BD bit=00000004
[SEU] addr=20003158 bit=00000004
[CMD QUEUE CORRUPTED] primary repaired
[SEU] addr=20003197 bit=00000004
[SEU] addr=20003149 bit=00000007
[SEU] addr=20003186 bit=00000000
[ERR] seq=2131 err=1848
[ERR] seq=2132 err=144
[ERR] seq=2133 err=144
[SEU] addr=200031CB bit=00000002
[SEU] addr=20003153 bit=00000003
[SEU] addr=200031A0 bit=00000002
[SEU] addr=20003178 bit=00000000
[SEU] addr=2000318C bit=00000001
[ERR] seq=2159 err=16
[SEU] addr=200031CB bit=00000003
[SEU] addr=20003151 bit=00000004
[SEU] addr=2000316A bit=00000001
[SEU] addr=2000317A bit=00000005
[SEU] addr=200031C3 bit=00000000
[SEU] addr=2000319D bit=00000004
[SEU] addr=20003162 bit=00000007
[SEU] addr=200031D8 bit=00000000
[SEU] addr=200031C8 bit=00000007
[SEU] addr=20003175 bit=00000000
[SEU] addr=200031DC bit=00000002
[SEU] addr=2000318B bit=00000005
[SEU] addr=2000319E bit=00000004
[SEU] addr=2000316E bit=00000005
[SEU] addr=200031DA bit=00000003
[SEU] addr=200031D9 bit=00000001
[SEU] addr=2000319D bit=00000007
[SEU] addr=200031D9 bit=00000005
[SEU] addr=2000314E bit=00000007
[SAMPLE QUEUE backup CORRUPTED] backup repaired
[SEU] addr=20003181 bit=00000005
[SEU] addr=20003164 bit=00000006
[SEU] addr=200031B8 bit=00000004
[SEU] addr=20003164 bit=00000001
[SEU] addr=200031A7 bit=00000003
[SEU] addr=200031AA bit=00000007
[SEU] addr=200031A9 bit=00000006
[SEU] addr=2000318B bit=00000005
[SEU] addr=200031C9 bit=00000006
[SEU] addr=200031C4 bit=00000005
[SEU] addr=20003162 bit=00000000
[SEU] addr=200031A5 bit=00000003
[SEU] addr=200031AA bit=00000006
[SEU] addr=200031C6 bit=00000003
[SEU] addr=2000318F bit=00000000
[ERR] seq=2331 err=134217728
[ERR] seq=2332 err=10737416
[ERR] seq=2333 err=11596408
[ERR] seq=2334 err=1786704
[ERR] seq=2335 err=1070648
[SEU] addr=20003190 bit=00000003
[ERR] seq=2336 err=228648
[ERR] seq=2337 err=103928
[ERR] seq=2338 err=26592
[ERR] seq=2339 err=10432
[ERR] seq=2340 err=2952
[ERR] seq=2341 err=1064
[ERR] seq=2342 err=312
[ERR] seq=2343 err=104
[ERR] seq=2344 err=32
[SEU] addr=200031C9 bit=00000006
[ERR] seq=2345 err=8
[SEU] addr=200031B0 bit=00000003
[SEU] addr=200031BE bit=00000000
[SEU] addr=20003196 bit=00000001
[SEU] addr=200031C2 bit=00000002
[SEU] addr=2000317B bit=00000007
[SEU] addr=20003148 bit=00000004
[SAMPLE QUEUE CORRUPTED] primary repaired
[SEU] addr=200031AC bit=00000005
[SEU] addr=2000314A bit=00000004
[SEU] addr=2000319D bit=00000002
[SEU] addr=20003182 bit=00000005
[SEU] addr=200031DB bit=00000002
[SEU] addr=200031B7 bit=00000000
[SEU] addr=2000319B bit=00000006
[SEU] addr=200031D4 bit=00000003
[SEU] addr=20003180 bit=00000002
[SEU] addr=2000318F bit=00000001
[ERR] seq=2420 err=268435456
[ERR] seq=2421 err=21474832
[ERR] seq=2422 err=23192816
[ERR] seq=2423 err=3573408
[ERR] seq=2424 err=2141296
[ERR] seq=2425 err=457168
[ERR] seq=2426 err=207864
[ERR] seq=2427 err=53192
[SEU] addr=200031BE bit=00000007
[ERR] seq=2428 err=20872
[ERR] seq=2429 err=5912
[ERR] seq=2430 err=2136
[SEU] addr=2000317B bit=00000003
[ERR] seq=2431 err=640
[ERR] seq=2432 err=216
[ERR] seq=2433 err=64
[ERR] seq=2434 err=16
[SEU] addr=20003158 bit=00000003
[CMD QUEUE CORRUPTED] primary repaired
[SEU] addr=20003164 bit=00000001
[SEU] addr=2000318F bit=00000007
[SEU] addr=200031CA bit=00000005
[SEU] addr=20003148 bit=00000001
[SAMPLE QUEUE CORRUPTED] primary repaired
[SEU] addr=2000318F bit=00000003
[ERR] seq=2467 err=1073741824
[ERR] seq=2468 err=85899344
[ERR] seq=2469 err=92771288
[ERR] seq=2470 err=14293640
[ERR] seq=2471 err=8565184
[ERR] seq=2472 err=1828696
[ERR] seq=2473 err=831496
[ERR] seq=2474 err=212800
[ERR] seq=2475 err=83536
[SEU] addr=200031AC bit=00000004
[ERR] seq=2476 err=23704
[ERR] seq=2477 err=8576
[ERR] seq=2478 err=2576
[ERR] seq=2479 err=880
[ERR] seq=2480 err=264
[SEU] addr=2000318D bit=00000000
[ERR] seq=2481 err=1968
[ERR] seq=2482 err=136
[ERR] seq=2483 err=160
[ERR] seq=2484 err=16
[ERR] seq=2485 err=8
[SEU] addr=200031DA bit=00000004
[SEU] addr=2000315E bit=00000006
[CMD QUEUE backup CORRUPTED] backup repaired
[SEU] addr=200031C7 bit=00000004
[SEU] addr=20003185 bit=00000003
[ERR] seq=2506 err=8816
[ERR] seq=2507 err=704
[ERR] seq=2508 err=744
[SEU] addr=200031DD bit=00000004
[ERR] seq=2509 err=96
[ERR] seq=2510 err=56
[SEU] addr=20003195 bit=00000000
[SEU] addr=20003158 bit=00000002
[CMD QUEUE CORRUPTED] primary repaired
[SEU] addr=200031D8 bit=00000000
[SEU] addr=200031D3 bit=00000001
[SEU] addr=20003154 bit=00000000
[CMD QUEUE CORRUPTED] primary repaired
[SEU] addr=2000316B bit=00000004
[SEU] addr=20003189 bit=00000000
[ERR] seq=2539 err=2048
[ERR] seq=2540 err=160
[ERR] seq=2541 err=168
[ERR] seq=2542 err=16
[ERR] seq=2543 err=8
[SEU] addr=20003176 bit=00000004
[SEU] addr=2000314F bit=00000007
[SAMPLE QUEUE backup CORRUPTED] backup repaired
[SEU] addr=200031A7 bit=00000007
[SEU] addr=2000314D bit=00000001
[SAMPLE QUEUE backup CORRUPTED] backup repaired
[SEU] addr=200031AD bit=00000000
[SEU] addr=2000315A bit=00000000
[SEU] addr=2000316B bit=00000001
[SEU] addr=20003195 bit=00000005
[SEU] addr=20003179 bit=00000002
[SEU] addr=20003184 bit=00000000
[ERR] seq=2603 err=8
[SEU] addr=200031A0 bit=00000002
[SEU] addr=2000317E bit=00000006
[SEU] addr=200031A7 bit=00000006
[SEU] addr=20003184 bit=00000006
[ERR] seq=2617 err=3376
[ERR] seq=2618 err=264
[ERR] seq=2619 err=272
[ERR] seq=2620 err=16
[ERR] seq=2621 err=8
[SEU] addr=200031A9 bit=00000001
[SEU] addr=20003146 bit=00000002
[SAMPLE QUEUE CORRUPTED] primary repaired
[SEU] addr=200031B8 bit=00000002
[SEU] addr=20003182 bit=00000001
[SEU] addr=20003159 bit=00000000
[SEU] addr=2000317F bit=00000000
[SEU] addr=2000318B bit=00000002
[ERR] seq=2661 err=536870912
[ERR] seq=2662 err=42949672
[ERR] seq=2663 err=46385640
[ERR] seq=2664 err=7146816
[ERR] seq=2665 err=4282592
[SEU] addr=20003160 bit=00000000
[CMD QUEUE backup CORRUPTED] backup repaired
[ERR] seq=2666 err=914344
[ERR] seq=2667 err=415744
[ERR] seq=2668 err=106400
[ERR] seq=2669 err=41768
[ERR] seq=2670 err=11848
[ERR] seq=2671 err=4280
[ERR] seq=2672 err=1280
[ERR] seq=2673 err=432
[SEU] addr=2000318F bit=00000004
[ERR] seq=2674 err=2147483776
[ERR] seq=2675 err=171798728
[ERR] seq=2676 err=185542584
[ERR] seq=2677 err=28587288
[ERR] seq=2678 err=17130376
[ERR] seq=2679 err=3657400
[SEU] addr=20003165 bit=00000006
[ERR] seq=2680 err=1663016
[ERR] seq=2681 err=425632
[ERR] seq=2682 err=167088
[ERR] seq=2683 err=47408
[ERR] seq=2684 err=17152
[SEU] addr=200031CE bit=00000004
[ERR] seq=2685 err=5160
[ERR] seq=2686 err=1776
[ERR] seq=2687 err=544
[SEU] addr=20003188 bit=00000006
[ERR] seq=2688 err=688
[ERR] seq=2689 err=88
[SEU] addr=20003188 bit=00000002
[ERR] seq=2690 err=16
[SEU] addr=2000318A bit=00000000
[ERR] seq=2695 err=524288
[ERR] seq=2696 err=41936
[ERR] seq=2697 err=45288
[ERR] seq=2698 err=6968
[ERR] seq=2699 err=4168
[SEU] addr=2000319A bit=00000001
[ERR] seq=2700 err=880
[ERR] seq=2701 err=392
[ERR] seq=2702 err=88
[ERR] seq=2703 err=24
[SEU] addr=2000315E bit=00000003
[CMD QUEUE backup CORRUPTED] backup repaired
[SEU] addr=20003155 bit=00000003
[CMD QUEUE CORRUPTED] primary repaired
[SEU] addr=20003177 bit=00000001
[SEU] addr=2000316B bit=00000002
[SEU] addr=20003197 bit=00000004
[SEU] addr=200031AD bit=00000003
[SEU] addr=2000314F bit=00000006
[SAMPLE QUEUE backup CORRUPTED] backup repaired
[SEU] addr=2000316D bit=00000004
[SEU] addr=20003180 bit=00000007
[SEU] addr=2000318B bit=00000007
[SEU] addr=200031AE bit=00000002
[SEU] addr=2000318E bit=00000003
[ERR] seq=2768 err=4194304
[ERR] seq=2769 err=335544
[ERR] seq=2770 err=362384
[ERR] seq=2771 err=55824
[ERR] seq=2772 err=33448
[ERR] seq=2773 err=7136
[ERR] seq=2774 err=3240
[ERR] seq=2775 err=824
[SEU] addr=20003144 bit=00000000
[SAMPLE QUEUE CORRUPTED] primary repaired
[ERR] seq=2776 err=320
[SEU] addr=20003150 bit=00000000
[SAMPLE QUEUE backup CORRUPTED] backup repaired
[ERR] seq=2777 err=88
[ERR] seq=2778 err=24
[SEU] addr=20003158 bit=00000000
[CMD QUEUE CORRUPTED] primary repaired
[SEU] addr=200031D6 bit=00000004
[SEU] addr=200031B5 bit=00000001
[SEU] addr=20003149 bit=00000004
[SEU] addr=200031D8 bit=00000001
[SEU] addr=20003159 bit=00000005
[SEU] addr=20003148 bit=00000004
[SAMPLE QUEUE CORRUPTED] primary repaired
[SEU] addr=20003188 bit=00000006
[ERR] seq=2817 err=512
[ERR] seq=2818 err=40
[ERR] seq=2819 err=40
[SEU] addr=200031A4 bit=00000002
[SEU] addr=2000317C bit=00000003
[SEU] addr=20003198 bit=00000005
[SEU] addr=200031C8 bit=00000005
[SEU] addr=2000317B bit=00000001
[SEU] addr=20003157 bit=00000005
[CMD QUEUE CORRUPTED] primary repaired
[SEU] addr=200031BD bit=00000007
[SEU] addr=2000317A bit=00000004
[SEU] addr=200031DB bit=00000005
[SEU] addr=20003186 bit=00000002
[ERR] seq=2872 err=7320
[ERR] seq=2873 err=576
[ERR] seq=2874 err=616
[SEU] addr=2000317A bit=00000002
[ERR] seq=2875 err=80
[ERR] seq=2876 err=40
[SEU] addr=200031AA bit=00000004
[SEU] addr=20003154 bit=00000005
[CMD QUEUE CORRUPTED] primary repaired
[SEU] addr=20003174 bit=00000007
[SEU] addr=200031CF bit=00000001
[SEU] addr=200031DB bit=00000006
[SEU] addr=200031AB bit=00000004
[SEU] addr=20003194 bit=00000006
[SEU] addr=200031D5 bit=00000001
[SEU] addr=2000314F bit=00000003
[SAMPLE QUEUE backup CORRUPTED] backup repaired
[SEU] addr=200031A4 bit=00000001
[SEU] addr=20003198 bit=00000002
[SEU] addr=200031B0 bit=00000007
[SEU] addr=200031B3 bit=00000007
[SEU] addr=2000315B bit=00000000
[SEU] addr=200031B1 bit=00000000
[SEU] addr=200031CC bit=00000004
[SEU] addr=200031BC bit=00000005
[SEU] addr=20003162 bit=00000004
[SEU] addr=200031BB bit=00000007
[SEU] addr=200031C3 bit=00000007
[SEU] addr=20003153 bit=00000000
[SEU] addr=20003186 bit=00000003
[ERR] seq=3003 err=11448
[ERR] seq=3004 err=904
[ERR] seq=3005 err=960
[ERR] seq=3006 err=120
[SEU] addr=20003166 bit=00000007
[ERR] seq=3007 err=64
[SEU] addr=200031BE bit=00000005
[SEU] addr=2000317E bit=00000003
[SEU] addr=2000314D bit=00000002
[SAMPLE QUEUE backup CORRUPTED] backup repaired
[SEU] addr=20003147 bit=00000002
[SAMPLE QUEUE CORRUPTED] primary repaired
[SEU] addr=200031C0 bit=00000007
[SEU] addr=200031CA bit=00000003
[SEU] addr=20003191 bit=00000005
[ERR] seq=3047 err=65536
[ERR] seq=3048 err=5240
[ERR] seq=3049 err=5656
[ERR] seq=3050 err=864
[ERR] seq=3051 err=512
[ERR] seq=3052 err=104
[ERR] seq=3053 err=48
[ERR] seq=3054 err=8
[SEU] addr=200031D4 bit=00000003
[SEU] addr=2000317D bit=00000005
[SEU] addr=2000319C bit=00000005
[SEU] addr=20003168 bit=00000007
[SEU] addr=200031AC bit=00000003
[SEU] addr=200031B8 bit=00000004
[SEU] addr=200031B0 bit=00000001
[SEU] addr=200031D3 bit=00000000
[SEU] addr=20003193 bit=00000007
[SEU] addr=200031BD bit=00000003
[SEU] addr=2000315A bit=00000001
[SEU] addr=200031B3 bit=00000000
[SEU] addr=20003157 bit=00000004
[CMD QUEUE CORRUPTED] primary repaired
[SEU] addr=20003165 bit=00000005
[SEU] addr=200031B5 bit=00000006
[SEU] addr=2000318F bit=00000000
[ERR] seq=3136 err=134217728
[ERR] seq=3137 err=10737416
[ERR] seq=3138 err=11596408
[SEU] addr=20003180 bit=00000002
[ERR] seq=3139 err=1786704
[ERR] seq=3140 err=1070648
[ERR] seq=3141 err=228584
[ERR] seq=3142 err=103928
[ERR] seq=3143 err=26592
[ERR] seq=3144 err=10432
[ERR] seq=3145 err=2952
[ERR] seq=3146 err=1064
[SEU] addr=20003191 bit=00000007
[ERR] seq=3147 err=262456
[ERR] seq=3148 err=21072
[ERR] seq=3149 err=22672
[SEU] addr=200031BD bit=00000005
[ERR] seq=3150 err=3488
[ERR] seq=3151 err=2080
[ERR] seq=3152 err=432
[ERR] seq=3153 err=192
[ERR] seq=3154 err=40
[ERR] seq=3155 err=8
[SEU] addr=200031DF bit=00000004
[SEU] addr=2000316A bit=00000004
[SEU] addr=200031AB bit=00000002
[SEU] addr=20003162 bit=00000007
[SEU] addr=2000316E bit=00000005
[SEU] addr=20003154 bit=00000002
[CMD QUEUE CORRUPTED] primary repaired
[SEU] addr=2000314D bit=00000003
[SAMPLE QUEUE backup CORRUPTED] backup repaired
[SEU] addr=200031AA bit=00000003
[SEU] addr=20003147 bit=00000004
[SAMPLE QUEUE CORRUPTED] primary repaired
[SEU] addr=200031CF bit=00000001
[SEU] addr=20003167 bit=00000007
[SEU] addr=20003164 bit=00000001
[SEU] addr=200031C7 bit=00000003
[SEU] addr=200031B1 bit=00000000
[SEU] addr=20003186 bit=00000005
[ERR] seq=3234 err=5008
[ERR] seq=3235 err=392
[ERR] seq=3236 err=416
[ERR] seq=3237 err=48
[ERR] seq=3238 err=24
[SEU] addr=2000318B bit=00000005
[SEU] addr=200031BF bit=00000000
[SEU] addr=200031D8 bit=00000002
[SEU] addr=200031BE bit=00000004
[SEU] addr=20003174 bit=00000001
[SEU] addr=2000317A bit=00000006
[SEU] addr=2000318B bit=00000000
[ERR] seq=3279 err=134217728
[ERR] seq=3280 err=10737416
[ERR] seq=3281 err=11596408
[ERR] seq=3282 err=1786704
[ERR] seq=3283 err=1070648
[ERR] seq=3284 err=228584
[ERR] seq=3285 err=103928
[SEU] addr=2000318D bit=00000002
[ERR] seq=3286 err=34784
[ERR] seq=3287 err=11080
[ERR] seq=3288 err=3648
[ERR] seq=3289 err=1160
[ERR] seq=3290 err=360
[ERR] seq=3291 err=104
[ERR] seq=3292 err=32
[ERR] seq=3293 err=8
[SEU] addr=200031B6 bit=00000001
[SEU] addr=2000318D bit=00000000
[ERR] seq=3303 err=2048
[ERR] seq=3304 err=160
[ERR] seq=3305 err=168
[SEU] addr=20003151 bit=00000002
[ERR] seq=3306 err=16
[ERR] seq=3307 err=8
[SEU] addr=20003152 bit=00000003
[SEU] addr=200031AC bit=00000000
[SEU] addr=20003181 bit=00000005
[SEU] addr=200031AE bit=00000000
[SEU] addr=2000315F bit=00000005
[CMD QUEUE backup CORRUPTED] backup repaired
[SEU] addr=2000316B bit=00000002
[SEU] addr=2000317F bit=00000002
[SEU] addr=20003145 bit=00000006
[SAMPLE QUEUE CORRUPTED] primary repaired
[SEU] addr=20003151 bit=00000004
[SEU] addr=200031A9 bit=00000003
[SEU] addr=2000315E bit=00000002
[CMD QUEUE backup CORRUPTED] backup repaired
[SEU] addr=200031D6 bit=00000005
[SEU] addr=2000314E bit=00000002
[SAMPLE QUEUE backup CORRUPTED] backup repaired
[SEU] addr=200031CB bit=00000006
[SEU] addr=200031B7 bit=00000006
[SEU] addr=200031A1 bit=00000003
[SEU] addr=20003183 bit=00000006
[SEU] addr=20003155 bit=00000004
[CMD QUEUE CORRUPTED] primary repaired
[SEU] addr=200031D1 bit=00000006
[SEU] addr=200031AF bit=00000003
[SEU] addr=2000315F bit=00000004
[CMD QUEUE backup CORRUPTED] backup repaired
[SEU] addr=200031DD bit=00000007
[SEU] addr=200031A4 bit=00000006
[SEU] addr=200031D1 bit=00000007
[SEU] addr=200031CD bit=00000006
[SEU] addr=200031D9 bit=00000001
[SEU] addr=20003149 bit=00000003
[SEU] addr=2000316B bit=00000002
[SEU] addr=2000315F bit=00000001
[CMD QUEUE backup CORRUPTED] backup repaired
[SEU] addr=2000316E bit=00000002
[SEU] addr=2000317A bit=00000007
[SEU] addr=200031B4 bit=00000005
[SEU] addr=200031BB bit=00000004
[SEU] addr=2000318D bit=00000003
[ERR] seq=3457 err=16384
[ERR] seq=3458 err=1304
[ERR] seq=3459 err=1408
[ERR] seq=3460 err=216
[ERR] seq=3461 err=128
[ERR] seq=3462 err=24
[ERR] seq=3463 err=8
[SEU] addr=200031B0 bit=00000004
[SEU] addr=200031A4 bit=00000000
[SEU] addr=2000315C bit=00000003
[CMD QUEUE backup CORRUPTED] backup repaired
[SEU] addr=200031BA bit=00000002
[SEU] addr=2000319F bit=00000007
[SEU] addr=20003167 bit=00000004
[SEU] addr=20003175 bit=00000007
[SEU] addr=20003159 bit=00000004
[SEU] addr=200031B9 bit=00000004
[SEU] addr=200031A2 bit=00000001
[SEU] addr=200031AE bit=00000005
[SEU] addr=200031A9 bit=00000000
[SEU] addr=200031D6 bit=00000006
[SEU] addr=2000319E bit=00000005
[SEU] addr=200031B2 bit=00000006
[SEU] addr=20003165 bit=00000005
[SEU] addr=200031C8 bit=00000002
[SEU] addr=2000316E bit=00000000
[SEU] addr=2000317D bit=00000000
[SEU] addr=2000314A bit=00000000
[SEU] addr=20003183 bit=00000000
[SEU] addr=2000315B bit=00000006
[SEU] addr=2000318A bit=00000003
[ERR] seq=3584 err=4194304
[ERR] seq=3585 err=335544
[ERR] seq=3586 err=362384
[ERR] seq=3587 err=55824
[ERR] seq=3588 err=33448
[ERR] seq=3589 err=7136
[ERR] seq=3590 err=3240
[ERR] seq=3591 err=824
[ERR] seq=3592 err=320
[SEU] addr=20003185 bit=00000000
[ERR] seq=3593 err=2840
[ERR] seq=3594 err=192
[ERR] seq=3595 err=224
[ERR] seq=3596 err=16
[ERR] seq=3597 err=8
[SEU] addr=200031CD bit=00000004
[SEU] addr=200031A4 bit=00000006
[SEU] addr=200031BF bit=00000001
[SEU] addr=20003197 bit=00000007
[SEU] addr=2000316C bit=00000004
[SEU] addr=20003170 bit=00000003
[SEU] addr=2000318C bit=00000003
[ERR] seq=3636 err=64
[SEU] addr=2000318A bit=00000002
[ERR] seq=3642 err=2097152
[ERR] seq=3643 err=167768
[ERR] seq=3644 err=181184
[ERR] seq=3645 err=27904
[ERR] seq=3646 err=16720
[ERR] seq=3647 err=3568
[SEU] addr=2000316D bit=00000002
[ERR] seq=3648 err=1616
[ERR] seq=3649 err=408
[ERR] seq=3650 err=160
[ERR] seq=3651 err=40
[ERR] seq=3652 err=8
[SEU] addr=200031C2 bit=00000003
[SEU] addr=20003175 bit=00000002
[SEU] addr=2000319A bit=00000002
[SEU] addr=200031C9 bit=00000007
[SEU] addr=20003190 bit=00000000
[ERR] seq=3678 err=8
[SEU] addr=200031C0 bit=00000001
[SEU] addr=20003161 bit=00000005
[SEU] addr=20003192 bit=00000006
[ERR] seq=3694 err=33554432
[ERR] seq=3695 err=2684352
[ERR] seq=3696 err=2899096
[ERR] seq=3697 err=446664
[SEU] addr=2000317C bit=00000007
[ERR] seq=3698 err=267648
[ERR] seq=3699 err=57136
[ERR] seq=3700 err=25976
[ERR] seq=3701 err=6640
[ERR] seq=3702 err=2600
[ERR] seq=3703 err=736
[ERR] seq=3704 err=264
[ERR] seq=3705 err=72
[ERR] seq=3706 err=16
[SEU] addr=200031B0 bit=00000003
[SEU] addr=20003192 bit=00000001
[ERR] seq=3714 err=1048576
[ERR] seq=3715 err=83880
[ERR] seq=3716 err=90584
[ERR] seq=3717 err=13944
[ERR] seq=3718 err=8352
[ERR] seq=3719 err=1776
[SEU] addr=2000317C bit=00000001
[ERR] seq=3720 err=800
[ERR] seq=3721 err=200
[ERR] seq=3722 err=80
[ERR] seq=3723 err=16
[SEU] addr=200031B3 bit=00000000
[SEU] addr=20003173 bit=00000005
[SEU] addr=200031C7 bit=00000003
[SEU] addr=200031C3 bit=00000005
[SEU] addr=200031B3 bit=00000005
[SEU] addr=200031B4 bit=00000007
[SEU] addr=200031A2 bit=00000002
[SEU] addr=20003171 bit=00000000
[SEU] addr=2000318C bit=00000007
[ERR] seq=3779 err=1024
[ERR] seq=3780 err=80
[ERR] seq=3781 err=80
[SEU] addr=20003174 bit=00000003
[SEU] addr=200031A0 bit=00000006
[SEU] addr=200031AA bit=00000003
[SEU] addr=20003199 bit=00000007
[SEU] addr=20003158 bit=00000000
[CMD QUEUE CORRUPTED] primary repaired
[SEU] addr=200031B3 bit=00000004
[SEU] addr=2000316E bit=00000001
[SEU] addr=2000316B bit=00000006
[SEU] addr=2000319F bit=00000002
[SEU] addr=20003191 bit=00000005
[ERR] seq=3841 err=65536
[ERR] seq=3842 err=5240
[ERR] seq=3843 err=5656
[ERR] seq=3844 err=864
[ERR] seq=3845 err=512
[ERR] seq=3846 err=104
[ERR] seq=3847 err=48
[ERR] seq=3848 err=8
[SEU] addr=20003172 bit=00000006
[SEU] addr=20003195 bit=00000001
[SEU] addr=2000314D bit=00000006
[SAMPLE QUEUE backup CORRUPTED] backup repaired
[SEU] addr=20003149 bit=00000006
[SEU] addr=2000316B bit=00000006
[SEU] addr=20003161 bit=00000005
[SEU] addr=20003186 bit=00000006
[ERR] seq=3879 err=2696
[ERR] seq=3880 err=200
[ERR] seq=3881 err=208
[SEU] addr=2000314A bit=00000004
[ERR] seq=3882 err=16
[SEU] addr=200031DC bit=00000005
[ERR] seq=3883 err=8
[SEU] addr=200031D6 bit=00000007
[SEU] addr=2000315C bit=00000004
[CMD QUEUE backup CORRUPTED] backup repaired
[SEU] addr=200031A0 bit=00000000
[SEU] addr=200031BE bit=00000007
[SEU] addr=200031CF bit=00000004
[SEU] addr=200031B7 bit=00000004
[SEU] addr=200031BE bit=00000003
[SEU] addr=2000317D bit=00000007
[SEU] addr=200031B4 bit=00000005
[SEU] addr=20003173 bit=00000006
[SEU] addr=200031DC bit=00000003
[SEU] addr=20003150 bit=00000006
[SAMPLE QUEUE backup CORRUPTED] backup repaired
[SEU] addr=20003166 bit=00000007
[SEU] addr=2000314F bit=00000005
[SAMPLE QUEUE backup CORRUPTED] backup repaired
[SEU] addr=2000316A bit=00000000
[SEU] addr=20003152 bit=00000004
[SEU] addr=20003188 bit=00000003
[ERR] seq=3953 err=64
[SEU] addr=2000317C bit=00000005
[SEU] addr=200031BA bit=00000002
[SEU] addr=200031D0 bit=00000006
[SEU] addr=200031DF bit=00000002
[SEU] addr=20003197 bit=00000007
[SEU] addr=2000314B bit=00000002
[SEU] addr=20003189 bit=00000007
[ERR] seq=4003 err=262144
[ERR] seq=4004 err=20968
[ERR] seq=4005 err=22640
[ERR] seq=4006 err=3480
[ERR] seq=4007 err=2080
[ERR] seq=4008 err=432
[ERR] seq=4009 err=192
[ERR] seq=4010 err=40
[ERR] seq=4011 err=8
[SEU] addr=20003184 bit=00000002
[ERR] seq=4012 err=320
[ERR] seq=4013 err=8
[ERR] seq=4014 err=8
[SEU] addr=20003176 bit=00000001
[SEU] addr=200031A2 bit=00000001
[SEU] addr=200031C7 bit=00000003
[SEU] addr=200031C8 bit=00000007
[SEU] addr=20003183 bit=00000005
[SEU] addr=20003176 bit=00000003
[SEU] addr=20003177 bit=00000003
[SEU] addr=20003196 bit=00000000
[SEU] addr=200031A3 bit=00000007
[SEU] addr=20003186 bit=00000005
[ERR] seq=4062 err=12576
[ERR] seq=4063 err=992
[ERR] seq=4064 err=1056
[SEU] addr=20003154 bit=00000004
[CMD QUEUE CORRUPTED] primary repaired
[ERR] seq=4065 err=128
[ERR] seq=4066 err=64
[SEU] addr=20003145 bit=00000007
[SAMPLE QUEUE CORRUPTED] primary repaired
[SEU] addr=2000317C bit=00000004
[SEU] addr=200031AB bit=00000001
[SEU] addr=20003185 bit=00000007
[ERR] seq=4088 err=584
[ERR] seq=4089 err=40
[ERR] seq=4090 err=40
[SEU] addr=200031AF bit=00000007
[SEU] addr=20003170 bit=00000003
[SEU] addr=2000319E bit=00000003
[SEU] addr=2000317F bit=00000005
[SEU] addr=200031BF bit=00000004
[SEU] addr=200031D9 bit=00000007
[SEU] addr=200031BE bit=00000007
[SEU] addr=2000315D bit=00000002
[CMD QUEUE backup CORRUPTED] backup repaired
[SEU] addr=200031B2 bit=00000004
[SEU] addr=20003183 bit=00000000
[SEU] addr=2000317A bit=00000002
[SEU] addr=2000314B bit=00000002
[SEU] addr=200031B8 bit=00000003
[SEU] addr=20003190 bit=00000003
[ERR] seq=4174 err=64
[SEU] addr=2000316E bit=00000000
[SEU] addr=20003166 bit=00000007
[SEU] addr=20003199 bit=00000007
[SEU] addr=2000319C bit=00000001
[SEU] addr=20003167 bit=00000001
[SEU] addr=2000314D bit=00000007
[SAMPLE QUEUE backup CORRUPTED] backup repaired
[SEU] addr=20003168 bit=00000000
[SEU] addr=20003152 bit=00000001
[SEU] addr=200031B0 bit=00000005
[SEU] addr=20003170 bit=00000002
[SEU] addr=20003165 bit=00000007
[SEU] addr=200031A2 bit=00000004
[SEU] addr=2000316D bit=00000004
[SEU] addr=200031D5 bit=00000006
[SEU] addr=2000317E bit=00000005
[SEU] addr=20003154 bit=00000005
[CMD QUEUE CORRUPTED] primary repaired
[SEU] addr=20003177 bit=00000006
[SEU] addr=20003172 bit=00000000
[SEU] addr=2000315E bit=00000006
[CMD QUEUE backup CORRUPTED] backup repaired
[SEU] addr=20003159 bit=00000007
[SEU] addr=2000318E bit=00000005
[ERR] seq=4305 err=16777216
[ERR] seq=4306 err=1342176
[SEU] addr=200031DB bit=00000006
[ERR] seq=4307 err=1449544
[ERR] seq=4308 err=223328
[ERR] seq=4309 err=133824
[SEU] addr=20003170 bit=00000003
[ERR] seq=4310 err=28568
[ERR] seq=4311 err=12984
[ERR] seq=4312 err=3312
[ERR] seq=4313 err=1296
[ERR] seq=4314 err=360
[ERR] seq=4315 err=120
[ERR] seq=4316 err=32
[ERR] seq=4317 err=8
[SEU] addr=200031DD bit=00000004
[SEU] addr=2000317D bit=00000005
[SEU] addr=20003158 bit=00000002
[CMD QUEUE CORRUPTED] primary repaired
[SEU] addr=20003187 bit=00000001
[ERR] seq=4332 err=8080
[ERR] seq=4333 err=640
[SEU] addr=20003151 bit=00000004
[ERR] seq=4334 err=680
[ERR] seq=4335 err=80
[ERR] seq=4336 err=40
[SEU] addr=200031D4 bit=00000001
[SEU] addr=200031CB bit=00000001
[SEU] addr=200031D2 bit=00000007
[SEU] addr=20003159 bit=00000007
[SEU] addr=20003150 bit=00000005
[SAMPLE QUEUE backup CORRUPTED] backup repaired
[SEU] addr=2000317C bit=00000003
[SEU] addr=20003176 bit=00000001
[SEU] addr=200031C6 bit=00000000
[SEU] addr=20003163 bit=00000004
[SEU] addr=200031D2 bit=00000005
[SEU] addr=200031D1 bit=00000003
[SEU] addr=2000314D bit=00000000
[SAMPLE QUEUE backup CORRUPTED] backup repaired
[SEU] addr=200031DA bit=00000003
[SEU] addr=200031D9 bit=00000002
[SEU] addr=20003159 bit=00000000
[SEU] addr=2000319D bit=00000000
[SEU] addr=200031B3 bit=00000000
[SEU] addr=2000315D bit=00000007
[CMD QUEUE backup CORRUPTED] backup repaired
[SEU] addr=2000318C bit=00000007
[ERR] seq=4441 err=1024
[ERR] seq=4442 err=80
[ERR] seq=4443 err=80
[SEU] addr=20003190 bit=00000005
[ERR] seq=4450 err=256
[ERR] seq=4451 err=16
[ERR] seq=4452 err=16
[SEU] addr=200031C7 bit=00000004
[SEU] addr=200031D1 bit=00000005
[SEU] addr=200031D4 bit=00000005
[SEU] addr=200031C2 bit=00000001
[SEU] addr=2000318A bit=00000001
[ERR] seq=4474 err=1048576
[ERR] seq=4475 err=83880
[ERR] seq=4476 err=90584
[ERR] seq=4477 err=13944
[ERR] seq=4478 err=8352
[SEU] addr=200031BD bit=00000006
[ERR] seq=4479 err=1776
[ERR] seq=4480 err=800
[ERR] seq=4481 err=200
[ERR] seq=4482 err=80
[ERR] seq=4483 err=16
[SEU] addr=2000317F bit=00000004
[SEU] addr=20003196 bit=00000006
[SEU] addr=2000317A bit=00000004
[SEU] addr=20003164 bit=00000000
[SEU] addr=20003175 bit=00000002
[SEU] addr=200031B2 bit=00000005
[SEU] addr=200031A9 bit=00000006
[SEU] addr=20003178 bit=00000007
[SEU] addr=2000315A bit=00000006
[SEU] addr=20003176 bit=00000006
[SEU] addr=20003187 bit=00000003
[ERR] seq=4535 err=720
[ERR] seq=4536 err=48
[ERR] seq=4537 err=48
[SEU] addr=200031B3 bit=00000004
[SEU] addr=2000315E bit=00000004
[CMD QUEUE backup CORRUPTED] backup repaired
[SEU] addr=20003153 bit=00000002
[SEU] addr=20003184 bit=00000005
[ERR] seq=4557 err=1048
[ERR] seq=4558 err=72
[ERR] seq=4559 err=72
[SEU] addr=20003161 bit=00000002
[SEU] addr=20003178 bit=00000002
[SEU] addr=2000315C bit=00000006
[CMD QUEUE backup CORRUPTED] backup repaired
[SEU] addr=20003170 bit=00000005
[SEU] addr=2000317A bit=00000002
[SEU] addr=2000319B bit=00000005
[SEU] addr=20003157 bit=00000004
[CMD QUEUE CORRUPTED] primary repaired
[SEU] addr=20003197 bit=00000003
[SEU] addr=2000316B bit=00000007
[SEU] addr=20003148 bit=00000002
[SAMPLE QUEUE CORRUPTED] primary repaired
[SEU] addr=20003165 bit=00000007
[SEU] addr=20003193 bit=00000007
[SEU] addr=20003145 bit=00000006
[SAMPLE QUEUE CORRUPTED] primary repaired
[SEU] addr=20003169 bit=00000006
[SEU] addr=200031C0 bit=00000001
[SEU] addr=2000318C bit=00000006
[ERR] seq=4627 err=512
[ERR] seq=4628 err=40
[ERR] seq=4629 err=40
[SEU] addr=200031CB bit=00000005
[SEU] addr=200031D1 bit=00000001
[SEU] addr=200031BE bit=00000006
[SEU] addr=200031C7 bit=00000005
[SEU] addr=200031C3 bit=00000000
[SEU] addr=200031A0 bit=00000003
[SEU] addr=20003144 bit=00000007
[SAMPLE QUEUE CORRUPTED] primary repaired
[SEU] addr=200031CF bit=00000005
[SEU] addr=2000318B bit=00000000
[ERR] seq=4656 err=134217728
[ERR] seq=4657 err=10737416
[ERR] seq=4658 err=11596408
[ERR] seq=4659 err=1786704
[ERR] seq=4660 err=1070648
[ERR] seq=4661 err=228584
[SEU] addr=200031BF bit=00000003
[ERR] seq=4662 err=103928
[ERR] seq=4663 err=26592
[ERR] seq=4664 err=10432
[ERR] seq=4665 err=2952
[ERR] seq=4666 err=1064
[ERR] seq=4667 err=312
[SEU] addr=200031B1 bit=00000006
[ERR] seq=4668 err=104
[ERR] seq=4669 err=32
[ERR] seq=4670 err=8
[SEU] addr=20003146 bit=00000007
[SAMPLE QUEUE CORRUPTED] primary repaired
[SEU] addr=2000315E bit=00000007
[CMD QUEUE backup CORRUPTED] backup repaired
[SEU] addr=200031C9 bit=00000004
[SEU] addr=200031DA bit=00000007
[SEU] addr=2000314B bit=00000003
[SEU] addr=20003194 bit=00000001
[SEU] addr=200031C0 bit=00000006
[SEU] addr=2000319A bit=00000007
[SEU] addr=2000317E bit=00000007
[SEU] addr=200031A4 bit=00000003
[SEU] addr=200031D7 bit=00000004
[SEU] addr=200031A1 bit=00000007
[SEU] addr=200031A7 bit=00000002
[SEU] addr=200031D3 bit=00000003
[SEU] addr=20003184 bit=00000005
[ERR] seq=4749 err=512
[ERR] seq=4750 err=24
[ERR] seq=4751 err=24
[SEU] addr=200031B0 bit=00000002
[SEU] addr=20003145 bit=00000001
[SAMPLE QUEUE CORRUPTED] primary repaired
[SEU] addr=200031C3 bit=00000006
[SEU] addr=200031C5 bit=00000004
[SEU] addr=200031DF bit=00000004
[SEU] addr=20003176 bit=00000004
[SEU] addr=20003191 bit=00000000
[ERR] seq=4784 err=2048
[ERR] seq=4785 err=160
[ERR] seq=4786 err=168
[ERR] seq=4787 err=16
[ERR] seq=4788 err=8
[SEU] addr=200031A0 bit=00000004
[SEU] addr=200031AF bit=00000007
[SEU] addr=2000314F bit=00000005
[SAMPLE QUEUE backup CORRUPTED] backup repaired
[SEU] addr=2000315A bit=00000002
[SEU] addr=200031A1 bit=00000000
[SEU] addr=200031CD bit=00000007
[SEU] addr=200031D1 bit=00000007
[SEU] addr=200031D2 bit=00000004
[SEU] addr=20003187 bit=00000004
[ERR] seq=4835 err=1616
[ERR] seq=4836 err=112
[ERR] seq=4837 err=112
[SEU] addr=200031CA bit=00000001
[SEU] addr=2000317C bit=00000006
[SEU] addr=20003178 bit=00000004
[SEU] addr=2000318F bit=00000002
[ERR] seq=4862 err=536870912
[ERR] seq=4863 err=42949672
[ERR] seq=4864 err=46385640
[ERR] seq=4865 err=7146816
[ERR] seq=4866 err=4282592
[ERR] seq=4867 err=914344
[ERR] seq=4868 err=415744
[ERR] seq=4869 err=106400
[ERR] seq=4870 err=41768
[SEU] addr=200031A9 bit=00000000
[ERR] seq=4871 err=11848
[ERR] seq=4872 err=4280
[ERR] seq=4873 err=1280
[ERR] seq=4874 err=432
[SEU] addr=20003152 bit=00000006
[ERR] seq=4875 err=128
[ERR] seq=4876 err=40
[ERR] seq=4877 err=8
[SEU] addr=20003176 bit=00000004
[SEU] addr=200031AF bit=00000002
[SEU] addr=2000318F bit=00000003
[ERR] seq=4891 err=1073741824
[ERR] seq=4892 err=85899344
[ERR] seq=4893 err=92771288
[SEU] addr=200031AF bit=00000005
[ERR] seq=4894 err=14293640
[ERR] seq=4895 err=8565184
[SEU] addr=20003170 bit=00000001
[ERR] seq=4896 err=1828696
[ERR] seq=4897 err=831496
[ERR] seq=4898 err=212800
[ERR] seq=4899 err=83536
[ERR] seq=4900 err=23704
[ERR] seq=4901 err=8576
[ERR] seq=4902 err=2576
[ERR] seq=4903 err=880
[ERR] seq=4904 err=264
[SEU] addr=2000319A bit=00000002
[ERR] seq=4905 err=80
[ERR] seq=4906 err=16
[SEU] addr=20003169 bit=00000005
[SEU] addr=200031AF bit=00000001
[SEU] addr=200031AB bit=00000006
[SEU] addr=20003148 bit=00000006
[SAMPLE QUEUE CORRUPTED] primary repaired
[SEU] addr=20003161 bit=00000001
[SEU] addr=200031B5 bit=00000005
[SEU] addr=20003197 bit=00000002
[SEU] addr=2000318E bit=00000005
[ERR] seq=4943 err=16777216
[ERR] seq=4944 err=1342176
[ERR] seq=4945 err=1449544
[ERR] seq=4946 err=223328
[ERR] seq=4947 err=133824
[SEU] addr=200031C0 bit=00000004
[ERR] seq=4948 err=28568
[ERR] seq=4949 err=12984
[ERR] seq=4950 err=3312
[ERR] seq=4951 err=1296
[SEU] addr=20003173 bit=00000000
[ERR] seq=4952 err=360
[ERR] seq=4953 err=120
[ERR] seq=4954 err=32
[ERR] seq=4955 err=8
[SEU] addr=20003170 bit=00000000
[SEU] addr=20003164 bit=00000000
[SEU] addr=20003164 bit=00000002
[SEU] addr=2000317B bit=00000001
[SEU] addr=200031D7 bit=00000005
[SEU] addr=20003166 bit=00000004
[SEU] addr=2000315B bit=00000001
[SEU] addr=20003152 bit=00000007
[SEU] addr=200031CA bit=00000002
[SEU] addr=200031A6 bit=00000004
[SEU] addr=2000314C bit=00000000
[SAMPLE QUEUE backup CORRUPTED] backup repaired
[SEU] addr=2000316D bit=00000005
[SEU] addr=2000319F bit=00000003
[SEU] addr=2000315E bit=00000005
[CMD QUEUE backup CORRUPTED] backup repaired
[SEU] addr=20003152 bit=00000004
[SEU] addr=200031BF bit=00000006
[SEU] addr=2000317A bit=00000002
[SEU] addr=20003174 bit=00000007
[SEU] addr=20003186 bit=00000003
[ERR] seq=5056 err=2040
[ERR] seq=5057 err=152
[ERR] seq=5058 err=152
[SEU] addr=200031D6 bit=00000006
[SEU] addr=2000319D bit=00000005
[SEU] addr=20003169 bit=00000001
[SEU] addr=200031AF bit=00000003
[SEU] addr=200031AE bit=00000001
[SEU] addr=20003164 bit=00000007
[SEU] addr=2000317B bit=00000002
[SEU] addr=200031AC bit=00000000
[SEU] addr=20003198 bit=00000003
[SEU] addr=20003198 bit=00000006
[SEU] addr=200031A2 bit=00000005
[SEU] addr=20003181 bit=00000001
[SEU] addr=2000319C bit=00000004
[SEU] addr=2000318B bit=00000007
[SEU] addr=20003194 bit=00000006
[SEU] addr=200031DC bit=00000002
[SEU] addr=200031DA bit=00000000
[SEU] addr=200031B4 bit=00000001
[SEU] addr=20003175 bit=00000001
[SEU] addr=20003193 bit=00000000
[ERR] seq=5147 err=134217728
[ERR] seq=5148 err=10737416
[ERR] seq=5149 err=11596408
[ERR] seq=5150 err=1786704
[ERR] seq=5151 err=1070648
[ERR] seq=5152 err=228584
[ERR] seq=5153 err=103928
[ERR] seq=5154 err=26592
[ERR] seq=5155 err=10432
[ERR] seq=5156 err=2952
[SEU] addr=200031B8 bit=00000000
[ERR] seq=5157 err=1064
[ERR] seq=5158 err=312
[SEU] addr=2000314A bit=00000006
[ERR] seq=5159 err=104
[ERR] seq=5160 err=32
[SEU] addr=200031CB bit=00000004
[ERR] seq=5161 err=8
[SEU] addr=2000314B bit=00000004
[SEU] addr=2000318A bit=00000007
[ERR] seq=5166 err=67108864
[ERR] seq=5167 err=5368704
[ERR] seq=5168 err=5798200
[SEU] addr=2000316F bit=00000006
[ERR] seq=5169 err=893352
[ERR] seq=5170 err=535320
[ERR] seq=5171 err=114288
[ERR] seq=5172 err=51960
[ERR] seq=5173 err=13288
[ERR] seq=5174 err=5208
[ERR] seq=5175 err=1472
[ERR] seq=5176 err=528
[ERR] seq=5177 err=152
[ERR] seq=5178 err=48
[SEU] addr=200031B9 bit=00000001
[ERR] seq=5179 err=8
[SEU] addr=200031C2 bit=00000004
[SEU] addr=20003162 bit=00000006
[SEU] addr=200031A1 bit=00000002
[SEU] addr=20003163 bit=00000004
[SEU] addr=20003159 bit=00000000
[SEU] addr=200031C3 bit=00000006
[SEU] addr=200031DA bit=00000006
[SEU] addr=20003165 bit=00000005
[SEU] addr=20003150 bit=00000004
[SAMPLE QUEUE backup CORRUPTED] backup repaired
[SEU] addr=200031BA bit=00000001
[SEU] addr=200031A8 bit=00000003
[SEU] addr=20003184 bit=00000006
[ERR] seq=5245 err=5608
[ERR] seq=5246 err=440
[ERR] seq=5247 err=464
[ERR] seq=5248 err=48
[ERR] seq=5249 err=24
[SEU] addr=2000316F bit=00000007
[SEU] addr=20003179 bit=00000004
[SEU] addr=2000315F bit=00000003
[CMD QUEUE backup CORRUPTED] backup repaired
[SEU] addr=20003174 bit=00000004
[SEU] addr=20003187 bit=00000003
[ERR] seq=5277 err=504
[ERR] seq=5278 err=24
[ERR] seq=5279 err=24
[SEU] addr=200031D0 bit=00000002
[SEU] addr=200031DF bit=00000006
[SEU] addr=200031D3 bit=00000007
[SEU] addr=20003190 bit=00000003
[ERR] seq=5287 err=64
[SEU] addr=200031A7 bit=00000006
[SEU] addr=2000314C bit=00000003
[SAMPLE QUEUE backup CORRUPTED] backup repaired
[SEU] addr=200031C0 bit=00000005
[SEU] addr=2000319A bit=00000006
[SEU] addr=2000314C bit=00000005
[SAMPLE QUEUE backup CORRUPTED] backup repaired
[SEU] addr=2000318E bit=00000006
[ERR] seq=5320 err=33554432
[ERR] seq=5321 err=2684352
[ERR] seq=5322 err=2899096
[SEU] addr=200031A3 bit=00000003
[ERR] seq=5323 err=446664
[ERR] seq=5324 err=267648
[ERR] seq=5325 err=57136
[ERR] seq=5326 err=25976
[ERR] seq=5327 err=6640
[ERR] seq=5328 err=2600
[ERR] seq=5329 err=736
[ERR] seq=5330 err=264
[ERR] seq=5331 err=72
[SEU] addr=200031B7 bit=00000005
[ERR] seq=5332 err=16
[SEU] addr=20003160 bit=00000000
[CMD QUEUE backup CORRUPTED] backup repaired
[SEU] addr=20003185 bit=00000002
[ERR] seq=5341 err=5360
[ERR] seq=5342 err=416
[ERR] seq=5343 err=440
[ERR] seq=5344 err=48
[ERR] seq=5345 err=24
[SEU] addr=20003172 bit=00000004
[SEU] addr=200031A9 bit=00000002
[SEU] addr=2000319C bit=00000006
[SEU] addr=200031C4 bit=00000000
[SEU] addr=200031C6 bit=00000006
[SEU] addr=200031DF bit=00000000
[SEU] addr=200031A1 bit=00000003
[SEU] addr=2000319F bit=00000004
[SEU] addr=2000319E bit=00000001
[SEU] addr=20003172 bit=00000002
[SEU] addr=20003190 bit=00000007
[ERR] seq=5392 err=1024
[ERR] seq=5393 err=80
[ERR] seq=5394 err=80
[SEU] addr=200031B9 bit=00000003
[SEU] addr=200031A9 bit=00000004
[SEU] addr=2000319B bit=00000005
[SEU] addr=20003194 bit=00000004
[SEU] addr=20003185 bit=00000002
[ERR] seq=5421 err=4152
[ERR] seq=5422 err=320
[ERR] seq=5423 err=328
[ERR] seq=5424 err=16
[ERR] seq=5425 err=8
[SEU] addr=200031CB bit=00000003
[SEU] addr=200031C3 bit=00000007
[SEU] addr=200031B9 bit=00000000
[SEU] addr=200031B9 bit=00000005
[SEU] addr=2000318F bit=00000002
[ERR] seq=5443 err=536870912
[ERR] seq=5444 err=42949672
[ERR] seq=5445 err=46385640
[ERR] seq=5446 err=7146816
[ERR] seq=5447 err=4282592
[ERR] seq=5448 err=914344
[ERR] seq=5449 err=415744
[ERR] seq=5450 err=106400
[SEU] addr=200031DE bit=00000002
[ERR] seq=5451 err=41768
[ERR] seq=5452 err=11848
[ERR] seq=5453 err=4280
[ERR] seq=5454 err=1280
[ERR] seq=5455 err=432
[ERR] seq=5456 err=128
[SEU] addr=20003176 bit=00000002
[ERR] seq=5457 err=40
[ERR] seq=5458 err=8
[SEU] addr=200031A6 bit=00000000
[SEU] addr=200031D5 bit=00000006
[SEU] addr=2000319A bit=00000001
[SEU] addr=200031DB bit=00000005
[SEU] addr=2000318C bit=00000000
[ERR] seq=5479 err=8
[SEU] addr=200031D7 bit=00000005
[SEU] addr=2000315B bit=00000004
[SEU] addr=20003170 bit=00000006
[SEU] addr=2000314A bit=00000000
[SEU] addr=200031B1 bit=00000001
[SEU] addr=200031AC bit=00000001
[SEU] addr=2000315F bit=00000003
[CMD QUEUE backup CORRUPTED] backup repaired
[SEU] addr=20003156 bit=00000005
[CMD QUEUE CORRUPTED] primary repaired
[SEU] addr=2000316C bit=00000004
[SEU] addr=200031D9 bit=00000007
[SEU] addr=200031D5 bit=00000000
[SEU] addr=20003162 bit=00000006
[SEU] addr=2000317E bit=00000006
[SEU] addr=200031CE bit=00000000
[SEU] addr=200031D5 bit=00000006
[SEU] addr=200031A0 bit=00000007
[SEU] addr=2000314C bit=00000000
[SAMPLE QUEUE backup CORRUPTED] backup repaired
[SEU] addr=200031B6 bit=00000006
[SEU] addr=2000318C bit=00000005
[ERR] seq=5591 err=256
[ERR] seq=5592 err=16
[ERR] seq=5593 err=16
[SEU] addr=200031A3 bit=00000005
[SEU] addr=200031CF bit=00000004
[SEU] addr=200031CA bit=00000002
[SEU] addr=2000319C bit=00000002
[SEU] addr=200031DE bit=00000002
[SEU] addr=20003174 bit=00000005
[SEU] addr=200031BA bit=00000007
[SEU] addr=200031CE bit=00000004
[SEU] addr=2000314D bit=00000001
[SAMPLE QUEUE backup CORRUPTED] backup repaired
[SEU] addr=20003167 bit=00000007
[SEU] addr=200031B4 bit=00000002
[SEU] addr=20003195 bit=00000004
[SEU] addr=20003181 bit=00000005
[SEU] addr=200031CA bit=00000006
[SEU] addr=200031D1 bit=00000004
[SEU] addr=2000315E bit=00000003
[CMD QUEUE backup CORRUPTED] backup repaired
[SEU] addr=200031CC bit=00000001
[SEU] addr=2000317C bit=00000001
[SEU] addr=2000319B bit=00000004
[SEU] addr=20003147 bit=00000005
[SAMPLE QUEUE CORRUPTED] primary repaired
[SEU] addr=200031DC bit=00000005
[SEU] addr=2000317C bit=00000002
[SEU] addr=2000316C bit=00000004
[SEU] addr=20003194 bit=00000004
[SEU] addr=200031A7 bit=00000002
[SEU] addr=200031C6 bit=00000001
[SEU] addr=200031BF bit=00000007
[SEU] addr=20003147 bit=00000001
[SAMPLE QUEUE CORRUPTED] primary repaired
[SEU] addr=200031B5 bit=00000005
[SEU] addr=20003168 bit=00000003
[SEU] addr=20003184 bit=00000003
[ERR] seq=5747 err=1088
[ERR] seq=5748 err=72
[ERR] seq=5749 err=72
[SEU] addr=200031AC bit=00000004
[SEU] addr=200031DC bit=00000003
[SEU] addr=20003193 bit=00000000
[ERR] seq=5760 err=134217728
[ERR] seq=5761 err=10737416
[ERR] seq=5762 err=11596408
[ERR] seq=5763 err=1786704
[ERR] seq=5764 err=1070648
[ERR] seq=5765 err=228584
[ERR] seq=5766 err=103928
[SEU] addr=2000317B bit=00000000
[ERR] seq=5767 err=26592
[ERR] seq=5768 err=10432
[ERR] seq=5769 err=2952
[ERR] seq=5770 err=1064
[ERR] seq=5771 err=312
[SEU] addr=200031DD bit=00000003
[ERR] seq=5772 err=104
[SEU] addr=200031AD bit=00000002
[ERR] seq=5773 err=32
[ERR] seq=5774 err=8
[SEU] addr=200031B0 bit=00000004
[SEU] addr=2000317B bit=00000003
[SEU] addr=200031D9 bit=00000006
[SEU] addr=2000314E bit=00000007
[SAMPLE QUEUE backup CORRUPTED] backup repaired
[SEU] addr=2000314B bit=00000001
[SEU] addr=20003178 bit=00000002
[SEU] addr=2000316A bit=00000002
[SEU] addr=2000319F bit=00000004
[SEU] addr=200031A4 bit=00000002
[SEU] addr=2000318E bit=00000004
[ERR] seq=5820 err=8388608
[ERR] seq=5821 err=671088
[ERR] seq=5822 err=724768
[ERR] seq=5823 err=111656
[ERR] seq=5824 err=66904
[ERR] seq=5825 err=14280
[ERR] seq=5826 err=6488
[SEU] addr=200031B4 bit=00000007
[ERR] seq=5827 err=1648
[ERR] seq=5828 err=640
[SEU] addr=2000319F bit=00000000
[ERR] seq=5829 err=176
[ERR] seq=5830 err=56
[ERR] seq=5831 err=8
[SEU] addr=200031BE bit=00000006
[SEU] addr=20003195 bit=00000007
[SEU] addr=2000314E bit=00000005
[SAMPLE QUEUE backup CORRUPTED] backup repaired
[SEU] addr=2000319A bit=00000006
[SEU] addr=200031C1 bit=00000000
[SEU] addr=200031A6 bit=00000005
[SEU] addr=20003183 bit=00000005
[SEU] addr=20003172 bit=00000002
[SEU] addr=200031CE bit=00000001
[SEU] addr=2000318B bit=00000001
[ERR] seq=5876 err=268435456
[ERR] seq=5877 err=21474832
[ERR] seq=5878 err=23192816
[ERR] seq=5879 err=3573408
[ERR] seq=5880 err=2141296
[ERR] seq=5881 err=457168
[ERR] seq=5882 err=207864
[ERR] seq=5883 err=53192
[SEU] addr=200031AE bit=00000005
[ERR] seq=5884 err=20872
[ERR] seq=5885 err=5912
[ERR] seq=5886 err=2136
[ERR] seq=5887 err=640
[ERR] seq=5888 err=216
[ERR] seq=5889 err=64
[SEU] addr=20003187 bit=00000001
[ERR] seq=5890 err=288
[ERR] seq=5891 err=8
[SEU] addr=2000318D bit=00000007
[ERR] seq=5892 err=262152
[ERR] seq=5893 err=20968
[SEU] addr=200031C8 bit=00000004
[ERR] seq=5894 err=22640
[ERR] seq=5895 err=3480
[SEU] addr=2000319C bit=00000007
[ERR] seq=5896 err=2080
[ERR] seq=5897 err=432
[ERR] seq=5898 err=192
[ERR] seq=5899 err=40
[ERR] seq=5900 err=8
[SEU] addr=200031B4 bit=00000006
[SEU] addr=20003148 bit=00000007
[SAMPLE QUEUE CORRUPTED] primary repaired
[SEU] addr=200031C5 bit=00000004
[SEU] addr=2000316A bit=00000002
[SEU] addr=200031C2 bit=00000004
[SEU] addr=200031BB bit=00000005
[SEU] addr=2000318C bit=00000007
[ERR] seq=5929 err=1024
[ERR] seq=5930 err=80
[ERR] seq=5931 err=80
[SEU] addr=200031C6 bit=00000006
[SEU] addr=2000317A bit=00000007
[SEU] addr=2000316B bit=00000007
[SEU] addr=200031D8 bit=00000003
[SEU] addr=2000316F bit=00000001
[SEU] addr=20003172 bit=00000004
[SEU] addr=20003170 bit=00000004
[SEU] addr=200031D1 bit=00000004
[SEU] addr=20003172 bit=00000004
[SEU] addr=200031A5 bit=00000001
[SEU] addr=20003190 bit=00000000
[ERR] seq=5984 err=8
[SEU] addr=20003198 bit=00000001
[SEU] addr=200031D0 bit=00000001
[SEU] addr=200031C9 bit=00000007
[SEU] addr=200031AE bit=00000000
[SEU] addr=2000315E bit=00000006
[CMD QUEUE backup CORRUPTED] backup repaired
[SEU] addr=2000316E bit=00000002
[SEU] addr=2000317C bit=00000004
[SEU] addr=20003169 bit=00000003
[SEU] addr=2000316B bit=00000007
[SEU] addr=20003148 bit=00000001
[SAMPLE QUEUE CORRUPTED] primary repaired
[SEU] addr=200031A6 bit=00000007
[SEU] addr=20003194 bit=00000006
[SEU] addr=200031D2 bit=00000003
[SEU] addr=2000317D bit=00000007
[SEU] addr=200031A4 bit=00000005
[SEU] addr=200031D4 bit=00000007
[SEU] addr=2000317A bit=00000001
[SEU] addr=20003175 bit=00000000
[SEU] addr=2000315B bit=00000003
[SEU] addr=2000318C bit=00000006
[ERR] seq=6089 err=512
[ERR] seq=6090 err=40
[ERR] seq=6091 err=40
[SEU] addr=20003144 bit=00000000
[SAMPLE QUEUE CORRUPTED] primary repaired
[SEU] addr=2000317A bit=00000000
[SEU] addr=20003179 bit=00000003
[SEU] addr=200031CB bit=00000002
[SEU] addr=20003147 bit=00000005
[SAMPLE QUEUE CORRUPTED] primary repaired
[SEU] addr=20003144 bit=00000006
[SAMPLE QUEUE CORRUPTED] primary repaired
[SEU] addr=2000317B bit=00000007
[SEU] addr=200031D8 bit=00000001
[SEU] addr=2000318F bit=00000005
[SEU] addr=200031D2 bit=00000005
[SEU] addr=20003167 bit=00000007
[SEU] addr=200031DA bit=00000003
[SEU] addr=20003160 bit=00000002
[CMD QUEUE backup CORRUPTED] backup repaired
[SEU] addr=20003155 bit=00000002
[CMD QUEUE CORRUPTED] primary repaired
[SEU] addr=20003161 bit=00000004
[SEU] addr=200031B5 bit=00000001
[SEU] addr=200031D4 bit=00000007
[SEU] addr=20003180 bit=00000007
[SEU] addr=200031BA bit=00000006
[SEU] addr=20003181 bit=00000006
[SEU] addr=20003175 bit=00000007
[SEU] addr=20003166 bit=00000005
[SEU] addr=20003179 bit=00000004
[SEU] addr=20003188 bit=00000006
[ERR] seq=6241 err=512
[ERR] seq=6242 err=40
[SEU] addr=200031D8 bit=00000007
[ERR] seq=6243 err=40
[SEU] addr=200031A2 bit=00000005
[SEU] addr=200031D1 bit=00000001
[SEU] addr=20003170 bit=00000004
[SEU] addr=200031D0 bit=00000007
[SEU] addr=20003190 bit=00000004
[ERR] seq=6270 err=128
[ERR] seq=6271 err=8
[ERR] seq=6272 err=8
[SEU] addr=2000316B bit=00000005
[SEU] addr=200031BC bit=00000000
[SEU] addr=200031A0 bit=00000001
[SEU] addr=20003186 bit=00000006
[ERR] seq=6293 err=4768
[ERR] seq=6294 err=368
[ERR] seq=6295 err=384
[ERR] seq=6296 err=32
[ERR] seq=6297 err=16
[SEU] addr=2000319F bit=00000004
[SEU] addr=20003192 bit=00000006
[ERR] seq=6300 err=33554432
[ERR] seq=6301 err=2684352
[ERR] seq=6302 err=2899096
[ERR] seq=6303 err=446664
[ERR] seq=6304 err=267648
[ERR] seq=6305 err=57136
[SEU] addr=200031B3 bit=00000006
[ERR] seq=6306 err=25976
[ERR] seq=6307 err=6640
[ERR] seq=6308 err=2600
[ERR] seq=6309 err=736
[ERR] seq=6310 err=264
[ERR] seq=6311 err=72
[ERR] seq=6312 err=16
[SEU] addr=20003165 bit=00000000
[SEU] addr=20003193 bit=00000001
[ERR] seq=6319 err=268435456
[ERR] seq=6320 err=21474832
[ERR] seq=6321 err=23192816
[ERR] seq=6322 err=3573408
[SEU] addr=200031BF bit=00000002
[ERR] seq=6323 err=2141296
[ERR] seq=6324 err=457168
[ERR] seq=6325 err=207864
[ERR] seq=6326 err=53192
[ERR] seq=6327 err=20872
[ERR] seq=6328 err=5912
[ERR] seq=6329 err=2136
[SEU] addr=2000318A bit=00000000
[ERR] seq=6330 err=524928
[ERR] seq=6331 err=42152
[ERR] seq=6332 err=45352
[ERR] seq=6333 err=6984
[ERR] seq=6334 err=4168
[ERR] seq=6335 err=880
[ERR] seq=6336 err=392
[ERR] seq=6337 err=88
[SEU] addr=2000315A bit=00000004
[ERR] seq=6338 err=24
[SEU] addr=20003188 bit=00000000
[ERR] seq=6341 err=8
[SEU] addr=200031D5 bit=00000006
[SEU] addr=20003188 bit=00000003
[ERR] seq=6352 err=64
[SEU] addr=2000316F bit=00000004
[SEU] addr=200031A6 bit=00000001
[SEU] addr=20003145 bit=00000004
[SAMPLE QUEUE CORRUPTED] primary repaired
[SEU] addr=200031C2 bit=00000006
[SEU] addr=2000317F bit=00000000
[SEU] addr=2000318F bit=00000004
[ERR] seq=6379 err=2147483648
[ERR] seq=6380 err=171798688
[ERR] seq=6381 err=185542576
[SEU] addr=200031A3 bit=00000004
[ERR] seq=6382 err=28587288
[ERR] seq=6383 err=17130376
[ERR] seq=6384 err=3657400
[ERR] seq=6385 err=1663016
[ERR] seq=6386 err=425632
[ERR] seq=6387 err=167088
[ERR] seq=6388 err=47408
[ERR] seq=6389 err=17152
[ERR] seq=6390 err=5160
[SEU] addr=20003174 bit=00000000
[ERR] seq=6391 err=1776
[ERR] seq=6392 err=544
[ERR] seq=6393 err=176
[ERR] seq=6394 err=48
[ERR] seq=6395 err=8
[SEU] addr=200031A7 bit=00000005
[SEU] addr=20003164 bit=00000007
[SEU] addr=20003168 bit=00000004
[SEU] addr=2000317D bit=00000001
[SEU] addr=2000314E bit=00000004
[SAMPLE QUEUE backup CORRUPTED] backup repaired
[SEU] addr=20003145 bit=00000003
[SAMPLE QUEUE CORRUPTED] primary repaired
[SEU] addr=20003153 bit=00000003
[SEU] addr=200031B2 bit=00000003
[SEU] addr=200031C6 bit=00000006
[SEU] addr=2000319A bit=00000003
[SEU] addr=200031A1 bit=00000000
[SEU] addr=200031B3 bit=00000001
[SEU] addr=200031CD bit=00000001
[SEU] addr=200031A5 bit=00000003
[SEU] addr=200031C5 bit=00000006
[SEU] addr=20003169 bit=00000003
[SEU] addr=200031DA bit=00000004
[SEU] addr=20003189 bit=00000001
[ERR] seq=6492 err=4096
[ERR] seq=6493 err=320
[ERR] seq=6494 err=344
[ERR] seq=6495 err=48
[ERR] seq=6496 err=24
[SEU] addr=2000315C bit=00000000
[CMD QUEUE backup CORRUPTED] backup repaired
[SEU] addr=200031DE bit=00000005
[SEU] addr=200031D7 bit=00000000
[SEU] addr=20003180 bit=00000001
[SEU] addr=200031B0 bit=00000002
[SEU] addr=2000318C bit=00000004
[ERR] seq=6529 err=128
[ERR] seq=6530 err=8
[ERR] seq=6531 err=8
[SEU] addr=20003189 bit=00000004
[ERR] seq=6535 err=32768
[ERR] seq=6536 err=2616
[SEU] addr=2000316E bit=00000005
[ERR] seq=6537 err=2824
[ERR] seq=6538 err=432
[ERR] seq=6539 err=256
[ERR] seq=6540 err=48
[ERR] seq=6541 err=16
[SEU] addr=200031A8 bit=00000006
[SEU] addr=2000318F bit=00000002
[ERR] seq=6553 err=536870912
[ERR] seq=6554 err=42949672
[ERR] seq=6555 err=46385640
[ERR] seq=6556 err=7146816
[ERR] seq=6557 err=4282592
[ERR] seq=6558 err=914344
[SEU] addr=20003185 bit=00000006
[ERR] seq=6559 err=421712
[SEU] addr=20003176 bit=00000000
[ERR] seq=6560 err=106864
[ERR] seq=6561 err=42256
[ERR] seq=6562 err=11904
[ERR] seq=6563 err=4312
[ERR] seq=6564 err=1280
[ERR] seq=6565 err=432
[ERR] seq=6566 err=128
[ERR] seq=6567 err=40
[ERR] seq=6568 err=8
[SEU] addr=20003183 bit=00000004
[SEU] addr=200031C7 bit=00000001
[SEU] addr=20003151 bit=00000005
[SEU] addr=20003191 bit=00000007
[ERR] seq=6582 err=262144
[ERR] seq=6583 err=20968
[ERR] seq=6584 err=22640
[ERR] seq=6585 err=3480
[ERR] seq=6586 err=2080
[ERR] seq=6587 err=432
[SEU] addr=20003173 bit=00000006
[ERR] seq=6588 err=192
[ERR] seq=6589 err=40
[SEU] addr=200031CA bit=00000000
[ERR] seq=6590 err=8
[SEU] addr=200031D9 bit=00000000
[SEU] addr=200031A6 bit=00000006
[SEU] addr=20003167 bit=00000001
[SEU] addr=200031CF bit=00000000
[SEU] addr=200031C8 bit=00000002
[SEU] addr=2000319E bit=00000003
[SEU] addr=20003190 bit=00000004
[ERR] seq=6624 err=128
[ERR] seq=6625 err=8
[ERR] seq=6626 err=8
[SEU] addr=200031D4 bit=00000001
[SEU] addr=20003175 bit=00000001
[SEU] addr=200031AE bit=00000000
[SEU] addr=20003179 bit=00000004
[SEU] addr=20003144 bit=00000004
[SAMPLE QUEUE CORRUPTED] primary repaired
[SEU] addr=20003157 bit=00000004
[CMD QUEUE CORRUPTED] primary repaired
[SEU] addr=2000314D bit=00000007
[SAMPLE QUEUE backup CORRUPTED] backup repaired
[SEU] addr=20003150 bit=00000006
[SAMPLE QUEUE backup CORRUPTED] backup repaired
[SEU] addr=200031A5 bit=00000003
[SEU] addr=20003182 bit=00000002
[SEU] addr=200031CE bit=00000007
[SEU] addr=20003155 bit=00000007
[CMD QUEUE CORRUPTED] primary repaired
[SEU] addr=2000319B bit=00000003
[SEU] addr=20003157 bit=00000006
[CMD QUEUE CORRUPTED] primary repaired
[SEU] addr=20003171 bit=00000002
[SEU] addr=20003172 bit=00000005
[SEU] addr=20003191 bit=00000003
[ERR] seq=6725 err=16384
[ERR] seq=6726 err=1304
[ERR] seq=6727 err=1408
[ERR] seq=6728 err=216
[ERR] seq=6729 err=128
[ERR] seq=6730 err=24
[ERR] seq=6731 err=8
[SEU] addr=2000316C bit=00000004
[SEU] addr=200031C7 bit=00000005
[SEU] addr=200031D7 bit=00000003
[SEU] addr=2000316B bit=00000006
[SEU] addr=20003145 bit=00000007
[SAMPLE QUEUE CORRUPTED] primary repaired
[SEU] addr=20003170 bit=00000002
[SEU] addr=2000317C bit=00000004
[SEU] addr=20003160 bit=00000007
[CMD QUEUE backup CORRUPTED] backup repaired
[SEU] addr=20003164 bit=00000005
[SEU] addr=2000319E bit=00000006
[SEU] addr=200031D3 bit=00000001
[SEU] addr=20003166 bit=00000003
[SEU] addr=200031A2 bit=00000001
[SEU] addr=20003192 bit=00000007
[ERR] seq=6795 err=67108864
[ERR] seq=6796 err=5368704
[ERR] seq=6797 err=5798200
[ERR] seq=6798 err=893352
[ERR] seq=6799 err=535320
[ERR] seq=6800 err=114288
[ERR] seq=6801 err=51960
[ERR] seq=6802 err=13288
[ERR] seq=6803 err=5208
[SEU] addr=2000318E bit=00000007
[ERR] seq=6804 err=67110336
[ERR] seq=6805 err=5369232
[ERR] seq=6806 err=5798352
[SEU] addr=200031C0 bit=00000007
[ERR] seq=6807 err=893400
[SEU] addr=20003186 bit=00000001
[ERR] seq=6808 err=539104
[ERR] seq=6809 err=114576
[SEU] addr=200031B5 bit=00000006
[ERR] seq=6810 err=52264
[ERR] seq=6811 err=13320
[ERR] seq=6812 err=5232
[ERR] seq=6813 err=1480
[ERR] seq=6814 err=528
[ERR] seq=6815 err=152
[ERR] seq=6816 err=48
[ERR] seq=6817 err=8
[SEU] addr=2000318C bit=00000004
[ERR] seq=6820 err=128
[SEU] addr=200031DF bit=00000004
[ERR] seq=6821 err=8
[ERR] seq=6822 err=8
[SEU] addr=200031AD bit=00000007
[SEU] addr=2000314D bit=00000005
[SAMPLE QUEUE backup CORRUPTED] backup repaired
[SEU] addr=20003187 bit=00000003
[ERR] seq=6835 err=1384
[ERR] seq=6836 err=96
[ERR] seq=6837 err=96
[SEU] addr=2000314A bit=00000005
[SEU] addr=200031CD bit=00000005
[SEU] addr=200031DA bit=00000001
[SEU] addr=2000315D bit=00000000
[CMD QUEUE backup CORRUPTED] backup repaired
[SEU] addr=20003156 bit=00000004
[CMD QUEUE CORRUPTED] primary repaired
[SEU] addr=200031CE bit=00000000
[SEU] addr=200031CA bit=00000002
[SEU] addr=2000319F bit=00000002
[SEU] addr=2000317A bit=00000000
[SEU] addr=20003150 bit=00000007
[SAMPLE QUEUE backup CORRUPTED] backup repaired
[SEU] addr=20003193 bit=00000002
[ERR] seq=6902 err=536870912
[ERR] seq=6903 err=42949672
[ERR] seq=6904 err=46385640
[ERR] seq=6905 err=7146816
[ERR] seq=6906 err=4282592
[ERR] seq=6907 err=914344
[ERR] seq=6908 err=415744
[ERR] seq=6909 err=106400
[ERR] seq=6910 err=41768
[SEU] addr=200031A6 bit=00000007
[ERR] seq=6911 err=11848
[ERR] seq=6912 err=4280
[ERR] seq=6913 err=1280
[ERR] seq=6914 err=432
[ERR] seq=6915 err=128
[ERR] seq=6916 err=40
[ERR] seq=6917 err=8
[SEU] addr=20003193 bit=00000006
[SEU] addr=2000314E bit=00000005
[SAMPLE QUEUE backup CORRUPTED] backup repaired
[SEU] addr=2000319F bit=00000003
[SEU] addr=200031B6 bit=00000007
[SEU] addr=200031B4 bit=00000000
[SEU] addr=200031D6 bit=00000006
[SEU] addr=20003181 bit=00000005
[SEU] addr=2000318C bit=00000004
[ERR] seq=6950 err=128
[ERR] seq=6951 err=8
[ERR] seq=6952 err=8
[SEU] addr=200031B6 bit=00000003
[SEU] addr=200031BB bit=00000004
[SEU] addr=2000319D bit=00000005
[SEU] addr=20003172 bit=00000000
[SEU] addr=2000316E bit=00000000
[SEU] addr=20003174 bit=00000002
[SEU] addr=2000319E bit=00000002
[SEU] addr=2000316F bit=00000004
[SEU] addr=2000315F bit=00000005
[CMD QUEUE backup CORRUPTED] backup repaired
[SEU] addr=200031AD bit=00000005
[SEU] addr=20003172 bit=00000002
[SEU] addr=20003177 bit=00000006
[SEU] addr=2000319D bit=00000007
[SEU] addr=2000316E bit=00000004
[SEU] addr=2000319E bit=00000001
[SEU] addr=20003193 bit=00000005
[SEU] addr=2000319E bit=00000000
[SEU] addr=200031B8 bit=00000007
[SEU] addr=2000318D bit=00000007
[ERR] seq=7061 err=262144
[ERR] seq=7062 err=20968
[ERR] seq=7063 err=22640
[SEU] addr=20003167 bit=00000001
[ERR] seq=7064 err=3480
[ERR] seq=7065 err=2080
[ERR] seq=7066 err=432
[ERR] seq=7067 err=192
[ERR] seq=7068 err=40
[ERR] seq=7069 err=8
[SEU] addr=200031B7 bit=00000000
[SEU] addr=20003178 bit=00000007
[SEU] addr=20003189 bit=00000007
[ERR] seq=7084 err=262144
[ERR] seq=7085 err=20968
[ERR] seq=7086 err=22640
[ERR] seq=7087 err=3480
[ERR] seq=7088 err=2080
[SEU] addr=2000319F bit=00000007
[ERR] seq=7089 err=432
[ERR] seq=7090 err=192
[ERR] seq=7091 err=40
[ERR] seq=7092 err=8
[SEU] addr=2000315B bit=00000007
[SEU] addr=20003153 bit=00000006
[SEU] addr=20003183 bit=00000001
[SEU] addr=2000314E bit=00000001
[SAMPLE QUEUE backup CORRUPTED] backup repaired
[SEU] addr=200031A4 bit=00000003
[SEU] addr=200031C8 bit=00000001
[SEU] addr=20003157 bit=00000000
[CMD QUEUE CORRUPTED] primary repaired
[SEU] addr=2000318B bit=00000003
[ERR] seq=7130 err=1073741824
[ERR] seq=7131 err=85899344
[ERR] seq=7132 err=92771288
[ERR] seq=7133 err=14293640
[SEU] addr=2000315E bit=00000004
[CMD QUEUE backup CORRUPTED] backup repaired
[ERR] seq=7134 err=8565184
[SEU] addr=200031A1 bit=00000004
[ERR] seq=7135 err=1828696
[ERR] seq=7136 err=831496
[SEU] addr=200031BA bit=00000007
[ERR] seq=7137 err=212800
[ERR] seq=7138 err=83536
[SEU] addr=20003150 bit=00000007
[SAMPLE QUEUE backup CORRUPTED] backup repaired
[ERR] seq=7139 err=23704
[ERR] seq=7140 err=8576
[ERR] seq=7141 err=2576
[SEU] addr=20003148 bit=00000007
[SAMPLE QUEUE CORRUPTED] primary repaired
[ERR] seq=7142 err=880
[ERR] seq=7143 err=264
[ERR] seq=7144 err=80
[ERR] seq=7145 err=16
[SEU] addr=200031A2 bit=00000000
[SEU] addr=20003149 bit=00000007
[SEU] addr=200031C5 bit=00000004
[SEU] addr=200031D0 bit=00000003
[SEU] addr=200031A7 bit=00000004
[SEU] addr=2000316B bit=00000003
[SEU] addr=2000318E bit=00000000
[ERR] seq=7172 err=524288
[ERR] seq=7173 err=41936
[ERR] seq=7174 err=45288
[SEU] addr=2000315E bit=00000001
[CMD QUEUE backup CORRUPTED] backup repaired
[ERR] seq=7175 err=6968
[ERR] seq=7176 err=4168
[ERR] seq=7177 err=880
[ERR] seq=7178 err=392
[ERR] seq=7179 err=88
[ERR] seq=7180 err=24
[SEU] addr=200031B4 bit=00000001
[SEU] addr=20003155 bit=00000000
[CMD QUEUE CORRUPTED] primary repaired
[SEU] addr=200031BE bit=00000007
[SEU] addr=2000316E bit=00000001
[SEU] addr=200031B5 bit=00000007
[SEU] addr=200031D9 bit=00000007
[SEU] addr=20003183 bit=00000007
[SEU] addr=2000317C bit=00000005
[SEU] addr=20003176 bit=00000007
[SEU] addr=200031A5 bit=00000005
[SEU] addr=20003162 bit=00000006
[SEU] addr=200031D0 bit=00000003
[SEU] addr=200031BA bit=00000005
[SEU] addr=20003149 bit=00000002
[SEU] addr=200031AB bit=00000000
[SEU] addr=20003188 bit=00000000
[ERR] seq=7254 err=8
[SEU] addr=20003197 bit=00000004
[SEU] addr=2000315E bit=00000007
[CMD QUEUE backup CORRUPTED] backup repaired
[SEU] addr=200031A4 bit=00000000
[SEU] addr=2000318E bit=00000006
[ERR] seq=7275 err=33554432
[ERR] seq=7276 err=2684352
[ERR] seq=7277 err=2899096
[ERR] seq=7278 err=446664
[SEU] addr=2000319C bit=00000003
[ERR] seq=7279 err=267648
[ERR] seq=7280 err=57136
[ERR] seq=7281 err=25976
[ERR] seq=7282 err=6640
[ERR] seq=7283 err=2600
[ERR] seq=7284 err=736
[SEU] addr=2000317D bit=00000001
[ERR] seq=7285 err=264
[ERR] seq=7286 err=72
[ERR] seq=7287 err=16
[SEU] addr=200031C1 bit=00000007
[SEU] addr=200031AF bit=00000000
[SEU] addr=20003174 bit=00000006
[SEU] addr=20003185 bit=00000006
[ERR] seq=7305 err=13016
[ERR] seq=7306 err=1032
[ERR] seq=7307 err=1096
[ERR] seq=7308 err=136
[ERR] seq=7309 err=72
[SEU] addr=200031C9 bit=00000002
[SEU] addr=2000314D bit=00000002
[SAMPLE QUEUE backup CORRUPTED] backup repaired
[SEU] addr=2000319F bit=00000002
[SEU] addr=200031B5 bit=00000003
[SEU] addr=2000315E bit=00000007
[CMD QUEUE backup CORRUPTED] backup repaired
[SEU] addr=20003152 bit=00000006
[SEU] addr=2000315F bit=00000005
[CMD QUEUE backup CORRUPTED] backup repaired
[SEU] addr=2000319B bit=00000007
[SEU] addr=200031AD bit=00000005
[SEU] addr=200031D8 bit=00000000
[SEU] addr=20003162 bit=00000005
[SEU] addr=2000314C bit=00000005
[SAMPLE QUEUE backup CORRUPTED] backup repaired
[SEU] addr=20003166 bit=00000002
[SEU] addr=200031CB bit=00000005
[SEU] addr=2000317C bit=00000003
[SEU] addr=20003168 bit=00000002
[SEU] addr=2000315A bit=00000001
[SEU] addr=20003190 bit=00000006
[ERR] seq=7396 err=512
[ERR] seq=7397 err=40
[ERR] seq=7398 err=40
[SEU] addr=20003169 bit=00000006
[SEU] addr=200031B3 bit=00000001
[SEU] addr=200031BC bit=00000007
[SEU] addr=20003158 bit=00000007
[CMD QUEUE CORRUPTED] primary repaired
[SEU] addr=2000319D bit=00000001
[SEU] addr=200031CB bit=00000006
[SEU] addr=20003160 bit=00000000
[CMD QUEUE backup CORRUPTED] backup repaired
[SEU] addr=200031D3 bit=00000006
[SEU] addr=2000316C bit=00000001
[SEU] addr=200031CC bit=00000006
[SEU] addr=200031BC bit=00000003
[SEU] addr=200031DE bit=00000006
[SEU] addr=20003177 bit=00000001
[SEU] addr=20003176 bit=00000001
[SEU] addr=2000315D bit=00000003
[CMD QUEUE backup CORRUPTED] backup repaired
[SEU] addr=200031DA bit=00000007
[SEU] addr=20003146 bit=00000000
[SAMPLE QUEUE CORRUPTED] primary repaired
[SEU] addr=200031C2 bit=00000003
[SEU] addr=200031D9 bit=00000000
[SEU] addr=2000315F bit=00000006
[CMD QUEUE backup CORRUPTED] backup repaired
[SEU] addr=200031D9 bit=00000002
[SEU] addr=20003179 bit=00000003
[SEU] addr=200031B3 bit=00000001
[SEU] addr=2000314E bit=00000007
[SAMPLE QUEUE backup CORRUPTED] backup repaired
[SEU] addr=2000317D bit=00000006
[SEU] addr=20003181 bit=00000006
[SEU] addr=2000318C bit=00000004
[ERR] seq=7527 err=128
[ERR] seq=7528 err=8
[ERR] seq=7529 err=8
[SEU] addr=20003190 bit=00000005
[ERR] seq=7536 err=256
[ERR] seq=7537 err=16
[ERR] seq=7538 err=16
[SEU] addr=200031A3 bit=00000005
[SEU] addr=200031DF bit=00000006
[SEU] addr=200031C7 bit=00000004
[SEU] addr=20003162 bit=00000005
[SEU] addr=2000316A bit=00000005
[SEU] addr=200031AA bit=00000007
[SEU] addr=20003186 bit=00000004
[ERR] seq=7579 err=8928
[ERR] seq=7580 err=704
[ERR] seq=7581 err=744
[ERR] seq=7582 err=96
[ERR] seq=7583 err=56
[SEU] addr=200031A3 bit=00000007
[SEU] addr=20003195 bit=00000006
[SEU] addr=20003146 bit=00000000
[SAMPLE QUEUE CORRUPTED] primary repaired
[SEU] addr=2000316C bit=00000002
[SEU] addr=20003187 bit=00000002
[ERR] seq=7598 err=8304
[ERR] seq=7599 err=656
[ERR] seq=7600 err=696
[ERR] seq=7601 err=80
[ERR] seq=7602 err=40
[SEU] addr=20003175 bit=00000007
[SEU] addr=200031DD bit=00000003
[SEU] addr=20003183 bit=00000005
[SEU] addr=20003169 bit=00000000
[SEU] addr=2000317E bit=00000003
[SEU] addr=20003182 bit=00000004
[SEU] addr=20003180 bit=00000000
[SEU] addr=2000315D bit=00000006
[CMD QUEUE backup CORRUPTED] backup repaired
[SEU] addr=2000317E bit=00000006
[SEU] addr=200031DB bit=00000001
[SEU] addr=200031AD bit=00000002
[SEU] addr=2000317F bit=00000007
[SEU] addr=200031A3 bit=00000005
[SEU] addr=200031D1 bit=00000006
[SEU] addr=200031C4 bit=00000005
[SEU] addr=20003149 bit=00000005
[SEU] addr=20003164 bit=00000000
[SEU] addr=200031C5 bit=00000005
[SEU] addr=2000316C bit=00000006
[SEU] addr=200031A3 bit=00000004
[SEU] addr=200031D8 bit=00000001
[SEU] addr=20003147 bit=00000006
[SAMPLE QUEUE CORRUPTED] primary repaired
[SEU] addr=20003172 bit=00000002
[SEU] addr=20003171 bit=00000000
[SEU] addr=2000317D bit=00000000
[SEU] addr=200031D6 bit=00000001
[SEU] addr=200031C4 bit=00000002
[SEU] addr=200031CF bit=00000007
[SEU] addr=200031D0 bit=00000007
[SEU] addr=20003150 bit=00000005
[SAMPLE QUEUE backup CORRUPTED] backup repaired
[SEU] addr=2000314E bit=00000005
[SAMPLE QUEUE backup CORRUPTED] backup repaired
[SEU] addr=20003181 bit=00000001
[SEU] addr=20003168 bit=00000000
[SEU] addr=20003153 bit=00000005
[SEU] addr=200031D2 bit=00000005
[SEU] addr=200031BC bit=00000004
[SEU] addr=20003193 bit=00000006
[SEU] addr=2000319D bit=00000001
[SEU] addr=20003173 bit=00000001
[SEU] addr=2000318B bit=00000005
[SEU] addr=200031CB bit=00000001
[SEU] addr=20003166 bit=00000007
[SEU] addr=20003154 bit=00000005
[CMD QUEUE CORRUPTED] primary repaired
[SEU] addr=2000316D bit=00000002
[SEU] addr=200031A4 bit=00000002
[SEU] addr=200031D1 bit=00000002
[SEU] addr=2000317A bit=00000005
[SEU] addr=2000319A bit=00000001
[SEU] addr=20003184 bit=00000002
[ERR] seq=7899 err=528
[ERR] seq=7900 err=24
[ERR] seq=7901 err=24
[SEU] addr=20003175 bit=00000003
[SEU] addr=20003162 bit=00000002
[SEU] addr=200031A5 bit=00000003
[SEU] addr=200031D1 bit=00000001
[SEU] addr=200031B0 bit=00000005
[SEU] addr=200031B3 bit=00000002
[SEU] addr=20003187 bit=00000001
[ERR] seq=7930 err=7856
[ERR] seq=7931 err=616
[ERR] seq=7932 err=656
[ERR] seq=7933 err=80
[ERR] seq=7934 err=40
[SEU] addr=20003182 bit=00000006
[SEU] addr=200031AD bit=00000002
[SEU] addr=2000317E bit=00000007
[SEU] addr=200031B8 bit=00000004
[SEU] addr=2000316A bit=00000003
[SEU] addr=200031D3 bit=00000002
[SEU] addr=20003175 bit=00000004
[SEU] addr=200031C4 bit=00000004
[SEU] addr=2000315F bit=00000005
[CMD QUEUE backup CORRUPTED] backup repaired
[SEU] addr=200031C2 bit=00000003
[SEU] addr=200031C3 bit=00000003
[SEU] addr=200031CF bit=00000000
[SEU] addr=20003149 bit=00000002
[SEU] addr=20003192 bit=00000007
[ERR] seq=8009 err=67108864
[ERR] seq=8010 err=5368704
[ERR] seq=8011 err=5798200
[ERR] seq=8012 err=893352
[SEU] addr=200031A8 bit=00000007
[ERR] seq=8013 err=535320
[ERR] seq=8014 err=114288
[ERR] seq=8015 err=51960
[ERR] seq=8016 err=13288
[ERR] seq=8017 err=5208
[ERR] seq=8018 err=1472
[ERR] seq=8019 err=528
[ERR] seq=8020 err=152
[SEU] addr=200031B3 bit=00000003
[ERR] seq=8021 err=48
[ERR] seq=8022 err=8
[SEU] addr=20003189 bit=00000003
[ERR] seq=8027 err=16384
[ERR] seq=8028 err=1304
[SEU] addr=200031AE bit=00000006
[ERR] seq=8029 err=1408
[ERR] seq=8030 err=216
[ERR] seq=8031 err=128
[ERR] seq=8032 err=24
[ERR] seq=8033 err=8
[SEU] addr=2000315B bit=00000007
[SEU] addr=2000315E bit=00000007
[CMD QUEUE backup CORRUPTED] backup repaired
[SEU] addr=20003150 bit=00000001
[SAMPLE QUEUE backup CORRUPTED] backup repaired
[SEU] addr=200031D7 bit=00000002
[SEU] addr=200031DE bit=00000004
[SEU] addr=200031A3 bit=00000002
[SEU] addr=20003186 bit=00000003
[ERR] seq=8062 err=10712
[ERR] seq=8063 err=848
[ERR] seq=8064 err=904
[ERR] seq=8065 err=112
[ERR] seq=8066 err=56
[SEU] addr=200031A9 bit=00000001
[SEU] addr=20003174 bit=00000002
[SEU] addr=20003178 bit=00000007
[SEU] addr=20003175 bit=00000006
[SEU] addr=200031B0 bit=00000002
[SEU] addr=2000314C bit=00000003
[SAMPLE QUEUE backup CORRUPTED] backup repaired
[SEU] addr=200031D3 bit=00000004
[SEU] addr=200031CE bit=00000002
[SEU] addr=200031D5 bit=00000006
[SEU] addr=200031CB bit=00000007
[SEU] addr=20003169 bit=00000005
[SEU] addr=20003150 bit=00000007
[SAMPLE QUEUE backup CORRUPTED] backup repaired
[SEU] addr=20003193 bit=00000003
[ERR] seq=8142 err=1073741824
[ERR] seq=8143 err=85899344
[ERR] seq=8144 err=92771288
[ERR] seq=8145 err=14293640
[ERR] seq=8146 err=8565184
[ERR] seq=8147 err=1828696
[ERR] seq=8148 err=831496
[SEU] addr=2000318A bit=00000006
[ERR] seq=8149 err=33767232
[ERR] seq=8150 err=2767888
[ERR] seq=8151 err=2922800
[ERR] seq=8152 err=455240
[ERR] seq=8153 err=270224
[ERR] seq=8154 err=58016
[ERR] seq=8155 err=26240
[ERR] seq=8156 err=6720
[SEU] addr=2000317C bit=00000004
[ERR] seq=8157 err=2616
[ERR] seq=8158 err=736
[ERR] seq=8159 err=264
[ERR] seq=8160 err=72
[ERR] seq=8161 err=16
[SEU] addr=20003183 bit=00000005
[SEU] addr=200031B7 bit=00000002
[SEU] addr=2000318E bit=00000000
[ERR] seq=8170 err=524288
[ERR] seq=8171 err=41936
[ERR] seq=8172 err=45288
[ERR] seq=8173 err=6968
[ERR] seq=8174 err=4168
[ERR] seq=8175 err=880
[ERR] seq=8176 err=392
[ERR] seq=8177 err=88
[ERR] seq=8178 err=24
[SEU] addr=2000319A bit=00000003
[SEU] addr=200031D5 bit=00000002
[SEU] addr=20003163 bit=00000005
[SEU] addr=2000315D bit=00000006
[CMD QUEUE backup CORRUPTED] backup repaired
[SEU] addr=20003161 bit=00000007
[SEU] addr=2000319E bit=00000005
[SEU] addr=200031A6 bit=00000001
[SEU] addr=200031C0 bit=00000002
[SEU] addr=20003161 bit=00000000
[SEU] addr=20003185 bit=00000000
[ERR] seq=8233 err=4360
[ERR] seq=8234 err=336
[ERR] seq=8235 err=352
[ERR] seq=8236 err=32
[ERR] seq=8237 err=16
[SEU] addr=200031BC bit=00000005
[SEU] addr=2000317E bit=00000002
[SEU] addr=20003162 bit=00000005
[SEU] addr=20003190 bit=00000007
[ERR] seq=8257 err=1024
[ERR] seq=8258 err=80
[ERR] seq=8259 err=80
[SEU] addr=200031C6 bit=00000004
[SEU] addr=200031C4 bit=00000001
[SEU] addr=20003191 bit=00000001
[ERR] seq=8279 err=4096
[ERR] seq=8280 err=320
[SEU] addr=200031DD bit=00000004
[ERR] seq=8281 err=344
[ERR] seq=8282 err=48
[ERR] seq=8283 err=24
[SEU] addr=200031BD bit=00000001
[SEU] addr=2000316A bit=00000002
[SEU] addr=20003184 bit=00000002
[ERR] seq=8300 err=536
[ERR] seq=8301 err=24
[ERR] seq=8302 err=24
[SEU] addr=20003170 bit=00000000
[SEU] addr=2000318E bit=00000001
[ERR] seq=8317 err=1048576
[ERR] seq=8318 err=83880
[ERR] seq=8319 err=90584
[SEU] addr=200031B5 bit=00000004
[ERR] seq=8320 err=13944
[ERR] seq=8321 err=8352
[ERR] seq=8322 err=1776
[SEU] addr=200031A7 bit=00000005
[ERR] seq=8323 err=800
[ERR] seq=8324 err=200
[ERR] seq=8325 err=80
[ERR] seq=8326 err=16
[SEU] addr=2000316A bit=00000007
[SEU] addr=20003155 bit=00000004
[CMD QUEUE CORRUPTED] primary repaired
[SEU] addr=20003172 bit=00000007
[SEU] addr=20003158 bit=00000001
[CMD QUEUE CORRUPTED] primary repaired
[SEU] addr=200031C4 bit=00000001
[SEU] addr=200031B0 bit=00000004
[SEU] addr=200031A5 bit=00000002
[SEU] addr=200031B9 bit=00000006
[SEU] addr=20003165 bit=00000000
[SEU] addr=200031BC bit=00000007
[SEU] addr=200031BD bit=00000002
[SEU] addr=20003168 bit=00000007
[SEU] addr=20003190 bit=00000004
[ERR] seq=8396 err=128
[ERR] seq=8397 err=8
[ERR] seq=8398 err=8
[SEU] addr=200031A1 bit=00000001
[SEU] addr=200031BA bit=00000000
[SEU] addr=20003153 bit=00000007
[SEU] addr=200031A9 bit=00000005
[SEU] addr=200031BA bit=00000002
[SEU] addr=2000315C bit=00000006
[CMD QUEUE backup CORRUPTED] backup repaired
[SEU] addr=200031CF bit=00000000
[SEU] addr=2000317A bit=00000003
[SEU] addr=20003160 bit=00000005
[CMD QUEUE backup CORRUPTED] backup repaired
[SEU] addr=20003148 bit=00000005
[SAMPLE QUEUE CORRUPTED] primary repaired
[SEU] addr=200031AF bit=00000000
[SEU] addr=2000314D bit=00000004
[SAMPLE QUEUE backup CORRUPTED] backup repaired
[SEU] addr=2000316E bit=00000004
[SEU] addr=200031A3 bit=00000001
[SEU] addr=20003154 bit=00000007
[CMD QUEUE CORRUPTED] primary repaired
[SEU] addr=2000318F bit=00000007
[SEU] addr=20003146 bit=00000004
[SAMPLE QUEUE CORRUPTED] primary repaired
[SEU] addr=20003152 bit=00000007
[SEU] addr=2000319E bit=00000000
[SEU] addr=200031A5 bit=00000003
[SEU] addr=20003195 bit=00000000
[SEU] addr=20003159 bit=00000002
[SEU] addr=20003164 bit=00000005
[SEU] addr=200031B1 bit=00000003
[SEU] addr=200031AD bit=00000007
[SEU] addr=200031C2 bit=00000007
[SEU] addr=200031BD bit=00000005
[SEU] addr=2000318B bit=00000004
[ERR] seq=8577 err=2147483648
[ERR] seq=8578 err=171798688
[ERR] seq=8579 err=185542576
[ERR] seq=8580 err=28587288
[ERR] seq=8581 err=17130376
[SEU] addr=2000314F bit=00000000
[SAMPLE QUEUE backup CORRUPTED] backup repaired
[ERR] seq=8582 err=3657400
[SEU] addr=200031AA bit=00000001
[ERR] seq=8583 err=1663016
[ERR] seq=8584 err=425632
[SEU] addr=20003174 bit=00000002
[ERR] seq=8585 err=167088
[ERR] seq=8586 err=47408
[ERR] seq=8587 err=17152
[ERR] seq=8588 err=5160
[ERR] seq=8589 err=1776
[ERR] seq=8590 err=544
[ERR] seq=8591 err=176
[ERR] seq=8592 err=48
[SEU] addr=200031A4 bit=00000003
[ERR] seq=8593 err=8
[SEU] addr=200031BF bit=00000002
[SEU] addr=200031B2 bit=00000005
[SEU] addr=20003162 bit=00000004
[SEU] addr=2000317F bit=00000000
[SEU] addr=200031B5 bit=00000007
[SEU] addr=2000319D bit=00000003
[SEU] addr=20003165 bit=00000005
[SEU] addr=2000314E bit=00000002
[SAMPLE QUEUE backup CORRUPTED] backup repaired
[SEU] addr=20003179 bit=00000000
[SEU] addr=20003148 bit=00000007
[SAMPLE QUEUE CORRUPTED] primary repaired
[SEU] addr=20003175 bit=00000003
[SEU] addr=200031CB bit=00000001
[SEU] addr=200031BB bit=00000007
[SEU] addr=200031D2 bit=00000004
[SEU] addr=200031C3 bit=00000001
[SEU] addr=20003160 bit=00000005
[CMD QUEUE backup CORRUPTED] backup repaired
[SEU] addr=200031A5 bit=00000004
[SEU] addr=20003160 bit=00000001
[CMD QUEUE backup CORRUPTED] backup repaired
[SEU] addr=200031B3 bit=00000001
[SEU] addr=2000317A bit=00000003
[SEU] addr=200031D7 bit=00000003
[SEU] addr=200031B9 bit=00000002
[SEU] addr=20003170 bit=00000000
[SEU] addr=20003174 bit=00000002
[SEU] addr=20003185 bit=00000001
[ERR] seq=8743 err=13160
[ERR] seq=8744 err=1048
[ERR] seq=8745 err=1120
[ERR] seq=8746 err=144
[ERR] seq=8747 err=72
[SEU] addr=2000318E bit=00000004
[ERR] seq=8749 err=8388608
[ERR] seq=8750 err=671088
[ERR] seq=8751 err=724768
[ERR] seq=8752 err=111656
[SEU] addr=20003145 bit=00000006
[SAMPLE QUEUE CORRUPTED] primary repaired
[ERR] seq=8753 err=66904
[ERR] seq=8754 err=14280
[ERR] seq=8755 err=6488
[SEU] addr=200031C0 bit=00000004
[ERR] seq=8756 err=1648
[ERR] seq=8757 err=640
[ERR] seq=8758 err=176
[ERR] seq=8759 err=56
[ERR] seq=8760 err=8
[SEU] addr=200031A1 bit=00000001
[SEU] addr=200031C7 bit=00000005
[SEU] addr=20003167 bit=00000000
[SEU] addr=20003169 bit=00000001
[SEU] addr=20003186 bit=00000000
[ERR] seq=8786 err=1528
[ERR] seq=8787 err=112
[ERR] seq=8788 err=112
[SEU] addr=20003172 bit=00000006
[SEU] addr=200031B2 bit=00000006
[SEU] addr=20003155 bit=00000001
[CMD QUEUE CORRUPTED] primary repaired
[SEU] addr=200031CE bit=00000004
[SEU] addr=200031DC bit=00000001
[SEU] addr=2000317E bit=00000007
[SEU] addr=200031CC bit=00000001
[SEU] addr=200031B6 bit=00000003
[SEU] addr=20003146 bit=00000006
[SAMPLE QUEUE CORRUPTED] primary repaired
[SEU] addr=20003188 bit=00000002
[ERR] seq=8838 err=32
[SEU] addr=200031C7 bit=00000004
[SEU] addr=20003157 bit=00000002
[CMD QUEUE CORRUPTED] primary repaired
[SEU] addr=200031D4 bit=00000000
[SEU] addr=20003160 bit=00000003
[CMD QUEUE backup CORRUPTED] backup repaired
[SEU] addr=200031AE bit=00000002
[SEU] addr=200031A8 bit=00000004
[SEU] addr=2000319C bit=00000004
[SEU] addr=2000316C bit=00000007
[SEU] addr=20003197 bit=00000000
[SEU] addr=20003183 bit=00000001
[SEU] addr=200031BA bit=00000007
[SEU] addr=20003179 bit=00000003
[SEU] addr=200031AD bit=00000006
[SEU] addr=20003150 bit=00000004
[SAMPLE QUEUE backup CORRUPTED] backup repaired
[SEU] addr=2000318D bit=00000004
[ERR] seq=8909 err=32768
[ERR] seq=8910 err=2616
[ERR] seq=8911 err=2824
[ERR] seq=8912 err=432
[ERR] seq=8913 err=256
[ERR] seq=8914 err=48
[ERR] seq=8915 err=16
[SEU] addr=20003170 bit=00000005
[SEU] addr=200031B7 bit=00000006
[SEU] addr=200031CD bit=00000000
[SEU] addr=2000317C bit=00000002
[SEU] addr=200031B3 bit=00000005
[SEU] addr=200031B5 bit=00000003
[SEU] addr=20003197 bit=00000004
[SEU] addr=20003162 bit=00000004
[SEU] addr=200031D6 bit=00000005
[SEU] addr=200031C1 bit=00000006
[SEU] addr=20003176 bit=00000007
[SEU] addr=2000318E bit=00000003
[ERR] seq=8982 err=4194304
[ERR] seq=8983 err=335544
[SEU] addr=20003173 bit=00000001
[ERR] seq=8984 err=362384
[ERR] seq=8985 err=55824
[ERR] seq=8986 err=33448
[ERR] seq=8987 err=7136
[ERR] seq=8988 err=3240
[ERR] seq=8989 err=824
[ERR] seq=8990 err=320
[SEU] addr=20003167 bit=00000007
[ERR] seq=8991 err=88
[ERR] seq=8992 err=24
[SEU] addr=200031DA bit=00000002
[SEU] addr=200031A6 bit=00000002
[SEU] addr=20003166 bit=00000006
[SEU] addr=20003172 bit=00000005
[SEU] addr=200031AF bit=00000003
[SEU] addr=200031C8 bit=00000000
[SEU] addr=20003179 bit=00000001
[SEU] addr=20003161 bit=00000003
[SEU] addr=200031D9 bit=00000003
[SEU] addr=20003182 bit=00000000
[SEU] addr=2000318F bit=00000004
[ERR] seq=9048 err=2147483648
[ERR] seq=9049 err=171798688
[ERR] seq=9050 err=185542576
[ERR] seq=9051 err=28587288
[ERR] seq=9052 err=17130376
[SEU] addr=20003176 bit=00000007
[ERR] seq=9053 err=3657400
[SEU] addr=200031D3 bit=00000001
[ERR] seq=9054 err=1663016
[ERR] seq=9055 err=425632
[ERR] seq=9056 err=167088
[ERR] seq=9057 err=47408
[ERR] seq=9058 err=17152
[ERR] seq=9059 err=5160
[ERR] seq=9060 err=1776
[SEU] addr=20003181 bit=00000001
[ERR] seq=9061 err=544
[ERR] seq=9062 err=176
[SEU] addr=200031D6 bit=00000004
[ERR] seq=9063 err=48
[ERR] seq=9064 err=8
[SEU] addr=2000317B bit=00000007
[SEU] addr=20003193 bit=00000001
[ERR] seq=9073 err=268435456
[ERR] seq=9074 err=21474832
[ERR] seq=9075 err=23192816
[ERR] seq=9076 err=3573408
[ERR] seq=9077 err=2141296
[SEU] addr=20003171 bit=00000000
[ERR] seq=9078 err=457168
[ERR] seq=9079 err=207864
[ERR] seq=9080 err=53192
[ERR] seq=9081 err=20872
[ERR] seq=9082 err=5912
[ERR] seq=9083 err=2136
[SEU] addr=200031C4 bit=00000000
[ERR] seq=9084 err=640
[ERR] seq=9085 err=216
[SEU] addr=2000319F bit=00000005
[ERR] seq=9086 err=64
[ERR] seq=9087 err=16
[SEU] addr=200031BF bit=00000005
[SEU] addr=20003179 bit=00000004
[SEU] addr=200031A0 bit=00000001
[SEU] addr=20003173 bit=00000000
[SEU] addr=20003166 bit=00000007
[SEU] addr=20003153 bit=00000004
[SEU] addr=200031CC bit=00000005
[SEU] addr=20003176 bit=00000005
[SEU] addr=200031D1 bit=00000000
[SEU] addr=200031C0 bit=00000001
[SEU] addr=200031AC bit=00000000
[SEU] addr=200031A5 bit=00000003
[SEU] addr=200031D2 bit=00000000
[SEU] addr=2000318D bit=00000002
[ERR] seq=9163 err=8192
[ERR] seq=9164 err=648
[ERR] seq=9165 err=696
[ERR] seq=9166 err=96
[ERR] seq=9167 err=48
[SEU] addr=200031C3 bit=00000005
[SEU] addr=20003177 bit=00000003
[SEU] addr=2000318E bit=00000004
[ERR] seq=9180 err=8388608
[ERR] seq=9181 err=671088
[ERR] seq=9182 err=724768
[ERR] seq=9183 err=111656
[ERR] seq=9184 err=66904
[ERR] seq=9185 err=14280
[ERR] seq=9186 err=6488
[ERR] seq=9187 err=1648
[SEU] addr=20003197 bit=00000005
[ERR] seq=9188 err=640
[ERR] seq=9189 err=176
[ERR] seq=9190 err=56
[SEU] addr=200031C7 bit=00000007
[ERR] seq=9191 err=8
[SEU] addr=2000316A bit=00000001
[SEU] addr=20003178 bit=00000000
[SEU] addr=2000318D bit=00000000
[ERR] seq=9202 err=2048
[ERR] seq=9203 err=160
[ERR] seq=9204 err=168
[ERR] seq=9205 err=16
[ERR] seq=9206 err=8
[SEU] addr=2000314F bit=00000002
[SAMPLE QUEUE backup CORRUPTED] backup repaired
[SEU] addr=20003177 bit=00000004
[SEU] addr=200031A6 bit=00000003
[SEU] addr=200031A6 bit=00000006
[SEU] addr=200031DB bit=00000001
[SEU] addr=200031D6 bit=00000004
[SEU] addr=20003170 bit=00000001
[SEU] addr=200031A4 bit=00000000
[SEU] addr=200031CB bit=00000005
[SEU] addr=20003193 bit=00000002
[ERR] seq=9246 err=536870912
[ERR] seq=9247 err=42949672
[ERR] seq=9248 err=46385640
[ERR] seq=9249 err=7146816
[ERR] seq=9250 err=4282592
[SEU] addr=2000314F bit=00000003
[SAMPLE QUEUE backup CORRUPTED] backup repaired
[ERR] seq=9251 err=914344
[ERR] seq=9252 err=415744
[ERR] seq=9253 err=106400
[ERR] seq=9254 err=41768
[ERR] seq=9255 err=11848
[SEU] addr=2000317B bit=00000002
[ERR] seq=9256 err=4280
[ERR] seq=9257 err=1280
[SEU] addr=20003184 bit=00000004
[ERR] seq=9258 err=624
[ERR] seq=9259 err=128
[SEU] addr=200031A0 bit=00000002
[ERR] seq=9260 err=40
[ERR] seq=9261 err=8
[SEU] addr=20003156 bit=00000002
[CMD QUEUE CORRUPTED] primary repaired
[SEU] addr=2000316F bit=00000000
[SEU] addr=2000319F bit=00000005
[SEU] addr=200031D5 bit=00000005
[SEU] addr=20003185 bit=00000002
[ERR] seq=9284 err=3728
[ERR] seq=9285 err=288
[ERR] seq=9286 err=296
[ERR] seq=9287 err=16
[ERR] seq=9288 err=8
[SEU] addr=20003186 bit=00000002
[ERR] seq=9294 err=5752
[ERR] seq=9295 err=448
[ERR] seq=9296 err=472
[ERR] seq=9297 err=48
[ERR] seq=9298 err=24
[SEU] addr=20003164 bit=00000004
[SEU] addr=20003157 bit=00000003
[CMD QUEUE CORRUPTED] primary repaired
[SEU] addr=200031BA bit=00000002
[SEU] addr=20003154 bit=00000007
[CMD QUEUE CORRUPTED] primary repaired
[SEU] addr=20003192 bit=00000005
[ERR] seq=9325 err=16777216
[ERR] seq=9326 err=1342176
[ERR] seq=9327 err=1449544
[ERR] seq=9328 err=223328
[ERR] seq=9329 err=133824
[ERR] seq=9330 err=28568
[SEU] addr=2000314C bit=00000007
[SAMPLE QUEUE backup CORRUPTED] backup repaired
[ERR] seq=9331 err=12984
[ERR] seq=9332 err=3312
[ERR] seq=9333 err=1296
[ERR] seq=9334 err=360
[SEU] addr=20003197 bit=00000002
[ERR] seq=9335 err=120
[ERR] seq=9336 err=32
[ERR] seq=9337 err=8
[SEU] addr=200031B4 bit=00000003
[SEU] addr=200031D4 bit=00000002
[SEU] addr=200031B2 bit=00000004
[SEU] addr=200031C7 bit=00000001
[SEU] addr=200031C7 bit=00000002
[SEU] addr=200031A4 bit=00000002
[SEU] addr=2000318B bit=00000002
[ERR] seq=9385 err=536870912
[ERR] seq=9386 err=42949672
[ERR] seq=9387 err=46385640
[ERR] seq=9388 err=7146816
[ERR] seq=9389 err=4282592
[ERR] seq=9390 err=914344
[SEU] addr=200031C7 bit=00000007
[ERR] seq=9391 err=415744
[ERR] seq=9392 err=106400
[ERR] seq=9393 err=41768
[SEU] addr=2000317C bit=00000002
[ERR] seq=9394 err=11848
[ERR] seq=9395 err=4280
[ERR] seq=9396 err=1280
[ERR] seq=9397 err=432
[ERR] seq=9398 err=128
[ERR] seq=9399 err=40
[ERR] seq=9400 err=8
[SEU] addr=20003161 bit=00000004
[SEU] addr=200031BC bit=00000001
[SEU] addr=200031C5 bit=00000001
[SEU] addr=20003196 bit=00000006
[SEU] addr=200031A1 bit=00000003
[SEU] addr=20003195 bit=00000007
[SEU] addr=20003178 bit=00000003
[SEU] addr=200031C7 bit=00000005
[SEU] addr=200031C5 bit=00000006
[SEU] addr=2000314B bit=00000005
[SEU] addr=2000315C bit=00000006
[CMD QUEUE backup CORRUPTED] backup repaired
[SEU] addr=200031BD bit=00000001
[SEU] addr=200031A1 bit=00000006
[SEU] addr=2000317A bit=00000006
[SEU] addr=200031D4 bit=00000005
[SEU] addr=200031B7 bit=00000000
[SEU] addr=200031D6 bit=00000003
[SEU] addr=200031A3 bit=00000006
[SEU] addr=20003182 bit=00000002
[SEU] addr=2000314E bit=00000004
[SAMPLE QUEUE backup CORRUPTED] backup repaired
[SEU] addr=2000317B bit=00000002
[SEU] addr=200031CE bit=00000007
[SEU] addr=2000316A bit=00000001
[SEU] addr=200031DF bit=00000001
[SEU] addr=20003179 bit=00000002
[SEU] addr=2000314C bit=00000003
[SAMPLE QUEUE backup CORRUPTED] backup repaired
[SEU] addr=20003184 bit=00000005
[ERR] seq=9526 err=2464
[ERR] seq=9527 err=184
[ERR] seq=9528 err=192
[ERR] seq=9529 err=16
[ERR] seq=9530 err=8
[SEU] addr=2000316A bit=00000003
[SEU] addr=2000315A bit=00000007
[SEU] addr=200031CB bit=00000004
[SEU] addr=200031AB bit=00000003
[SEU] addr=2000318B bit=00000003
[ERR] seq=9559 err=1073741824
[ERR] seq=9560 err=85899344
[ERR] seq=9561 err=92771288
[ERR] seq=9562 err=14293640
[SEU] addr=20003166 bit=00000001
[ERR] seq=9563 err=8565184
[ERR] seq=9564 err=1828696
[ERR] seq=9565 err=831496
[ERR] seq=9566 err=212800
[ERR] seq=9567 err=83536
[ERR] seq=9568 err=23704
[ERR] seq=9569 err=8576
[ERR] seq=9570 err=2576
[ERR] seq=9571 err=880
[ERR] seq=9572 err=264
[SEU] addr=2000318D bit=00000001
[ERR] seq=9573 err=4176
[ERR] seq=9574 err=336
[ERR] seq=9575 err=344
[ERR] seq=9576 err=48
[SEU] addr=2000319F bit=00000000
[ERR] seq=9577 err=24
[SEU] addr=200031DA bit=00000005
[SEU] addr=200031A2 bit=00000005
[SEU] addr=20003161 bit=00000004
[SEU] addr=200031DA bit=00000007
[SEU] addr=200031D1 bit=00000007
[SEU] addr=20003145 bit=00000003
[SAMPLE QUEUE CORRUPTED] primary repaired
[SEU] addr=20003185 bit=00000006
[ERR] seq=9606 err=12152
[ERR] seq=9607 err=968
[ERR] seq=9608 err=1032
[ERR] seq=9609 err=128
[ERR] seq=9610 err=64
[SEU] addr=2000315E bit=00000004
[CMD QUEUE backup CORRUPTED] backup repaired
[SEU] addr=200031B8 bit=00000006
[SEU] addr=20003164 bit=00000000
[SEU] addr=200031AF bit=00000000
[SEU] addr=20003175 bit=00000007
[SEU] addr=20003146 bit=00000004
[SAMPLE QUEUE CORRUPTED] primary repaired
[SEU] addr=200031C9 bit=00000000
[SEU] addr=20003196 bit=00000002
[SEU] addr=20003144 bit=00000004
[SAMPLE QUEUE CORRUPTED] primary repaired
[SEU] addr=2000315D bit=00000002
[CMD QUEUE backup CORRUPTED] backup repaired
[SEU] addr=200031B9 bit=00000004
[SEU] addr=20003162 bit=00000004
[SEU] addr=20003158 bit=00000007
[CMD QUEUE CORRUPTED] primary repaired
[SEU] addr=200031B2 bit=00000005
[SEU] addr=200031B2 bit=00000006
[SEU] addr=2000316F bit=00000002
[SEU] addr=200031C4 bit=00000006
[SEU] addr=200031C3 bit=00000006
[SEU] addr=200031D0 bit=00000007
[SEU] addr=200031A6 bit=00000007
[SEU] addr=200031B9 bit=00000004
[SEU] addr=200031D4 bit=00000005
[SEU] addr=2000319D bit=00000006
[SEU] addr=20003161 bit=00000004
[SEU] addr=2000317D bit=00000006
[SEU] addr=200031C9 bit=00000003
[SEU] addr=2000316E bit=00000002
[SEU] addr=200031C1 bit=00000007
[SEU] addr=200031A9 bit=00000001
[SEU] addr=200031D8 bit=00000004
[SEU] addr=20003177 bit=00000000
[SEU] addr=2000316A bit=00000004
[SEU] addr=200031D7 bit=00000003
[SEU] addr=200031B0 bit=00000002
[SEU] addr=200031B9 bit=00000002
[SEU] addr=20003173 bit=00000001
[SEU] addr=200031C5 bit=00000006
[SEU] addr=20003178 bit=00000005
[SEU] addr=20003196 bit=00000005
[SEU] addr=2000317A bit=00000007
[SEU] addr=2000315D bit=00000003
[CMD QUEUE backup CORRUPTED] backup repaired
[SEU] addr=200031CF bit=00000006
[SEU] addr=2000318D bit=00000000
[ERR] seq=9839 err=2048
[SEU] addr=2000315C bit=00000006
[CMD QUEUE backup CORRUPTED] backup repaired
[ERR] seq=9840 err=160
[ERR] seq=9841 err=168
[ERR] seq=9842 err=16
[ERR] seq=9843 err=8
[SEU] addr=2000315E bit=00000000
[CMD QUEUE backup CORRUPTED] backup repaired
[SEU] addr=200031D9 bit=00000005
[SEU] addr=200031CC bit=00000007
[SEU] addr=2000315B bit=00000004
[SEU] addr=20003178 bit=00000005
[SEU] addr=20003165 bit=00000003
[SEU] addr=200031AE bit=00000007
[SEU] addr=200031D2 bit=00000003
[SEU] addr=200031B9 bit=00000000
[SEU] addr=200031C6 bit=00000003
[SEU] addr=2000314F bit=00000005
[SAMPLE QUEUE backup CORRUPTED] backup repaired
[SEU] addr=20003144 bit=00000004
[SAMPLE QUEUE CORRUPTED] primary repaired
[SEU] addr=2000314A bit=00000003
[SEU] addr=200031C5 bit=00000002
[SEU] addr=20003181 bit=00000007
[SEU] addr=200031BE bit=00000007
[SEU] addr=2000317C bit=00000007
[SEU] addr=20003165 bit=00000001
[SEU] addr=200031C7 bit=00000004
[SEU] addr=200031CB bit=00000005
[SEU] addr=200031C7 bit=00000000
[SEU] addr=20003193 bit=00000006
[SEU] addr=2000317C bit=00000002
[SEU] addr=2000314A bit=00000003
[END]
samples=10000
SEUs=1854
good samples=8574
errors=1426
samples omitted=0
max_error=0x80000080
propagations=1082
detected_errors=352
tmr_corrections=132
dmr_corrections=220
crc detections=0
clamp_activations=0
rate limit activations=0
[HARDFAULT]
