START
SEED=12345678
[SEU] addr=200031A5 bit=00000003
[SEU] addr=200031C8 bit=00000000
[SEU] addr=2000317D bit=00000001
[SEU] addr=2000316D bit=00000000
[SEU] addr=20003158 bit=00000005
[CMD QUEUE CORRUPTED] primary repaired
[SEU] addr=20003175 bit=00000002
[SEU] addr=20003179 bit=00000004
[SEU] addr=200031B6 bit=00000004
[SEU] addr=20003162 bit=00000001
[SEU] addr=20003175 bit=00000004
[SEU] addr=20003176 bit=00000004
[SEU] addr=2000316D bit=00000004
[SEU] addr=200031D0 bit=00000002
[SEU] addr=200031AA bit=00000006
[SEU] addr=200031A5 bit=00000005
[SEU] addr=200031A8 bit=00000006
[SEU] addr=20003149 bit=00000000
[SEU] addr=20003144 bit=00000005
[SAMPLE QUEUE CORRUPTED] primary repaired
[SEU] addr=2000319C bit=00000000
[SEU] addr=200031CA bit=00000007
[SEU] addr=2000318C bit=00000001
[ERR] seq=127 err=16
[SEU] addr=2000319F bit=00000007
[SEU] addr=20003158 bit=00000005
[CMD QUEUE CORRUPTED] primary repaired
[SEU] addr=200031AB bit=00000003
[SEU] addr=2000318C bit=00000002
[ERR] seq=147 err=32
[SEU] addr=20003184 bit=00000004
[ERR] seq=152 err=1152
[ERR] seq=153 err=88
[ERR] seq=154 err=88
[SEU] addr=200031C2 bit=00000005
[SEU] addr=20003181 bit=00000004
[SEU] addr=200031C7 bit=00000001
[SEU] addr=200031BA bit=00000006
[SEU] addr=200031A5 bit=00000000
[SEU] addr=20003175 bit=00000006
[SEU] addr=2000315D bit=00000000
[CMD QUEUE backup CORRUPTED] backup repaired
[SEU] addr=20003150 bit=00000005
[SAMPLE QUEUE backup CORRUPTED] backup repaired
[SEU] addr=2000317E bit=00000005
[SEU] addr=200031BF bit=00000003
[SEU] addr=20003148 bit=00000007
[SAMPLE QUEUE CORRUPTED] primary repaired
[SEU] addr=2000315B bit=00000007
[SEU] addr=2000316A bit=00000005
[SEU] addr=200031AD bit=00000001
[SEU] addr=2000314E bit=00000001
[SAMPLE QUEUE backup CORRUPTED] backup repaired
[SEU] addr=200031C7 bit=00000003
[SEU] addr=20003195 bit=00000006
[SEU] addr=20003193 bit=00000006
[SEU] addr=200031AC bit=00000004
[SEU] addr=200031CA bit=00000006
[SEU] addr=200031AC bit=00000006
[SEU] addr=200031D4 bit=00000005
[ERR] seq=314 err=1752
[ERR] seq=315 err=1688
[ERR] seq=316 err=1888
[ERR] seq=317 err=1944
[ERR] seq=318 err=2008
[ERR] seq=319 err=2080
[SEU] addr=2000315E bit=00000007
[CMD QUEUE backup CORRUPTED] backup repaired
[ERR] seq=320 err=2160
[ERR] seq=321 err=2216
[ERR] seq=322 err=2280
[ERR] seq=323 err=2344
[ERR] seq=324 err=2408
[ERR] seq=325 err=2488
[ERR] seq=326 err=2552
[ERR] seq=327 err=2600
[ERR] seq=328 err=2672
[ERR] seq=329 err=2752
[SEU] addr=20003171 bit=00000004
[ERR] seq=330 err=2808
[ERR] seq=331 err=2864
[ERR] seq=332 err=2928
[ERR] seq=333 err=2984
[ERR] seq=334 err=3064
[ERR] seq=335 err=3112
[ERR] seq=336 err=3168
[SEU] addr=200031AF bit=00000003
[ERR] seq=337 err=3232
[ERR] seq=338 err=3296
[ERR] seq=339 err=3336
[ERR] seq=340 err=3408
[ERR] seq=341 err=3464
[ERR] seq=342 err=3512
[ERR] seq=343 err=3576
[ERR] seq=344 err=3624
[SEU] addr=2000318E bit=00000005
[ERR] seq=345 err=16780904
[ERR] seq=346 err=1343864
[ERR] seq=347 err=1453328
[ERR] seq=348 err=225048
[SEU] addr=2000317C bit=00000003
[ERR] seq=349 err=137672
[ERR] seq=350 err=30320
[ERR] seq=351 err=16936
[SEU] addr=2000317A bit=00000002
[ERR] seq=352 err=5104
[ERR] seq=353 err=5328
[ERR] seq=354 err=3680
[ERR] seq=355 err=4240
[ERR] seq=356 err=4096
[SEU] addr=20003178 bit=00000002
[ERR] seq=357 err=4168
[ERR] seq=358 err=4192
[ERR] seq=359 err=4216
[ERR] seq=360 err=4624
[ERR] seq=361 err=4600
[ERR] seq=362 err=4656
[ERR] seq=363 err=4696
[SEU] addr=200031CB bit=00000001
[ERR] seq=364 err=4712
[ERR] seq=365 err=4720
[ERR] seq=366 err=4752
[SEU] addr=20003199 bit=00000004
[ERR] seq=367 err=4752
[ERR] seq=368 err=4784
[ERR] seq=369 err=4792
[ERR] seq=370 err=4792
[ERR] seq=371 err=4800
[ERR] seq=372 err=4808
[ERR] seq=373 err=4824
[SEU] addr=20003166 bit=00000002
[ERR] seq=374 err=4824
[ERR] seq=375 err=4840
[ERR] seq=376 err=4824
[ERR] seq=377 err=4808
[ERR] seq=378 err=4808
[ERR] seq=379 err=4824
[ERR] seq=380 err=4840
[SEU] addr=20003178 bit=00000000
[ERR] seq=381 err=4824
[ERR] seq=382 err=4824
[ERR] seq=383 err=4808
[ERR] seq=384 err=4800
[ERR] seq=385 err=4792
[SEU] addr=20003175 bit=00000000
[ERR] seq=386 err=4800
[ERR] seq=387 err=4776
[ERR] seq=388 err=4768
[ERR] seq=389 err=4752
[ERR] seq=390 err=4720
[ERR] seq=391 err=4728
[ERR] seq=392 err=4312
[ERR] seq=393 err=4344
[ERR] seq=394 err=4280
[SEU] addr=2000314E bit=00000003
[SAMPLE QUEUE backup CORRUPTED] backup repaired
[ERR] seq=395 err=4248
[ERR] seq=396 err=4224
[ERR] seq=397 err=4200
[ERR] seq=398 err=4152
[ERR] seq=399 err=4144
[ERR] seq=400 err=4104
[ERR] seq=401 err=4056
[ERR] seq=402 err=4032
[ERR] seq=403 err=3992
[SEU] addr=200031C1 bit=00000005
[ERR] seq=404 err=3976
[ERR] seq=405 err=3912
[ERR] seq=406 err=3864
[ERR] seq=407 err=3816
[ERR] seq=408 err=3792
[ERR] seq=409 err=3736
[ERR] seq=410 err=3688
[ERR] seq=411 err=3624
[ERR] seq=412 err=3592
[ERR] seq=413 err=3520
[SEU] addr=2000318F bit=00000003
[ERR] seq=414 err=1073745296
[ERR] seq=415 err=85900880
[ERR] seq=416 err=92774648
[ERR] seq=417 err=14295144
[ERR] seq=418 err=8568424
[ERR] seq=419 err=1830136
[ERR] seq=420 err=834616
[ERR] seq=421 err=214192
[SEU] addr=20003199 bit=00000000
[ERR] seq=422 err=86544
[ERR] seq=423 err=25016
[ERR] seq=424 err=11432
[ERR] seq=425 err=3840
[SEU] addr=20003169 bit=00000005
[ERR] seq=426 err=3640
[ERR] seq=427 err=2408
[ERR] seq=428 err=2720
[ERR] seq=429 err=2520
[ERR] seq=430 err=2512
[ERR] seq=431 err=2408
[SEU] addr=200031B4 bit=00000005
[ERR] seq=432 err=2360
[ERR] seq=433 err=2304
[SEU] addr=200031C1 bit=00000000
[ERR] seq=434 err=2216
[ERR] seq=435 err=2168
[ERR] seq=436 err=2104
[ERR] seq=437 err=2008
[SEU] addr=20003162 bit=00000007
[ERR] seq=438 err=1968
[SEU] addr=2000319A bit=00000003
[ERR] seq=439 err=1896
[ERR] seq=440 err=1808
[ERR] seq=441 err=1760
[ERR] seq=442 err=1696
[ERR] seq=443 err=1608
[ERR] seq=444 err=1536
[ERR] seq=445 err=1472
[ERR] seq=446 err=1400
[ERR] seq=447 err=1360
[ERR] seq=448 err=1272
[SEU] addr=200031C2 bit=00000004
[ERR] seq=449 err=1208
[ERR] seq=450 err=1152
[ERR] seq=451 err=1096
[ERR] seq=452 err=1016
[ERR] seq=453 err=960
[ERR] seq=454 err=888
[ERR] seq=455 err=832
[ERR] seq=456 err=760
[SEU] addr=2000318F bit=00000006
[ERR] seq=457 err=688
[ERR] seq=458 err=640
[SEU] addr=2000318D bit=00000000
[ERR] seq=459 err=2640
[ERR] seq=460 err=392
[ERR] seq=461 err=632
[ERR] seq=462 err=360
[ERR] seq=463 err=360
[ERR] seq=464 err=256
[ERR] seq=465 err=200
[ERR] seq=466 err=144
[ERR] seq=467 err=104
[SEU] addr=200031B1 bit=00000004
[ERR] seq=468 err=48
[ERR] seq=469 err=32
[ERR] seq=470 err=104
[ERR] seq=471 err=152
[ERR] seq=472 err=208
[ERR] seq=473 err=264
[ERR] seq=474 err=312
[SEU] addr=200031B2 bit=00000006
[ERR] seq=475 err=368
[SEU] addr=200031A2 bit=00000005
[ERR] seq=476 err=416
[ERR] seq=477 err=464
[ERR] seq=478 err=528
[ERR] seq=479 err=592
[SEU] addr=200031C2 bit=00000002
[ERR] seq=480 err=632
[ERR] seq=481 err=696
[ERR] seq=482 err=744
[ERR] seq=483 err=800
[ERR] seq=484 err=840
[ERR] seq=485 err=904
[ERR] seq=486 err=960
[SEU] addr=20003176 bit=00000005
[ERR] seq=487 err=1000
[ERR] seq=488 err=1040
[ERR] seq=489 err=1104
[ERR] seq=490 err=1152
[ERR] seq=491 err=1192
[SEU] addr=200031B7 bit=00000001
[ERR] seq=492 err=1256
[ERR] seq=493 err=1304
[ERR] seq=494 err=1336
[SEU] addr=200031D6 bit=00000007
[ERR] seq=8389103 err=3112
[ERR] seq=8389104 err=2824
[ERR] seq=8389105 err=2824
[ERR] seq=8389106 err=2648
[ERR] seq=8389107 err=2520
[ERR] seq=8389108 err=2360
[ERR] seq=8389109 err=2200
[ERR] seq=8389110 err=2056
[ERR] seq=8389111 err=1896
[ERR] seq=8389112 err=1728
[SEU] addr=200031AA bit=00000007
[ERR] seq=8389113 err=1592
[ERR] seq=8389114 err=1440
[ERR] seq=8389115 err=1296
[ERR] seq=8389116 err=1128
[ERR] seq=8389117 err=968
[ERR] seq=8389118 err=832
[ERR] seq=8389119 err=656
[ERR] seq=8389120 err=4608
[SEU] addr=2000314A bit=00000002
[ERR] seq=8389121 err=4128
[ERR] seq=8389122 err=4352
[ERR] seq=8389123 err=4128
[ERR] seq=8389124 err=4016
[ERR] seq=8389125 err=3920
[SEU] addr=20003172 bit=00000004
[ERR] seq=8389126 err=3816
[ERR] seq=8389127 err=3728
[ERR] seq=8389128 err=3640
[SEU] addr=20003170 bit=00000000
[ERR] seq=8389129 err=3536
[ERR] seq=8389130 err=3448
[ERR] seq=8389131 err=3352
[ERR] seq=8389132 err=3264
[ERR] seq=8389133 err=3176
[SEU] addr=200031B7 bit=00000001
[ERR] seq=8389134 err=3088
[ERR] seq=8389135 err=2992
[ERR] seq=8389136 err=2912
[ERR] seq=8389137 err=2824
[ERR] seq=8389138 err=2736
[ERR] seq=8389139 err=2648
[ERR] seq=8389140 err=2544
[ERR] seq=8389141 err=2464
[ERR] seq=8389142 err=2400
[SEU] addr=20003180 bit=00000004
[ERR] seq=8389143 err=2304
[ERR] seq=8389144 err=2240
[ERR] seq=8389145 err=2136
[ERR] seq=8389146 err=2064
[ERR] seq=8389147 err=1984
[ERR] seq=8389148 err=1896
[ERR] seq=8389149 err=1800
[ERR] seq=8389150 err=1736
[ERR] seq=8389151 err=1688
[SEU] addr=200031BD bit=00000004
[ERR] seq=8389152 err=3912
[ERR] seq=8389153 err=3704
[ERR] seq=8389154 err=4152
[ERR] seq=8389155 err=4232
[SEU] addr=20003173 bit=00000000
[ERR] seq=8389156 err=4368
[ERR] seq=8389157 err=4488
[ERR] seq=8389158 err=4592
[ERR] seq=8389159 err=4704
[ERR] seq=8389160 err=4816
[ERR] seq=8389161 err=4920
[ERR] seq=8389162 err=5040
[ERR] seq=8389163 err=5128
[ERR] seq=8389164 err=5224
[SEU] addr=2000317E bit=00000003
[ERR] seq=8389165 err=5344
[SEU] addr=20003171 bit=00000007
[ERR] seq=8389166 err=5440
[ERR] seq=8389167 err=5552
[ERR] seq=8389168 err=5624
[ERR] seq=8389169 err=5728
[ERR] seq=8389170 err=5832
[ERR] seq=8389171 err=5944
[ERR] seq=8389172 err=6024
[SEU] addr=200031CD bit=00000000
[ERR] seq=8389173 err=6128
[ERR] seq=8389174 err=6200
[ERR] seq=8389175 err=6304
[ERR] seq=8389176 err=6376
[SEU] addr=20003181 bit=00000001
[ERR] seq=8389177 err=6488
[ERR] seq=8389178 err=6552
[ERR] seq=8389179 err=6664
[ERR] seq=8389180 err=6728
[ERR] seq=8389181 err=6824
[ERR] seq=8389182 err=6888
[SEU] addr=2000319E bit=00000004
[ERR] seq=8389183 err=6968
[ERR] seq=8389184 err=7024
[ERR] seq=8389185 err=7112
[ERR] seq=8389186 err=7192
[SEU] addr=2000314D bit=00000001
[SAMPLE QUEUE backup CORRUPTED] backup repaired
[ERR] seq=8389187 err=7248
[ERR] seq=8389188 err=7328
[ERR] seq=8389189 err=7368
[ERR] seq=8389190 err=7464
[SEU] addr=2000316D bit=00000004
[ERR] seq=8389191 err=7520
[ERR] seq=8389192 err=7560
[ERR] seq=8389193 err=7624
[ERR] seq=8389194 err=7696
[ERR] seq=8389195 err=7736
[ERR] seq=8389196 err=7800
[ERR] seq=8389197 err=7832
[ERR] seq=8389198 err=7896
[SEU] addr=200031B4 bit=00000003
[ERR] seq=8389199 err=7920
[ERR] seq=8389200 err=7968
[ERR] seq=8389201 err=8024
[ERR] seq=8389202 err=8064
[ERR] seq=8389203 err=8088
[ERR] seq=8389204 err=8144
[ERR] seq=8389205 err=8184
[ERR] seq=8389206 err=8208
[SEU] addr=200031C4 bit=00000004
[ERR] seq=8389207 err=8232
[ERR] seq=8389208 err=8272
[ERR] seq=8389209 err=8296
[ERR] seq=8389210 err=8312
[SEU] addr=200031D2 bit=00000007
[ERR] seq=8389211 err=8344
[ERR] seq=8389212 err=8360
[ERR] seq=8389213 err=8384
[ERR] seq=8389214 err=8400
[ERR] seq=8389215 err=8408
[SEU] addr=200031A9 bit=00000003
[ERR] seq=8389216 err=8432
[ERR] seq=8389217 err=8440
[ERR] seq=8389218 err=8448
[ERR] seq=8389219 err=8464
[ERR] seq=8389220 err=8464
[ERR] seq=8389221 err=8464
[SEU] addr=2000314D bit=00000007
[SAMPLE QUEUE backup CORRUPTED] backup repaired
[ERR] seq=8389222 err=8480
[ERR] seq=8389223 err=8464
[ERR] seq=8389224 err=8464
[SEU] addr=200031C3 bit=00000004
[ERR] seq=8389225 err=8464
[ERR] seq=8389226 err=8448
[ERR] seq=8389227 err=8448
[ERR] seq=8389228 err=8432
[ERR] seq=8389229 err=8416
[ERR] seq=8389230 err=8416
[SEU] addr=20003179 bit=00000005
[ERR] seq=8389231 err=8376
[ERR] seq=8389232 err=8376
[ERR] seq=8389233 err=8352
[ERR] seq=8389234 err=8304
[ERR] seq=8389235 err=8304
[SEU] addr=200031BE bit=00000000
[ERR] seq=8389236 err=8280
[ERR] seq=8389237 err=8232
[ERR] seq=8389238 err=8208
[ERR] seq=8389239 err=8192
[ERR] seq=8389240 err=8144
[ERR] seq=8389241 err=8104
[ERR] seq=8389242 err=8064
[ERR] seq=8389243 err=8024
[SEU] addr=20003190 bit=00000004
[ERR] seq=8389244 err=8112
[ERR] seq=8389245 err=7928
[ERR] seq=8389246 err=7896
[ERR] seq=8389247 err=7840
[SEU] addr=2000314A bit=00000006
[ERR] seq=8389248 err=7808
[ERR] seq=8389249 err=7752
[ERR] seq=8389250 err=7704
[ERR] seq=8389251 err=7624
[ERR] seq=8389252 err=7584
[SEU] addr=20003146 bit=00000003
[SAMPLE QUEUE CORRUPTED] primary repaired
[ERR] seq=8389253 err=7520
[ERR] seq=8389254 err=7464
[SEU] addr=200031C7 bit=00000005
[ERR] seq=8389255 err=7400
[ERR] seq=8389256 err=7328
[ERR] seq=8389257 err=7256
[ERR] seq=8389258 err=7216
[ERR] seq=8389259 err=7112
[ERR] seq=8389260 err=7048
[ERR] seq=8389261 err=6968
[ERR] seq=8389262 err=6896
[SEU] addr=200031C5 bit=00000005
[ERR] seq=8389263 err=6848
[ERR] seq=8389264 err=6744
[ERR] seq=8389265 err=6672
[ERR] seq=8389266 err=6568
[ERR] seq=8389267 err=6504
[ERR] seq=8389268 err=6392
[SEU] addr=200031AB bit=00000001
[ERR] seq=8389269 err=6320
[ERR] seq=8389270 err=6208
[ERR] seq=8389271 err=6136
[ERR] seq=8389272 err=6048
[ERR] seq=8389273 err=5952
[ERR] seq=8389274 err=5848
[ERR] seq=8389275 err=5736
[SEU] addr=200031C6 bit=00000000
[ERR] seq=8389276 err=5656
[ERR] seq=8389277 err=5560
[ERR] seq=8389278 err=5456
[ERR] seq=8389279 err=5360
[ERR] seq=8389280 err=5248
[SEU] addr=20003155 bit=00000002
[CMD QUEUE CORRUPTED] primary repaired
[ERR] seq=8389281 err=5144
[ERR] seq=8389282 err=5040
[ERR] seq=8389283 err=4944
[ERR] seq=8389284 err=4816
[ERR] seq=8389285 err=4712
[ERR] seq=8389286 err=4600
[ERR] seq=8389287 err=4488
[ERR] seq=8389288 err=4368
[ERR] seq=8389289 err=4248
[SEU] addr=200031B6 bit=00000006
[ERR] seq=8389290 err=4144
[ERR] seq=8389291 err=4008
[ERR] seq=8389292 err=3888
[SEU] addr=20003148 bit=00000003
[SAMPLE QUEUE CORRUPTED] primary repaired
[ERR] seq=8389293 err=3768
[ERR] seq=8389294 err=3640
[ERR] seq=8389295 err=3512
[ERR] seq=8389296 err=3376
[SEU] addr=20003197 bit=00000007
[ERR] seq=8389297 err=3264
[ERR] seq=8389298 err=3136
[ERR] seq=8389299 err=2984
[SEU] addr=2000318B bit=00000002
[ERR] seq=8389300 err=536870624
[ERR] seq=8389301 err=42952400
[ERR] seq=8389302 err=46385384
[SEU] addr=2000318F bit=00000002
[ERR] seq=8389303 err=544020192
[ERR] seq=8389304 err=47230728
[ERR] seq=8389305 err=47302168
[ERR] seq=8389306 err=7561240
[ERR] seq=8389307 err=4390896
[SEU] addr=20003162 bit=00000004
[ERR] seq=8389308 err=954944
[ERR] seq=8389309 err=429224
[ERR] seq=8389310 err=109704
[SEU] addr=20003160 bit=00000004
[CMD QUEUE backup CORRUPTED] backup repaired
[ERR] seq=8389311 err=44408
[ERR] seq=8389312 err=11944
[ERR] seq=8389313 err=5480
[ERR] seq=8389314 err=1656
[ERR] seq=8389315 err=1224
[ERR] seq=8389316 err=472
[ERR] seq=8389317 err=512
[ERR] seq=8389318 err=320
[ERR] seq=8389319 err=176
[SEU] addr=20003147 bit=00000006
[SAMPLE QUEUE CORRUPTED] primary repaired
[ERR] seq=8389320 err=40
[ERR] seq=8389321 err=136
[ERR] seq=8389322 err=296
[ERR] seq=8389323 err=432
[ERR] seq=8389324 err=568
[ERR] seq=8389325 err=744
[ERR] seq=8389326 err=896
[ERR] seq=8389327 err=1048
[ERR] seq=8389328 err=1208
[ERR] seq=8389329 err=1360
[SEU] addr=200031CE bit=00000004
[ERR] seq=8389330 err=1528
[SEU] addr=200031B9 bit=00000001
[ERR] seq=8389331 err=1656
[ERR] seq=8389332 err=1824
[ERR] seq=8389333 err=1992
[SEU] addr=20003167 bit=00000002
[ERR] seq=8389334 err=2128
[ERR] seq=8389335 err=2288
[ERR] seq=8389336 err=2440
[SEU] addr=20003165 bit=00000005
[ERR] seq=8389337 err=2608
[ERR] seq=8389338 err=2752
[ERR] seq=8389339 err=2920
[ERR] seq=8389340 err=3064
[ERR] seq=8389341 err=3224
[SEU] addr=2000317B bit=00000007
[ERR] seq=8389342 err=3368
[ERR] seq=8389343 err=3512
[ERR] seq=8389344 err=3680
[ERR] seq=8389345 err=3840
[ERR] seq=8389346 err=3968
[ERR] seq=8389347 err=4120
[ERR] seq=8389348 err=4248
[ERR] seq=8389349 err=4408
[ERR] seq=8389350 err=4536
[ERR] seq=8389351 err=4696
[SEU] addr=200031B1 bit=00000000
[ERR] seq=8389352 err=4824
[ERR] seq=8389353 err=4968
[ERR] seq=8389354 err=5088
[ERR] seq=8389355 err=5232
[ERR] seq=8389356 err=5344
[SEU] addr=200031A5 bit=00000005
[ERR] seq=8389357 err=5496
[ERR] seq=8389358 err=5632
[ERR] seq=8389359 err=5744
[ERR] seq=8389360 err=6256
[ERR] seq=8389361 err=6328
[ERR] seq=8389362 err=6504
[ERR] seq=8389363 err=6616
[ERR] seq=8389364 err=6728
[ERR] seq=8389365 err=6864
[ERR] seq=8389366 err=6968
[SEU] addr=2000319B bit=00000006
[ERR] seq=8389367 err=7096
[ERR] seq=8389368 err=7176
[ERR] seq=8389369 err=7296
[ERR] seq=8389370 err=7408
[ERR] seq=8389371 err=7488
[ERR] seq=8389372 err=7592
[ERR] seq=8389373 err=7696
[ERR] seq=8389374 err=7784
[SEU] addr=200031D4 bit=00000003
[ERR] seq=8389367 err=8192
[ERR] seq=8389368 err=8272
[ERR] seq=8389369 err=8384
[ERR] seq=8389370 err=8504
[ERR] seq=8389371 err=8592
[SEU] addr=20003177 bit=00000005
[ERR] seq=8389372 err=8704
[ERR] seq=8389373 err=8784
[ERR] seq=8389374 err=8872
[ERR] seq=8389375 err=8952
[SEU] addr=2000314C bit=00000005
[SAMPLE QUEUE backup CORRUPTED] backup repaired
[ERR] seq=8389376 err=11080
[ERR] seq=8389377 err=11008
[SEU] addr=200031C3 bit=00000004
[ERR] seq=8389378 err=11264
[ERR] seq=8389379 err=11296
[ERR] seq=8389380 err=11392
[ERR] seq=8389381 err=11440
[ERR] seq=8389382 err=11520
[ERR] seq=8389383 err=11560
[ERR] seq=8389384 err=11632
[ERR] seq=8389385 err=11664
[SEU] addr=2000314F bit=00000003
[SAMPLE QUEUE backup CORRUPTED] backup repaired
[ERR] seq=8389386 err=11720
[ERR] seq=8389387 err=11752
[SEU] addr=200031B0 bit=00000003
[ERR] seq=8389388 err=11808
[ERR] seq=8389389 err=11848
[ERR] seq=8389390 err=11864
[SEU] addr=20003172 bit=00000002
[ERR] seq=8389391 err=11912
[ERR] seq=8389392 err=11920
[ERR] seq=8389393 err=11944
[ERR] seq=8389394 err=11960
[ERR] seq=8389395 err=11976
[ERR] seq=8389396 err=11976
[ERR] seq=8389397 err=11992
[ERR] seq=8389398 err=11976
[SEU] addr=200031B1 bit=00000004
[ERR] seq=8389399 err=11992
[ERR] seq=8389400 err=9920
[ERR] seq=8389401 err=10080
[ERR] seq=8389402 err=9880
[ERR] seq=8389403 err=9904
[ERR] seq=8389404 err=9864
[ERR] seq=8389405 err=9824
[SEU] addr=200031BE bit=00000007
[ERR] seq=8389406 err=9808
[ERR] seq=8389407 err=9752
[ERR] seq=8389408 err=9720
[ERR] seq=8389409 err=9680
[ERR] seq=8389410 err=9624
[ERR] seq=8389411 err=9584
[ERR] seq=8389412 err=9520
[ERR] seq=8389413 err=9488
[ERR] seq=8389414 err=9408
[SEU] addr=20003172 bit=00000001
[ERR] seq=8389415 err=9344
[ERR] seq=8389416 err=9280
[ERR] seq=8389417 err=9216
[ERR] seq=8389418 err=9128
[ERR] seq=8389419 err=9048
[ERR] seq=8389420 err=8968
[ERR] seq=8389421 err=8888
[ERR] seq=8389422 err=8792
[ERR] seq=8389423 err=8720
[SEU] addr=20003167 bit=00000004
[ERR] seq=8389424 err=8616
[ERR] seq=8389425 err=8512
[ERR] seq=8389426 err=8392
[ERR] seq=8389427 err=8320
[ERR] seq=8389428 err=8208
[ERR] seq=8389429 err=8096
[ERR] seq=8389430 err=8000
[ERR] seq=8389431 err=7880
[SEU] addr=200031B2 bit=00000001
[ERR] seq=8389432 err=7752
[ERR] seq=8389433 err=7632
[ERR] seq=8389434 err=7544
[ERR] seq=8389435 err=7384
[ERR] seq=8389436 err=7272
[SEU] addr=20003192 bit=00000003
[ERR] seq=8389437 err=4201456
[ERR] seq=8389438 err=339992
[ERR] seq=8389439 err=369264
[ERR] seq=8389440 err=59864
[ERR] seq=8389441 err=39736
[ERR] seq=8389442 err=10992
[SEU] addr=200031AE bit=00000006
[ERR] seq=8389443 err=9240
[SEU] addr=200031A4 bit=00000003
[ERR] seq=8389444 err=5008
[ERR] seq=8389445 err=6040
[ERR] seq=8389446 err=5456
[ERR] seq=8389447 err=5440
[SEU] addr=2000319D bit=00000004
[ERR] seq=8389448 err=5264
[ERR] seq=8389449 err=5112
[ERR] seq=8389450 err=4976
[ERR] seq=8389451 err=4816
[ERR] seq=8389452 err=4688
[ERR] seq=8389453 err=4520
[ERR] seq=8389454 err=4360
[ERR] seq=8389455 err=4216
[ERR] seq=8389456 err=4056
[SEU] addr=200031C3 bit=00000000
[ERR] seq=8389457 err=3896
[ERR] seq=8389458 err=3736
[SEU] addr=20003199 bit=00000002
[ERR] seq=8389459 err=3576
[ERR] seq=8389460 err=3400
[SEU] addr=20003150 bit=00000005
[SAMPLE QUEUE backup CORRUPTED] backup repaired
[ERR] seq=8389461 err=3240
[ERR] seq=8389462 err=3080
[ERR] seq=8389463 err=2920
[SEU] addr=200031C8 bit=00000006
[ERR] seq=8389464 err=2752
[ERR] seq=8389465 err=2576
[ERR] seq=8389466 err=2424
[ERR] seq=8389467 err=2248
[ERR] seq=8389468 err=2088
[SEU] addr=2000315A bit=00000000
[ERR] seq=8389469 err=1928
[ERR] seq=8389470 err=1752
[ERR] seq=8389471 err=1592
[ERR] seq=8389472 err=1408
[ERR] seq=8389473 err=1272
[ERR] seq=8389474 err=1096
[ERR] seq=8389475 err=936
[SEU] addr=200031B1 bit=00000001
[ERR] seq=8389476 err=760
[ERR] seq=8389477 err=600
[ERR] seq=8389478 err=448
[ERR] seq=8389479 err=272
[ERR] seq=8389480 err=120
[ERR] seq=8389481 err=56
[ERR] seq=8389482 err=224
[ERR] seq=8389483 err=376
[ERR] seq=8389484 err=528
[SEU] addr=20003191 bit=00000000
[ERR] seq=8389485 err=2760
[ERR] seq=8389486 err=720
[ERR] seq=8389487 err=1168
[ERR] seq=8389488 err=1144
[SEU] addr=20003153 bit=00000006
[ERR] seq=8389489 err=1320
[SEU] addr=200031C8 bit=00000002
[ERR] seq=8389490 err=1464
[ERR] seq=8389491 err=1608
[SEU] addr=20003174 bit=00000000
[ERR] seq=8389492 err=1792
[ERR] seq=8389493 err=1920
[ERR] seq=8389494 err=2064
[ERR] seq=8389495 err=2216
[ERR] seq=8389496 err=2352
[ERR] seq=8389497 err=2512
[ERR] seq=8389498 err=2656
[ERR] seq=8389499 err=2792
[ERR] seq=8389500 err=2936
[SEU] addr=20003181 bit=00000006
[ERR] seq=8389501 err=3088
[SEU] addr=200031AA bit=00000005
[ERR] seq=8389502 err=3240
[SEU] addr=200031C6 bit=00000007
[ERR] seq=8389503 err=3368
[ERR] seq=8389504 err=3496
[ERR] seq=8389505 err=3648
[ERR] seq=8389506 err=3792
[ERR] seq=8389507 err=3904
[ERR] seq=8389508 err=4048
[ERR] seq=8389509 err=4176
[ERR] seq=8389510 err=4320
[SEU] addr=200031B3 bit=00000007
[ERR] seq=8389511 err=4432
[ERR] seq=8389512 err=4560
[ERR] seq=8389513 err=4704
[ERR] seq=8389514 err=4816
[SEU] addr=20003152 bit=00000007
[ERR] seq=8389515 err=4936
[ERR] seq=8389516 err=5072
[SEU] addr=2000316F bit=00000007
[ERR] seq=8389517 err=5176
[ERR] seq=8389518 err=5296
[ERR] seq=8389519 err=5424
[ERR] seq=8389520 err=5520
[ERR] seq=8389521 err=5624
[ERR] seq=8389522 err=5744
[ERR] seq=8389523 err=5856
[ERR] seq=8389524 err=5952
[SEU] addr=200031AB bit=00000006
[ERR] seq=8389525 err=6072
[ERR] seq=8389526 err=6160
[ERR] seq=8389527 err=6280
[ERR] seq=8389528 err=6360
[ERR] seq=8389529 err=6496
[ERR] seq=8389530 err=6576
[SEU] addr=2000318F bit=00000002
[ERR] seq=8389531 err=536877608
[ERR] seq=8389532 err=42952728
[ERR] seq=8389533 err=46392528
[ERR] seq=8389534 err=7149992
[ERR] seq=8389535 err=4289640
[ERR] seq=8389536 err=917600
[ERR] seq=8389537 err=422976
[ERR] seq=8389538 err=109736
[ERR] seq=8389539 err=49160
[ERR] seq=8389540 err=15256
[SEU] addr=20003155 bit=00000002
[CMD QUEUE CORRUPTED] primary repaired
[ERR] seq=8389541 err=11848
[ERR] seq=8389542 err=6376
[SEU] addr=20003170 bit=00000007
[ERR] seq=8389543 err=8176
[ERR] seq=8389544 err=7648
[ERR] seq=8389545 err=7904
[ERR] seq=8389546 err=7912
[SEU] addr=2000314E bit=00000005
[SAMPLE QUEUE backup CORRUPTED] backup repaired
[ERR] seq=8389547 err=8016
[ERR] seq=8389548 err=8064
[ERR] seq=8389549 err=8112
[ERR] seq=8389550 err=8184
[ERR] seq=8389551 err=8248
[ERR] seq=8389552 err=8280
[ERR] seq=8389553 err=8352
[SEU] addr=200031CA bit=00000004
[ERR] seq=8389554 err=8400
[ERR] seq=8389555 err=8448
[ERR] seq=8389556 err=8504
[ERR] seq=8389557 err=8552
[ERR] seq=8389558 err=8592
[ERR] seq=8389559 err=8616
[ERR] seq=8389560 err=8672
[ERR] seq=8389561 err=8712
[ERR] seq=8389562 err=8744
[SEU] addr=200031C9 bit=00000006
[ERR] seq=8389563 err=8784
[ERR] seq=8389564 err=8792
[ERR] seq=8389565 err=8848
[ERR] seq=8389566 err=8864
[SEU] addr=20003146 bit=00000003
[SAMPLE QUEUE CORRUPTED] primary repaired
[ERR] seq=8389567 err=8880
[ERR] seq=8389568 err=8936
[SEU] addr=200031B5 bit=00000006
[ERR] seq=8389569 err=8928
[ERR] seq=8389570 err=8952
[ERR] seq=8389571 err=8968
[ERR] seq=8389572 err=8976
[ERR] seq=8389573 err=8992
[SEU] addr=2000319C bit=00000005
[ERR] seq=8389574 err=9016
[ERR] seq=8389575 err=9008
[ERR] seq=8389576 err=9008
[ERR] seq=8389577 err=9024
[ERR] seq=8389578 err=9008
[ERR] seq=8389579 err=9024
[ERR] seq=8389580 err=9008
[ERR] seq=8389581 err=9008
[ERR] seq=8389582 err=9016
[SEU] addr=2000315A bit=00000007
[ERR] seq=8389583 err=8992
[ERR] seq=8389584 err=8984
[ERR] seq=8389585 err=8968
[ERR] seq=8389586 err=8952
[ERR] seq=8389587 err=8944
[ERR] seq=8389588 err=8928
[SEU] addr=200031AB bit=00000000
[ERR] seq=8389589 err=8888
[ERR] seq=8389590 err=8864
[ERR] seq=8389591 err=8848
[ERR] seq=8389592 err=8816
[ERR] seq=8389593 err=8784
[ERR] seq=8389594 err=8744
[ERR] seq=8389595 err=8728
[SEU] addr=2000318D bit=00000006
[ERR] seq=8389596 err=139744
[ERR] seq=8389597 err=14408
[ERR] seq=8389598 err=19912
[ERR] seq=8389599 err=6816
[ERR] seq=8389600 err=9560
[ERR] seq=8389601 err=8240
[ERR] seq=8389602 err=8512
[SEU] addr=200031A6 bit=00000006
[ERR] seq=8389603 err=8320
[ERR] seq=8389604 err=8312
[ERR] seq=8389605 err=8256
[SEU] addr=200031D4 bit=00000002
[ERR] seq=8389602 err=8536
[ERR] seq=8389603 err=8464
[ERR] seq=8389604 err=8416
[ERR] seq=8389605 err=8376
[ERR] seq=8389606 err=8304
[ERR] seq=8389607 err=8240
[ERR] seq=8389608 err=8160
[ERR] seq=8389609 err=8120
[SEU] addr=20003170 bit=00000006
[ERR] seq=8389610 err=8024
[ERR] seq=8389611 err=7960
[ERR] seq=8389612 err=7872
[SEU] addr=200031AF bit=00000003
[ERR] seq=8389613 err=7792
[ERR] seq=8389614 err=7720
[ERR] seq=8389615 err=7624
[SEU] addr=200031C7 bit=00000006
[ERR] seq=8389616 err=7552
[ERR] seq=8389617 err=7440
[ERR] seq=8389618 err=7368
[ERR] seq=8389619 err=7256
[ERR] seq=8389620 err=7176
[SEU] addr=200031D1 bit=00000004
[ERR] seq=8389621 err=7072
[ERR] seq=8389622 err=6976
[ERR] seq=8389623 err=6880
[ERR] seq=8389624 err=6776
[ERR] seq=8389625 err=6672
[ERR] seq=8389626 err=6560
[ERR] seq=8389627 err=6480
[ERR] seq=8389628 err=6336
[SEU] addr=20003195 bit=00000002
[ERR] seq=8389629 err=6240
[ERR] seq=8389630 err=6112
[ERR] seq=8389631 err=6024
[ERR] seq=8389632 err=2608
[SEU] addr=20003158 bit=00000004
[CMD QUEUE CORRUPTED] primary repaired
[ERR] seq=8389633 err=2440
[SEU] addr=20003148 bit=00000002
[SAMPLE QUEUE CORRUPTED] primary repaired
[ERR] seq=8389634 err=2584
[ERR] seq=8389635 err=2552
[ERR] seq=8389636 err=2560
[SEU] addr=200031A5 bit=00000004
[ERR] seq=8389637 err=2544
[ERR] seq=8389638 err=2528
[ERR] seq=8389639 err=2520
[ERR] seq=8389640 err=2504
[SEU] addr=200031A6 bit=00000007
[ERR] seq=8389641 err=2496
[ERR] seq=8389642 err=2488
[SEU] addr=20003154 bit=00000003
[CMD QUEUE CORRUPTED] primary repaired
[ERR] seq=8389643 err=2472
[SEU] addr=200031CF bit=00000005
[ERR] seq=8389644 err=2456
[ERR] seq=8389645 err=2456
[ERR] seq=8389646 err=2432
[ERR] seq=8389647 err=2408
[ERR] seq=8389648 err=2408
[ERR] seq=8389649 err=2472
[SEU] addr=20003187 bit=00000003
[ERR] seq=8389650 err=3368
[ERR] seq=8389651 err=2712
[ERR] seq=8389652 err=3176
[ERR] seq=8389653 err=2616
[ERR] seq=8389654 err=2968
[ERR] seq=8389655 err=2728
[ERR] seq=8389656 err=2632
[SEU] addr=200031B3 bit=00000001
[ERR] seq=8389657 err=2472
[ERR] seq=8389658 err=2320
[ERR] seq=8389659 err=2168
[ERR] seq=8389660 err=2016
[ERR] seq=8389661 err=1832
[ERR] seq=8389662 err=1680
[ERR] seq=8389663 err=1552
[ERR] seq=8389664 err=1368
[ERR] seq=8389665 err=1200
[ERR] seq=8389666 err=1056
[SEU] addr=200031CB bit=00000007
[ERR] seq=8389667 err=896
[ERR] seq=8389668 err=720
[ERR] seq=8389669 err=536
[ERR] seq=8389670 err=400
[ERR] seq=8389671 err=216
[ERR] seq=8389672 err=64
[SEU] addr=20003194 bit=00000003
[ERR] seq=8389673 err=128
[ERR] seq=8389674 err=296
[ERR] seq=8389675 err=456
[ERR] seq=8389676 err=632
[ERR] seq=8389677 err=800
[ERR] seq=8389678 err=968
[ERR] seq=8389679 err=1144
[ERR] seq=8389680 err=1304
[ERR] seq=8389681 err=1496
[SEU] addr=200031A0 bit=00000001
[ERR] seq=8389682 err=1656
[ERR] seq=8389683 err=1832
[ERR] seq=8389684 err=1992
[ERR] seq=8389685 err=2176
[ERR] seq=8389686 err=2344
[SEU] addr=200031B6 bit=00000003
[ERR] seq=8389687 err=2520
[ERR] seq=8389688 err=2704
[ERR] seq=8389689 err=2856
[ERR] seq=8389690 err=3048
[ERR] seq=8389691 err=3192
[ERR] seq=8389692 err=3376
[ERR] seq=8389693 err=3552
[ERR] seq=8389694 err=3728
[ERR] seq=8389695 err=3888
[SEU] addr=2000318A bit=00000006
[ERR] seq=8389696 err=33558472
[ERR] seq=8389697 err=2683976
[ERR] seq=8389698 err=2903472
[ERR] seq=8389699 err=446264
[ERR] seq=8389700 err=272344
[SEU] addr=200031B6 bit=00000007
[ERR] seq=8389701 err=56720
[ERR] seq=8389702 err=30976
[ERR] seq=8389703 err=6192
[ERR] seq=8389704 err=7936
[ERR] seq=8389705 err=4752
[ERR] seq=8389706 err=5904
[ERR] seq=8389707 err=5696
[SEU] addr=20003199 bit=00000007
[ERR] seq=8389708 err=6344
[ERR] seq=8389709 err=6400
[ERR] seq=8389710 err=6600
[ERR] seq=8389711 err=6728
[ERR] seq=8389712 err=6880
[ERR] seq=8389713 err=7024
[SEU] addr=20003147 bit=00000003
[SAMPLE QUEUE CORRUPTED] primary repaired
[ERR] seq=8389714 err=7152
[ERR] seq=8389715 err=7296
[ERR] seq=8389716 err=7416
[SEU] addr=2000314D bit=00000004
[SAMPLE QUEUE backup CORRUPTED] backup repaired
[ERR] seq=8389717 err=7560
[ERR] seq=8389718 err=7680
[SEU] addr=200031C0 bit=00000004
[ERR] seq=8389719 err=7808
[SEU] addr=20003187 bit=00000003
[ERR] seq=8389720 err=7864
[ERR] seq=8389721 err=8072
[SEU] addr=20003187 bit=00000001
[ERR] seq=8389722 err=2640
[ERR] seq=8389723 err=8744
[ERR] seq=8389724 err=7928
[ERR] seq=8389725 err=8592
[ERR] seq=8389726 err=8576
[SEU] addr=200031D0 bit=00000002
[ERR] seq=8389727 err=8752
[ERR] seq=8389728 err=8848
[ERR] seq=8389729 err=8928
[SEU] addr=20003149 bit=00000004
[ERR] seq=8389730 err=9056
[ERR] seq=8389731 err=9136
[ERR] seq=8389732 err=9224
[ERR] seq=8389733 err=9304
[ERR] seq=8389734 err=9400
[ERR] seq=8389735 err=9480
[SEU] addr=200031C1 bit=00000004
[ERR] seq=8389736 err=9552
[ERR] seq=8389737 err=9624
[ERR] seq=8389738 err=9704
[ERR] seq=8389739 err=9768
[ERR] seq=8389740 err=9832
[ERR] seq=8389741 err=9880
[ERR] seq=8389742 err=9952
[SEU] addr=2000316F bit=00000005
[ERR] seq=8389743 err=9976
[ERR] seq=8389744 err=10048
[ERR] seq=8389745 err=10088
[ERR] seq=8389746 err=10112
[ERR] seq=8389747 err=10168
[ERR] seq=8389748 err=10200
[ERR] seq=8389749 err=10232
[ERR] seq=8389750 err=10248
[ERR] seq=8389751 err=10280
[ERR] seq=8389752 err=10272
[SEU] addr=2000314F bit=00000000
[SAMPLE QUEUE backup CORRUPTED] backup repaired
[ERR] seq=8389753 err=10312
[ERR] seq=8389754 err=10288
[ERR] seq=8389755 err=10320
[ERR] seq=8389756 err=10304
[SEU] addr=2000317C bit=00000000
[ERR] seq=8389757 err=10296
[ERR] seq=8389758 err=10304
[SEU] addr=20003167 bit=00000006
[ERR] seq=8389759 err=10288
[ERR] seq=8389760 err=10280
[ERR] seq=8389761 err=10248
[ERR] seq=8389762 err=10248
[ERR] seq=8389763 err=10200
[SEU] addr=200031AF bit=00000006
[ERR] seq=8389764 err=10168
[SEU] addr=200031C1 bit=00000003
[ERR] seq=8389765 err=10120
[ERR] seq=8389766 err=10088
[ERR] seq=8389767 err=10048
[ERR] seq=8389768 err=10000
[ERR] seq=8389769 err=9952
[ERR] seq=8389770 err=9888
[ERR] seq=8389771 err=9856
[SEU] addr=200031AA bit=00000005
[ERR] seq=8389772 err=9768
[ERR] seq=8389773 err=9712
[ERR] seq=8389774 err=9648
[ERR] seq=8389775 err=9552
[ERR] seq=8389776 err=9488
[SEU] addr=2000317B bit=00000004
[ERR] seq=8389777 err=9424
[ERR] seq=8389778 err=9320
[ERR] seq=8389779 err=9232
[ERR] seq=8389780 err=9152
[ERR] seq=8389781 err=9072
[ERR] seq=8389782 err=8944
[ERR] seq=8389783 err=8872
[SEU] addr=200031C5 bit=00000005
[ERR] seq=8389784 err=8752
[ERR] seq=8389785 err=8640
[ERR] seq=8389786 err=8536
[ERR] seq=8389787 err=8424
[ERR] seq=8389788 err=8312
[SEU] addr=200031A0 bit=00000007
[ERR] seq=8389789 err=8200
[ERR] seq=8389790 err=8088
[ERR] seq=8389791 err=7936
[SEU] addr=20003155 bit=00000002
[CMD QUEUE CORRUPTED] primary repaired
[ERR] seq=8389792 err=7832
[ERR] seq=8389793 err=7696
[ERR] seq=8389794 err=7584
[ERR] seq=8389795 err=7456
[ERR] seq=8389796 err=7312
[ERR] seq=8389797 err=7192
[SEU] addr=200031D6 bit=00000007
[ERR] seq=1190 err=272
[ERR] seq=1191 err=872
[SEU] addr=20003168 bit=00000006
[ERR] seq=1192 err=296
[SEU] addr=20003192 bit=00000002
[ERR] seq=1193 err=2097584
[ERR] seq=1194 err=167992
[ERR] seq=1195 err=181640
[SEU] addr=200031D5 bit=00000003
[ERR] seq=3244 err=31568
[ERR] seq=3245 err=21968
[ERR] seq=3246 err=7064
[ERR] seq=3247 err=6952
[SEU] addr=20003156 bit=00000004
[CMD QUEUE CORRUPTED] primary repaired
[ERR] seq=3248 err=4840
[ERR] seq=3249 err=5224
[ERR] seq=3250 err=4888
[ERR] seq=3251 err=4784
[SEU] addr=20003167 bit=00000005
[ERR] seq=3252 err=4608
[ERR] seq=3253 err=4424
[SEU] addr=2000317D bit=00000001
[ERR] seq=3254 err=4272
[ERR] seq=3255 err=4128
[ERR] seq=3256 err=3952
[ERR] seq=3257 err=3800
[ERR] seq=3258 err=3632
[ERR] seq=3259 err=3456
[ERR] seq=3260 err=3264
[ERR] seq=3261 err=3112
[ERR] seq=3262 err=2952
[SEU] addr=2000316C bit=00000002
[ERR] seq=3263 err=2760
[ERR] seq=3264 err=2624
[ERR] seq=3265 err=2424
[ERR] seq=3266 err=2256
[ERR] seq=3267 err=2080
[ERR] seq=3268 err=1920
[ERR] seq=3269 err=1736
[ERR] seq=3270 err=1584
[SEU] addr=20003165 bit=00000002
[ERR] seq=3271 err=1408
[SEU] addr=2000315F bit=00000003
[CMD QUEUE backup CORRUPTED] backup repaired
[ERR] seq=3272 err=1232
[ERR] seq=3273 err=1064
[SEU] addr=200031BF bit=00000005
[ERR] seq=3274 err=896
[ERR] seq=3275 err=728
[ERR] seq=3276 err=560
[ERR] seq=3277 err=376
[SEU] addr=20003180 bit=00000005
[ERR] seq=3278 err=224
[ERR] seq=3279 err=32
[SEU] addr=2000319D bit=00000001
[ERR] seq=3280 err=128
[ERR] seq=3281 err=304
[ERR] seq=3282 err=448
[ERR] seq=3283 err=608
[ERR] seq=3284 err=784
[ERR] seq=3285 err=944
[ERR] seq=3286 err=1104
[ERR] seq=3287 err=1256
[ERR] seq=3288 err=1432
[SEU] addr=2000316B bit=00000002
[ERR] seq=3289 err=1584
[ERR] seq=3290 err=1736
[SEU] addr=20003177 bit=00000007
[ERR] seq=3291 err=1888
[ERR] seq=3292 err=2056
[ERR] seq=3293 err=2208
[SEU] addr=2000319A bit=00000003
[ERR] seq=3294 err=2360
[ERR] seq=3295 err=2512
[ERR] seq=3296 err=2656
[ERR] seq=3297 err=2816
[SEU] addr=20003179 bit=00000005
[ERR] seq=3298 err=2960
[ERR] seq=3299 err=3104
[ERR] seq=3300 err=3264
[ERR] seq=3301 err=3424
[ERR] seq=3302 err=3544
[SEU] addr=200031C5 bit=00000005
[ERR] seq=3303 err=3696
[SEU] addr=20003159 bit=00000000
[ERR] seq=3304 err=3824
[ERR] seq=3305 err=4000
[ERR] seq=3306 err=4112
[SEU] addr=20003192 bit=00000001
[ERR] seq=3307 err=1051288
[ERR] seq=3308 err=88272
[ERR] seq=3309 err=93480
[ERR] seq=3310 err=18616
[SEU] addr=2000316F bit=00000002
[ERR] seq=3311 err=11424
[ERR] seq=3312 err=6688
[ERR] seq=3313 err=4264
[ERR] seq=3314 err=5368
[SEU] addr=20003173 bit=00000001
[ERR] seq=3315 err=5216
[ERR] seq=3316 err=5456
[ERR] seq=3317 err=5512
[ERR] seq=3318 err=5664
[ERR] seq=3319 err=5784
[ERR] seq=3320 err=5888
[ERR] seq=3321 err=6000
[ERR] seq=3322 err=6112
[ERR] seq=3323 err=6224
[SEU] addr=20003160 bit=00000001
[CMD QUEUE backup CORRUPTED] backup repaired
[ERR] seq=3324 err=6312
[ERR] seq=3325 err=6456
[ERR] seq=3326 err=6544
[ERR] seq=3327 err=6672
[ERR] seq=3328 err=4688
[ERR] seq=3329 err=4992
[ERR] seq=3330 err=4904
[ERR] seq=3331 err=5016
[ERR] seq=3332 err=5104
[SEU] addr=20003151 bit=00000005
[ERR] seq=3333 err=5208
[ERR] seq=3334 err=5296
[ERR] seq=3335 err=5384
[ERR] seq=3336 err=5480
[SEU] addr=2000315B bit=00000004
[ERR] seq=3337 err=5568
[ERR] seq=3338 err=5656
[SEU] addr=200031C0 bit=00000003
[ERR] seq=3339 err=5736
[ERR] seq=3340 err=5808
[SEU] addr=20003174 bit=00000002
[ERR] seq=3341 err=5896
[ERR] seq=3342 err=5976
[SEU] addr=20003146 bit=00000005
[SAMPLE QUEUE CORRUPTED] primary repaired
[ERR] seq=3343 err=6056
[ERR] seq=3344 err=6104
[ERR] seq=3345 err=6176
[ERR] seq=3346 err=6248
[ERR] seq=3347 err=6320
[ERR] seq=3348 err=8400
[ERR] seq=3349 err=8320
[ERR] seq=3350 err=8544
[ERR] seq=3351 err=8584
[SEU] addr=200031B2 bit=00000004
[ERR] seq=3352 err=8648
[ERR] seq=3353 err=8696
[ERR] seq=3354 err=8760
[ERR] seq=3355 err=8792
[ERR] seq=3356 err=8840
[ERR] seq=3357 err=8880
[ERR] seq=3358 err=8928
[SEU] addr=200031D5 bit=00000003
[ERR] seq=1311 err=1440
[ERR] seq=1312 err=624
[ERR] seq=1313 err=1448
[ERR] seq=1314 err=1320
[ERR] seq=1315 err=1360
[SEU] addr=200031D7 bit=00000001
[ERR] seq=33555748 err=7256
[ERR] seq=33555749 err=6576
[ERR] seq=33555750 err=7296
[ERR] seq=33555751 err=7184
[ERR] seq=33555752 err=7232
[ERR] seq=33555753 err=7216
[ERR] seq=33555754 err=7216
[ERR] seq=33555755 err=7184
[ERR] seq=33555756 err=7192
[SEU] addr=200031CF bit=00000005
[ERR] seq=33555757 err=7152
[ERR] seq=33555758 err=7152
[ERR] seq=33555759 err=7136
[ERR] seq=33555760 err=7104
[ERR] seq=33555761 err=7096
[ERR] seq=33555762 err=7064
[ERR] seq=33555763 err=7032
[ERR] seq=33555764 err=7000
[ERR] seq=33555765 err=6976
[SEU] addr=200031D7 bit=00000004
[ERR] seq=301991222 err=5232
[ERR] seq=301991223 err=5352
[ERR] seq=301991224 err=5160
[ERR] seq=301991225 err=5136
[ERR] seq=301991226 err=5072
[ERR] seq=301991227 err=5064
[ERR] seq=301991228 err=4992
[ERR] seq=301991229 err=4960
[ERR] seq=301991230 err=4896
[SEU] addr=2000314F bit=00000007
[SAMPLE QUEUE backup CORRUPTED] backup repaired
[ERR] seq=301991231 err=4864
[ERR] seq=301991232 err=4808
[ERR] seq=301991233 err=4768
[ERR] seq=301991234 err=4712
[ERR] seq=301991235 err=4672
[ERR] seq=301991236 err=4624
[ERR] seq=301991237 err=4568
[ERR] seq=301991238 err=4528
[SEU] addr=20003193 bit=00000004
[ERR] seq=301991239 err=2147486504
[ERR] seq=301991240 err=171803096
[ERR] seq=301991241 err=185545376
[ERR] seq=301991242 err=28591608
[ERR] seq=301991243 err=17133104
[ERR] seq=301991244 err=3661584
[SEU] addr=200031BE bit=00000004
[ERR] seq=301991245 err=1665672
[ERR] seq=301991246 err=429680
[ERR] seq=301991247 err=169648
[ERR] seq=301991248 err=51352
[SEU] addr=200031C6 bit=00000006
[ERR] seq=301991249 err=19640
[ERR] seq=301991250 err=8976
[ERR] seq=301991251 err=4184
[ERR] seq=301991252 err=4240
[ERR] seq=301991253 err=3424
[ERR] seq=301991254 err=3616
[ERR] seq=301991255 err=3456
[SEU] addr=20003197 bit=00000004
[ERR] seq=301991256 err=3392
[ERR] seq=301991257 err=3336
[SEU] addr=20003166 bit=00000005
[ERR] seq=301991258 err=3264
[ERR] seq=301991259 err=3200
[ERR] seq=301991260 err=3104
[ERR] seq=301991261 err=3040
[ERR] seq=301991262 err=2960
[ERR] seq=301991263 err=2888
[ERR] seq=301991264 err=2816
[ERR] seq=301991265 err=2736
[ERR] seq=301991266 err=2664
[SEU] addr=20003154 bit=00000000
[CMD QUEUE CORRUPTED] primary repaired
[ERR] seq=301991267 err=2568
[ERR] seq=301991268 err=2496
[ERR] seq=301991269 err=2424
[ERR] seq=301991270 err=2328
[ERR] seq=301991271 err=2256
[ERR] seq=301991272 err=2168
[ERR] seq=301991273 err=2112
[ERR] seq=301991274 err=1992
[ERR] seq=301991275 err=1920
[SEU] addr=20003170 bit=00000004
[ERR] seq=301991276 err=1816
[ERR] seq=301991277 err=1728
[ERR] seq=301991278 err=1656
[SEU] addr=200031B4 bit=00000001
[ERR] seq=301991279 err=1552
[ERR] seq=301991280 err=1456
[ERR] seq=301991281 err=1360
[ERR] seq=301991282 err=1280
[ERR] seq=301991283 err=1176
[ERR] seq=301991284 err=1080
[ERR] seq=301991285 err=1000
[ERR] seq=301991286 err=896
[ERR] seq=301991287 err=792
[SEU] addr=2000318F bit=00000003
[ERR] seq=301991288 err=1073742504
[ERR] seq=301991289 err=85899616
[ERR] seq=301991290 err=92771784
[ERR] seq=301991291 err=14293808
[ERR] seq=301991292 err=8565480
[ERR] seq=301991293 err=1828784
[SEU] addr=20003163 bit=00000003
[ERR] seq=301991294 err=831584
[ERR] seq=301991295 err=212832
[ERR] seq=301991296 err=83608
[SEU] addr=2000315B bit=00000005
[ERR] seq=301991297 err=23936
[ERR] seq=301991298 err=8728
[ERR] seq=301991299 err=3000
[ERR] seq=301991300 err=1128
[ERR] seq=301991301 err=920
[ERR] seq=301991302 err=664
[ERR] seq=301991303 err=880
[ERR] seq=301991304 err=968
[ERR] seq=301991305 err=1080
[SEU] addr=20003190 bit=00000001
[ERR] seq=301991306 err=1144
[ERR] seq=301991307 err=1264
[ERR] seq=301991308 err=1392
[ERR] seq=301991309 err=1496
[ERR] seq=301991310 err=1592
[ERR] seq=301991311 err=1704
[SEU] addr=20003145 bit=00000001
[SAMPLE QUEUE CORRUPTED] primary repaired
[ERR] seq=301991312 err=1800
[ERR] seq=301991313 err=1944
[ERR] seq=301991314 err=2016
[ERR] seq=301991315 err=2136
[ERR] seq=301991316 err=2224
[ERR] seq=301991317 err=2344
[ERR] seq=301991318 err=2464
[ERR] seq=301991319 err=2552
[ERR] seq=301991320 err=2672
[SEU] addr=20003189 bit=00000007
[ERR] seq=301991321 err=264912
[ERR] seq=301991322 err=20720
[ERR] seq=301991323 err=25624
[ERR] seq=301991324 err=3216
[ERR] seq=301991325 err=5280
[SEU] addr=2000316C bit=00000007
[ERR] seq=301991326 err=2848
[ERR] seq=301991327 err=3600
[ERR] seq=301991328 err=3440
[ERR] seq=301991329 err=3608
[ERR] seq=301991330 err=3696
[SEU] addr=20003158 bit=00000005
[CMD QUEUE CORRUPTED] primary repaired
[ERR] seq=301991331 err=3768
[ERR] seq=301991332 err=3880
[ERR] seq=301991333 err=3976
[ERR] seq=301991334 err=4080
[SEU] addr=200031CF bit=00000000
[ERR] seq=301991335 err=4152
[ERR] seq=301991336 err=4232
[ERR] seq=301991337 err=4328
[ERR] seq=301991338 err=4408
[ERR] seq=301991339 err=4488
[ERR] seq=301991340 err=4584
[ERR] seq=301991341 err=4664
[SEU] addr=200031A9 bit=00000007
[ERR] seq=301991342 err=4728
[ERR] seq=301991343 err=4808
[ERR] seq=301991344 err=4864
[ERR] seq=301991345 err=4952
[SEU] addr=20003155 bit=00000001
[CMD QUEUE CORRUPTED] primary repaired
[ERR] seq=301991346 err=5024
[ERR] seq=301991347 err=5080
[ERR] seq=301991348 err=5536
[ERR] seq=301991349 err=5544
[ERR] seq=301991350 err=5648
[ERR] seq=301991351 err=5728
[ERR] seq=301991352 err=5768
[ERR] seq=301991353 err=5824
[SEU] addr=2000314E bit=00000002
[SAMPLE QUEUE backup CORRUPTED] backup repaired
[ERR] seq=301991354 err=5888
[ERR] seq=301991355 err=5928
[ERR] seq=301991356 err=5984
[ERR] seq=301991357 err=6032
[ERR] seq=301991358 err=6072
[ERR] seq=301991359 err=6112
[ERR] seq=301991360 err=6152
[ERR] seq=301991361 err=6200
[ERR] seq=301991362 err=6232
[ERR] seq=301991363 err=6272
[SEU] addr=20003169 bit=00000003
[ERR] seq=301991364 err=6280
[ERR] seq=301991365 err=6304
[ERR] seq=301991366 err=6336
[ERR] seq=301991367 err=6376
[SEU] addr=20003161 bit=00000004
[ERR] seq=301991368 err=6400
[ERR] seq=301991369 err=6408
[ERR] seq=301991370 err=6424
[ERR] seq=301991371 err=6440
[ERR] seq=301991372 err=6448
[ERR] seq=301991373 err=6456
[ERR] seq=301991374 err=6472
[SEU] addr=2000315C bit=00000007
[CMD QUEUE backup CORRUPTED] backup repaired
[ERR] seq=301991375 err=6472
[ERR] seq=301991376 err=6472
[ERR] seq=301991377 err=6472
[ERR] seq=301991378 err=6456
[ERR] seq=301991379 err=6448
[ERR] seq=301991380 err=6448
[ERR] seq=301991381 err=6424
[ERR] seq=301991382 err=6408
[SEU] addr=20003157 bit=00000005
[CMD QUEUE CORRUPTED] primary repaired
[ERR] seq=301991383 err=6408
[ERR] seq=301991384 err=6376
[ERR] seq=301991385 err=6336
[ERR] seq=301991386 err=6304
[ERR] seq=301991387 err=6296
[ERR] seq=301991388 err=6272
[ERR] seq=301991389 err=6232
[ERR] seq=301991390 err=6216
[SEU] addr=20003161 bit=00000001
[ERR] seq=301991391 err=6152
[ERR] seq=301991392 err=6120
[ERR] seq=301991393 err=6080
[SEU] addr=200031CE bit=00000003
[ERR] seq=301991394 err=6032
[ERR] seq=301991395 err=5992
[ERR] seq=301991396 err=5952
[ERR] seq=301991397 err=5888
[SEU] addr=20003177 bit=00000002
[ERR] seq=301991398 err=5824
[ERR] seq=301991399 err=5792
[ERR] seq=301991400 err=5352
[SEU] addr=20003169 bit=00000007
[ERR] seq=301991401 err=5328
[ERR] seq=301991402 err=5248
[ERR] seq=301991403 err=5160
[ERR] seq=301991404 err=5088
[ERR] seq=301991405 err=5048
[ERR] seq=301991406 err=4952
[ERR] seq=301991407 err=4888
[ERR] seq=301991408 err=4816
[SEU] addr=2000314A bit=00000000
[ERR] seq=301991409 err=4736
[ERR] seq=301991410 err=4680
[ERR] seq=301991411 err=4584
[ERR] seq=301991412 err=4512
[ERR] seq=301991413 err=4416
[ERR] seq=301991414 err=4336
[ERR] seq=301991415 err=4248
[SEU] addr=200031B0 bit=00000006
[ERR] seq=301991416 err=4176
[ERR] seq=301991417 err=4088
[ERR] seq=301991418 err=3992
[ERR] seq=301991419 err=3896
[ERR] seq=301991420 err=3784
[ERR] seq=301991421 err=3720
[ERR] seq=301991422 err=3592
[ERR] seq=301991423 err=3520
[SEU] addr=2000317D bit=00000007
[ERR] seq=301991424 err=7504
[ERR] seq=301991425 err=7080
[ERR] seq=301991426 err=7328
[ERR] seq=301991427 err=7168
[ERR] seq=301991428 err=7096
[ERR] seq=301991429 err=6992
[ERR] seq=301991430 err=6880
[ERR] seq=301991431 err=6776
[ERR] seq=301991432 err=6672
[ERR] seq=301991433 err=6568
[SEU] addr=200031A9 bit=00000001
[ERR] seq=301991434 err=6464
[ERR] seq=301991435 err=6360
[ERR] seq=301991436 err=6240
[ERR] seq=301991437 err=6136
[ERR] seq=301991438 err=6056
[ERR] seq=301991439 err=5936
[ERR] seq=301991440 err=5824
[ERR] seq=301991441 err=5728
[SEU] addr=2000316B bit=00000005
[ERR] seq=301991442 err=5624
[ERR] seq=301991443 err=5528
[ERR] seq=301991444 err=1304
[ERR] seq=301991445 err=1528
[ERR] seq=301991446 err=1088
[ERR] seq=301991447 err=1040
[ERR] seq=301991448 err=904
[ERR] seq=301991449 err=800
[ERR] seq=301991450 err=688
[SEU] addr=200031D1 bit=00000006
[ERR] seq=301991451 err=608
[SEU] addr=2000316E bit=00000006
[ERR] seq=301991452 err=464
[ERR] seq=301991453 err=392
[ERR] seq=301991454 err=272
[ERR] seq=301991455 err=184
[ERR] seq=301991456 err=80
[ERR] seq=301991457 err=32
[ERR] seq=301991458 err=136
[ERR] seq=301991459 err=232
[ERR] seq=301991460 err=328
[ERR] seq=301991461 err=448
[SEU] addr=200031B3 bit=00000003
[ERR] seq=301991462 err=512
[ERR] seq=301991463 err=632
[SEU] addr=200031C8 bit=00000005
[ERR] seq=301991464 err=704
[ERR] seq=301991465 err=824
[ERR] seq=301991466 err=920
[ERR] seq=301991467 err=1000
[SEU] addr=2000316F bit=00000006
[ERR] seq=301991468 err=1120
[ERR] seq=301991469 err=1192
[SEU] addr=200031D0 bit=00000006
[ERR] seq=301991470 err=1288
[ERR] seq=301991471 err=1376
[ERR] seq=301991472 err=1480
[ERR] seq=301991473 err=1560
[ERR] seq=301991474 err=1656
[ERR] seq=301991475 err=1744
[ERR] seq=301991476 err=1824
[ERR] seq=301991477 err=1904
[SEU] addr=200031C4 bit=00000007
[ERR] seq=301991478 err=2016
[ERR] seq=301991479 err=2088
[SEU] addr=200031CB bit=00000005
[ERR] seq=301991480 err=2168
[ERR] seq=301991481 err=2264
[ERR] seq=301991482 err=2304
[ERR] seq=301991483 err=2408
[ERR] seq=301991484 err=2488
[ERR] seq=301991485 err=2568
[ERR] seq=301991486 err=2640
[SEU] addr=200031A6 bit=00000000
[ERR] seq=301991487 err=2728
[ERR] seq=301991488 err=2800
[ERR] seq=301991489 err=2880
[ERR] seq=301991490 err=2944
[ERR] seq=301991491 err=3024
[ERR] seq=301991492 err=3104
[SEU] addr=200031D0 bit=00000002
[ERR] seq=301991493 err=3176
[ERR] seq=301991494 err=3256
[ERR] seq=301991495 err=3328
[SEU] addr=200031C8 bit=00000005
[ERR] seq=301991496 err=3376
[ERR] seq=301991497 err=3464
[ERR] seq=301991498 err=3528
[SEU] addr=20003161 bit=00000005
[ERR] seq=301991499 err=3608
[ERR] seq=301991500 err=3688
[ERR] seq=301991501 err=3728
[ERR] seq=301991502 err=3816
[SEU] addr=2000316F bit=00000001
[ERR] seq=301991503 err=3880
[ERR] seq=301991504 err=3920
[ERR] seq=301991505 err=4000
[ERR] seq=301991506 err=4056
[ERR] seq=301991507 err=4104
[ERR] seq=301991508 err=4176
[ERR] seq=301991509 err=4240
[ERR] seq=301991510 err=4288
[SEU] addr=20003177 bit=00000001
[ERR] seq=301991511 err=4352
[ERR] seq=301991512 err=4408
[ERR] seq=301991513 err=4440
[ERR] seq=301991514 err=4512
[SEU] addr=20003173 bit=00000004
[ERR] seq=301991515 err=4568
[ERR] seq=301991516 err=4624
[ERR] seq=301991517 err=4648
[ERR] seq=301991518 err=4712
[SEU] addr=200031A4 bit=00000000
[ERR] seq=301991519 err=4768
[ERR] seq=301991520 err=4792
[ERR] seq=301991521 err=4856
[ERR] seq=301991522 err=4896
[ERR] seq=301991523 err=4952
[ERR] seq=301991524 err=4984
[ERR] seq=301991525 err=5048
[ERR] seq=301991526 err=5064
[ERR] seq=301991527 err=5128
[SEU] addr=2000319A bit=00000000
[ERR] seq=301991528 err=5152
[ERR] seq=301991529 err=5208
[ERR] seq=301991530 err=5232
[ERR] seq=301991531 err=5256
[ERR] seq=301991532 err=5304
[ERR] seq=301991533 err=5320
[SEU] addr=2000319D bit=00000003
[ERR] seq=301991534 err=5384
[ERR] seq=301991535 err=5400
[ERR] seq=301991536 err=5432
[ERR] seq=301991537 err=5464
[ERR] seq=301991538 err=5496
[ERR] seq=301991539 err=5504
[ERR] seq=301991540 err=5544
[ERR] seq=301991541 err=5544
[ERR] seq=301991542 err=5584
[SEU] addr=200031CC bit=00000001
[ERR] seq=301991543 err=5624
[ERR] seq=301991544 err=5616
[ERR] seq=301991545 err=5640
[ERR] seq=301991546 err=5656
[ERR] seq=301991547 err=5672
[ERR] seq=301991548 err=5672
[ERR] seq=301991549 err=5688
[SEU] addr=200031D6 bit=00000001
[ERR] seq=302122622 err=2400
[ERR] seq=302122623 err=2672
[ERR] seq=302122624 err=2376
[ERR] seq=302122625 err=2408
[ERR] seq=302122626 err=2368
[SEU] addr=2000319A bit=00000003
[ERR] seq=302122627 err=2360
[SEU] addr=200031BA bit=00000000
[ERR] seq=302122628 err=2360
[ERR] seq=302122629 err=2344
[ERR] seq=302122630 err=2312
[ERR] seq=302122631 err=2320
[ERR] seq=302122632 err=2304
[SEU] addr=2000316F bit=00000006
[ERR] seq=302122633 err=2304
[ERR] seq=302122634 err=2280
[ERR] seq=302122635 err=2256
[ERR] seq=302122636 err=2264
[ERR] seq=302122637 err=2248
[ERR] seq=302122638 err=2232
[ERR] seq=302122639 err=2224
[ERR] seq=302122640 err=2200
[SEU] addr=200031C0 bit=00000004
[ERR] seq=302122641 err=2192
[ERR] seq=302122642 err=2176
[ERR] seq=302122643 err=2152
[ERR] seq=302122644 err=2136
[ERR] seq=302122645 err=2112
[ERR] seq=302122646 err=2088
[ERR] seq=302122647 err=2088
[ERR] seq=302122648 err=2048
[ERR] seq=302122649 err=2040
[SEU] addr=20003152 bit=00000001
[ERR] seq=302122650 err=2032
[ERR] seq=302122651 err=1992
[ERR] seq=302122652 err=1992
[SEU] addr=200031A1 bit=00000001
[ERR] seq=302122653 err=1952
[ERR] seq=302122654 err=1936
[ERR] seq=302122655 err=1920
[ERR] seq=302122656 err=1896
[ERR] seq=302122657 err=1872
[SEU] addr=200031BD bit=00000005
[ERR] seq=302122658 err=1848
[ERR] seq=302122659 err=1832
[ERR] seq=302122660 err=1808
[ERR] seq=302122661 err=1800
[ERR] seq=302122662 err=1760
[ERR] seq=302122663 err=1744
[ERR] seq=302122664 err=1712
[SEU] addr=200031AD bit=00000000
[ERR] seq=302122665 err=1696
[SEU] addr=20003180 bit=00000002
[ERR] seq=302122666 err=1664
[ERR] seq=302122667 err=1648
[ERR] seq=302122668 err=1632
[ERR] seq=302122669 err=1600
[ERR] seq=302122670 err=1568
[ERR] seq=302122671 err=1544
[ERR] seq=302122672 err=1512
[ERR] seq=302122673 err=1496
[SEU] addr=200031AB bit=00000007
[ERR] seq=302122674 err=1464
[ERR] seq=302122675 err=1440
[ERR] seq=302122676 err=1408
[SEU] addr=200031C9 bit=00000002
[ERR] seq=302122677 err=1392
[ERR] seq=302122678 err=1352
[ERR] seq=302122679 err=1320
[ERR] seq=302122680 err=1288
[ERR] seq=302122681 err=1272
[ERR] seq=302122682 err=1240
[ERR] seq=302122683 err=1208
[SEU] addr=20003166 bit=00000001
[ERR] seq=302122684 err=1184
[ERR] seq=302122685 err=1144
[ERR] seq=302122686 err=1112
[ERR] seq=302122687 err=1064
[ERR] seq=302122688 err=1056
[ERR] seq=302122689 err=1008
[ERR] seq=302122690 err=968
[SEU] addr=200031AE bit=00000004
[ERR] seq=302122691 err=944
[ERR] seq=302122692 err=904
[ERR] seq=302122693 err=872
[ERR] seq=302122694 err=840
[ERR] seq=302122695 err=792
[ERR] seq=302122696 err=752
[ERR] seq=302122697 err=720
[ERR] seq=302122698 err=688
[ERR] seq=302122699 err=664
[ERR] seq=302122700 err=616
[SEU] addr=2000319C bit=00000002
[ERR] seq=302122701 err=576
[ERR] seq=302122702 err=544
[ERR] seq=302122703 err=496
[ERR] seq=302122704 err=472
[ERR] seq=302122705 err=432
[ERR] seq=302122706 err=392
[ERR] seq=302122707 err=360
[ERR] seq=302122708 err=320
[ERR] seq=302122709 err=280
[SEU] addr=2000319D bit=00000003
[ERR] seq=302122710 err=240
[ERR] seq=302122711 err=192
[ERR] seq=302122712 err=152
[ERR] seq=302122713 err=112
[ERR] seq=302122714 err=72
[ERR] seq=302122715 err=48
[ERR] seq=302122716 err=16
[ERR] seq=302122717 err=56
[ERR] seq=302122718 err=96
[SEU] addr=200031B0 bit=00000001
[ERR] seq=302122719 err=144
[ERR] seq=302122720 err=184
[ERR] seq=302122721 err=232
[ERR] seq=302122722 err=264
[ERR] seq=302122723 err=320
[SEU] addr=200031CA bit=00000001
[ERR] seq=302122724 err=368
[ERR] seq=302122725 err=416
[ERR] seq=302122726 err=432
[ERR] seq=302122727 err=504
[SEU] addr=200031D4 bit=00000004
[ERR] seq=302122744 err=280
[ERR] seq=302122745 err=232
[ERR] seq=302122746 err=256
[ERR] seq=302122747 err=264
[ERR] seq=302122748 err=240
[ERR] seq=302122749 err=224
[ERR] seq=302122750 err=224
[ERR] seq=302122751 err=208
[ERR] seq=302122752 err=2000
[SEU] addr=2000318B bit=00000002
[ERR] seq=302122753 err=536872752
[ERR] seq=302122754 err=42947808
[ERR] seq=302122755 err=46387632
[ERR] seq=302122756 err=7144944
[ERR] seq=302122757 err=4284600
[SEU] addr=2000316D bit=00000004
[ERR] seq=302122758 err=912448
[ERR] seq=302122759 err=417752
[ERR] seq=302122760 err=104496
[ERR] seq=302122761 err=43760
[ERR] seq=302122762 err=9928
[ERR] seq=302122763 err=6288
[ERR] seq=302122764 err=728
[SEU] addr=20003145 bit=00000001
[SAMPLE QUEUE CORRUPTED] primary repaired
[ERR] seq=302122765 err=2464
[ERR] seq=302122766 err=1872
[ERR] seq=302122767 err=2064
[ERR] seq=302122768 err=2008
[SEU] addr=200031B0 bit=00000004
[ERR] seq=302122769 err=2024
[ERR] seq=302122770 err=2024
[ERR] seq=302122771 err=2040
[ERR] seq=302122772 err=2024
[ERR] seq=302122773 err=2040
[SEU] addr=20003148 bit=00000001
[SAMPLE QUEUE CORRUPTED] primary repaired
[ERR] seq=302122774 err=2024
[ERR] seq=302122775 err=2040
[ERR] seq=302122776 err=2040
[SEU] addr=2000315D bit=00000004
[CMD QUEUE backup CORRUPTED] backup repaired
[ERR] seq=302122777 err=2048
[ERR] seq=302122778 err=2048
[ERR] seq=302122779 err=2040
[ERR] seq=302122780 err=2056
[ERR] seq=302122781 err=2056
[ERR] seq=302122782 err=2056
[ERR] seq=302122783 err=2064
[SEU] addr=200031AD bit=00000003
[ERR] seq=302122784 err=2048
[ERR] seq=302122785 err=2056
[ERR] seq=302122786 err=2056
[SEU] addr=2000319F bit=00000006
[ERR] seq=302122787 err=2056
[ERR] seq=302122788 err=48
[ERR] seq=302122789 err=176
[ERR] seq=302122790 err=48
[ERR] seq=302122791 err=32
[ERR] seq=302122792 err=40
[ERR] seq=302122793 err=40
[SEU] addr=200031D3 bit=00000007
[ERR] seq=302122794 err=32
[SEU] addr=200031C3 bit=00000000
[ERR] seq=302122795 err=48
[ERR] seq=302122796 err=384
[ERR] seq=302122797 err=352
[ERR] seq=302122798 err=368
[ERR] seq=302122799 err=368
[ERR] seq=302122800 err=24
[ERR] seq=302122801 err=32
[ERR] seq=302122802 err=32
[SEU] addr=200031D4 bit=00000003
[ERR] seq=302122811 err=1112
[ERR] seq=302122812 err=1032
[ERR] seq=302122813 err=1128
[ERR] seq=302122814 err=1104
[ERR] seq=302122815 err=1120
[SEU] addr=2000315B bit=00000001
[ERR] seq=302122816 err=1112
[ERR] seq=302122817 err=1096
[SEU] addr=200031B6 bit=00000000
[ERR] seq=302122818 err=1096
[ERR] seq=302122819 err=1104
[ERR] seq=302122820 err=1120
[ERR] seq=302122821 err=1112
[ERR] seq=302122822 err=1112
[ERR] seq=302122823 err=1096
[ERR] seq=302122824 err=1080
[ERR] seq=302122825 err=1088
[SEU] addr=2000317F bit=00000006
[ERR] seq=302122826 err=1088
[ERR] seq=302122827 err=1080
[ERR] seq=302122828 err=1080
[SEU] addr=20003169 bit=00000000
[ERR] seq=302122829 err=1072
[ERR] seq=302122830 err=1056
[ERR] seq=302122831 err=1072
[ERR] seq=302122832 err=1040
[ERR] seq=302122833 err=1056
[ERR] seq=302122834 err=1040
[ERR] seq=302122835 err=1032
[SEU] addr=20003181 bit=00000005
[ERR] seq=302122836 err=1024
[ERR] seq=302122837 err=1024
[ERR] seq=302122838 err=1008
[ERR] seq=302122839 err=1016
[ERR] seq=302122840 err=1000
[ERR] seq=302122841 err=992
[ERR] seq=302122842 err=992
[ERR] seq=302122843 err=968
[ERR] seq=302122844 err=968
[SEU] addr=20003195 bit=00000005
[ERR] seq=302122845 err=968
[ERR] seq=302122846 err=944
[ERR] seq=302122847 err=944
[ERR] seq=302122848 err=936
[ERR] seq=302122849 err=920
[SEU] addr=20003176 bit=00000006
[ERR] seq=302122850 err=928
[ERR] seq=302122851 err=912
[ERR] seq=302122852 err=912
[ERR] seq=302122853 err=896
[SEU] addr=20003160 bit=00000003
[CMD QUEUE backup CORRUPTED] backup repaired
[ERR] seq=302122854 err=896
[ERR] seq=302122855 err=880
[SEU] addr=200031A0 bit=00000002
[ERR] seq=302122856 err=864
[ERR] seq=302122857 err=864
[ERR] seq=302122858 err=848
[ERR] seq=302122859 err=848
[ERR] seq=302122860 err=840
[ERR] seq=302122861 err=840
[ERR] seq=302122862 err=824
[SEU] addr=200031CB bit=00000001
[ERR] seq=302122863 err=816
[ERR] seq=302122864 err=808
[ERR] seq=302122865 err=792
[ERR] seq=302122866 err=792
[ERR] seq=302122867 err=768
[ERR] seq=302122868 err=776
[ERR] seq=302122869 err=760
[ERR] seq=302122870 err=752
[SEU] addr=20003179 bit=00000005
[ERR] seq=302122871 err=752
[SEU] addr=20003185 bit=00000006
[ERR] seq=302122872 err=11984
[ERR] seq=302122873 err=1736
[SEU] addr=20003166 bit=00000002
[ERR] seq=302122874 err=352
[ERR] seq=302122875 err=848
[ERR] seq=302122876 err=640
[ERR] seq=302122877 err=704
[ERR] seq=302122878 err=672
[ERR] seq=302122879 err=696
[ERR] seq=302122880 err=640
[ERR] seq=302122881 err=680
[ERR] seq=302122882 err=624
[SEU] addr=200031D6 bit=00000006
[ERR] seq=306317187 err=2744
[ERR] seq=306317188 err=2408
[ERR] seq=306317189 err=2584
[ERR] seq=306317190 err=2440
[ERR] seq=306317191 err=2336
[SEU] addr=200031BB bit=00000006
[ERR] seq=306317192 err=2232
[ERR] seq=306317193 err=2128
[ERR] seq=306317194 err=2040
[ERR] seq=306317195 err=1936
[ERR] seq=306317196 err=1800
[ERR] seq=306317197 err=1720
[ERR] seq=306317198 err=1608
[ERR] seq=306317199 err=1504
[ERR] seq=306317200 err=1392
[SEU] addr=200031AB bit=00000005
[ERR] seq=306317201 err=1304
[ERR] seq=306317202 err=1192
[ERR] seq=306317203 err=1080
[ERR] seq=306317204 err=984
[ERR] seq=306317205 err=856
[SEU] addr=200031BF bit=00000006
[ERR] seq=306317206 err=784
[ERR] seq=306317207 err=664
[ERR] seq=306317208 err=576
[ERR] seq=306317209 err=464
[ERR] seq=306317210 err=352
[ERR] seq=306317211 err=280
[ERR] seq=306317212 err=128
[SEU] addr=200031A0 bit=00000004
[ERR] seq=306317213 err=48
[ERR] seq=306317214 err=88
[ERR] seq=306317215 err=160
[ERR] seq=306317216 err=256
[ERR] seq=306317217 err=368
[ERR] seq=306317218 err=456
[ERR] seq=306317219 err=568
[ERR] seq=306317220 err=664
[ERR] seq=306317221 err=784
[SEU] addr=20003162 bit=00000007
[ERR] seq=306317222 err=840
[SEU] addr=200031B6 bit=00000004
[ERR] seq=306317223 err=968
[ERR] seq=306317224 err=1048
[ERR] seq=306317225 err=1168
[ERR] seq=306317226 err=1248
[ERR] seq=306317227 err=1336
[ERR] seq=306317228 err=1448
[ERR] seq=306317229 err=1528
[ERR] seq=306317230 err=1632
[ERR] seq=306317231 err=1712
[SEU] addr=20003154 bit=00000005
[CMD QUEUE CORRUPTED] primary repaired
[ERR] seq=306317232 err=1816
[ERR] seq=306317233 err=1888
[ERR] seq=306317234 err=1992
[ERR] seq=306317235 err=2080
[ERR] seq=306317236 err=2168
[ERR] seq=306317237 err=2240
[ERR] seq=306317238 err=2352
[ERR] seq=306317239 err=2424
[ERR] seq=306317240 err=2496
[SEU] addr=2000317C bit=00000007
[ERR] seq=306317241 err=2600
[ERR] seq=306317242 err=2648
[ERR] seq=306317243 err=2744
[ERR] seq=306317244 err=2824
[ERR] seq=306317245 err=2904
[SEU] addr=20003187 bit=00000002
[ERR] seq=306317246 err=10368
[SEU] addr=20003170 bit=00000002
[ERR] seq=306317247 err=4120
[ERR] seq=306317248 err=1992
[ERR] seq=306317249 err=3392
[ERR] seq=306317250 err=3184
[ERR] seq=306317251 err=3392
[ERR] seq=306317252 err=3424
[ERR] seq=306317253 err=3512
[ERR] seq=306317254 err=3584
[SEU] addr=20003172 bit=00000006
[ERR] seq=306317255 err=3664
[ERR] seq=306317256 err=3712
[ERR] seq=306317257 err=3808
[ERR] seq=306317258 err=3872
[ERR] seq=306317259 err=3936
[ERR] seq=306317260 err=4024
[ERR] seq=306317261 err=4056
[ERR] seq=306317262 err=4152
[SEU] addr=200031B6 bit=00000003
[ERR] seq=306317263 err=4216
[ERR] seq=306317264 err=4256
[ERR] seq=306317265 err=4344
[ERR] seq=306317266 err=4392
[ERR] seq=306317267 err=4440
[ERR] seq=306317268 err=4512
[SEU] addr=20003164 bit=00000000
[ERR] seq=306317269 err=4576
[ERR] seq=306317270 err=4616
[ERR] seq=306317271 err=4688
[ERR] seq=306317272 err=4744
[SEU] addr=20003159 bit=00000003
[ERR] seq=306317273 err=4776
[ERR] seq=306317274 err=4856
[ERR] seq=306317275 err=4904
[ERR] seq=306317276 err=4960
[SEU] addr=200031B2 bit=00000004
[ERR] seq=306317277 err=4984
[ERR] seq=306317278 err=5048
[ERR] seq=306317279 err=5104
[ERR] seq=306317280 err=5120
[ERR] seq=306317281 err=5192
[ERR] seq=306317282 err=5232
[ERR] seq=306317283 err=5288
[SEU] addr=2000318C bit=00000001
[ERR] seq=306317284 err=5304
[ERR] seq=306317285 err=5384
[ERR] seq=306317286 err=5408
[ERR] seq=306317287 err=5464
[ERR] seq=306317288 err=5496
[ERR] seq=306317289 err=5536
[ERR] seq=306317290 err=5568
[ERR] seq=306317291 err=5592
[ERR] seq=306317292 err=5640
[ERR] seq=306317293 err=5656
[SEU] addr=2000317B bit=00000001
[ERR] seq=306317294 err=5720
[ERR] seq=306317295 err=5728
[ERR] seq=306317296 err=5768
[SEU] addr=2000315F bit=00000001
[CMD QUEUE backup CORRUPTED] backup repaired
[ERR] seq=306317297 err=5800
[ERR] seq=306317298 err=5832
[ERR] seq=306317299 err=5840
[ERR] seq=306317300 err=5880
[ERR] seq=306317301 err=5880
[ERR] seq=306317302 err=5928
[ERR] seq=306317303 err=5952
[ERR] seq=306317304 err=5960
[ERR] seq=306317305 err=5976
[ERR] seq=306317306 err=5992
[SEU] addr=2000315F bit=00000001
[CMD QUEUE backup CORRUPTED] backup repaired
[ERR] seq=306317307 err=6008
[ERR] seq=306317308 err=6016
[ERR] seq=306317309 err=6016
[ERR] seq=306317310 err=6040
[ERR] seq=306317311 err=6040
[ERR] seq=306317312 err=2640
[ERR] seq=306317313 err=2504
[ERR] seq=306317314 err=2648
[ERR] seq=306317315 err=2640
[SEU] addr=2000316C bit=00000002
[ERR] seq=306317316 err=2640
[ERR] seq=306317317 err=2648
[ERR] seq=306317318 err=2648
[ERR] seq=306317319 err=2640
[ERR] seq=306317320 err=2640
[ERR] seq=306317321 err=2640
[ERR] seq=306317322 err=2640
[ERR] seq=306317323 err=2624
[ERR] seq=306317324 err=2648
[ERR] seq=306317325 err=2624
[SEU] addr=200031A3 bit=00000004
[ERR] seq=306317326 err=2640
[ERR] seq=306317327 err=2624
[ERR] seq=306317328 err=2632
[ERR] seq=306317329 err=2624
[ERR] seq=306317330 err=2632
[ERR] seq=306317331 err=2616
[ERR] seq=306317332 err=2640
[ERR] seq=306317333 err=2616
[ERR] seq=306317334 err=2616
[SEU] addr=200031D0 bit=00000002
[ERR] seq=306317335 err=2616
[ERR] seq=306317336 err=2616
[ERR] seq=306317337 err=2616
[ERR] seq=306317338 err=2600
[SEU] addr=200031CE bit=00000000
[ERR] seq=306317339 err=2616
[ERR] seq=306317340 err=2600
[ERR] seq=306317341 err=2592
[SEU] addr=20003160 bit=00000006
[CMD QUEUE backup CORRUPTED] backup repaired
[ERR] seq=306317342 err=2592
[ERR] seq=306317343 err=2584
[SEU] addr=200031B3 bit=00000000
[ERR] seq=306317344 err=2584
[ERR] seq=306317345 err=2584
[ERR] seq=306317346 err=2576
[ERR] seq=306317347 err=2568
[ERR] seq=306317348 err=2560
[ERR] seq=306317349 err=2568
[ERR] seq=306317350 err=2552
[ERR] seq=306317351 err=2552
[ERR] seq=306317352 err=2552
[SEU] addr=20003164 bit=00000006
[ERR] seq=306317353 err=2552
[ERR] seq=306317354 err=2536
[ERR] seq=306317355 err=2544
[ERR] seq=306317356 err=4968
[ERR] seq=306317357 err=4432
[SEU] addr=200031CE bit=00000003
[ERR] seq=306317358 err=4896
[ERR] seq=306317359 err=4760
[SEU] addr=20003178 bit=00000004
[ERR] seq=306317360 err=4752
[ERR] seq=306317361 err=4680
[ERR] seq=306317362 err=4648
[ERR] seq=306317363 err=4576
[ERR] seq=306317364 err=4512
[SEU] addr=2000319C bit=00000007
[ERR] seq=306317365 err=4472
[ERR] seq=306317366 err=4392
[ERR] seq=306317367 err=4344
[ERR] seq=306317368 err=4280
[ERR] seq=306317369 err=4216
[ERR] seq=306317370 err=4152
[ERR] seq=306317371 err=4088
[SEU] addr=20003152 bit=00000005
[ERR] seq=306317372 err=4024
[ERR] seq=306317373 err=3944
[ERR] seq=306317374 err=3896
[ERR] seq=306317375 err=3808
[ERR] seq=306317376 err=3736
[ERR] seq=306317377 err=3664
[ERR] seq=306317378 err=3592
[ERR] seq=306317379 err=3536
[ERR] seq=306317380 err=3440
[SEU] addr=2000319B bit=00000004
[ERR] seq=306317381 err=3384
[ERR] seq=306317382 err=3296
[ERR] seq=306317383 err=3224
[ERR] seq=306317384 err=3152
[ERR] seq=306317385 err=3064
[ERR] seq=306317386 err=3000
[ERR] seq=306317387 err=2904
[ERR] seq=306317388 err=2832
[ERR] seq=306317389 err=2768
[ERR] seq=306317390 err=2664
[SEU] addr=20003144 bit=00000003
[SAMPLE QUEUE CORRUPTED] primary repaired
[ERR] seq=306317391 err=2592
[ERR] seq=306317392 err=2504
[ERR] seq=306317393 err=2440
[ERR] seq=306317394 err=2328
[ERR] seq=306317395 err=2256
[ERR] seq=306317396 err=2160
[ERR] seq=306317397 err=2072
[ERR] seq=306317398 err=1984
[SEU] addr=20003155 bit=00000005
[CMD QUEUE CORRUPTED] primary repaired
[ERR] seq=306317399 err=1888
[ERR] seq=306317400 err=1784
[ERR] seq=306317401 err=1720
[ERR] seq=306317402 err=1600
[ERR] seq=306317403 err=1520
[SEU] addr=200031B3 bit=00000003
[ERR] seq=306317404 err=1408
[ERR] seq=306317405 err=1336
[ERR] seq=306317406 err=1224
[ERR] seq=306317407 err=1128
[ERR] seq=306317408 err=1024
[ERR] seq=306317409 err=936
[ERR] seq=306317410 err=824
[ERR] seq=306317411 err=728
[SEU] addr=200031B4 bit=00000006
[ERR] seq=306317412 err=624
[ERR] seq=306317413 err=536
[ERR] seq=306317414 err=416
[ERR] seq=306317415 err=312
[SEU] addr=20003158 bit=00000006
[CMD QUEUE CORRUPTED] primary repaired
[ERR] seq=306317416 err=224
[ERR] seq=306317417 err=104
[ERR] seq=306317418 err=56
[ERR] seq=306317419 err=96
[SEU] addr=20003169 bit=00000005
[ERR] seq=306317420 err=208
[ERR] seq=306317421 err=328
[ERR] seq=306317422 err=416
[ERR] seq=306317423 err=512
[ERR] seq=306317424 err=632
[ERR] seq=306317425 err=744
[SEU] addr=200031A9 bit=00000005
[ERR] seq=306317426 err=824
[ERR] seq=306317427 err=936
[ERR] seq=306317428 err=1056
[ERR] seq=306317429 err=1152
[ERR] seq=306317430 err=1256
[SEU] addr=2000318B bit=00000001
[ERR] seq=306317431 err=268436832
[ERR] seq=306317432 err=21474728
[ERR] seq=306317433 err=23194416
[ERR] seq=306317434 err=3573280
[SEU] addr=20003181 bit=00000006
[ERR] seq=306317435 err=2143088
[ERR] seq=306317436 err=457032
[ERR] seq=306317437 err=209880
[ERR] seq=306317438 err=53040
[ERR] seq=306317439 err=23088
[SEU] addr=200031B2 bit=00000003
[ERR] seq=306317440 err=5736
[ERR] seq=306317441 err=4576
[ERR] seq=306317442 err=1912
[ERR] seq=306317443 err=2864
[ERR] seq=306317444 err=2672
[ERR] seq=306317445 err=2880
[SEU] addr=200031A0 bit=00000002
[ERR] seq=306317446 err=2952
[ERR] seq=306317447 err=3064
[ERR] seq=306317448 err=3160
[ERR] seq=306317449 err=3240
[ERR] seq=306317450 err=3368
[ERR] seq=306317451 err=3432
[ERR] seq=306317452 err=3544
[ERR] seq=306317453 err=3648
[SEU] addr=200031A3 bit=00000000
[ERR] seq=306317454 err=3744
[ERR] seq=306317455 err=3808
[ERR] seq=306317456 err=3896
[ERR] seq=306317457 err=3992
[ERR] seq=306317458 err=4080
[ERR] seq=306317459 err=4152
[ERR] seq=306317460 err=4248
[ERR] seq=306317461 err=4320
[ERR] seq=306317462 err=4392
[SEU] addr=2000318C bit=00000003
[ERR] seq=306317463 err=4408
[ERR] seq=306317464 err=4536
[ERR] seq=306317465 err=4608
[ERR] seq=306317466 err=4688
[ERR] seq=306317467 err=4752
[ERR] seq=306317468 err=5200
[ERR] seq=306317469 err=5208
[ERR] seq=306317470 err=5312
[SEU] addr=20003184 bit=00000003
[ERR] seq=306317471 err=5976
[ERR] seq=306317472 err=5376
[ERR] seq=306317473 err=5544
[ERR] seq=306317474 err=5528
[ERR] seq=306317475 err=5616
[ERR] seq=306317476 err=5640
[SEU] addr=20003182 bit=00000006
[ERR] seq=306317477 err=5696
[ERR] seq=306317478 err=5744
[ERR] seq=306317479 err=5776
[ERR] seq=306317480 err=5816
[ERR] seq=306317481 err=5864
[ERR] seq=306317482 err=5896
[SEU] addr=2000314D bit=00000003
[SAMPLE QUEUE backup CORRUPTED] backup repaired
[ERR] seq=306317483 err=5920
[ERR] seq=306317484 err=5952
[ERR] seq=306317485 err=5976
[ERR] seq=306317486 err=5992
[ERR] seq=306317487 err=6040
[ERR] seq=306317488 err=6064
[ERR] seq=306317489 err=6072
[SEU] addr=2000317C bit=00000001
[ERR] seq=306317490 err=6080
[ERR] seq=306317491 err=6112
[ERR] seq=306317492 err=6112
[ERR] seq=306317493 err=6120
[ERR] seq=306317494 err=6136
[ERR] seq=306317495 err=6136
[ERR] seq=306317496 err=6136
[ERR] seq=306317497 err=6136
[SEU] addr=200031D0 bit=00000004
[ERR] seq=306317498 err=6120
[ERR] seq=306317499 err=6112
[SEU] addr=20003164 bit=00000006
[ERR] seq=306317500 err=6112
[ERR] seq=306317501 err=6088
[ERR] seq=306317502 err=6072
[ERR] seq=306317503 err=6064
[ERR] seq=306317504 err=6048
[SEU] addr=2000317B bit=00000001
[ERR] seq=306317505 err=6000
[ERR] seq=306317506 err=5968
[ERR] seq=306317507 err=5960
[ERR] seq=306317508 err=5936
[ERR] seq=306317509 err=5896
[ERR] seq=306317510 err=5872
[ERR] seq=306317511 err=5832
[ERR] seq=306317512 err=5784
[ERR] seq=306317513 err=5744
[SEU] addr=20003148 bit=00000000
[SAMPLE QUEUE CORRUPTED] primary repaired
[ERR] seq=306317514 err=5696
[SEU] addr=200031A7 bit=00000004
[ERR] seq=306317515 err=5656
[ERR] seq=306317516 err=5608
[ERR] seq=306317517 err=5552
[ERR] seq=306317518 err=5488
[SEU] addr=20003195 bit=00000006
[ERR] seq=306317519 err=5456
[ERR] seq=306317520 err=5016
[ERR] seq=306317521 err=4992
[ERR] seq=306317522 err=4904
[ERR] seq=306317523 err=4832
[ERR] seq=306317524 err=4752
[ERR] seq=306317525 err=4720
[ERR] seq=306317526 err=4616
[SEU] addr=2000315C bit=00000003
[CMD QUEUE backup CORRUPTED] backup repaired
[ERR] seq=306317527 err=4544
[ERR] seq=306317528 err=4480
[ERR] seq=306317529 err=4400
[SEU] addr=200031CD bit=00000003
[ERR] seq=306317530 err=4344
[ERR] seq=306317531 err=4248
[ERR] seq=306317532 err=4176
[ERR] seq=306317533 err=4088
[ERR] seq=306317534 err=4000
[ERR] seq=306317535 err=3912
[SEU] addr=2000315D bit=00000005
[CMD QUEUE backup CORRUPTED] backup repaired
[ERR] seq=306317536 err=3832
[ERR] seq=306317537 err=3752
[SEU] addr=20003172 bit=00000004
[ERR] seq=306317538 err=3656
[ERR] seq=306317539 err=3568
[ERR] seq=306317540 err=3448
[SEU] addr=200031B0 bit=00000001
[ERR] seq=306317541 err=3376
[ERR] seq=306317542 err=3256
[SEU] addr=200031A1 bit=00000007
[ERR] seq=306317543 err=3184
[SEU] addr=20003144 bit=00000000
[SAMPLE QUEUE CORRUPTED] primary repaired
[ERR] seq=306317544 err=3072
[ERR] seq=306317545 err=2976
[ERR] seq=306317546 err=2864
[SEU] addr=200031A0 bit=00000000
[ERR] seq=306317547 err=2776
[ERR] seq=306317548 err=2656
[ERR] seq=306317549 err=2552
[ERR] seq=306317550 err=2472
[ERR] seq=306317551 err=2336
[ERR] seq=306317552 err=2232
[ERR] seq=306317553 err=2128
[ERR] seq=306317554 err=2040
[SEU] addr=200031AC bit=00000001
[ERR] seq=306317555 err=1936
[ERR] seq=306317556 err=1800
[ERR] seq=306317557 err=1720
[ERR] seq=306317558 err=1608
[SEU] addr=2000317D bit=00000003
[ERR] seq=306317559 err=1504
[ERR] seq=306317560 err=1392
[ERR] seq=306317561 err=1304
[ERR] seq=306317562 err=1192
[ERR] seq=306317563 err=1080
[ERR] seq=306317564 err=984
[SEU] addr=20003153 bit=00000007
[ERR] seq=306317565 err=856
[ERR] seq=306317566 err=784
[ERR] seq=306317567 err=664
[ERR] seq=306317568 err=2624
[ERR] seq=306317569 err=2344
[ERR] seq=306317570 err=2416
[ERR] seq=306317571 err=2312
[ERR] seq=306317572 err=2184
[ERR] seq=306317573 err=2088
[SEU] addr=2000314C bit=00000004
[SAMPLE QUEUE backup CORRUPTED] backup repaired
[ERR] seq=306317574 err=2032
[ERR] seq=306317575 err=2000
[ERR] seq=306317576 err=2000
[ERR] seq=306317577 err=1992
[ERR] seq=306317578 err=1968
[ERR] seq=306317579 err=1968
[SEU] addr=2000317B bit=00000005
[ERR] seq=306317580 err=1952
[ERR] seq=306317581 err=1960
[ERR] seq=306317582 err=1920
[ERR] seq=306317583 err=1936
[ERR] seq=306317584 err=1920
[ERR] seq=306317585 err=1928
[ERR] seq=306317586 err=1896
[ERR] seq=306317587 err=1888
[SEU] addr=200031C9 bit=00000000
[ERR] seq=306317588 err=1888
[ERR] seq=306317589 err=1880
[ERR] seq=306317590 err=1872
[ERR] seq=306317591 err=1872
[ERR] seq=306317592 err=1848
[ERR] seq=306317593 err=1840
[ERR] seq=306317594 err=1832
[ERR] seq=306317595 err=1840
[SEU] addr=20003189 bit=00000006
[ERR] seq=306317596 err=131192
[ERR] seq=306317597 err=12288
[ERR] seq=306317598 err=11616
[ERR] seq=306317599 err=3520
[ERR] seq=306317600 err=1488
[ERR] seq=306317601 err=2000
[ERR] seq=306317602 err=1672
[ERR] seq=306317603 err=1800
[SEU] addr=20003191 bit=00000004
[ERR] seq=306317604 err=33544
[ERR] seq=306317605 err=4368
[SEU] addr=200031AB bit=00000000
[ERR] seq=306317606 err=3520
[ERR] seq=306317607 err=2168
[ERR] seq=306317608 err=1480
[ERR] seq=306317609 err=1776
[ERR] seq=306317610 err=1696
[ERR] seq=306317611 err=1712
[ERR] seq=306317612 err=3424
[SEU] addr=20003154 bit=00000004
[CMD QUEUE CORRUPTED] primary repaired
[ERR] seq=306317613 err=3376
[ERR] seq=306317614 err=3592
[ERR] seq=306317615 err=3648
[SEU] addr=2000314E bit=00000001
[SAMPLE QUEUE backup CORRUPTED] backup repaired
[ERR] seq=306317616 err=3712
[ERR] seq=306317617 err=3808
[ERR] seq=306317618 err=3872
[ERR] seq=306317619 err=3936
[ERR] seq=306317620 err=4024
[ERR] seq=306317621 err=4056
[ERR] seq=306317622 err=4152
[ERR] seq=306317623 err=4216
[SEU] addr=200031A2 bit=00000007
[ERR] seq=306317624 err=4256
[ERR] seq=306317625 err=4344
[ERR] seq=306317626 err=4392
[ERR] seq=306317627 err=4440
[ERR] seq=306317628 err=4512
[ERR] seq=306317629 err=4576
[SEU] addr=20003176 bit=00000006
[ERR] seq=306317630 err=4616
[ERR] seq=306317631 err=4688
[ERR] seq=306317632 err=4744
[ERR] seq=306317633 err=4776
[ERR] seq=306317634 err=4856
[ERR] seq=306317635 err=4904
[ERR] seq=306317636 err=4960
[ERR] seq=306317637 err=4984
[SEU] addr=20003176 bit=00000003
[ERR] seq=306317638 err=5048
[ERR] seq=306317639 err=5104
[ERR] seq=306317640 err=5120
[SEU] addr=200031B7 bit=00000006
[ERR] seq=306317641 err=5192
[ERR] seq=306317642 err=5232
[ERR] seq=306317643 err=5288
[ERR] seq=306317644 err=5320
[SEU] addr=2000319D bit=00000003
[ERR] seq=306317645 err=5384
[ERR] seq=306317646 err=5408
[ERR] seq=306317647 err=5464
[ERR] seq=306317648 err=5496
[ERR] seq=306317649 err=5536
[ERR] seq=306317650 err=5568
[ERR] seq=306317651 err=5592
[ERR] seq=306317652 err=5640
[ERR] seq=306317653 err=5656
[SEU] addr=2000317F bit=00000005
[ERR] seq=306317654 err=5720
[ERR] seq=306317655 err=5728
[SEU] addr=2000318D bit=00000001
[ERR] seq=306317656 err=6712
[ERR] seq=306317657 err=6120
[ERR] seq=306317658 err=5480
[ERR] seq=306317659 err=5904
[ERR] seq=306317660 err=5840
[ERR] seq=306317661 err=5896
[ERR] seq=306317662 err=5920
[ERR] seq=306317663 err=5952
[SEU] addr=2000314E bit=00000005
[SAMPLE QUEUE backup CORRUPTED] backup repaired
[ERR] seq=306317664 err=5960
[ERR] seq=306317665 err=5976
[SEU] addr=200031CD bit=00000004
[ERR] seq=306317666 err=5992
[ERR] seq=306317667 err=6008
[SEU] addr=200031C6 bit=00000003
[ERR] seq=306317668 err=6016
[ERR] seq=306317669 err=6016
[ERR] seq=306317670 err=6040
[ERR] seq=306317671 err=6040
[ERR] seq=306317672 err=6048
[ERR] seq=306317673 err=6064
[SEU] addr=200031B8 bit=00000002
[ERR] seq=306317674 err=6056
[ERR] seq=306317675 err=6056
[ERR] seq=306317676 err=6072
[ERR] seq=306317677 err=6056
[SEU] addr=200031B5 bit=00000006
[ERR] seq=306317678 err=6056
[SEU] addr=2000315D bit=00000005
[CMD QUEUE backup CORRUPTED] backup repaired
[ERR] seq=306317679 err=6064
[ERR] seq=306317680 err=6048
[ERR] seq=306317681 err=6048
[ERR] seq=306317682 err=6032
[ERR] seq=306317683 err=6024
[ERR] seq=306317684 err=6016
[ERR] seq=306317685 err=6008
[ERR] seq=306317686 err=6000
[ERR] seq=306317687 err=5976
[SEU] addr=2000316C bit=00000004
[ERR] seq=306317688 err=5960
[ERR] seq=306317689 err=5952
[ERR] seq=306317690 err=5928
[ERR] seq=306317691 err=5888
[ERR] seq=306317692 err=5872
[ERR] seq=306317693 err=5856
[ERR] seq=306317694 err=5832
[ERR] seq=306317695 err=5800
[ERR] seq=306317696 err=5784
[ERR] seq=306317697 err=5736
[SEU] addr=2000314B bit=00000001
[ERR] seq=306317698 err=5720
[ERR] seq=306317699 err=5664
[ERR] seq=306317700 err=5640
[SEU] addr=20003189 bit=00000006
[ERR] seq=306317701 err=136672
[ERR] seq=306317702 err=9952
[ERR] seq=306317703 err=16864
[ERR] seq=306317704 err=3768
[ERR] seq=306317705 err=6512
[ERR] seq=306317706 err=5192
[ERR] seq=306317707 err=5488
[SEU] addr=20003178 bit=00000004
[ERR] seq=306317708 err=5304
[ERR] seq=306317709 err=5304
[ERR] seq=306317710 err=5224
[ERR] seq=306317711 err=5200
[ERR] seq=306317712 err=5144
[ERR] seq=306317713 err=5104
[ERR] seq=306317714 err=5048
[ERR] seq=306317715 err=5016
[SEU] addr=20003160 bit=00000004
[CMD QUEUE backup CORRUPTED] backup repaired
[ERR] seq=306317716 err=4960
[ERR] seq=306317717 err=4904
[ERR] seq=306317718 err=4864
[ERR] seq=306317719 err=4792
[ERR] seq=306317720 err=4744
[ERR] seq=306317721 err=4688
[ERR] seq=306317722 err=4648
[SEU] addr=20003162 bit=00000003
[ERR] seq=306317723 err=4576
[ERR] seq=306317724 err=4512
[ERR] seq=306317725 err=4472
[ERR] seq=306317726 err=4392
[SEU] addr=20003159 bit=00000001
[ERR] seq=306317727 err=4344
[ERR] seq=306317728 err=4280
[ERR] seq=306317729 err=4216
[ERR] seq=306317730 err=4152
[ERR] seq=306317731 err=4088
[SEU] addr=20003187 bit=00000007
[ERR] seq=306317732 err=25896
[SEU] addr=20003171 bit=00000004
[ERR] seq=306317733 err=2208
[ERR] seq=306317734 err=5760
[SEU] addr=2000317C bit=00000001
[ERR] seq=306317735 err=3528
[ERR] seq=306317736 err=3904
[ERR] seq=306317737 err=3640
[ERR] seq=306317738 err=3600
[ERR] seq=306317739 err=3536
[ERR] seq=306317740 err=3440
[ERR] seq=306317741 err=3384
[ERR] seq=306317742 err=3296
[ERR] seq=306317743 err=3224
[SEU] addr=20003171 bit=00000004
[ERR] seq=306317744 err=3152
[ERR] seq=306317745 err=3064
[ERR] seq=306317746 err=3000
[ERR] seq=306317747 err=2904
[SEU] addr=200031B3 bit=00000000
[ERR] seq=306317748 err=2832
[SEU] addr=2000318F bit=00000002
[ERR] seq=306317749 err=536873680
[ERR] seq=306317750 err=42950864
[ERR] seq=306317751 err=46388232
[ERR] seq=306317752 err=7147944
[ERR] seq=306317753 err=4285024
[ERR] seq=306317754 err=915392
[ERR] seq=306317755 err=418008
[ERR] seq=306317756 err=107376
[SEU] addr=20003160 bit=00000004
[CMD QUEUE backup CORRUPTED] backup repaired
[ERR] seq=306317757 err=43832
[ERR] seq=306317758 err=12728
[ERR] seq=306317759 err=6168
[ERR] seq=306317760 err=2072
[ERR] seq=306317761 err=2152
[ERR] seq=306317762 err=1472
[ERR] seq=306317763 err=1568
[ERR] seq=306317764 err=1400
[SEU] addr=200031B9 bit=00000000
[ERR] seq=306317765 err=1336
[ERR] seq=306317766 err=1224
[ERR] seq=306317767 err=1128
[ERR] seq=306317768 err=1024
[SEU] addr=200031B1 bit=00000007
[ERR] seq=306317769 err=936
[ERR] seq=306317770 err=824
[ERR] seq=306317771 err=728
[ERR] seq=306317772 err=624
[ERR] seq=306317773 err=536
[ERR] seq=306317774 err=416
[ERR] seq=306317775 err=312
[ERR] seq=306317776 err=224
[ERR] seq=306317777 err=104
[SEU] addr=200031D5 bit=00000004
[ERR] seq=306321874 err=10384
[ERR] seq=306321875 err=9608
[SEU] addr=200031C5 bit=00000002
[ERR] seq=306321876 err=10504
[ERR] seq=306321877 err=10408
[ERR] seq=306321878 err=10496
[ERR] seq=306321879 err=10520
[ERR] seq=306321880 err=10536
[ERR] seq=306321881 err=10536
[ERR] seq=306321882 err=10560
[SEU] addr=200031CC bit=00000000
[ERR] seq=306321883 err=10560
[ERR] seq=306321884 err=10560
[ERR] seq=306321885 err=10560
[ERR] seq=306321886 err=10536
[ERR] seq=306321887 err=10536
[ERR] seq=306321888 err=10528
[ERR] seq=306321889 err=10488
[SEU] addr=20003148 bit=00000001
[SAMPLE QUEUE CORRUPTED] primary repaired
[ERR] seq=306321890 err=10472
[SEU] addr=200031C8 bit=00000004
[ERR] seq=306321891 err=10448
[ERR] seq=306321892 err=10424
[ERR] seq=306321893 err=10376
[ERR] seq=306321894 err=10352
[ERR] seq=306321895 err=10304
[ERR] seq=306321896 err=10248
[ERR] seq=306321897 err=10200
[ERR] seq=306321898 err=10168
[SEU] addr=20003195 bit=00000000
[ERR] seq=306321899 err=10096
[ERR] seq=306321900 err=10032
[ERR] seq=306321901 err=10000
[ERR] seq=306321902 err=9896
[ERR] seq=306321903 err=9840
[ERR] seq=306321904 err=9776
[ERR] seq=306321905 err=9688
[ERR] seq=306321906 err=9608
[ERR] seq=306321907 err=9528
[SEU] addr=200031B5 bit=00000000
[ERR] seq=306321908 err=9440
[ERR] seq=306321909 err=9360
[ERR] seq=306321910 err=9248
[ERR] seq=306321911 err=9160
[ERR] seq=306321912 err=9072
[ERR] seq=306321913 err=8992
[ERR] seq=306321914 err=8864
[ERR] seq=306321915 err=8776
[SEU] addr=2000315E bit=00000002
[CMD QUEUE backup CORRUPTED] backup repaired
[ERR] seq=306321916 err=8664
[ERR] seq=306321917 err=8544
[SEU] addr=200031C0 bit=00000000
[ERR] seq=306321918 err=8456
[ERR] seq=306321919 err=8320
[ERR] seq=306321920 err=4128
[SEU] addr=20003150 bit=00000002
[SAMPLE QUEUE backup CORRUPTED] backup repaired
[ERR] seq=306321921 err=4320
[ERR] seq=306321922 err=3840
[ERR] seq=306321923 err=3768
[ERR] seq=306321924 err=3328
[ERR] seq=306321925 err=3280
[ERR] seq=306321926 err=3208
[SEU] addr=20003168 bit=00000006
[ERR] seq=306321927 err=3144
[ERR] seq=306321928 err=3088
[SEU] addr=200031CA bit=00000003
[ERR] seq=306321929 err=3032
[ERR] seq=306321930 err=2960
[ERR] seq=306321931 err=2904
[ERR] seq=306321932 err=2840
[ERR] seq=306321933 err=2760
[SEU] addr=200031D3 bit=00000002
[ERR] seq=306321934 err=2736
[SEU] addr=2000318F bit=00000007
[ERR] seq=306321935 err=2640
[ERR] seq=306321936 err=2584
[ERR] seq=306321937 err=2520
[ERR] seq=306321938 err=2448
[ERR] seq=306321939 err=2376
[ERR] seq=306321940 err=2312
[ERR] seq=306321941 err=2248
[ERR] seq=306321942 err=2184
[SEU] addr=2000315C bit=00000003
[CMD QUEUE backup CORRUPTED] backup repaired
[ERR] seq=306321943 err=2096
[ERR] seq=306321944 err=2032
[ERR] seq=306321945 err=1968
[ERR] seq=306321946 err=1888
[ERR] seq=306321947 err=1816
[ERR] seq=306321948 err=1744
[ERR] seq=306321949 err=1680
[ERR] seq=306321950 err=1776
[ERR] seq=306321951 err=1888
[SEU] addr=200031AC bit=00000000
[ERR] seq=306321952 err=1984
[ERR] seq=306321953 err=2096
[ERR] seq=306321954 err=2168
[ERR] seq=306321955 err=2296
[SEU] addr=200031CF bit=00000001
[ERR] seq=306321956 err=2400
[ERR] seq=306321957 err=2480
[ERR] seq=306321958 err=2608
[ERR] seq=306321959 err=2696
[SEU] addr=2000317E bit=00000006
[ERR] seq=306321960 err=2800
[ERR] seq=306321961 err=2896
[ERR] seq=306321962 err=3000
[ERR] seq=306321963 err=3104
[ERR] seq=306321964 err=1336
[SEU] addr=20003173 bit=00000002
[ERR] seq=306321965 err=864
[ERR] seq=306321966 err=1048
[ERR] seq=306321967 err=848
[ERR] seq=306321968 err=712
[ERR] seq=306321969 err=536
[ERR] seq=306321970 err=424
[ERR] seq=306321971 err=248
[SEU] addr=20003156 bit=00000002
[CMD QUEUE CORRUPTED] primary repaired
[ERR] seq=306321972 err=120
[ERR] seq=306321973 err=56
[ERR] seq=306321974 err=200
[ERR] seq=306321975 err=352
[ERR] seq=306321976 err=512
[SEU] addr=2000316A bit=00000006
[ERR] seq=306321977 err=624
[ERR] seq=306321978 err=800
[ERR] seq=306321979 err=920
[ERR] seq=306321980 err=1080
[ERR] seq=306321981 err=1216
[ERR] seq=306321982 err=1344
[ERR] seq=306321983 err=1496
[SEU] addr=2000318C bit=00000001
[ERR] seq=306321984 err=1640
[ERR] seq=306321985 err=1784
[ERR] seq=306321986 err=1912
[ERR] seq=306321987 err=2040
[ERR] seq=306321988 err=2176
[ERR] seq=306321989 err=2328
[SEU] addr=20003151 bit=00000003
[ERR] seq=306321990 err=2448
[ERR] seq=306321991 err=2568
[ERR] seq=306321992 err=2728
[SEU] addr=200031A9 bit=00000001
[ERR] seq=306321993 err=2824
[ERR] seq=306321994 err=2976
[ERR] seq=306321995 err=3080
[ERR] seq=306321996 err=3224
[ERR] seq=306321997 err=3352
[ERR] seq=306321998 err=3448
[ERR] seq=306321999 err=3592
[ERR] seq=306322000 err=3704
[ERR] seq=306322001 err=3808
[ERR] seq=306322002 err=3944
[SEU] addr=200031A6 bit=00000003
[ERR] seq=306322003 err=4048
[ERR] seq=306322004 err=4168
[ERR] seq=306322005 err=4264
[ERR] seq=306322006 err=4368
[ERR] seq=306322007 err=4488
[ERR] seq=306322008 err=4576
[ERR] seq=306322009 err=4688
[ERR] seq=306322010 err=4792
[SEU] addr=20003164 bit=00000000
[ERR] seq=306322011 err=4904
[ERR] seq=306322012 err=4984
[ERR] seq=306322013 err=5096
[ERR] seq=306322014 err=5192
[ERR] seq=306322015 err=5296
[ERR] seq=306322016 err=5392
[ERR] seq=306322017 err=5488
[ERR] seq=306322018 err=5584
[SEU] addr=2000315E bit=00000006
[CMD QUEUE backup CORRUPTED] backup repaired
[ERR] seq=306322019 err=5672
[ERR] seq=306322020 err=5768
[ERR] seq=306322021 err=5856
[ERR] seq=306322022 err=5936
[SEU] addr=20003191 bit=00000001
[ERR] seq=306322023 err=7880
[ERR] seq=306322024 err=6432
[ERR] seq=306322025 err=5832
[SEU] addr=200031C5 bit=00000003
[ERR] seq=306322026 err=6320
[SEU] addr=2000315A bit=00000007
[ERR] seq=306322027 err=6296
[ERR] seq=306322028 err=6424
[ERR] seq=306322029 err=6480
[ERR] seq=306322030 err=6568
[ERR] seq=306322031 err=6624
[SEU] addr=20003173 bit=00000006
[ERR] seq=306322032 err=6672
[ERR] seq=306322033 err=6752
[ERR] seq=306322034 err=6816
[SEU] addr=20003176 bit=00000003
[ERR] seq=306322035 err=6880
[ERR] seq=306322036 err=6928
[ERR] seq=306322037 err=6984
[ERR] seq=306322038 err=7040
[ERR] seq=306322039 err=7080
[ERR] seq=306322040 err=7144
[ERR] seq=306322041 err=7192
[ERR] seq=306322042 err=7224
[ERR] seq=306322043 err=7280
[SEU] addr=200031A2 bit=00000007
[ERR] seq=306322044 err=7320
[ERR] seq=306322045 err=7368
[SEU] addr=200031BF bit=00000004
[ERR] seq=306322046 err=7392
[ERR] seq=306322047 err=7432
[ERR] seq=306322048 err=7480
[ERR] seq=306322049 err=7512
[ERR] seq=306322050 err=7528
[ERR] seq=306322051 err=7568
[ERR] seq=306322052 err=7584
[ERR] seq=306322053 err=7608
[SEU] addr=2000315E bit=00000003
[CMD QUEUE backup CORRUPTED] backup repaired
[ERR] seq=306322054 err=7632
[SEU] addr=2000318C bit=00000006
[ERR] seq=306322055 err=7136
[ERR] seq=306322056 err=7720
[ERR] seq=306322057 err=7640
[ERR] seq=306322058 err=7720
[ERR] seq=306322059 err=7712
[ERR] seq=306322060 err=7720
[ERR] seq=306322061 err=7736
[ERR] seq=306322062 err=7736
[ERR] seq=306322063 err=7728
[SEU] addr=20003144 bit=00000000
[SAMPLE QUEUE CORRUPTED] primary repaired
[ERR] seq=306322064 err=7744
[ERR] seq=306322065 err=7728
[ERR] seq=306322066 err=7744
[ERR] seq=306322067 err=7728
[ERR] seq=306322068 err=7728
[SEU] addr=2000318A bit=00000002
[ERR] seq=306322069 err=2104864
[ERR] seq=306322070 err=167104
[ERR] seq=306322071 err=188864
[ERR] seq=306322072 err=27240
[ERR] seq=306322073 err=24368
[ERR] seq=306322074 err=4072
[ERR] seq=306322075 err=9240
[ERR] seq=306322076 err=7176
[ERR] seq=306322077 err=7728
[SEU] addr=2000314B bit=00000006
[ERR] seq=306322078 err=7496
[ERR] seq=306322079 err=7520
[ERR] seq=306322080 err=7480
[ERR] seq=306322081 err=7440
[ERR] seq=306322082 err=7408
[ERR] seq=306322083 err=7368
[ERR] seq=306322084 err=7320
[ERR] seq=306322085 err=7296
[SEU] addr=200031C8 bit=00000000
[ERR] seq=306322086 err=7232
[ERR] seq=306322087 err=7192
[ERR] seq=306322088 err=7144
[ERR] seq=306322089 err=7104
[ERR] seq=306322090 err=7048
[ERR] seq=306322091 err=6984
[ERR] seq=306322092 err=6944
[SEU] addr=200031B9 bit=00000001
[ERR] seq=306322093 err=6896
[ERR] seq=306322094 err=6816
[SEU] addr=200031CB bit=00000002
[ERR] seq=306322095 err=6752
[ERR] seq=306322096 err=6696
[ERR] seq=306322097 err=6632
[ERR] seq=306322098 err=6568
[SEU] addr=200031C2 bit=00000002
[ERR] seq=306322099 err=6504
[ERR] seq=306322100 err=6416
[ERR] seq=306322101 err=6360
[ERR] seq=306322102 err=6272
[ERR] seq=306322103 err=6184
[ERR] seq=306322104 err=6128
[ERR] seq=306322105 err=6016
[ERR] seq=306322106 err=5944
[ERR] seq=306322107 err=5864
[ERR] seq=306322108 err=5792
[SEU] addr=20003190 bit=00000001
[ERR] seq=306322109 err=5672
[ERR] seq=306322110 err=5592
[SEU] addr=2000315A bit=00000002
[ERR] seq=306322111 err=5504
[ERR] seq=306322112 err=5408
[ERR] seq=306322113 err=5312
[ERR] seq=306322114 err=5208
[ERR] seq=306322115 err=5104
[ERR] seq=306322116 err=5016
[ERR] seq=306322117 err=4912
[ERR] seq=306322118 err=4808
[SEU] addr=200031C3 bit=00000005
[ERR] seq=306322119 err=4696
[ERR] seq=306322120 err=4608
[ERR] seq=306322121 err=4496
[SEU] addr=2000315D bit=00000004
[CMD QUEUE backup CORRUPTED] backup repaired
[ERR] seq=306322122 err=4384
[ERR] seq=306322123 err=4280
[ERR] seq=306322124 err=4168
[ERR] seq=306322125 err=4064
[ERR] seq=306322126 err=3936
[ERR] seq=306322127 err=3824
[ERR] seq=306322128 err=3704
[ERR] seq=306322129 err=3568
[ERR] seq=306322130 err=3472
[SEU] addr=20003165 bit=00000002
[ERR] seq=306322131 err=3344
[ERR] seq=306322132 err=3192
[ERR] seq=306322133 err=3088
[ERR] seq=306322134 err=2968
[ERR] seq=306322135 err=2816
[ERR] seq=306322136 err=2696
[ERR] seq=306322137 err=2560
[ERR] seq=306322138 err=2448
[ERR] seq=306322139 err=2288
[ERR] seq=306322140 err=2152
[SEU] addr=200031A2 bit=00000003
[ERR] seq=306322141 err=2024
[ERR] seq=306322142 err=1896
[ERR] seq=306322143 err=1728
[SEU] addr=20003178 bit=00000006
[ERR] seq=306322144 err=1608
[ERR] seq=306322145 err=1456
[ERR] seq=306322146 err=1328
[ERR] seq=306322147 err=1168
[ERR] seq=306322148 err=1032
[ERR] seq=306322149 err=896
[ERR] seq=306322150 err=752
[SEU] addr=20003158 bit=00000005
[CMD QUEUE CORRUPTED] primary repaired
[ERR] seq=306322151 err=608
[ERR] seq=306322152 err=440
[ERR] seq=306322153 err=288
[SEU] addr=200031A4 bit=00000004
[ERR] seq=306322154 err=152
[ERR] seq=306322155 err=48
[ERR] seq=306322156 err=168
[ERR] seq=306322157 err=320
[ERR] seq=306322158 err=464
[ERR] seq=306322159 err=608
[ERR] seq=306322160 err=784
[SEU] addr=2000317D bit=00000001
[ERR] seq=306322161 err=920
[ERR] seq=306322162 err=1088
[ERR] seq=306322163 err=1240
[ERR] seq=306322164 err=1400
[ERR] seq=306322165 err=1576
[ERR] seq=306322166 err=1720
[SEU] addr=2000314A bit=00000000
[ERR] seq=306322167 err=1880
[ERR] seq=306322168 err=2024
[ERR] seq=306322169 err=2208
[ERR] seq=306322170 err=2360
[ERR] seq=306322171 err=2512
[ERR] seq=306322172 err=2704
[ERR] seq=306322173 err=2848
[ERR] seq=306322174 err=3016
[SEU] addr=2000314F bit=00000000
[SAMPLE QUEUE backup CORRUPTED] backup repaired
[ERR] seq=306322175 err=3152
[ERR] seq=306322176 err=1728
[ERR] seq=306322177 err=1600
[ERR] seq=306322178 err=1688
[SEU] addr=20003150 bit=00000005
[SAMPLE QUEUE backup CORRUPTED] backup repaired
[ERR] seq=306322179 err=1776
[ERR] seq=306322180 err=1936
[ERR] seq=306322181 err=2096
[ERR] seq=306322182 err=2232
[ERR] seq=306322183 err=2400
[SEU] addr=200031BE bit=00000007
[ERR] seq=306322184 err=2560
[ERR] seq=306322185 err=2736
[ERR] seq=306322186 err=2880
[ERR] seq=306322187 err=3040
[SEU] addr=20003156 bit=00000002
[CMD QUEUE CORRUPTED] primary repaired
[ERR] seq=306322188 err=3168
[ERR] seq=306322189 err=3336
[ERR] seq=306322190 err=3472
[ERR] seq=306322191 err=3632
[ERR] seq=306322192 err=3768
[ERR] seq=306322193 err=3920
[SEU] addr=2000316B bit=00000007
[ERR] seq=306322194 err=4056
[ERR] seq=306322195 err=4216
[ERR] seq=306322196 err=4320
[ERR] seq=306322197 err=4488
[ERR] seq=306322198 err=4624
[ERR] seq=306322199 err=4744
[ERR] seq=306322200 err=5256
[ERR] seq=306322201 err=5352
[SEU] addr=200031AC bit=00000007
[ERR] seq=306322202 err=5504
[ERR] seq=306322203 err=5656
[SEU] addr=20003194 bit=00000001
[ERR] seq=306322204 err=5768
[ERR] seq=306322205 err=5896
[ERR] seq=306322206 err=6024
[SEU] addr=2000318C bit=00000007
[ERR] seq=306322207 err=7168
[SEU] addr=2000318D bit=00000004
[ERR] seq=306322208 err=34568
[ERR] seq=306322209 err=9088
[ERR] seq=306322210 err=4648
[ERR] seq=306322211 err=7040
[ERR] seq=306322212 err=6448
[SEU] addr=200031AC bit=00000002
[ERR] seq=306322213 err=6864
[ERR] seq=306322214 err=6896
[ERR] seq=306322215 err=7016
[ERR] seq=306322216 err=7096
[SEU] addr=20003160 bit=00000007
[CMD QUEUE backup CORRUPTED] backup repaired
[ERR] seq=306322217 err=7192
[ERR] seq=306322218 err=7280
[ERR] seq=306322219 err=7392
[ERR] seq=306322220 err=9512
[SEU] addr=2000315E bit=00000005
[CMD QUEUE backup CORRUPTED] backup repaired
[ERR] seq=306322221 err=9424
[ERR] seq=306322222 err=9704
[ERR] seq=306322223 err=9736
[ERR] seq=306322224 err=9832
[ERR] seq=306322225 err=9904
[ERR] seq=306322226 err=9968
[ERR] seq=306322227 err=10032
[SEU] addr=2000318F bit=00000005
[ERR] seq=306322228 err=10096
[ERR] seq=306322229 err=10136
[ERR] seq=306322230 err=10200
[ERR] seq=306322231 err=10248
[ERR] seq=306322232 err=10288
[ERR] seq=306322233 err=10344
[ERR] seq=306322234 err=10376
[ERR] seq=306322235 err=10424
[ERR] seq=306322236 err=10440
[SEU] addr=20003148 bit=00000002
[SAMPLE QUEUE CORRUPTED] primary repaired
[ERR] seq=306322237 err=10472
[ERR] seq=306322238 err=10488
[ERR] seq=306322239 err=10528
[ERR] seq=306322240 err=10536
[ERR] seq=306322241 err=10536
[ERR] seq=306322242 err=10560
[ERR] seq=306322243 err=10560
[ERR] seq=306322244 err=10560
[ERR] seq=306322245 err=10560
[SEU] addr=200031D3 bit=00000000
[ERR] seq=306322246 err=10536
[ERR] seq=306322247 err=10536
[ERR] seq=306322248 err=10528
[ERR] seq=306322249 err=10488
[ERR] seq=306322250 err=10472
[ERR] seq=306322251 err=10448
[ERR] seq=306322252 err=10424
[ERR] seq=306322253 err=10376
[ERR] seq=306322254 err=10352
[SEU] addr=20003178 bit=00000002
[ERR] seq=306322255 err=10304
[ERR] seq=306322256 err=10248
[ERR] seq=306322257 err=10200
[ERR] seq=306322258 err=10168
[SEU] addr=2000319F bit=00000000
[ERR] seq=306322259 err=10096
[ERR] seq=306322260 err=10032
[ERR] seq=306322261 err=10000
[ERR] seq=306322262 err=9896
[ERR] seq=306322263 err=9840
[ERR] seq=306322264 err=9776
[ERR] seq=306322265 err=9688
[ERR] seq=306322266 err=9608
[ERR] seq=306322267 err=9528
[SEU] addr=20003149 bit=00000001
[ERR] seq=306322268 err=9440
[ERR] seq=306322269 err=9360
[ERR] seq=306322270 err=9248
[ERR] seq=306322271 err=9160
[SEU] addr=20003158 bit=00000005
[CMD QUEUE CORRUPTED] primary repaired
[ERR] seq=306322272 err=9072
[ERR] seq=306322273 err=8992
[ERR] seq=306322274 err=8864
[SEU] addr=200031B4 bit=00000005
[ERR] seq=306322275 err=8776
[ERR] seq=306322276 err=8664
[ERR] seq=306322277 err=8544
[ERR] seq=306322278 err=8456
[ERR] seq=306322279 err=8320
[ERR] seq=306322280 err=8224
[ERR] seq=306322281 err=8088
[ERR] seq=306322282 err=7960
[SEU] addr=20003198 bit=00000001
[ERR] seq=306322283 err=7848
[ERR] seq=306322284 err=7336
[ERR] seq=306322285 err=7248
[ERR] seq=306322286 err=7112
[ERR] seq=306322287 err=6960
[SEU] addr=200031D7 bit=00000000
[ERR] seq=323099504 err=4064
[ERR] seq=323099505 err=3408
[ERR] seq=323099506 err=4528
[ERR] seq=323099507 err=4608
[ERR] seq=323099508 err=4880
[ERR] seq=323099509 err=5088
[ERR] seq=323099510 err=5296
[ERR] seq=323099511 err=5480
[ERR] seq=323099512 err=5680
[SEU] addr=2000318E bit=00000001
[ERR] seq=323099513 err=1051280
[ERR] seq=323099514 err=89952
[ERR] seq=323099515 err=93472
[ERR] seq=323099516 err=20416
[ERR] seq=323099517 err=11400
[ERR] seq=323099518 err=8624
[SEU] addr=200031C6 bit=00000000
[ERR] seq=323099519 err=6248
[ERR] seq=323099520 err=7440
[ERR] seq=323099521 err=7344
[ERR] seq=323099522 err=7624
[ERR] seq=323099523 err=7768
[ERR] seq=323099524 err=7944
[SEU] addr=2000318E bit=00000006
[ERR] seq=323099525 err=33558152
[ERR] seq=323099526 err=2692648
[ERR] seq=323099527 err=2902976
[SEU] addr=20003178 bit=00000001
[ERR] seq=323099528 err=455328
[ERR] seq=323099529 err=271672
[ERR] seq=323099530 err=66120
[SEU] addr=20003170 bit=00000001
[ERR] seq=323099531 err=30144
[ERR] seq=323099532 err=15920
[ERR] seq=323099533 err=6896
[ERR] seq=323099534 err=10312
[SEU] addr=20003162 bit=00000003
[ERR] seq=323099535 err=9472
[ERR] seq=323099536 err=9968
[ERR] seq=323099537 err=9984
[ERR] seq=323099538 err=10152
[SEU] addr=200031B3 bit=00000007
[ERR] seq=323099539 err=10288
[ERR] seq=323099540 err=10416
[ERR] seq=323099541 err=10544
[ERR] seq=323099542 err=10664
[SEU] addr=20003184 bit=00000005
[ERR] seq=323099543 err=10360
[ERR] seq=323099544 err=10936
[SEU] addr=20003166 bit=00000007
[ERR] seq=323099545 err=10984
[ERR] seq=323099546 err=11104
[ERR] seq=323099547 err=11200
[ERR] seq=323099548 err=11312
[SEU] addr=20003175 bit=00000001
[ERR] seq=323099549 err=11416
[ERR] seq=323099550 err=11488
[ERR] seq=323099551 err=11584
[ERR] seq=323099552 err=11672
[ERR] seq=323099553 err=11760
[ERR] seq=323099554 err=11816
[ERR] seq=323099555 err=11896
[ERR] seq=323099556 err=11952
[ERR] seq=323099557 err=12024
[SEU] addr=200031C1 bit=00000007
[ERR] seq=323099558 err=12080
[ERR] seq=323099559 err=12144
[SEU] addr=200031B3 bit=00000006
[ERR] seq=323099560 err=12176
[ERR] seq=323099561 err=12256
[SEU] addr=20003188 bit=00000001
[ERR] seq=323099562 err=12312
[ERR] seq=323099563 err=12320
[ERR] seq=323099564 err=12368
[ERR] seq=323099565 err=12408
[SEU] addr=2000315A bit=00000000
[ERR] seq=323099566 err=12424
[ERR] seq=323099567 err=12440
[ERR] seq=323099568 err=12472
[ERR] seq=323099569 err=12472
[ERR] seq=323099570 err=12496
[SEU] addr=2000318E bit=00000002
[ERR] seq=323099571 err=2102840
[ERR] seq=323099572 err=180264
[ERR] seq=323099573 err=186872
[ERR] seq=323099574 err=40384
[ERR] seq=323099575 err=22392
[ERR] seq=323099576 err=16008
[ERR] seq=323099577 err=10808
[SEU] addr=2000315C bit=00000002
[CMD QUEUE backup CORRUPTED] backup repaired
[ERR] seq=323099578 err=12824
[SEU] addr=2000315F bit=00000006
[CMD QUEUE backup CORRUPTED] backup repaired
[ERR] seq=323099579 err=12208
[ERR] seq=323099580 err=12368
[ERR] seq=323099581 err=12288
[ERR] seq=323099582 err=12264
[SEU] addr=2000314C bit=00000005
[SAMPLE QUEUE backup CORRUPTED] backup repaired
[ERR] seq=323099583 err=12192
[ERR] seq=323099584 err=12144
[ERR] seq=323099585 err=12088
[SEU] addr=200031C8 bit=00000007
[ERR] seq=323099586 err=12048
[ERR] seq=323099587 err=11968
[ERR] seq=323099588 err=11904
[ERR] seq=323099589 err=11848
[ERR] seq=323099590 err=11760
[ERR] seq=323099591 err=11704
[SEU] addr=200031B7 bit=00000007
[ERR] seq=323099592 err=11616
[ERR] seq=323099593 err=11520
[ERR] seq=323099594 err=11440
[ERR] seq=323099595 err=11344
[ERR] seq=323099596 err=11264
[ERR] seq=323099597 err=11128
[ERR] seq=323099598 err=11048
[ERR] seq=323099599 err=10936
[ERR] seq=323099600 err=10840
[ERR] seq=323099601 err=10720
[SEU] addr=20003189 bit=00000000
[ERR] seq=323099602 err=8536
[ERR] seq=323099603 err=10648
[ERR] seq=323099604 err=10168
[ERR] seq=323099605 err=10224
[ERR] seq=323099606 err=10072
[ERR] seq=323099607 err=9944
[ERR] seq=323099608 err=9784
[ERR] seq=323099609 err=9656
[ERR] seq=323099610 err=9504
[SEU] addr=20003183 bit=00000006
[ERR] seq=323099611 err=9368
[ERR] seq=323099612 err=9192
[ERR] seq=323099613 err=9040
[ERR] seq=323099614 err=8888
[ERR] seq=323099615 err=8720
[ERR] seq=323099616 err=8568
[ERR] seq=323099617 err=8392
[SEU] addr=20003168 bit=00000001
[ERR] seq=323099618 err=8216
[ERR] seq=323099619 err=8032
[ERR] seq=323099620 err=7872
[ERR] seq=323099621 err=7680
[ERR] seq=323099622 err=7512
[ERR] seq=323099623 err=7336
[SEU] addr=200031D3 bit=00000003
[ERR] seq=323099624 err=7144
[ERR] seq=323099625 err=6936
[ERR] seq=323099626 err=6760
[ERR] seq=323099627 err=6560
[ERR] seq=323099628 err=6392
[ERR] seq=323099629 err=6184
[SEU] addr=200031C6 bit=00000006
[ERR] seq=323099630 err=5992
[ERR] seq=323099631 err=5776
[ERR] seq=323099632 err=5600
[ERR] seq=323099633 err=5376
[SEU] addr=200031A5 bit=00000002
[ERR] seq=323099634 err=5216
[SEU] addr=200031B8 bit=00000007
[ERR] seq=323099635 err=4984
[ERR] seq=323099636 err=4784
[ERR] seq=323099637 err=4592
[ERR] seq=323099638 err=4360
[ERR] seq=323099639 err=4168
[ERR] seq=323099640 err=3576
[ERR] seq=323099641 err=3408
[ERR] seq=323099642 err=3168
[ERR] seq=323099643 err=2952
[ERR] seq=323099644 err=2744
[SEU] addr=200031A8 bit=00000000
[ERR] seq=323099645 err=2528
[ERR] seq=323099646 err=2312
[ERR] seq=323099647 err=2080
[ERR] seq=323099648 err=8024
[ERR] seq=323099649 err=7296
[ERR] seq=323099650 err=7624
[SEU] addr=20003170 bit=00000004
[ERR] seq=323099651 err=7328
[ERR] seq=323099652 err=7160
[SEU] addr=2000319A bit=00000001
[ERR] seq=323099653 err=6912
[ERR] seq=323099654 err=6696
[ERR] seq=323099655 err=6488
[SEU] addr=20003169 bit=00000003
[ERR] seq=323099656 err=6264
[ERR] seq=323099657 err=6056
[ERR] seq=323099658 err=5824
[ERR] seq=323099659 err=5600
[ERR] seq=323099660 err=5376
[ERR] seq=323099661 err=5144
[ERR] seq=323099662 err=4944
[ERR] seq=323099663 err=4704
[ERR] seq=323099664 err=4488
[SEU] addr=20003190 bit=00000007
[ERR] seq=323099665 err=3256
[ERR] seq=323099666 err=4120
[ERR] seq=323099667 err=3760
[ERR] seq=323099668 err=3624
[ERR] seq=323099669 err=3400
[ERR] seq=323099670 err=3200
[ERR] seq=323099671 err=2960
[SEU] addr=200031A0 bit=00000006
[ERR] seq=323099672 err=2768
[ERR] seq=323099673 err=2544
[ERR] seq=323099674 err=2432
[ERR] seq=323099675 err=2456
[ERR] seq=323099676 err=2464
[SEU] addr=2000314F bit=00000006
[SAMPLE QUEUE backup CORRUPTED] backup repaired
[ERR] seq=323099677 err=2488
[ERR] seq=323099678 err=2512
[ERR] seq=323099679 err=2520
[ERR] seq=323099680 err=2528
[ERR] seq=323099681 err=2552
[ERR] seq=323099682 err=2568
[ERR] seq=323099683 err=2608
[ERR] seq=323099684 err=2608
[SEU] addr=200031CC bit=00000002
[ERR] seq=323099685 err=2632
[ERR] seq=323099686 err=2656
[ERR] seq=323099687 err=2680
[ERR] seq=323099688 err=2680
[ERR] seq=323099689 err=2712
[SEU] addr=200031D4 bit=00000006
[ERR] seq=323099754 err=3376
[ERR] seq=323099755 err=3328
[SEU] addr=20003190 bit=00000002
[ERR] seq=323099756 err=8488
[ERR] seq=323099757 err=7968
[ERR] seq=323099758 err=8584
[ERR] seq=323099759 err=8536
[ERR] seq=323099760 err=8632
[ERR] seq=323099761 err=8664
[ERR] seq=323099762 err=8720
[ERR] seq=323099763 err=8752
[ERR] seq=323099764 err=8784
[SEU] addr=200031B4 bit=00000001
[ERR] seq=323099765 err=8840
[ERR] seq=323099766 err=8864
[ERR] seq=323099767 err=8904
[SEU] addr=200031C9 bit=00000005
[ERR] seq=323099768 err=8936
[ERR] seq=323099769 err=8968
[ERR] seq=323099770 err=8992
[SEU] addr=200031B6 bit=00000002
[ERR] seq=323099771 err=9008
[ERR] seq=323099772 err=9048
[ERR] seq=323099773 err=9064
[ERR] seq=323099774 err=9088
[ERR] seq=323099775 err=9104
[SEU] addr=200031C8 bit=00000000
[ERR] seq=323099776 err=9104
[ERR] seq=323099777 err=9152
[ERR] seq=323099778 err=9128
[SEU] addr=2000315D bit=00000004
[CMD QUEUE backup CORRUPTED] backup repaired
[ERR] seq=323099779 err=9168
[ERR] seq=323099780 err=9168
[ERR] seq=323099781 err=9176
[ERR] seq=323099782 err=9192
[SEU] addr=20003157 bit=00000000
[CMD QUEUE CORRUPTED] primary repaired
[ERR] seq=323099783 err=9192
[ERR] seq=323099784 err=9192
[ERR] seq=323099785 err=9192
[ERR] seq=323099786 err=9192
[ERR] seq=323099787 err=9176
[ERR] seq=323099788 err=9176
[ERR] seq=323099789 err=9160
[ERR] seq=323099790 err=9144
[SEU] addr=200031D0 bit=00000004
[ERR] seq=323099791 err=9144
[ERR] seq=323099792 err=9112
[ERR] seq=323099793 err=9120
[ERR] seq=323099794 err=9080
[SEU] addr=200031A5 bit=00000006
[ERR] seq=323099795 err=9080
[ERR] seq=323099796 err=9056
[ERR] seq=323099797 err=9008
[ERR] seq=323099798 err=8992
[ERR] seq=323099799 err=8968
[ERR] seq=323099800 err=8944
[ERR] seq=323099801 err=8904
[ERR] seq=323099802 err=8864
[ERR] seq=323099803 err=8848
[SEU] addr=2000316E bit=00000000
[ERR] seq=323099804 err=8792
[ERR] seq=323099805 err=8760
[SEU] addr=2000317D bit=00000007
[ERR] seq=323099806 err=8720
[ERR] seq=323099807 err=8680
[ERR] seq=323099808 err=8632
[ERR] seq=323099809 err=8592
[ERR] seq=323099810 err=8536
[ERR] seq=323099811 err=8488
[ERR] seq=323099812 err=8448
[ERR] seq=323099813 err=8384
[SEU] addr=20003166 bit=00000002
[ERR] seq=323099814 err=8344
[ERR] seq=323099815 err=8280
[ERR] seq=323099816 err=8208
[ERR] seq=323099817 err=8144
[ERR] seq=323099818 err=8096
[ERR] seq=323099819 err=8016
[ERR] seq=323099820 err=7960
[ERR] seq=323099821 err=7896
[ERR] seq=323099822 err=7816
[SEU] addr=20003152 bit=00000000
[ERR] seq=323099823 err=7760
[ERR] seq=323099824 err=7680
[SEU] addr=200031CD bit=00000007
[ERR] seq=323099825 err=7616
[ERR] seq=323099826 err=7536
[ERR] seq=323099827 err=7456
[ERR] seq=323099828 err=7376
[ERR] seq=323099829 err=7296
[SEU] addr=200031C6 bit=00000006
[ERR] seq=323099830 err=7184
[ERR] seq=323099831 err=7128
[ERR] seq=323099832 err=7032
[ERR] seq=323099833 err=6960
[ERR] seq=323099834 err=6856
[SEU] addr=200031BB bit=00000000
[ERR] seq=323099835 err=6784
[ERR] seq=323099836 err=6672
[ERR] seq=323099837 err=6600
[SEU] addr=20003197 bit=00000000
[ERR] seq=323099838 err=6488
[ERR] seq=323099839 err=6408
[ERR] seq=323099840 err=6296
[ERR] seq=323099841 err=6216
[ERR] seq=323099842 err=6104
[ERR] seq=323099843 err=6016
[ERR] seq=323099844 err=5896
[ERR] seq=323099845 err=5800
[ERR] seq=323099846 err=5704
[SEU] addr=200031D6 bit=00000007
[ERR] seq=331488455 err=14848
[ERR] seq=331488456 err=14072
[SEU] addr=200031C6 bit=00000003
[ERR] seq=331488457 err=14840
[ERR] seq=331488458 err=14664
[ERR] seq=331488459 err=14712
[ERR] seq=331488460 err=14664
[ERR] seq=331488461 err=14600
[ERR] seq=331488462 err=14568
[ERR] seq=331488463 err=14520
[ERR] seq=331488464 err=14424
[ERR] seq=331488465 err=14368
[SEU] addr=200031CA bit=00000006
[ERR] seq=331488466 err=14304
[ERR] seq=331488467 err=14232
[SEU] addr=20003150 bit=00000002
[SAMPLE QUEUE backup CORRUPTED] backup repaired
[ERR] seq=331488468 err=14136
[ERR] seq=331488469 err=14088
[ERR] seq=331488470 err=13992
[ERR] seq=331488471 err=13904
[ERR] seq=331488472 err=13800
[ERR] seq=331488473 err=13720
[ERR] seq=331488474 err=13624
[SEU] addr=2000316E bit=00000003
[ERR] seq=331488475 err=13512
[ERR] seq=331488476 err=13416
[ERR] seq=331488477 err=13304
[SEU] addr=200031A1 bit=00000005
[ERR] seq=331488478 err=13176
[ERR] seq=331488479 err=13064
[ERR] seq=331488480 err=12952
[ERR] seq=331488481 err=12832
[ERR] seq=331488482 err=12704
[ERR] seq=331488483 err=12592
[ERR] seq=331488484 err=12432
[ERR] seq=331488485 err=12304
[SEU] addr=20003163 bit=00000005
[ERR] seq=331488486 err=12176
[ERR] seq=331488487 err=12024
[ERR] seq=331488488 err=11880
[SEU] addr=200031BF bit=00000004
[ERR] seq=331488489 err=11720
[ERR] seq=331488490 err=11576
[ERR] seq=331488491 err=11424
[ERR] seq=331488492 err=11256
[ERR] seq=331488493 err=11104
[ERR] seq=331488494 err=10936
[ERR] seq=331488495 err=10760
[SEU] addr=200031BF bit=00000000
[ERR] seq=331488496 err=10608
[ERR] seq=331488497 err=10408
[SEU] addr=2000316A bit=00000002
[ERR] seq=331488498 err=10240
[ERR] seq=331488499 err=10072
[SEU] addr=2000317B bit=00000005
[ERR] seq=331488500 err=9880
[ERR] seq=331488501 err=9680
[ERR] seq=331488502 err=9520
[ERR] seq=331488503 err=9320
[SEU] addr=20003152 bit=00000007
[ERR] seq=331488504 err=9128
[ERR] seq=331488505 err=8928
[ERR] seq=331488506 err=8736
[SEU] addr=2000314E bit=00000005
[SAMPLE QUEUE backup CORRUPTED] backup repaired
[ERR] seq=331488507 err=8528
[ERR] seq=331488508 err=8352
[ERR] seq=331488509 err=8112
[ERR] seq=331488510 err=7912
[ERR] seq=331488511 err=7712
[ERR] seq=331488512 err=5432
[ERR] seq=331488513 err=5408
[ERR] seq=331488514 err=4984
[SEU] addr=20003180 bit=00000006
[ERR] seq=331488515 err=4824
[ERR] seq=331488516 err=4592
[ERR] seq=331488517 err=4328
[ERR] seq=331488518 err=4144
[SEU] addr=20003180 bit=00000003
[ERR] seq=331488519 err=3904
[ERR] seq=331488520 err=3696
[ERR] seq=331488521 err=3472
[ERR] seq=331488522 err=3232
[ERR] seq=331488523 err=3024
[ERR] seq=331488524 err=2768
[SEU] addr=200031B1 bit=00000006
[ERR] seq=331488525 err=2552
[ERR] seq=331488526 err=2344
[ERR] seq=331488527 err=2096
[ERR] seq=331488528 err=1880
[ERR] seq=331488529 err=1648
[ERR] seq=331488530 err=1632
[ERR] seq=331488531 err=1672
[ERR] seq=331488532 err=1728
[SEU] addr=2000314D bit=00000007
[SAMPLE QUEUE backup CORRUPTED] backup repaired
[ERR] seq=331488533 err=1744
[ERR] seq=331488534 err=1792
[ERR] seq=331488535 err=1784
[SEU] addr=200031C2 bit=00000005
[ERR] seq=331488536 err=1832
[ERR] seq=331488537 err=1840
[ERR] seq=331488538 err=1848
[ERR] seq=331488539 err=1896
[ERR] seq=331488540 err=1904
[ERR] seq=331488541 err=1912
[ERR] seq=331488542 err=1968
[ERR] seq=331488543 err=2080
[SEU] addr=200031C2 bit=00000000
[ERR] seq=331488544 err=2248
[ERR] seq=331488545 err=2480
[SEU] addr=20003163 bit=00000004
[ERR] seq=331488546 err=2712
[ERR] seq=331488547 err=2952
[ERR] seq=331488548 err=3160
[ERR] seq=331488549 err=3408
[ERR] seq=331488550 err=3632
[ERR] seq=331488551 err=3872
[ERR] seq=331488552 err=4104
[SEU] addr=200031A0 bit=00000006
[ERR] seq=331488553 err=4312
[ERR] seq=331488554 err=4560
[ERR] seq=331488555 err=4776
[ERR] seq=331488556 err=4984
[ERR] seq=331488557 err=5224
[ERR] seq=331488558 err=5432
[ERR] seq=331488559 err=5664
[SEU] addr=20003192 bit=00000000
[ERR] seq=331488560 err=530144
[ERR] seq=331488561 err=46448
[ERR] seq=331488562 err=51576
[SEU] addr=200031A9 bit=00000003
[ERR] seq=331488563 err=11752
[ERR] seq=331488564 err=10904
[ERR] seq=331488565 err=6032
[ERR] seq=331488566 err=7520
[ERR] seq=331488567 err=7216
[ERR] seq=331488568 err=7560
[ERR] seq=331488569 err=7712
[ERR] seq=331488570 err=7896
[SEU] addr=2000317F bit=00000001
[ERR] seq=331488571 err=8112
[ERR] seq=331488572 err=8288
[ERR] seq=331488573 err=8488
[ERR] seq=331488574 err=8648
[ERR] seq=331488575 err=8840
[ERR] seq=331488576 err=9024
[ERR] seq=331488577 err=9200
[SEU] addr=2000315A bit=00000005
[ERR] seq=331488578 err=9352
[ERR] seq=331488579 err=9536
[ERR] seq=331488580 err=9696
[ERR] seq=331488581 err=9864
[ERR] seq=331488582 err=10016
[SEU] addr=200031C5 bit=00000002
[ERR] seq=331488583 err=10160
[ERR] seq=331488584 err=10336
[ERR] seq=331488585 err=10472
[ERR] seq=331488586 err=10624
[ERR] seq=331488587 err=10760
[ERR] seq=331488588 err=10896
[SEU] addr=2000318F bit=00000001
[ERR] seq=331488589 err=268441640
[ERR] seq=331488590 err=21486008
[ERR] seq=331488591 err=23199112
[ERR] seq=331488592 err=3584832
[ERR] seq=331488593 err=2147712
[ERR] seq=331488594 err=468848
[SEU] addr=200031BA bit=00000007
[ERR] seq=331488595 err=214392
[ERR] seq=331488596 err=65112
[ERR] seq=331488597 err=27512
[ERR] seq=331488598 err=18048
[ERR] seq=331488599 err=10096
[ERR] seq=331488600 err=12984
[SEU] addr=200031B6 bit=00000001
[ERR] seq=331488601 err=12216
[ERR] seq=331488602 err=12616
[ERR] seq=331488603 err=12584
[SEU] addr=20003198 bit=00000000
[ERR] seq=331488604 err=12720
[ERR] seq=331488605 err=12800
[ERR] seq=331488606 err=12856
[ERR] seq=331488607 err=12952
[ERR] seq=331488608 err=13040
[ERR] seq=331488609 err=13088
[SEU] addr=20003184 bit=00000006
[ERR] seq=331488610 err=8496
[ERR] seq=331488611 err=13592
[ERR] seq=331488612 err=12856
[ERR] seq=331488613 err=13400
[ERR] seq=331488614 err=13344
[SEU] addr=2000316D bit=00000007
[ERR] seq=331488615 err=13440
[ERR] seq=331488616 err=13464
[ERR] seq=331488617 err=13520
[ERR] seq=331488618 err=13544
[ERR] seq=331488619 err=13592
[ERR] seq=331488620 err=11552
[ERR] seq=331488621 err=11776
[SEU] addr=200031CF bit=00000003
[ERR] seq=331488622 err=11608
[ERR] seq=331488623 err=11672
[ERR] seq=331488624 err=11656
[ERR] seq=331488625 err=11680
[ERR] seq=331488626 err=11680
[ERR] seq=331488627 err=11688
[ERR] seq=331488628 err=11688
[ERR] seq=331488629 err=11688
[SEU] addr=200031BA bit=00000006
[ERR] seq=331488630 err=11680
[ERR] seq=331488631 err=11680
[ERR] seq=331488632 err=11664
[ERR] seq=331488633 err=11656
[ERR] seq=331488634 err=11624
[ERR] seq=331488635 err=11608
[SEU] addr=200031CE bit=00000003
[ERR] seq=331488636 err=11568
[ERR] seq=331488637 err=11544
[ERR] seq=331488638 err=11504
[ERR] seq=331488639 err=11472
[ERR] seq=331488640 err=11424
[ERR] seq=331488641 err=11392
[ERR] seq=331488642 err=11344
[SEU] addr=200031CC bit=00000004
[ERR] seq=331488643 err=11280
[ERR] seq=331488644 err=11224
[ERR] seq=331488645 err=11184
[ERR] seq=331488646 err=11104
[ERR] seq=331488647 err=11040
[ERR] seq=331488648 err=10992
[ERR] seq=331488649 err=10880
[SEU] addr=2000314C bit=00000001
[SAMPLE QUEUE backup CORRUPTED] backup repaired
[ERR] seq=331488650 err=10816
[ERR] seq=331488651 err=10736
[ERR] seq=331488652 err=10632
[SEU] addr=200031A3 bit=00000004
[ERR] seq=331488653 err=10576
[ERR] seq=331488654 err=10464
[ERR] seq=331488655 err=10376
[ERR] seq=331488656 err=10256
[ERR] seq=331488657 err=10184
[ERR] seq=331488658 err=10056
[ERR] seq=331488659 err=9960
[ERR] seq=331488660 err=9848
[SEU] addr=20003165 bit=00000003
[ERR] seq=331488661 err=9720
[ERR] seq=331488662 err=9608
[ERR] seq=331488663 err=9464
[ERR] seq=331488664 err=9368
[ERR] seq=331488665 err=9216
[ERR] seq=331488666 err=9096
[ERR] seq=331488667 err=8952
[ERR] seq=331488668 err=8816
[ERR] seq=331488669 err=8688
[ERR] seq=331488670 err=8512
[SEU] addr=2000315F bit=00000007
[CMD QUEUE backup CORRUPTED] backup repaired
[ERR] seq=331488671 err=8392
[SEU] addr=2000319A bit=00000006
[ERR] seq=331488672 err=8240
[ERR] seq=331488673 err=8064
[ERR] seq=331488674 err=7928
[ERR] seq=331488675 err=7768
[ERR] seq=331488676 err=7592
[ERR] seq=331488677 err=7416
[SEU] addr=2000317D bit=00000000
[ERR] seq=331488678 err=7264
[ERR] seq=331488679 err=7104
[ERR] seq=331488680 err=6912
[SEU] addr=20003171 bit=00000005
[ERR] seq=331488681 err=6728
[ERR] seq=331488682 err=6552
[ERR] seq=331488683 err=6376
[ERR] seq=331488684 err=6176
[ERR] seq=331488685 err=5992
[ERR] seq=331488686 err=5784
[ERR] seq=331488687 err=5608
[ERR] seq=331488688 err=5408
[ERR] seq=331488689 err=5192
[SEU] addr=200031AB bit=00000002
[ERR] seq=331488690 err=5000
[ERR] seq=331488691 err=4816
[ERR] seq=331488692 err=4592
[ERR] seq=331488693 err=4376
[ERR] seq=331488694 err=4168
[ERR] seq=331488695 err=3952
[SEU] addr=200031C8 bit=00000007
[ERR] seq=331488696 err=3744
[ERR] seq=331488697 err=3520
[ERR] seq=331488698 err=3320
[ERR] seq=331488699 err=3080
[ERR] seq=331488700 err=2856
[ERR] seq=331488701 err=2656
[ERR] seq=331488702 err=2408
[ERR] seq=331488703 err=2208
[ERR] seq=331488704 err=1960
[SEU] addr=200031B0 bit=00000005
[ERR] seq=331488705 err=1712
[ERR] seq=331488706 err=1512
[ERR] seq=331488707 err=1272
[ERR] seq=331488708 err=1048
[ERR] seq=331488709 err=800
[ERR] seq=331488710 err=576
[ERR] seq=331488711 err=344
[ERR] seq=331488712 err=104
[ERR] seq=331488713 err=208
[SEU] addr=20003158 bit=00000002
[CMD QUEUE CORRUPTED] primary repaired
[ERR] seq=331488714 err=360
[ERR] seq=331488715 err=584
[ERR] seq=331488716 err=832
[ERR] seq=331488717 err=1056
[ERR] seq=331488718 err=1296
[ERR] seq=331488719 err=1536
[SEU] addr=2000319F bit=00000006
[ERR] seq=331488720 err=2144
[ERR] seq=331488721 err=2328
[ERR] seq=331488722 err=2624
[ERR] seq=331488723 err=2840
[ERR] seq=331488724 err=3080
[ERR] seq=331488725 err=3304
[SEU] addr=200031D2 bit=00000005
[ERR] seq=331488726 err=3544
[ERR] seq=331488727 err=3800
[ERR] seq=331488728 err=3992
[ERR] seq=331488729 err=4248
[SEU] addr=20003149 bit=00000001
[ERR] seq=331488730 err=4464
[ERR] seq=331488731 err=4696
[ERR] seq=331488732 err=4912
[SEU] addr=200031AA bit=00000001
[ERR] seq=331488733 err=5152
[ERR] seq=331488734 err=5376
[ERR] seq=331488735 err=5608
[ERR] seq=331488736 err=5816
[ERR] seq=331488737 err=6040
[ERR] seq=331488738 err=6272
[SEU] addr=200031C8 bit=00000002
[ERR] seq=331488739 err=6488
[ERR] seq=331488740 err=6728
[ERR] seq=331488741 err=6928
[SEU] addr=2000314A bit=00000005
[ERR] seq=331488742 err=7136
[ERR] seq=331488743 err=7376
[ERR] seq=331488744 err=7568
[ERR] seq=331488745 err=7792
[ERR] seq=331488746 err=8000
[ERR] seq=331488747 err=8192
[ERR] seq=331488748 err=8416
[ERR] seq=331488749 err=8616
[ERR] seq=331488750 err=8808
[SEU] addr=2000315B bit=00000003
[ERR] seq=331488751 err=9008
[ERR] seq=331488752 err=9216
[ERR] seq=331488753 err=9384
[SEU] addr=20003185 bit=00000006
[ERR] seq=331488754 err=2048
[ERR] seq=331488755 err=10360
[ERR] seq=331488756 err=9304
[ERR] seq=331488757 err=10232
[ERR] seq=331488758 err=10232
[ERR] seq=331488759 err=10520
[ERR] seq=331488760 err=10656
[ERR] seq=331488761 err=10832
[ERR] seq=331488762 err=11000
[SEU] addr=2000314F bit=00000001
[SAMPLE QUEUE backup CORRUPTED] backup repaired
[ERR] seq=331488763 err=11152
[ERR] seq=331488764 err=11328
[ERR] seq=331488765 err=11472
[ERR] seq=331488766 err=11624
[ERR] seq=331488767 err=11792
[ERR] seq=331488768 err=7840
[ERR] seq=331488769 err=8296
[SEU] addr=200031D1 bit=00000007
[ERR] seq=331488770 err=8096
[SEU] addr=20003191 bit=00000007
[ERR] seq=331488771 err=266072
[ERR] seq=331488772 err=29360
[ERR] seq=331488773 err=26704
[SEU] addr=200031D0 bit=00000001
[ERR] seq=331488774 err=12144
[ERR] seq=331488775 err=6688
[ERR] seq=331488776 err=9336
[ERR] seq=331488777 err=8808
[ERR] seq=331488778 err=9176
[ERR] seq=331488779 err=9224
[ERR] seq=331488780 err=9352
[ERR] seq=331488781 err=9464
[ERR] seq=331488782 err=9560
[ERR] seq=331488783 err=9648
[SEU] addr=200031A9 bit=00000002
[ERR] seq=331488784 err=9736
[ERR] seq=331488785 err=9840
[ERR] seq=331488786 err=9928
[ERR] seq=331488787 err=9992
[SEU] addr=2000318A bit=00000002
[ERR] seq=331488788 err=2095760
[ERR] seq=331488789 err=177920
[ERR] seq=331488790 err=179808
[ERR] seq=331488791 err=38200
[ERR] seq=331488792 err=15320
[ERR] seq=331488793 err=13992
[SEU] addr=20003154 bit=00000001
[CMD QUEUE CORRUPTED] primary repaired
[ERR] seq=331488794 err=8856
[ERR] seq=331488795 err=10944
[ERR] seq=331488796 err=10416
[ERR] seq=331488797 err=10656
[ERR] seq=331488798 err=10640
[ERR] seq=331488799 err=10688
[ERR] seq=331488800 err=10704
[SEU] addr=20003168 bit=00000002
[ERR] seq=331488801 err=10752
[ERR] seq=331488802 err=10768
[ERR] seq=331488803 err=10776
[ERR] seq=331488804 err=10792
[ERR] seq=331488805 err=10816
[ERR] seq=331488806 err=10816
[ERR] seq=331488807 err=10824
[ERR] seq=331488808 err=10808
[ERR] seq=331488809 err=10824
[SEU] addr=20003157 bit=00000007
[CMD QUEUE CORRUPTED] primary repaired
[ERR] seq=331488810 err=10816
[ERR] seq=331488811 err=10816
[ERR] seq=331488812 err=10792
[SEU] addr=20003191 bit=00000007
[ERR] seq=331488813 err=267648
[ERR] seq=331488814 err=31736
[ERR] seq=331488815 err=28120
[ERR] seq=331488816 err=14208
[ERR] seq=331488817 err=8592
[ERR] seq=331488818 err=11080
[ERR] seq=331488819 err=10416
[ERR] seq=331488820 err=10616
[SEU] addr=200031C3 bit=00000000
[ERR] seq=331488821 err=10496
[ERR] seq=331488822 err=10472
[ERR] seq=331488823 err=10408
[ERR] seq=331488824 err=10328
[ERR] seq=331488825 err=10280
[ERR] seq=331488826 err=10208
[ERR] seq=331488827 err=10144
[ERR] seq=331488828 err=10040
[SEU] addr=20003179 bit=00000000
[ERR] seq=331488829 err=9976
[ERR] seq=331488830 err=9904
[ERR] seq=331488831 err=9808
[ERR] seq=331488832 err=9712
[ERR] seq=331488833 err=9608
[ERR] seq=331488834 err=9536
[ERR] seq=331488835 err=9416
[ERR] seq=331488836 err=9328
[SEU] addr=2000317C bit=00000002
[ERR] seq=331488837 err=9192
[ERR] seq=331488838 err=9096
[ERR] seq=331488839 err=8968
[SEU] addr=20003186 bit=00000006
[ERR] seq=331488840 err=3928
[ERR] seq=331488841 err=9144
[SEU] addr=20003167 bit=00000000
[ERR] seq=331488842 err=8176
[ERR] seq=331488843 err=8560
[SEU] addr=2000318C bit=00000003
[ERR] seq=331488844 err=8360
[ERR] seq=331488845 err=8224
[ERR] seq=331488846 err=8064
[SEU] addr=20003197 bit=00000006
[ERR] seq=331488847 err=7936
[ERR] seq=331488848 err=7784
[SEU] addr=2000317A bit=00000004
[ERR] seq=331488849 err=7624
[ERR] seq=331488850 err=7488
[ERR] seq=331488851 err=7312
[SEU] addr=200031A6 bit=00000005
[ERR] seq=331488852 err=7168
[ERR] seq=331488853 err=7000
[ERR] seq=331488854 err=6848
[ERR] seq=331488855 err=6672
[ERR] seq=331488856 err=6504
[ERR] seq=331488857 err=6320
[ERR] seq=331488858 err=6136
[ERR] seq=331488859 err=5984
[ERR] seq=331488860 err=5776
[SEU] addr=20003175 bit=00000007
[ERR] seq=331488861 err=5592
[ERR] seq=331488862 err=5416
[ERR] seq=331488863 err=5232
[ERR] seq=331488864 err=5024
[ERR] seq=331488865 err=4840
[ERR] seq=331488866 err=4632
[ERR] seq=331488867 err=4440
[ERR] seq=331488868 err=4240
[SEU] addr=2000314E bit=00000000
[SAMPLE QUEUE backup CORRUPTED] backup repaired
[ERR] seq=331488869 err=4024
[ERR] seq=331488870 err=3816
[ERR] seq=331488871 err=3608
[SEU] addr=2000316E bit=00000003
[ERR] seq=331488872 err=3392
[ERR] seq=331488873 err=3288
[ERR] seq=331488874 err=3176
[ERR] seq=331488875 err=3080
[ERR] seq=331488876 err=6632
[ERR] seq=331488877 err=6064
[SEU] addr=20003169 bit=00000004
[ERR] seq=331488878 err=6208
[ERR] seq=331488879 err=5928
[ERR] seq=331488880 err=5752
[ERR] seq=331488881 err=5520
[ERR] seq=331488882 err=5280
[ERR] seq=331488883 err=5064
[ERR] seq=331488884 err=4816
[ERR] seq=331488885 err=4608
[SEU] addr=20003146 bit=00000001
[SAMPLE QUEUE CORRUPTED] primary repaired
[ERR] seq=331488886 err=4392
[SEU] addr=200031A9 bit=00000003
[ERR] seq=331488887 err=4136
[ERR] seq=331488888 err=3928
[ERR] seq=331488889 err=3704
[ERR] seq=331488890 err=3440
[ERR] seq=331488891 err=3224
[ERR] seq=331488892 err=2608
[ERR] seq=331488893 err=2424
[ERR] seq=331488894 err=2176
[ERR] seq=331488895 err=1904
[ERR] seq=331488896 err=1696
[SEU] addr=200031AF bit=00000000
[ERR] seq=331488897 err=1440
[ERR] seq=331488898 err=1200
[ERR] seq=331488899 err=976
[ERR] seq=331488900 err=736
[SEU] addr=200031A8 bit=00000001
[ERR] seq=331488901 err=480
[ERR] seq=331488902 err=288
[ERR] seq=331488903 err=152
[ERR] seq=331488904 err=200
[ERR] seq=331488905 err=448
[ERR] seq=331488906 err=656
[ERR] seq=331488907 err=904
[SEU] addr=2000314D bit=00000004
[SAMPLE QUEUE backup CORRUPTED] backup repaired
[ERR] seq=331488908 err=1120
[ERR] seq=331488909 err=1360
[ERR] seq=331488910 err=1576
[ERR] seq=331488911 err=1824
[ERR] seq=331488912 err=2064
[ERR] seq=331488913 err=2264
[ERR] seq=331488914 err=2504
[ERR] seq=331488915 err=2728
[SEU] addr=200031B6 bit=00000000
[ERR] seq=331488916 err=2944
[ERR] seq=331488917 err=3176
[ERR] seq=331488918 err=3384
[ERR] seq=331488919 err=3608
[SEU] addr=200031AE bit=00000001
[ERR] seq=331488920 err=3808
[SEU] addr=2000319F bit=00000007
[ERR] seq=331488921 err=4040
[ERR] seq=331488922 err=4248
[SEU] addr=2000317D bit=00000006
[ERR] seq=331488923 err=4448
[ERR] seq=331488924 err=4672
[ERR] seq=331488925 err=4864
[ERR] seq=331488926 err=5072
[ERR] seq=331488927 err=5272
[ERR] seq=331488928 err=5472
[ERR] seq=331488929 err=5680
[ERR] seq=331488930 err=5848
[ERR] seq=331488931 err=6064
[SEU] addr=200031AE bit=00000006
[ERR] seq=331488932 err=6240
[ERR] seq=331488933 err=6440
[ERR] seq=331488934 err=6600
[ERR] seq=331488935 err=6792
[ERR] seq=331488936 err=6976
[ERR] seq=331488937 err=7152
[SEU] addr=200031B7 bit=00000001
[ERR] seq=331488938 err=7304
[ERR] seq=331488939 err=7488
[ERR] seq=331488940 err=7640
[ERR] seq=331488941 err=7816
[ERR] seq=331488942 err=7968
[ERR] seq=331488943 err=8112
[ERR] seq=331488944 err=8296
[SEU] addr=200031B1 bit=00000000
[ERR] seq=331488945 err=8424
[ERR] seq=331488946 err=8576
[SEU] addr=20003156 bit=00000006
[CMD QUEUE CORRUPTED] primary repaired
[ERR] seq=331488947 err=8704
[ERR] seq=331488948 err=8848
[SEU] addr=200031BC bit=00000000
[ERR] seq=331488949 err=9008
[ERR] seq=331488950 err=9128
[ERR] seq=331488951 err=9248
[ERR] seq=331488952 err=9376
[ERR] seq=331488953 err=9528
[ERR] seq=331488954 err=9632
[SEU] addr=20003171 bit=00000000
[ERR] seq=331488955 err=9736
[ERR] seq=331488956 err=9880
[ERR] seq=331488957 err=9984
[SEU] addr=200031A7 bit=00000006
[ERR] seq=331488958 err=10080
[ERR] seq=331488959 err=10192
[ERR] seq=331488960 err=10288
[ERR] seq=331488961 err=10400
[ERR] seq=331488962 err=10480
[ERR] seq=331488963 err=10576
[ERR] seq=331488964 err=10656
[ERR] seq=331488965 err=10760
[ERR] seq=331488966 err=10800
[ERR] seq=331488967 err=10912
[SEU] addr=20003195 bit=00000006
[ERR] seq=331488968 err=10984
[ERR] seq=331488969 err=11048
[ERR] seq=331488970 err=11128
[ERR] seq=331488971 err=11160
[ERR] seq=331488972 err=11224
[SEU] addr=200031C5 bit=00000002
[ERR] seq=331488973 err=11296
[ERR] seq=331488974 err=11320
[ERR] seq=331488975 err=11384
[ERR] seq=331488976 err=11424
[SEU] addr=20003174 bit=00000001
[ERR] seq=331488977 err=11464
[ERR] seq=331488978 err=11496
[ERR] seq=331488979 err=11544
[ERR] seq=331488980 err=11560
[ERR] seq=331488981 err=11608
[ERR] seq=331488982 err=11624
[ERR] seq=331488983 err=11648
[ERR] seq=331488984 err=11664
[ERR] seq=331488985 err=11680
[ERR] seq=331488986 err=11680
[SEU] addr=2000318B bit=00000007
[ERR] seq=331488987 err=11688
[ERR] seq=331488988 err=11688
[SEU] addr=2000319A bit=00000002
[ERR] seq=331488989 err=11688
[ERR] seq=331488990 err=11680
[SEU] addr=20003162 bit=00000006
[ERR] seq=331488991 err=11680
[ERR] seq=331488992 err=11664
[ERR] seq=331488993 err=11656
[ERR] seq=331488994 err=11624
[ERR] seq=331488995 err=11608
[ERR] seq=331488996 err=11568
[ERR] seq=331488997 err=11544
[SEU] addr=20003157 bit=00000004
[CMD QUEUE CORRUPTED] primary repaired
[ERR] seq=331488998 err=11504
[ERR] seq=331488999 err=11472
[ERR] seq=331489000 err=11424
[ERR] seq=331489001 err=11392
[ERR] seq=331489002 err=11344
[ERR] seq=331489003 err=11280
[ERR] seq=331489004 err=11224
[ERR] seq=331489005 err=11184
[SEU] addr=2000317F bit=00000000
[ERR] seq=331489006 err=11104
[ERR] seq=331489007 err=11040
[ERR] seq=331489008 err=10992
[ERR] seq=331489009 err=10880
[ERR] seq=331489010 err=10816
[SEU] addr=2000317D bit=00000002
[ERR] seq=331489011 err=10736
[ERR] seq=331489012 err=10632
[ERR] seq=331489013 err=10576
[ERR] seq=331489014 err=10464
[ERR] seq=331489015 err=10376
[SEU] addr=200031BD bit=00000007
[ERR] seq=331489016 err=10256
[ERR] seq=331489017 err=10184
[ERR] seq=331489018 err=10056
[ERR] seq=331489019 err=9960
[ERR] seq=331489020 err=9848
[ERR] seq=331489021 err=9720
[ERR] seq=331489022 err=9608
[ERR] seq=331489023 err=9464
[ERR] seq=331489024 err=11416
[ERR] seq=331489025 err=11096
[SEU] addr=200031CF bit=00000001
[ERR] seq=331489026 err=11168
[ERR] seq=331489027 err=10984
[ERR] seq=331489028 err=10864
[ERR] seq=331489029 err=10728
[ERR] seq=331489030 err=10568
[ERR] seq=331489031 err=10440
[ERR] seq=331489032 err=10288
[SEU] addr=200031A8 bit=00000002
[ERR] seq=331489033 err=10104
[ERR] seq=331489034 err=9976
[ERR] seq=331489035 err=9816
[ERR] seq=331489036 err=9648
[ERR] seq=331489037 err=9464
[ERR] seq=331489038 err=9312
[ERR] seq=331489039 err=9152
[ERR] seq=331489040 err=8960
[ERR] seq=331489041 err=8776
[ERR] seq=331489042 err=8600
[SEU] addr=200031A7 bit=00000003
[ERR] seq=331489043 err=8424
[ERR] seq=331489044 err=8224
[ERR] seq=331489045 err=8040
[ERR] seq=331489046 err=7832
[SEU] addr=20003187 bit=00000005
[ERR] seq=331489047 err=3904
[ERR] seq=331489048 err=7760
[ERR] seq=331489049 err=6904
[SEU] addr=200031A5 bit=00000005
[ERR] seq=331489050 err=7104
[ERR] seq=331489051 err=6832
[SEU] addr=200031B4 bit=00000006
[ERR] seq=331489052 err=6640
[ERR] seq=331489053 err=6424
[ERR] seq=331489054 err=6216
[ERR] seq=331489055 err=6008
[SEU] addr=200031AB bit=00000004
[ERR] seq=331489056 err=5792
[ERR] seq=331489057 err=5568
[ERR] seq=331489058 err=5360
[ERR] seq=331489059 err=5128
[ERR] seq=331489060 err=4912
[ERR] seq=331489061 err=4704
[ERR] seq=331489062 err=4456
[ERR] seq=331489063 err=4248
[ERR] seq=331489064 err=4008
[ERR] seq=331489065 err=3768
[SEU] addr=20003167 bit=00000007
[ERR] seq=331489066 err=3560
[ERR] seq=331489067 err=3312
[ERR] seq=331489068 err=3096
[ERR] seq=331489069 err=2856
[ERR] seq=331489070 err=2624
[SEU] addr=2000316E bit=00000000
[ERR] seq=331489071 err=2384
[ERR] seq=331489072 err=2160
[ERR] seq=331489073 err=2032
[ERR] seq=331489074 err=1944
[ERR] seq=331489075 err=1912
[ERR] seq=331489076 err=1912
[ERR] seq=331489077 err=1872
[ERR] seq=331489078 err=1848
[ERR] seq=331489079 err=1848
[SEU] addr=200031B3 bit=00000007
[ERR] seq=331489080 err=1760
[ERR] seq=331489081 err=1744
[ERR] seq=331489082 err=1728
[ERR] seq=331489083 err=1696
[ERR] seq=331489084 err=1680
[SEU] addr=20003175 bit=00000003
[ERR] seq=331489085 err=1656
[ERR] seq=331489086 err=1624
[ERR] seq=331489087 err=1744
[ERR] seq=331489088 err=1960
[ERR] seq=331489089 err=2200
[SEU] addr=2000314B bit=00000003
[ERR] seq=331489090 err=2408
[ERR] seq=331489091 err=2648
[ERR] seq=331489092 err=2872
[ERR] seq=331489093 err=3104
[SEU] addr=20003151 bit=00000002
[ERR] seq=331489094 err=3320
[ERR] seq=331489095 err=3560
[ERR] seq=331489096 err=3776
[ERR] seq=331489097 err=3992
[ERR] seq=331489098 err=4224
[ERR] seq=331489099 err=4432
[ERR] seq=331489100 err=4680
[ERR] seq=331489101 err=4888
[SEU] addr=2000319D bit=00000004
[ERR] seq=331489102 err=5088
[ERR] seq=331489103 err=5328
[ERR] seq=331489104 err=5512
[ERR] seq=331489105 err=5744
[ERR] seq=331489106 err=5952
[ERR] seq=331489107 err=6152
[ERR] seq=331489108 err=6368
[ERR] seq=331489109 err=6568
[ERR] seq=331489110 err=6760
[SEU] addr=200031AF bit=00000005
[ERR] seq=331489111 err=6952
[ERR] seq=331489112 err=7168
[ERR] seq=331489113 err=7336
[SEU] addr=200031BE bit=00000005
[ERR] seq=331489114 err=7544
[ERR] seq=331489115 err=7712
[SEU] addr=20003172 bit=00000004
[ERR] seq=331489116 err=7904
[ERR] seq=331489117 err=8088
[ERR] seq=331489118 err=8256
[ERR] seq=331489119 err=8440
[ERR] seq=331489120 err=8616
[SEU] addr=200031A5 bit=00000006
[ERR] seq=331489121 err=8784
[ERR] seq=331489122 err=8952
[ERR] seq=331489123 err=9112
[SEU] addr=20003171 bit=00000000
[ERR] seq=331489124 err=9280
[ERR] seq=331489125 err=9424
[SEU] addr=200031B2 bit=00000000
[ERR] seq=331489126 err=9576
[ERR] seq=331489127 err=9736
[ERR] seq=331489128 err=9888
[ERR] seq=331489129 err=10024
[ERR] seq=331489130 err=10168
[ERR] seq=331489131 err=10312
[ERR] seq=331489132 err=12504
[ERR] seq=331489133 err=12448
[ERR] seq=331489134 err=12776
[SEU] addr=20003144 bit=00000004
[SAMPLE QUEUE CORRUPTED] primary repaired
[ERR] seq=331489135 err=12856
[ERR] seq=331489136 err=12984
[ERR] seq=331489137 err=13112
[SEU] addr=20003184 bit=00000002
[ERR] seq=331489138 err=13504
[ERR] seq=331489139 err=13304
[ERR] seq=331489140 err=13472
[ERR] seq=331489141 err=13568
[ERR] seq=331489142 err=13640
[ERR] seq=331489143 err=13752
[ERR] seq=331489144 err=13832
[SEU] addr=20003184 bit=00000005
[ERR] seq=331489145 err=11080
[ERR] seq=331489146 err=14240
[ERR] seq=331489147 err=13840
[ERR] seq=331489148 err=14216
[ERR] seq=331489149 err=14232
[SEU] addr=200031A7 bit=00000002
[ERR] seq=331489150 err=14320
[ERR] seq=331489151 err=14392
[ERR] seq=331489152 err=14456
[ERR] seq=331489153 err=14528
[ERR] seq=331489154 err=14568
[ERR] seq=331489155 err=14632
[SEU] addr=200031CC bit=00000007
[ERR] seq=331489156 err=14656
[ERR] seq=331489157 err=14712
[ERR] seq=331489158 err=14752
[ERR] seq=331489159 err=14784
[ERR] seq=331489160 err=14800
[ERR] seq=331489161 err=14848
[ERR] seq=331489162 err=14864
[ERR] seq=331489163 err=14880
[ERR] seq=331489164 err=14888
[ERR] seq=331489165 err=14912
[SEU] addr=2000315F bit=00000002
[CMD QUEUE backup CORRUPTED] backup repaired
[ERR] seq=331489166 err=14912
[ERR] seq=331489167 err=14920
[SEU] addr=200031CD bit=00000002
[ERR] seq=331489168 err=14904
[ERR] seq=331489169 err=14920
[ERR] seq=331489170 err=14912
[SEU] addr=20003190 bit=00000006
[ERR] seq=331489171 err=15424
[ERR] seq=331489172 err=14848
[ERR] seq=331489173 err=14920
[ERR] seq=331489174 err=14864
[ERR] seq=331489175 err=14832
[ERR] seq=331489176 err=14808
[SEU] addr=20003196 bit=00000000
[ERR] seq=331489177 err=14776
[ERR] seq=331489178 err=14728
[ERR] seq=331489179 err=14712
[ERR] seq=331489180 err=14664
[SEU] addr=20003184 bit=00000001
[ERR] seq=331489181 err=14560
[ERR] seq=331489182 err=14584
[ERR] seq=331489183 err=14496
[ERR] seq=331489184 err=14432
[ERR] seq=331489185 err=14368
[ERR] seq=331489186 err=14304
[ERR] seq=331489187 err=14232
[ERR] seq=331489188 err=14136
[ERR] seq=331489189 err=14088
[SEU] addr=2000318D bit=00000001
[ERR] seq=331489190 err=10424
[ERR] seq=331489191 err=14224
[ERR] seq=331489192 err=13456
[ERR] seq=331489193 err=13768
[ERR] seq=331489194 err=13592
[SEU] addr=200031D7 bit=00000006
[ERR] seq=1405231019 err=7944
[ERR] seq=1405231020 err=8240
[ERR] seq=1405231021 err=7568
[ERR] seq=1405231022 err=7504
[ERR] seq=1405231023 err=7288
[ERR] seq=1405231024 err=7128
[ERR] seq=1405231025 err=6968
[SEU] addr=2000315A bit=00000005
[ERR] seq=1405231026 err=6768
[ERR] seq=1405231027 err=6632
[ERR] seq=1405231028 err=6416
[ERR] seq=1405231029 err=6248
[SEU] addr=200031C7 bit=00000000
[ERR] seq=1405231030 err=6056
[ERR] seq=1405231031 err=5888
[ERR] seq=1405231032 err=5696
[ERR] seq=1405231033 err=5520
[ERR] seq=1405231034 err=5328
[SEU] addr=20003192 bit=00000001
[ERR] seq=1405231035 err=1051968
[SEU] addr=20003166 bit=00000007
[ERR] seq=1405231036 err=88832
[ERR] seq=1405231037 err=93736
[ERR] seq=1405231038 err=18512
[ERR] seq=1405231039 err=11256
[ERR] seq=1405231040 err=5968
[ERR] seq=1405231041 err=3456
[ERR] seq=1405231042 err=3976
[ERR] seq=1405231043 err=3512
[ERR] seq=1405231044 err=3400
[SEU] addr=20003165 bit=00000004
[ERR] seq=1405231045 err=3168
[ERR] seq=1405231046 err=2968
[SEU] addr=20003167 bit=00000003
[ERR] seq=1405231047 err=2784
[ERR] seq=1405231048 err=2560
[ERR] seq=1405231049 err=2344
[SEU] addr=20003151 bit=00000005
[ERR] seq=1405231050 err=2168
[ERR] seq=1405231051 err=1936
[ERR] seq=1405231052 err=1760
[ERR] seq=1405231053 err=1520
[ERR] seq=1405231054 err=1320
[ERR] seq=1405231055 err=1120
[ERR] seq=1405231056 err=888
[ERR] seq=1405231057 err=688
[ERR] seq=1405231058 err=480
[SEU] addr=20003144 bit=00000000
[SAMPLE QUEUE CORRUPTED] primary repaired
[ERR] seq=1405231059 err=296
[ERR] seq=1405231060 err=168
[ERR] seq=1405231061 err=168
[ERR] seq=1405231062 err=384
[ERR] seq=1405231063 err=560
[ERR] seq=1405231064 err=760
[SEU] addr=2000318F bit=00000001
[ERR] seq=1405231065 err=268435936
[ERR] seq=1405231066 err=21476000
[ERR] seq=1405231067 err=23193480
[SEU] addr=200031AF bit=00000002
[ERR] seq=1405231068 err=3574984
[ERR] seq=1405231069 err=2142160
[ERR] seq=1405231070 err=459168
[ERR] seq=1405231071 err=208896
[ERR] seq=1405231072 err=55584
[ERR] seq=1405231073 err=22104
[ERR] seq=1405231074 err=8712
[SEU] addr=2000318E bit=00000004
[ERR] seq=1405231075 err=8392144
[ERR] seq=1405231076 err=675296
[ERR] seq=1405231077 err=726712
[SEU] addr=2000315E bit=00000005
[CMD QUEUE backup CORRUPTED] backup repaired
[ERR] seq=1405231078 err=115680
[ERR] seq=1405231079 err=68840
[ERR] seq=1405231080 err=18624
[SEU] addr=20003186 bit=00000003
[ERR] seq=1405231081 err=8336
[ERR] seq=1405231082 err=6880
[SEU] addr=200031AE bit=00000002
[ERR] seq=1405231083 err=3728
[ERR] seq=1405231084 err=5360
[ERR] seq=1405231085 err=5176
[ERR] seq=1405231086 err=5480
[ERR] seq=1405231087 err=5640
[ERR] seq=1405231088 err=5824
[ERR] seq=1405231089 err=6008
[ERR] seq=1405231090 err=6184
[ERR] seq=1405231091 err=6360
[SEU] addr=200031B3 bit=00000001
[ERR] seq=1405231092 err=6504
[ERR] seq=1405231093 err=6696
[ERR] seq=1405231094 err=6848
[SEU] addr=2000315E bit=00000004
[CMD QUEUE backup CORRUPTED] backup repaired
[ERR] seq=1405231095 err=7032
[ERR] seq=1405231096 err=7200
[SEU] addr=200031BE bit=00000003
[ERR] seq=1405231097 err=7376
[ERR] seq=1405231098 err=7520
[ERR] seq=1405231099 err=7664
[SEU] addr=200031D0 bit=00000000
[ERR] seq=1405231100 err=7824
[ERR] seq=1405231101 err=7984
[SEU] addr=20003162 bit=00000003
[ERR] seq=1405231102 err=8128
[ERR] seq=1405231103 err=8272
[ERR] seq=1405231104 err=14576
[ERR] seq=1405231105 err=14200
[ERR] seq=1405231106 err=14864
[ERR] seq=1405231107 err=14912
[ERR] seq=1405231108 err=15104
[SEU] addr=200031C4 bit=00000005
[ERR] seq=1405231109 err=15216
[ERR] seq=1405231110 err=15328
[ERR] seq=1405231111 err=15456
[ERR] seq=1405231112 err=15568
[SEU] addr=20003172 bit=00000007
[ERR] seq=1405231113 err=15680
[ERR] seq=1405231114 err=15776
[SEU] addr=20003191 bit=00000000
[ERR] seq=1405231115 err=13856
[ERR] seq=1405231116 err=16144
[ERR] seq=1405231117 err=15912
[ERR] seq=1405231118 err=16200
[ERR] seq=1405231119 err=16256
[SEU] addr=200031A5 bit=00000003
[ERR] seq=1405231120 err=16352
[ERR] seq=1405231121 err=16440
[ERR] seq=1405231122 err=16504
[ERR] seq=1405231123 err=16584
[ERR] seq=1405231124 err=16648
[ERR] seq=1405231125 err=16728
[ERR] seq=1405231126 err=16768
[ERR] seq=1405231127 err=16832
[SEU] addr=200031AC bit=00000000
[ERR] seq=1405231128 err=16904
[ERR] seq=1405231129 err=16928
[ERR] seq=1405231130 err=16992
[ERR] seq=1405231131 err=17008
[ERR] seq=1405231132 err=17040
[ERR] seq=1405231133 err=17072
[ERR] seq=1405231134 err=17104
[ERR] seq=1405231135 err=17128
[SEU] addr=200031BC bit=00000007
[ERR] seq=1405231136 err=17120
[ERR] seq=1405231137 err=17168
[ERR] seq=1405231138 err=17160
[SEU] addr=200031BE bit=00000002
[ERR] seq=1405231139 err=17168
[ERR] seq=1405231140 err=17168
[ERR] seq=1405231141 err=17168
[ERR] seq=1405231142 err=17168
[SEU] addr=200031C9 bit=00000006
[ERR] seq=1405231143 err=17128
[ERR] seq=1405231144 err=17136
[ERR] seq=1405231145 err=17096
[ERR] seq=1405231146 err=17096
[ERR] seq=1405231147 err=17032
[ERR] seq=1405231148 err=17024
[ERR] seq=1405231149 err=17000
[SEU] addr=200031D6 bit=00000004
[ERR] seq=1406279726 err=13768
[ERR] seq=1406279727 err=14144
[ERR] seq=1406279728 err=13984
[ERR] seq=1406279729 err=14136
[SEU] addr=2000318D bit=00000002
[ERR] seq=1406279730 err=22408
[ERR] seq=1406279731 err=13680
[SEU] addr=200031D5 bit=00000003
[ERR] seq=1406281780 err=5520
[ERR] seq=1406281781 err=5520
[ERR] seq=1406281782 err=4888
[ERR] seq=1406281783 err=4976
[ERR] seq=1406281784 err=4968
[ERR] seq=1406281785 err=4992
[ERR] seq=1406281786 err=5040
[ERR] seq=1406281787 err=5056
[SEU] addr=20003171 bit=00000001
[ERR] seq=1406281788 err=5104
[ERR] seq=1406281789 err=5144
[ERR] seq=1406281790 err=5184
[ERR] seq=1406281791 err=5224
[ERR] seq=1406281792 err=5248
[ERR] seq=1406281793 err=5296
[ERR] seq=1406281794 err=5312
[ERR] seq=1406281795 err=5368
[ERR] seq=1406281796 err=5376
[ERR] seq=1406281797 err=5424
[SEU] addr=2000315F bit=00000001
[CMD QUEUE backup CORRUPTED] backup repaired
[ERR] seq=1406281798 err=5448
[ERR] seq=1406281799 err=5496
[ERR] seq=1406281800 err=5536
[ERR] seq=1406281801 err=5552
[ERR] seq=1406281802 err=5592
[ERR] seq=1406281803 err=5608
[ERR] seq=1406281804 err=5640
[ERR] seq=1406281805 err=5672
[ERR] seq=1406281806 err=5704
[SEU] addr=2000315C bit=00000002
[CMD QUEUE backup CORRUPTED] backup repaired
[ERR] seq=1406281807 err=5728
[SEU] addr=200031C9 bit=00000006
[ERR] seq=1406281808 err=5752
[ERR] seq=1406281809 err=5784
[ERR] seq=1406281810 err=5816
[ERR] seq=1406281811 err=5848
[ERR] seq=1406281812 err=5864
[ERR] seq=1406281813 err=5896
[ERR] seq=1406281814 err=5920
[ERR] seq=1406281815 err=5944
[SEU] addr=200031BF bit=00000003
[ERR] seq=1406281816 err=5984
[ERR] seq=1406281817 err=5984
[ERR] seq=1406281818 err=6024
[ERR] seq=1406281819 err=6040
[ERR] seq=1406281820 err=6056
[ERR] seq=1406281821 err=6096
[ERR] seq=1406281822 err=6112
[ERR] seq=1406281823 err=6128
[ERR] seq=1406281824 err=6160
[SEU] addr=2000319A bit=00000003
[ERR] seq=1406281825 err=6176
[ERR] seq=1406281826 err=6200
[ERR] seq=1406281827 err=6224
[ERR] seq=1406281828 err=6248
[ERR] seq=1406281829 err=6272
[ERR] seq=1406281830 err=6288
[ERR] seq=1406281831 err=6304
[SEU] addr=2000316F bit=00000004
[ERR] seq=1406281832 err=6336
[ERR] seq=1406281833 err=6336
[ERR] seq=1406281834 err=6384
[ERR] seq=1406281835 err=6392
[ERR] seq=1406281836 err=256
[SEU] addr=200031D0 bit=00000005
[ERR] seq=1406281837 err=776
[ERR] seq=1406281838 err=264
[ERR] seq=1406281839 err=352
[ERR] seq=1406281840 err=336
[ERR] seq=1406281841 err=352
[ERR] seq=1406281842 err=384
[SEU] addr=2000319D bit=00000006
[ERR] seq=1406281843 err=392
[ERR] seq=1406281844 err=416
[ERR] seq=1406281845 err=424
[ERR] seq=1406281846 err=440
[ERR] seq=1406281847 err=440
[ERR] seq=1406281848 err=480
[ERR] seq=1406281849 err=456
[SEU] addr=20003178 bit=00000006
[ERR] seq=1406281850 err=496
[ERR] seq=1406281851 err=504
[ERR] seq=1406281852 err=512
[ERR] seq=1406281853 err=528
[ERR] seq=1406281854 err=520
[ERR] seq=1406281855 err=552
[ERR] seq=1406281856 err=560
[SEU] addr=2000316E bit=00000007
[ERR] seq=1406281857 err=568
[ERR] seq=1406281858 err=576
[ERR] seq=1406281859 err=600
[ERR] seq=1406281860 err=600
[ERR] seq=1406281861 err=616
[ERR] seq=1406281862 err=608
[ERR] seq=1406281863 err=608
[ERR] seq=1406281864 err=616
[SEU] addr=20003167 bit=00000005
[ERR] seq=1406281865 err=616
[ERR] seq=1406281866 err=648
[ERR] seq=1406281867 err=624
[ERR] seq=1406281868 err=648
[ERR] seq=1406281869 err=656
[ERR] seq=1406281870 err=664
[ERR] seq=1406281871 err=648
[ERR] seq=1406281872 err=648
[SEU] addr=2000316A bit=00000003
[ERR] seq=1406281873 err=648
[SEU] addr=20003170 bit=00000005
[ERR] seq=1406281874 err=664
[ERR] seq=1406281875 err=656
[ERR] seq=1406281876 err=648
[ERR] seq=1406281877 err=632
[ERR] seq=1406281878 err=640
[ERR] seq=1406281879 err=624
[ERR] seq=1406281880 err=616
[ERR] seq=1406281881 err=608
[ERR] seq=1406281882 err=616
[SEU] addr=20003188 bit=00000001
[ERR] seq=1406281883 err=592
[ERR] seq=1406281884 err=608
[ERR] seq=1406281885 err=600
[ERR] seq=1406281886 err=576
[ERR] seq=1406281887 err=568
[ERR] seq=1406281888 err=560
[ERR] seq=1406281889 err=552
[ERR] seq=1406281890 err=520
[SEU] addr=20003153 bit=00000004
[ERR] seq=1406281891 err=528
[ERR] seq=1406281892 err=512
[ERR] seq=1406281893 err=512
[ERR] seq=1406281894 err=488
[ERR] seq=1406281895 err=464
[ERR] seq=1406281896 err=472
[SEU] addr=20003156 bit=00000000
[CMD QUEUE CORRUPTED] primary repaired
[ERR] seq=1406281897 err=456
[ERR] seq=1406281898 err=440
[SEU] addr=20003168 bit=00000002
[ERR] seq=1406281899 err=424
[ERR] seq=1406281900 err=432
[ERR] seq=1406281901 err=384
[ERR] seq=1406281902 err=392
[ERR] seq=1406281903 err=352
[SEU] addr=200031D4 bit=00000007
[ERR] seq=1406281776 err=8648
[ERR] seq=1406281777 err=8032
[ERR] seq=1406281778 err=8856
[ERR] seq=1406281779 err=8792
[ERR] seq=1406281780 err=8968
[SEU] addr=200031D2 bit=00000001
[ERR] seq=1406281781 err=9016
[ERR] seq=1406281782 err=9072
[SEU] addr=200031C0 bit=00000007
[ERR] seq=1406281783 err=9160
[ERR] seq=1406281784 err=9200
[ERR] seq=1406281785 err=9256
[ERR] seq=1406281786 err=9320
[SEU] addr=200031A8 bit=00000005
[ERR] seq=1406281787 err=9368
[ERR] seq=1406281788 err=9424
[ERR] seq=1406281789 err=9480
[ERR] seq=1406281790 err=9520
[SEU] addr=2000319C bit=00000005
[ERR] seq=1406281791 err=9568
[ERR] seq=1406281792 err=9584
[ERR] seq=1406281793 err=9640
[ERR] seq=1406281794 err=9688
[ERR] seq=1406281795 err=9704
[ERR] seq=1406281796 err=9744
[ERR] seq=1406281797 err=9760
[ERR] seq=1406281798 err=9784
[SEU] addr=2000316C bit=00000003
[ERR] seq=1406281799 err=9816
[ERR] seq=1406281800 err=9824
[ERR] seq=1406281801 err=9856
[SEU] addr=20003172 bit=00000000
[ERR] seq=1406281802 err=9872
[ERR] seq=1406281803 err=9880
[ERR] seq=1406281804 err=9896
[ERR] seq=1406281805 err=9904
[ERR] seq=1406281806 err=9896
[ERR] seq=1406281807 err=9920
[ERR] seq=1406281808 err=9920
[SEU] addr=20003190 bit=00000003
[ERR] seq=1406281809 err=9840
[ERR] seq=1406281810 err=9920
[ERR] seq=1406281811 err=9888
[ERR] seq=1406281812 err=9904
[ERR] seq=1406281813 err=9880
[ERR] seq=1406281814 err=9880
[ERR] seq=1406281815 err=9864
[ERR] seq=1406281816 err=9824
[ERR] seq=1406281817 err=9824
[SEU] addr=20003199 bit=00000004
[ERR] seq=1406281818 err=9776
[SEU] addr=2000317D bit=00000006
[ERR] seq=1406281819 err=9776
[ERR] seq=1406281820 err=9744
[ERR] seq=1406281821 err=9704
[ERR] seq=1406281822 err=9696
[ERR] seq=1406281823 err=9640
[SEU] addr=20003144 bit=00000005
[SAMPLE QUEUE CORRUPTED] primary repaired
[ERR] seq=1406281824 err=9600
[ERR] seq=1406281825 err=9568
[ERR] seq=1406281826 err=9520
[ERR] seq=1406281827 err=9496
[ERR] seq=1406281828 err=9432
[SEU] addr=20003166 bit=00000003
[ERR] seq=1406281829 err=9376
[ERR] seq=1406281830 err=9320
[ERR] seq=1406281831 err=9280
[ERR] seq=1406281832 err=9208
[ERR] seq=1406281833 err=9160
[ERR] seq=1406281834 err=9096
[ERR] seq=1406281835 err=9024
[SEU] addr=200031CE bit=00000003
[ERR] seq=1406281836 err=8960
[ERR] seq=1406281837 err=8880
[ERR] seq=1406281838 err=8800
[ERR] seq=1406281839 err=8736
[SEU] addr=2000316C bit=00000005
[ERR] seq=1406281840 err=8664
[ERR] seq=1406281841 err=8568
[ERR] seq=1406281842 err=8488
[SEU] addr=2000314D bit=00000002
[SAMPLE QUEUE backup CORRUPTED] backup repaired
[ERR] seq=1406281843 err=8400
[SEU] addr=2000318A bit=00000007
[ERR] seq=1406281844 err=67108104
[ERR] seq=1406281845 err=5376928
[ERR] seq=1406281846 err=5797464
[ERR] seq=1406281847 err=901376
[ERR] seq=1406281848 err=534600
[ERR] seq=1406281849 err=122128
[ERR] seq=1406281850 err=51248
[SEU] addr=2000315D bit=00000001
[CMD QUEUE backup CORRUPTED] backup repaired
[ERR] seq=1406281851 err=20912
[ERR] seq=1406281852 err=4544
[ERR] seq=1406281853 err=8888
[ERR] seq=1406281854 err=6784
[ERR] seq=1406281855 err=7352
[ERR] seq=1406281856 err=7024
[ERR] seq=1406281857 err=6968
[ERR] seq=1406281858 err=6832
[ERR] seq=1406281859 err=6704
[SEU] addr=20003175 bit=00000005
[ERR] seq=1406281860 err=6584
[ERR] seq=1406281861 err=6440
[ERR] seq=1406281862 err=6328
[ERR] seq=1406281863 err=6200
[ERR] seq=1406281864 err=6056
[ERR] seq=1406281865 err=5920
[ERR] seq=1406281866 err=5768
[ERR] seq=1406281867 err=5648
[ERR] seq=1406281868 err=5472
[SEU] addr=20003160 bit=00000003
[CMD QUEUE backup CORRUPTED] backup repaired
[ERR] seq=1406281869 err=5352
[SEU] addr=20003172 bit=00000000
[ERR] seq=1406281870 err=5184
[ERR] seq=1406281871 err=5040
[ERR] seq=1406281872 err=4904
[ERR] seq=1406281873 err=4744
[ERR] seq=1406281874 err=4608
[ERR] seq=1406281875 err=4416
[ERR] seq=1406281876 err=4264
[ERR] seq=1406281877 err=4128
[ERR] seq=1406281878 err=3952
[SEU] addr=200031D1 bit=00000001
[ERR] seq=1406281879 err=3792
[ERR] seq=1406281880 err=3640
[ERR] seq=1406281881 err=3472
[ERR] seq=1406281882 err=3296
[SEU] addr=20003176 bit=00000003
[ERR] seq=1406281883 err=3144
[ERR] seq=1406281884 err=2952
[SEU] addr=20003185 bit=00000005
[ERR] seq=1406281885 err=1432
[ERR] seq=1406281886 err=2936
[ERR] seq=1406281887 err=2112
[ERR] seq=1406281888 err=2312
[ERR] seq=1406281889 err=2048
[ERR] seq=1406281890 err=1936
[SEU] addr=2000317F bit=00000003
[ERR] seq=1406281891 err=1728
[ERR] seq=1406281892 err=1560
[ERR] seq=1406281893 err=1368
[ERR] seq=1406281894 err=1192
[ERR] seq=1406281895 err=1008
[ERR] seq=1406281896 err=832
[ERR] seq=1406281897 err=616
[SEU] addr=2000316F bit=00000003
[ERR] seq=1406281898 err=448
[ERR] seq=1406281899 err=264
[ERR] seq=1406281900 err=72
[ERR] seq=1406281901 err=128
[ERR] seq=1406281902 err=328
[ERR] seq=1406281903 err=488
[SEU] addr=20003192 bit=00000006
[ERR] seq=1406281904 err=33555112
[ERR] seq=1406281905 err=2684944
[ERR] seq=1406281906 err=2900152
[ERR] seq=1406281907 err=447504
[SEU] addr=20003175 bit=00000004
[ERR] seq=1406281908 err=269088
[ERR] seq=1406281909 err=58216
[ERR] seq=1406281910 err=27808
[ERR] seq=1406281911 err=7952
[ERR] seq=1406281912 err=4824
[ERR] seq=1406281913 err=2272
[ERR] seq=1406281914 err=2856
[ERR] seq=1406281915 err=2712
[ERR] seq=1406281916 err=3024
[ERR] seq=1406281917 err=3184
[SEU] addr=2000314C bit=00000002
[SAMPLE QUEUE backup CORRUPTED] backup repaired
[ERR] seq=1406281918 err=3384
[ERR] seq=1406281919 err=3560
[ERR] seq=1406281920 err=3752
[ERR] seq=1406281921 err=3936
[SEU] addr=20003177 bit=00000001
[ERR] seq=1406281922 err=4120
[ERR] seq=1406281923 err=4312
[ERR] seq=1406281924 err=4496
[ERR] seq=1406281925 err=4672
[SEU] addr=2000318E bit=00000007
[ERR] seq=1406281926 err=67111064
[ERR] seq=1406281927 err=5373744
[ERR] seq=1406281928 err=5800560
[ERR] seq=1406281929 err=898744
[ERR] seq=1406281930 err=537848
[ERR] seq=1406281931 err=120032
[ERR] seq=1406281932 err=54816
[ERR] seq=1406281933 err=19736
[SEU] addr=2000319A bit=00000002
[ERR] seq=1406281934 err=8232
[ERR] seq=1406281935 err=8304
[ERR] seq=1406281936 err=6456
[ERR] seq=1406281937 err=7328
[ERR] seq=1406281938 err=7272
[ERR] seq=1406281939 err=7512
[ERR] seq=1406281940 err=7648
[ERR] seq=1406281941 err=7848
[SEU] addr=2000316F bit=00000000
[ERR] seq=1406281942 err=7960
[ERR] seq=1406281943 err=8136
[ERR] seq=1406281944 err=8280
[ERR] seq=1406281945 err=8448
[ERR] seq=1406281946 err=8568
[ERR] seq=1406281947 err=8744
[ERR] seq=1406281948 err=8872
[ERR] seq=1406281949 err=9000
[SEU] addr=2000318F bit=00000002
[ERR] seq=1406281950 err=536875072
[ERR] seq=1406281951 err=42958968
[ERR] seq=1406281952 err=46389944
[ERR] seq=1406281953 err=7156384
[SEU] addr=200031C8 bit=00000001
[ERR] seq=1406281954 err=4286992
[ERR] seq=1406281955 err=924176
[ERR] seq=1406281956 err=420264
[ERR] seq=1406281957 err=116472
[ERR] seq=1406281958 err=46384
[SEU] addr=20003158 bit=00000005
[CMD QUEUE CORRUPTED] primary repaired
[ERR] seq=1406281959 err=22152
[ERR] seq=1406281960 err=9000
[ERR] seq=1406281961 err=11816
[ERR] seq=1406281962 err=10192
[ERR] seq=1406281963 err=10856
[ERR] seq=1406281964 err=8752
[ERR] seq=1406281965 err=9056
[SEU] addr=20003176 bit=00000005
[ERR] seq=1406281966 err=8952
[ERR] seq=1406281967 err=9064
[SEU] addr=200031D2 bit=00000001
[ERR] seq=1406281968 err=9136
[ERR] seq=1406281969 err=9216
[ERR] seq=1406281970 err=9288
[ERR] seq=1406281971 err=9376
[SEU] addr=2000317A bit=00000007
[ERR] seq=1406281972 err=9424
[ERR] seq=1406281973 err=9488
[ERR] seq=1406281974 err=9552
[ERR] seq=1406281975 err=9608
[ERR] seq=1406281976 err=9632
[ERR] seq=1406281977 err=9712
[ERR] seq=1406281978 err=9728
[ERR] seq=1406281979 err=9776
[ERR] seq=1406281980 err=9808
[ERR] seq=1406281981 err=9840
[SEU] addr=20003188 bit=00000000
[ERR] seq=1406281982 err=9880
[ERR] seq=1406281983 err=9880
[ERR] seq=1406281984 err=11960
[ERR] seq=1406281985 err=11792
[ERR] seq=1406281986 err=11992
[ERR] seq=1406281987 err=11952
[ERR] seq=1406281988 err=11968
[ERR] seq=1406281989 err=11976
[SEU] addr=200031CD bit=00000000
[ERR] seq=1406281990 err=11960
[SEU] addr=200031C5 bit=00000002
[ERR] seq=1406281991 err=11960
[ERR] seq=1406281992 err=11928
[ERR] seq=1406281993 err=11920
[ERR] seq=1406281994 err=11888
[ERR] seq=1406281995 err=11872
[ERR] seq=1406281996 err=11824
[ERR] seq=1406281997 err=11784
[ERR] seq=1406281998 err=11760
[SEU] addr=20003199 bit=00000003
[ERR] seq=1406281999 err=11696
[ERR] seq=1406282000 err=11672
[ERR] seq=1406282001 err=11600
[ERR] seq=1406282002 err=11552
[ERR] seq=1406282003 err=11480
[SEU] addr=20003188 bit=00000002
[ERR] seq=1406282004 err=11400
[ERR] seq=1406282005 err=11344
[ERR] seq=1406282006 err=11272
[ERR] seq=1406282007 err=11208
[ERR] seq=1406282008 err=11112
[SEU] addr=20003187 bit=00000003
[ERR] seq=1406282009 err=10168
[ERR] seq=1406282010 err=11016
[ERR] seq=1406282011 err=10776
[ERR] seq=1406282012 err=10760
[ERR] seq=1406282013 err=10640
[SEU] addr=200031AA bit=00000006
[ERR] seq=1406282014 err=10536
[ERR] seq=1406282015 err=10448
[ERR] seq=1406282016 err=10312
[ERR] seq=1406282017 err=10208
[SEU] addr=20003150 bit=00000002
[SAMPLE QUEUE backup CORRUPTED] backup repaired
[ERR] seq=1406282018 err=10096
[ERR] seq=1406282019 err=9960
[ERR] seq=1406282020 err=9848
[ERR] seq=1406282021 err=9728
[ERR] seq=1406282022 err=9584
[ERR] seq=1406282023 err=9480
[ERR] seq=1406282024 err=9336
[ERR] seq=1406282025 err=9184
[ERR] seq=1406282026 err=9048
[SEU] addr=20003147 bit=00000004
[SAMPLE QUEUE CORRUPTED] primary repaired
[ERR] seq=1406282027 err=8920
[SEU] addr=200031C5 bit=00000000
[ERR] seq=1406282028 err=8776
[ERR] seq=1406282029 err=8632
[ERR] seq=1406282030 err=8480
[SEU] addr=200031BD bit=00000003
[ERR] seq=1406282031 err=8328
[ERR] seq=1406282032 err=8200
[ERR] seq=1406282033 err=8024
[ERR] seq=1406282034 err=7888
[ERR] seq=1406282035 err=7712
[ERR] seq=1406282036 err=7560
[ERR] seq=1406282037 err=7400
[ERR] seq=1406282038 err=7216
[ERR] seq=1406282039 err=7080
[SEU] addr=200031C3 bit=00000002
[ERR] seq=1406282040 err=6512
[ERR] seq=1406282041 err=6400
[ERR] seq=1406282042 err=6184
[SEU] addr=20003173 bit=00000005
[ERR] seq=1406282043 err=6016
[ERR] seq=1406282044 err=5832
[ERR] seq=1406282045 err=5664
[SEU] addr=200031D5 bit=00000003
[ERR] seq=1406279998 err=512
[ERR] seq=1406279999 err=920
[ERR] seq=1406280000 err=480
[ERR] seq=1406280001 err=552
[ERR] seq=1406280002 err=504
[ERR] seq=1406280003 err=528
[ERR] seq=1406280004 err=520
[ERR] seq=1406280005 err=528
[SEU] addr=2000316A bit=00000005
[ERR] seq=1406280006 err=544
[ERR] seq=1406280007 err=536
[ERR] seq=1406280008 err=552
[ERR] seq=1406280009 err=552
[ERR] seq=1406280010 err=560
[SEU] addr=2000319D bit=00000006
[ERR] seq=1406280011 err=568
[ERR] seq=1406280012 err=576
[ERR] seq=1406280013 err=576
[ERR] seq=1406280014 err=568
[SEU] addr=2000316A bit=00000006
[ERR] seq=1406280015 err=576
[ERR] seq=1406280016 err=592
[ERR] seq=1406280017 err=584
[ERR] seq=1406280018 err=608
[ERR] seq=1406280019 err=592
[ERR] seq=1406280020 err=608
[ERR] seq=1406280021 err=608
[ERR] seq=1406280022 err=608
[ERR] seq=1406280023 err=608
[SEU] addr=20003176 bit=00000002
[ERR] seq=1406280024 err=624
[ERR] seq=1406280025 err=608
[ERR] seq=1406280026 err=640
[ERR] seq=1406280027 err=624
[ERR] seq=1406280028 err=640
[SEU] addr=20003170 bit=00000001
[ERR] seq=1406280029 err=640
[SEU] addr=2000316E bit=00000003
[ERR] seq=1406280030 err=656
[ERR] seq=1406280031 err=640
[ERR] seq=1406280032 err=672
[ERR] seq=1406280033 err=640
[SEU] addr=200031C3 bit=00000003
[ERR] seq=1406280034 err=664
[ERR] seq=1406280035 err=664
[ERR] seq=1406280036 err=656
[ERR] seq=1406280037 err=680
[ERR] seq=1406280038 err=664
[ERR] seq=1406280039 err=672
[ERR] seq=1406280040 err=680
[ERR] seq=1406280041 err=672
[ERR] seq=1406280042 err=688
[SEU] addr=2000314C bit=00000006
[SAMPLE QUEUE backup CORRUPTED] backup repaired
[ERR] seq=1406280043 err=688
[ERR] seq=1406280044 err=696
[ERR] seq=1406280045 err=688
[ERR] seq=1406280046 err=688
[ERR] seq=1406280047 err=696
[ERR] seq=1406280048 err=688
[ERR] seq=1406280049 err=688
[ERR] seq=1406280050 err=696
[ERR] seq=1406280051 err=704
[SEU] addr=20003193 bit=00000000
[ERR] seq=1406280052 err=134218424
[ERR] seq=1406280053 err=10737896
[ERR] seq=1406280054 err=11597088
[ERR] seq=1406280055 err=1787168
[ERR] seq=1406280056 err=1071336
[ERR] seq=1406280057 err=229064
[ERR] seq=1406280058 err=104632
[ERR] seq=1406280059 err=27088
[ERR] seq=1406280060 err=11136
[SEU] addr=20003152 bit=00000001
[ERR] seq=1406280061 err=3448
[ERR] seq=1406280062 err=1768
[ERR] seq=1406280063 err=800
[ERR] seq=1406280064 err=800
[ERR] seq=1406280065 err=680
[ERR] seq=1406280066 err=720
[ERR] seq=1406280067 err=728
[ERR] seq=1406280068 err=704
[SEU] addr=2000316E bit=00000004
[ERR] seq=1406280069 err=736
[ERR] seq=1406280070 err=704
[ERR] seq=1406280071 err=736
[ERR] seq=1406280072 err=688
[ERR] seq=1406280073 err=720
[ERR] seq=1406280074 err=680
[ERR] seq=1406280075 err=728
[ERR] seq=1406280076 err=688
[ERR] seq=1406280077 err=720
[SEU] addr=20003171 bit=00000003
[ERR] seq=1406280078 err=680
[ERR] seq=1406280079 err=704
[ERR] seq=1406280080 err=680
[ERR] seq=1406280081 err=704
[ERR] seq=1406280082 err=680
[ERR] seq=1406280083 err=696
[ERR] seq=1406280084 err=688
[ERR] seq=1406280085 err=696
[SEU] addr=200031B2 bit=00000004
[ERR] seq=1406280086 err=680
[ERR] seq=1406280087 err=680
[ERR] seq=1406280088 err=680
[ERR] seq=1406280089 err=672
[ERR] seq=1406280090 err=664
[ERR] seq=1406280091 err=680
[ERR] seq=1406280092 err=656
[SEU] addr=200031D7 bit=00000002
[ERR] seq=1473388957 err=6920
[ERR] seq=1473388958 err=6520
[ERR] seq=1473388959 err=7344
[ERR] seq=1473388960 err=7408
[ERR] seq=1473388961 err=7680
[SEU] addr=2000315B bit=00000007
[ERR] seq=1473388962 err=7840
[ERR] seq=1473388963 err=8016
[ERR] seq=1473388964 err=8216
[ERR] seq=1473388965 err=8376
[ERR] seq=1473388966 err=8544
[SEU] addr=200031B5 bit=00000006
[ERR] seq=1473388967 err=8712
[ERR] seq=1473388968 err=8888
[ERR] seq=1473388969 err=9032
[ERR] seq=1473388970 err=9208
[ERR] seq=1473388971 err=9344
[ERR] seq=1473388972 err=9520
[SEU] addr=200031D6 bit=00000001
[ERR] seq=1473257901 err=6592
[ERR] seq=1473257902 err=7024
[ERR] seq=1473257903 err=6960
[ERR] seq=1473257904 err=7200
[ERR] seq=1473257905 err=7360
[ERR] seq=1473257906 err=7576
[ERR] seq=1473257907 err=7760
[ERR] seq=1473257908 err=7936
[SEU] addr=20003166 bit=00000002
[ERR] seq=1473257909 err=8136
[ERR] seq=1473257910 err=8304
[ERR] seq=1473257911 err=8488
[SEU] addr=20003145 bit=00000007
[SAMPLE QUEUE CORRUPTED] primary repaired
[ERR] seq=1473257912 err=8680
[ERR] seq=1473257913 err=8848
[SEU] addr=2000315F bit=00000000
[CMD QUEUE backup CORRUPTED] backup repaired
[ERR] seq=1473257914 err=9000
[ERR] seq=1473257915 err=9192
[ERR] seq=1473257916 err=9352
[ERR] seq=1473257917 err=9520
[ERR] seq=1473257918 err=9664
[ERR] seq=1473257919 err=9840
[ERR] seq=1473257920 err=9976
[ERR] seq=1473257921 err=10128
[SEU] addr=2000317D bit=00000000
[ERR] seq=1473257922 err=10280
[ERR] seq=1473257923 err=10416
[ERR] seq=1473257924 err=10576
[ERR] seq=1473257925 err=10712
[ERR] seq=1473257926 err=10824
[ERR] seq=1473257927 err=10960
[ERR] seq=1473257928 err=11088
[ERR] seq=1473257929 err=11208
[ERR] seq=1473257930 err=11328
[SEU] addr=200031C6 bit=00000003
[ERR] seq=1473257931 err=11456
[ERR] seq=1473257932 err=11560
[SEU] addr=200031AA bit=00000006
[ERR] seq=1473257933 err=11664
[SEU] addr=200031D4 bit=00000000
[ERR] seq=1473257933 err=11696
[ERR] seq=1473257934 err=11816
[ERR] seq=1473257935 err=11872
[ERR] seq=1473257936 err=12008
[SEU] addr=2000314E bit=00000001
[SAMPLE QUEUE backup CORRUPTED] backup repaired
[ERR] seq=1473257937 err=12080
[ERR] seq=1473257938 err=12176
[ERR] seq=1473257939 err=12240
[ERR] seq=1473257940 err=12344
[ERR] seq=1473257941 err=12408
[ERR] seq=1473257942 err=12488
[SEU] addr=200031C9 bit=00000003
[ERR] seq=1473257943 err=12528
[ERR] seq=1473257944 err=12624
[ERR] seq=1473257945 err=12672
[ERR] seq=1473257946 err=12736
[ERR] seq=1473257947 err=12760
[SEU] addr=200031C3 bit=00000005
[ERR] seq=1473257948 err=12848
[ERR] seq=1473257949 err=12856
[ERR] seq=1473257950 err=12928
[ERR] seq=1473257951 err=12920
[ERR] seq=1473257952 err=12992
[ERR] seq=1473257953 err=13016
[ERR] seq=1473257954 err=13032
[ERR] seq=1473257955 err=13040
[ERR] seq=1473257956 err=13080
[SEU] addr=20003199 bit=00000005
[ERR] seq=1473257957 err=13080
[ERR] seq=1473257958 err=13096
[ERR] seq=1473257959 err=13088
[ERR] seq=1473257960 err=13096
[ERR] seq=1473257961 err=13080
[ERR] seq=1473257962 err=13080
[ERR] seq=1473257963 err=17144
[ERR] seq=1473257964 err=16800
[SEU] addr=200031B8 bit=00000000
[ERR] seq=1473257965 err=17144
[ERR] seq=1473257966 err=17056
[ERR] seq=1473257967 err=17048
[ERR] seq=1473257968 err=17016
[ERR] seq=1473257969 err=16984
[ERR] seq=1473257970 err=16944
[ERR] seq=1473257971 err=16880
[ERR] seq=1473257972 err=16848
[ERR] seq=1473257973 err=16792
[SEU] addr=20003167 bit=00000003
[ERR] seq=1473257974 err=16744
[ERR] seq=1473257975 err=16672
[SEU] addr=2000317B bit=00000000
[ERR] seq=1473257976 err=16616
[ERR] seq=1473257977 err=16544
[ERR] seq=1473257978 err=16456
[SEU] addr=20003164 bit=00000007
[ERR] seq=1473257979 err=16384
[ERR] seq=1473257980 err=16320
[ERR] seq=1473257981 err=16216
[ERR] seq=1473257982 err=16136
[ERR] seq=1473257983 err=16040
[ERR] seq=1473257984 err=11864
[SEU] addr=2000314F bit=00000003
[SAMPLE QUEUE backup CORRUPTED] backup repaired
[ERR] seq=1473257985 err=12064
[ERR] seq=1473257986 err=11632
[ERR] seq=1473257987 err=11552
[ERR] seq=1473257988 err=11424
[ERR] seq=1473257989 err=11304
[SEU] addr=20003171 bit=00000004
[ERR] seq=1473257990 err=11200
[ERR] seq=1473257991 err=11048
[ERR] seq=1473257992 err=10928
[SEU] addr=20003177 bit=00000001
[ERR] seq=1473257993 err=10824
[ERR] seq=1473257994 err=10688
[SEU] addr=200031A1 bit=00000002
[ERR] seq=1473257995 err=10520
[SEU] addr=20003171 bit=00000004
[ERR] seq=1473257996 err=10416
[ERR] seq=1473257997 err=10248
[ERR] seq=1473257998 err=10128
[ERR] seq=1473257999 err=9944
[ERR] seq=1473258000 err=9792
[SEU] addr=2000317F bit=00000001
[ERR] seq=1473258001 err=9656
[ERR] seq=1473258002 err=9496
[ERR] seq=1473258003 err=9320
[SEU] addr=20003164 bit=00000001
[ERR] seq=1473258004 err=9168
[ERR] seq=1473258005 err=8992
[ERR] seq=1473258006 err=8816
[ERR] seq=1473258007 err=8632
[ERR] seq=1473258008 err=8488
[SEU] addr=2000315C bit=00000004
[CMD QUEUE backup CORRUPTED] backup repaired
[ERR] seq=1473258009 err=8280
[ERR] seq=1473258010 err=8112
[ERR] seq=1473258011 err=7912
[ERR] seq=1473258012 err=7744
[ERR] seq=1473258013 err=7528
[SEU] addr=2000318D bit=00000004
[ERR] seq=1473258014 err=36120
[ERR] seq=1473258015 err=9760
[SEU] addr=2000314E bit=00000004
[SAMPLE QUEUE backup CORRUPTED] backup repaired
[ERR] seq=1473258016 err=5992
[ERR] seq=1473258017 err=7200
[ERR] seq=1473258018 err=6312
[SEU] addr=200031CD bit=00000005
[ERR] seq=1473258019 err=6400
[ERR] seq=1473258020 err=6128
[ERR] seq=1473258021 err=5928
[ERR] seq=1473258022 err=5744
[ERR] seq=1473258023 err=5528
[ERR] seq=1473258024 err=5320
[ERR] seq=1473258025 err=5128
[SEU] addr=200031AB bit=00000002
[ERR] seq=1473258026 err=4896
[ERR] seq=1473258027 err=4672
[ERR] seq=1473258028 err=4472
[ERR] seq=1473258029 err=4240
[ERR] seq=1473258030 err=4040
[ERR] seq=1473258031 err=3816
[ERR] seq=1473258032 err=3592
[ERR] seq=1473258033 err=3360
[SEU] addr=20003163 bit=00000001
[ERR] seq=1473258034 err=3136
[SEU] addr=200031A1 bit=00000001
[ERR] seq=1473258035 err=2544
[ERR] seq=1473258036 err=2384
[ERR] seq=1473258037 err=2088
[ERR] seq=1473258038 err=1888
[SEU] addr=2000319A bit=00000001
[ERR] seq=1473258039 err=1632
[ERR] seq=1473258040 err=1440
[SEU] addr=200031D1 bit=00000000
[ERR] seq=1473258041 err=1192
[ERR] seq=1473258042 err=952
[ERR] seq=1473258043 err=736
[ERR] seq=1473258044 err=496
[ERR] seq=1473258045 err=288
[SEU] addr=2000317E bit=00000001
[ERR] seq=1473258046 err=56
[ERR] seq=1473258047 err=192
[ERR] seq=1473258048 err=416
[ERR] seq=1473258049 err=632
[ERR] seq=1473258050 err=864
[ERR] seq=1473258051 err=1104
[ERR] seq=1473258052 err=1304
[ERR] seq=1473258053 err=1544
[ERR] seq=1473258054 err=1768
[SEU] addr=200031BB bit=00000003
[ERR] seq=1473258055 err=2032
[ERR] seq=1473258056 err=2224
[SEU] addr=200031A8 bit=00000001
[ERR] seq=1473258057 err=2480
[ERR] seq=1473258058 err=2688
[ERR] seq=1473258059 err=2936
[ERR] seq=1473258060 err=3128
[ERR] seq=1473258061 err=3400
[SEU] addr=200031BF bit=00000007
[ERR] seq=1473258062 err=3584
[ERR] seq=1473258063 err=3824
[ERR] seq=1473258064 err=4032
[SEU] addr=200031CF bit=00000002
[ERR] seq=1473258065 err=4240
[ERR] seq=1473258066 err=4472
[ERR] seq=1473258067 err=4688
[SEU] addr=20003172 bit=00000000
[ERR] seq=1473258068 err=4904
[ERR] seq=1473258069 err=5112
[ERR] seq=1473258070 err=5312
[ERR] seq=1473258071 err=5552
[ERR] seq=1473258072 err=5720
[ERR] seq=1473258073 err=5936
[ERR] seq=1473258074 err=6144
[ERR] seq=1473258075 err=6360
[ERR] seq=1473258076 err=6528
[ERR] seq=1473258077 err=6736
[SEU] addr=20003197 bit=00000000
[ERR] seq=1473258078 err=6904
[ERR] seq=1473258079 err=7128
[ERR] seq=1473258080 err=7288
[ERR] seq=1473258081 err=7472
[ERR] seq=1473258082 err=7648
[ERR] seq=1473258083 err=7856
[ERR] seq=1473258084 err=8000
[ERR] seq=1473258085 err=8200
[SEU] addr=200031CE bit=00000000
[ERR] seq=1473258086 err=8352
[ERR] seq=1473258087 err=8536
[ERR] seq=1473258088 err=8688
[ERR] seq=1473258089 err=8872
[SEU] addr=20003180 bit=00000004
[ERR] seq=1473258090 err=8992
[ERR] seq=1473258091 err=9184
[ERR] seq=1473258092 err=9312
[ERR] seq=1473258093 err=9496
[ERR] seq=1473258094 err=9616
[ERR] seq=1473258095 err=9768
[SEU] addr=200031B4 bit=00000002
[ERR] seq=1473258096 err=9928
[ERR] seq=1473258097 err=10056
[ERR] seq=1473258098 err=10192
[ERR] seq=1473258099 err=10336
[ERR] seq=1473258100 err=10448
[SEU] addr=200031C3 bit=00000001
[ERR] seq=1473258101 err=10592
[ERR] seq=1473258102 err=10696
[ERR] seq=1473258103 err=10824
[ERR] seq=1473258104 err=10936
[ERR] seq=1473258105 err=11072
[ERR] seq=1473258106 err=11136
[SEU] addr=200031CC bit=00000004
[ERR] seq=1473258107 err=11296
[ERR] seq=1473258108 err=11376
[ERR] seq=1473258109 err=11472
[ERR] seq=1473258110 err=11592
[ERR] seq=1473258111 err=11680
[ERR] seq=1473258112 err=11752
[SEU] addr=200031D2 bit=00000006
[ERR] seq=1473258113 err=11848
[ERR] seq=1473258114 err=11936
[SEU] addr=20003163 bit=00000000
[ERR] seq=1473258115 err=12016
[ERR] seq=1473258116 err=12104
[ERR] seq=1473258117 err=12160
[ERR] seq=1473258118 err=12232
[ERR] seq=1473258119 err=12312
[SEU] addr=20003192 bit=00000007
[ERR] seq=1473258120 err=67121224
[ERR] seq=1473258121 err=5376664
[ERR] seq=1473258122 err=5810672
[ERR] seq=1473258123 err=901352
[ERR] seq=1473258124 err=547904
[ERR] seq=1473258125 err=122360
[SEU] addr=20003175 bit=00000006
[ERR] seq=1473258126 err=64648
[ERR] seq=1473258127 err=21432
[ERR] seq=1473258128 err=18000
[ERR] seq=1473258129 err=11360
[ERR] seq=1473258130 err=13384
[ERR] seq=1473258131 err=12736
[ERR] seq=1473258132 err=12960
[ERR] seq=1473258133 err=12928
[ERR] seq=1473258134 err=12960
[SEU] addr=20003154 bit=00000006
[CMD QUEUE CORRUPTED] primary repaired
[ERR] seq=1473258135 err=13000
[ERR] seq=1473258136 err=12992
[ERR] seq=1473258137 err=13008
[ERR] seq=1473258138 err=13016
[ERR] seq=1473258139 err=13024
[ERR] seq=1473258140 err=13008
[SEU] addr=2000316B bit=00000007
[ERR] seq=1473258141 err=13024
[ERR] seq=1473258142 err=13008
[ERR] seq=1473258143 err=13008
[ERR] seq=1473258144 err=12984
[ERR] seq=1473258145 err=12976
[ERR] seq=1473258146 err=12936
[ERR] seq=1473258147 err=12920
[SEU] addr=20003152 bit=00000007
[ERR] seq=1473258148 err=12880
[ERR] seq=1473258149 err=12872
[ERR] seq=1473258150 err=12824
[ERR] seq=1473258151 err=12816
[SEU] addr=200031BA bit=00000001
[ERR] seq=1473258152 err=12736
[ERR] seq=1473258153 err=12728
[ERR] seq=1473258154 err=12640
[ERR] seq=1473258155 err=12616
[ERR] seq=1473258156 err=12544
[ERR] seq=1473258157 err=12504
[ERR] seq=1473258158 err=12432
[ERR] seq=1473258159 err=12392
[SEU] addr=2000317D bit=00000006
[ERR] seq=1473258160 err=12312
[ERR] seq=1473258161 err=12240
[ERR] seq=1473258162 err=12176
[ERR] seq=1473258163 err=12112
[SEU] addr=200031AD bit=00000001
[ERR] seq=1473258164 err=12000
[ERR] seq=1473258165 err=11960
[ERR] seq=1473258166 err=11832
[SEU] addr=20003185 bit=00000006
[ERR] seq=1473258167 err=1024
[ERR] seq=1473258168 err=12656
[ERR] seq=1473258169 err=10504
[SEU] addr=20003182 bit=00000007
[ERR] seq=1473258170 err=11640
[ERR] seq=1473258171 err=11288
[ERR] seq=1473258172 err=11272
[ERR] seq=1473258173 err=11144
[ERR] seq=1473258174 err=11040
[SEU] addr=20003186 bit=00000002
[ERR] seq=1473258175 err=5080
[ERR] seq=1473258176 err=11256
[ERR] seq=1473258177 err=10192
[ERR] seq=1473258178 err=10640
[ERR] seq=1473258179 err=10384
[SEU] addr=20003178 bit=00000002
[ERR] seq=1473258180 err=10320
[ERR] seq=1473258181 err=10160
[ERR] seq=1473258182 err=10040
[ERR] seq=1473258183 err=9896
[SEU] addr=20003192 bit=00000001
[ERR] seq=1473258184 err=1058304
[ERR] seq=1473258185 err=90032
[ERR] seq=1473258186 err=100032
[ERR] seq=1473258187 err=19896
[ERR] seq=1473258188 err=17480
[ERR] seq=1473258189 err=7512
[ERR] seq=1473258190 err=9608
[SEU] addr=20003186 bit=00000002
[ERR] seq=1473258191 err=1032
[ERR] seq=1473258192 err=9144
[ERR] seq=1473258193 err=7656
[ERR] seq=1473258194 err=8240
[ERR] seq=1473258195 err=7928
[ERR] seq=1473258196 err=7792
[SEU] addr=20003169 bit=00000001
[ERR] seq=1473258197 err=7600
[ERR] seq=1473258198 err=7432
[ERR] seq=1473258199 err=7240
[ERR] seq=1473258200 err=7048
[ERR] seq=1473258201 err=6864
[SEU] addr=20003178 bit=00000003
[ERR] seq=1473258202 err=6664
[ERR] seq=1473258203 err=6488
[ERR] seq=1473258204 err=6288
[ERR] seq=1473258205 err=6064
[ERR] seq=1473258206 err=5872
[ERR] seq=1473258207 err=5672
[SEU] addr=200031C2 bit=00000004
[ERR] seq=1473258208 err=5456
[ERR] seq=1473258209 err=5280
[ERR] seq=1473258210 err=5024
[ERR] seq=1473258211 err=4856
[ERR] seq=1473258212 err=4592
[ERR] seq=1473258213 err=4400
[ERR] seq=1473258214 err=4168
[ERR] seq=1473258215 err=3976
[ERR] seq=1473258216 err=3720
[ERR] seq=1473258217 err=3520
[SEU] addr=200031D4 bit=00000000
[ERR] seq=1473258217 err=3432
[ERR] seq=1473258218 err=1736
[ERR] seq=1473258219 err=1616
[SEU] addr=200031C2 bit=00000000
[ERR] seq=1473258220 err=1776
[ERR] seq=1473258221 err=1792
[ERR] seq=1473258222 err=1824
[ERR] seq=1473258223 err=1840
[ERR] seq=1473258224 err=1864
[ERR] seq=1473258225 err=1880
[ERR] seq=1473258226 err=1920
[SEU] addr=200031C1 bit=00000006
[ERR] seq=1473258227 err=1928
[ERR] seq=1473258228 err=1944
[ERR] seq=1473258229 err=1968
[ERR] seq=1473258230 err=2000
[ERR] seq=1473258231 err=2016
[ERR] seq=1473258232 err=2064
[ERR] seq=1473258233 err=2296
[ERR] seq=1473258234 err=2496
[SEU] addr=20003184 bit=00000002
[ERR] seq=1473258235 err=3312
[ERR] seq=1473258236 err=2904
[ERR] seq=1473258237 err=3240
[ERR] seq=1473258238 err=3416
[ERR] seq=1473258239 err=3656
[ERR] seq=1473258240 err=2192
[ERR] seq=1473258241 err=2552
[SEU] addr=2000317F bit=00000001
[ERR] seq=1473258242 err=2624
[ERR] seq=1473258243 err=2880
[ERR] seq=1473258244 err=3096
[ERR] seq=1473258245 err=3320
[ERR] seq=1473258246 err=3528
[ERR] seq=1473258247 err=3768
[ERR] seq=1473258248 err=3984
[ERR] seq=1473258249 err=4208
[ERR] seq=1473258250 err=4416
[SEU] addr=20003171 bit=00000003
[ERR] seq=1473258251 err=4616
[ERR] seq=1473258252 err=4856
[ERR] seq=1473258253 err=5072
[ERR] seq=1473258254 err=5272
[ERR] seq=1473258255 err=5488
[ERR] seq=1473258256 err=5696
[SEU] addr=200031B8 bit=00000002
[ERR] seq=1473258257 err=5880
[ERR] seq=1473258258 err=6096
[ERR] seq=1473258259 err=6304
[ERR] seq=1473258260 err=6520
[ERR] seq=1473258261 err=6720
[ERR] seq=1473258262 err=6904
[SEU] addr=200031B6 bit=00000003
[ERR] seq=1473258263 err=7120
[ERR] seq=1473258264 err=7304
[SEU] addr=2000315C bit=00000006
[CMD QUEUE backup CORRUPTED] backup repaired
[ERR] seq=1473258265 err=7504
[ERR] seq=1473258266 err=7688
[SEU] addr=200031BC bit=00000004
[ERR] seq=1473258267 err=7872
[ERR] seq=1473258268 err=8064
[ERR] seq=1473258269 err=8256
[ERR] seq=1473258270 err=8416
[ERR] seq=1473258271 err=8608
[ERR] seq=1473258272 err=8784
[ERR] seq=1473258273 err=8952
[ERR] seq=1473258274 err=9112
[ERR] seq=1473258275 err=9288
[SEU] addr=2000317D bit=00000002
[ERR] seq=1473258276 err=9456
[ERR] seq=1473258277 err=9608
[ERR] seq=1473258278 err=9744
[ERR] seq=1473258279 err=9928
[ERR] seq=1473258280 err=10064
[SEU] addr=200031D2 bit=00000007
[ERR] seq=1473258281 err=10232
[ERR] seq=1473258282 err=10368
[ERR] seq=1473258283 err=10496
[ERR] seq=1473258284 err=10648
[ERR] seq=1473258285 err=10776
[ERR] seq=1473258286 err=10896
[ERR] seq=1473258287 err=11032
[SEU] addr=2000317D bit=00000000
[ERR] seq=1473258288 err=11144
[ERR] seq=1473258289 err=11288
[ERR] seq=1473258290 err=11384
[ERR] seq=1473258291 err=11496
[SEU] addr=20003161 bit=00000006
[ERR] seq=1473258292 err=11632
[ERR] seq=1473258293 err=11712
[SEU] addr=200031CC bit=00000002
[ERR] seq=1473258294 err=11824
[ERR] seq=1473258295 err=11912
[ERR] seq=1473258296 err=12016
[ERR] seq=1473258297 err=12104
[ERR] seq=1473258298 err=12184
[ERR] seq=1473258299 err=12256
[ERR] seq=1473258300 err=12344
[ERR] seq=1473258301 err=12424
[ERR] seq=1473258302 err=12488
[SEU] addr=200031D1 bit=00000006
[ERR] seq=1473258303 err=12544
[ERR] seq=1473258304 err=12624
[ERR] seq=1473258305 err=12680
[ERR] seq=1473258306 err=12720
[ERR] seq=1473258307 err=12776
[ERR] seq=1473258308 err=12832
[ERR] seq=1473258309 err=12872
[ERR] seq=1473258310 err=12880
[SEU] addr=20003178 bit=00000007
[ERR] seq=1473258311 err=12936
[SEU] addr=200031A2 bit=00000004
[ERR] seq=1473258312 err=12976
[ERR] seq=1473258313 err=13008
[ERR] seq=1473258314 err=13008
[ERR] seq=1473258315 err=13040
[ERR] seq=1473258316 err=13056
[ERR] seq=1473258317 err=13056
[ERR] seq=1473258318 err=13072
[SEU] addr=2000315A bit=00000003
[ERR] seq=1473258319 err=13072
[ERR] seq=1473258320 err=13056
[ERR] seq=1473258321 err=13064
[SEU] addr=200031D6 bit=00000001
[ERR] seq=1473389394 err=12280
[ERR] seq=1473389395 err=12256
[ERR] seq=1473389396 err=12144
[ERR] seq=1473389397 err=12048
[ERR] seq=1473389398 err=11968
[ERR] seq=1473389399 err=11880
[SEU] addr=20003153 bit=00000005
[ERR] seq=1473389400 err=11792
[ERR] seq=1473389401 err=11696
[SEU] addr=2000316F bit=00000003
[ERR] seq=1473389402 err=11600
[ERR] seq=1473389403 err=11496
[ERR] seq=1473389404 err=11416
[ERR] seq=1473389405 err=11288
[ERR] seq=1473389406 err=11184
[ERR] seq=1473389407 err=11064
[ERR] seq=1473389408 err=10960
[ERR] seq=1473389409 err=10832
[SEU] addr=20003151 bit=00000000
[ERR] seq=1473389410 err=10696
[ERR] seq=1473389411 err=10568
[ERR] seq=1473389412 err=10456
[ERR] seq=1473389413 err=10304
[ERR] seq=1473389414 err=10176
[ERR] seq=1473389415 err=10048
[ERR] seq=1473389416 err=9888
[SEU] addr=2000318C bit=00000000
[ERR] seq=1473389417 err=9760
[ERR] seq=1473389418 err=9584
[ERR] seq=1473389419 err=9440
[SEU] addr=20003165 bit=00000003
[ERR] seq=1473389420 err=9296
[ERR] seq=1473389421 err=9128
[ERR] seq=1473389422 err=8984
[ERR] seq=1473389423 err=8792
[ERR] seq=1473389424 err=8648
[ERR] seq=1473389425 err=8480
[ERR] seq=1473389426 err=8288
[ERR] seq=1473389427 err=8120
[ERR] seq=1473389428 err=7952
[SEU] addr=200031BD bit=00000005
[ERR] seq=1473389429 err=7760
[SEU] addr=200031D0 bit=00000006
[ERR] seq=1473389430 err=7568
[SEU] addr=2000316E bit=00000002
[ERR] seq=1473389431 err=7384
[ERR] seq=1473389432 err=7184
[ERR] seq=1473389433 err=7008
[ERR] seq=1473389434 err=6792
[ERR] seq=1473389435 err=6600
[SEU] addr=20003161 bit=00000005
[ERR] seq=1473389436 err=6400
[ERR] seq=1473389437 err=6216
[ERR] seq=1473389438 err=5992
[ERR] seq=1473389439 err=5784
[ERR] seq=1473389440 err=5584
[ERR] seq=1473389441 err=5360
[ERR] seq=1473389442 err=5152
[ERR] seq=1473389443 err=4928
[SEU] addr=20003171 bit=00000002
[ERR] seq=1473389444 err=4720
[ERR] seq=1473389445 err=4504
[ERR] seq=1473389446 err=4264
[ERR] seq=1473389447 err=4056
[ERR] seq=1473389448 err=3824
[ERR] seq=1473389449 err=3632
[ERR] seq=1473389450 err=3384
[SEU] addr=2000315C bit=00000005
[CMD QUEUE backup CORRUPTED] backup repaired
[ERR] seq=1473389451 err=3120
[ERR] seq=1473389452 err=2920
[ERR] seq=1473389453 err=2696
[ERR] seq=1473389454 err=2472
[ERR] seq=1473389455 err=2224
[ERR] seq=1473389456 err=2000
[ERR] seq=1473389457 err=1768
[SEU] addr=20003188 bit=00000006
[ERR] seq=1473389458 err=2040
[ERR] seq=1473389459 err=1240
[ERR] seq=1473389460 err=1120
[ERR] seq=1473389461 err=808
[ERR] seq=1473389462 err=600
[ERR] seq=1473389463 err=368
[SEU] addr=2000316F bit=00000003
[ERR] seq=1473389464 err=128
[ERR] seq=1473389465 err=104
[ERR] seq=1473389466 err=752
[ERR] seq=1473389467 err=904
[ERR] seq=1473389468 err=1192
[ERR] seq=1473389469 err=1416
[ERR] seq=1473389470 err=1688
[ERR] seq=1473389471 err=1888
[ERR] seq=1473389472 err=2120
[SEU] addr=20003186 bit=00000007
[ERR] seq=1473389473 err=7336
[ERR] seq=1473389474 err=2184
[ERR] seq=1473389475 err=3288
[ERR] seq=1473389476 err=2976
[ERR] seq=1473389477 err=3312
[ERR] seq=1473389478 err=3504
[ERR] seq=1473389479 err=3752
[ERR] seq=1473389480 err=3960
[ERR] seq=1473389481 err=4200
[SEU] addr=2000319A bit=00000001
[ERR] seq=1473389482 err=4408
[ERR] seq=1473389483 err=4640
[ERR] seq=1473389484 err=4856
[ERR] seq=1473389485 err=5096
[ERR] seq=1473389486 err=5328
[ERR] seq=1473389487 err=5520
[ERR] seq=1473389488 err=5752
[ERR] seq=1473389489 err=5968
[ERR] seq=1473389490 err=6176
[SEU] addr=200031CF bit=00000001
[ERR] seq=1473389491 err=6400
[ERR] seq=1473389492 err=6592
[SEU] addr=2000316A bit=00000003
[ERR] seq=1473389493 err=6816
[ERR] seq=1473389494 err=7024
[ERR] seq=1473389495 err=7224
[ERR] seq=1473389496 err=7424
[ERR] seq=1473389497 err=7624
[ERR] seq=1473389498 err=7840
[SEU] addr=200031C1 bit=00000005
[ERR] seq=1473389499 err=8008
[ERR] seq=1473389500 err=8208
[ERR] seq=1473389501 err=8392
[ERR] seq=1473389502 err=8592
[SEU] addr=20003181 bit=00000003
[ERR] seq=1473389503 err=8760
[ERR] seq=1473389504 err=8936
[ERR] seq=1473389505 err=9120
[ERR] seq=1473389506 err=9304
[ERR] seq=1473389507 err=9472
[ERR] seq=1473389508 err=9624
[ERR] seq=1473389509 err=9800
[ERR] seq=1473389510 err=9984
[ERR] seq=1473389511 err=10120
[ERR] seq=1473389512 err=10272
[SEU] addr=200031B9 bit=00000002
[ERR] seq=1473389513 err=10424
[ERR] seq=1473389514 err=10592
[ERR] seq=1473389515 err=10736
[ERR] seq=1473389516 err=10872
[ERR] seq=1473389517 err=11016
[ERR] seq=1473389518 err=11160
[ERR] seq=1473389519 err=11296
[SEU] addr=2000315C bit=00000004
[CMD QUEUE backup CORRUPTED] backup repaired
[ERR] seq=1473389520 err=11424
[ERR] seq=1473389521 err=11536
[ERR] seq=1473389522 err=11672
[ERR] seq=1473389523 err=11792
[ERR] seq=1473389524 err=11888
[ERR] seq=1473389525 err=12016
[SEU] addr=20003188 bit=00000003
[ERR] seq=1473389526 err=12200
[ERR] seq=1473389527 err=12240
[SEU] addr=200031BE bit=00000000
[ERR] seq=1473389528 err=12344
[ERR] seq=1473389529 err=12440
[ERR] seq=1473389530 err=12544
[ERR] seq=1473389531 err=12632
[ERR] seq=1473389532 err=12720
[ERR] seq=1473389533 err=12792
[ERR] seq=1473389534 err=12888
[ERR] seq=1473389535 err=12960
[ERR] seq=1473389536 err=13040
[SEU] addr=2000317B bit=00000004
[ERR] seq=1473389537 err=13104
[ERR] seq=1473389538 err=13184
[ERR] seq=1473389539 err=13240
[ERR] seq=1473389540 err=13280
[ERR] seq=1473389541 err=13376
[ERR] seq=1473389542 err=13400
[ERR] seq=1473389543 err=13456
[SEU] addr=20003146 bit=00000001
[SAMPLE QUEUE CORRUPTED] primary repaired
[ERR] seq=1473389544 err=13504
[ERR] seq=1473389545 err=13536
[SEU] addr=20003173 bit=00000000
[ERR] seq=1473389546 err=7408
[ERR] seq=1473389547 err=7944
[ERR] seq=1473389548 err=7432
[ERR] seq=1473389549 err=7536
[ERR] seq=1473389550 err=7512
[ERR] seq=1473389551 err=7536
[ERR] seq=1473389552 err=7536
[ERR] seq=1473389553 err=7560
[ERR] seq=1473389554 err=7552
[ERR] seq=1473389555 err=7560
[SEU] addr=200031D1 bit=00000007
[ERR] seq=1473389556 err=7544
[ERR] seq=1473389557 err=7560
[ERR] seq=1473389558 err=7544
[ERR] seq=1473389559 err=7536
[ERR] seq=1473389560 err=7512
[ERR] seq=1473389561 err=7496
[ERR] seq=1473389562 err=7480
[ERR] seq=1473389563 err=7448
[SEU] addr=20003146 bit=00000003
[SAMPLE QUEUE CORRUPTED] primary repaired
[ERR] seq=1473389564 err=7408
[ERR] seq=1473389565 err=7384
[ERR] seq=1473389566 err=7352
[ERR] seq=1473389567 err=7296
[ERR] seq=1473389568 err=13408
[SEU] addr=20003152 bit=00000006
[ERR] seq=1473389569 err=12840
[ERR] seq=1473389570 err=13336
[ERR] seq=1473389571 err=13184
[ERR] seq=1473389572 err=13160
[ERR] seq=1473389573 err=13088
[ERR] seq=1473389574 err=13024
[ERR] seq=1473389575 err=12944
[SEU] addr=20003180 bit=00000003
[ERR] seq=1473389576 err=12848
[ERR] seq=1473389577 err=12776
[ERR] seq=1473389578 err=12704
[ERR] seq=1473389579 err=12600
[ERR] seq=1473389580 err=12512
[ERR] seq=1473389581 err=12400
[SEU] addr=20003188 bit=00000006
[ERR] seq=1473389582 err=11824
[ERR] seq=1473389583 err=12232
[ERR] seq=1473389584 err=12040
[ERR] seq=1473389585 err=12000
[ERR] seq=1473389586 err=11856
[ERR] seq=1473389587 err=11744
[ERR] seq=1473389588 err=11616
[ERR] seq=1473389589 err=11520
[ERR] seq=1473389590 err=11376
[ERR] seq=1473389591 err=11248
[SEU] addr=200031D2 bit=00000007
[ERR] seq=1473389592 err=11104
[ERR] seq=1473389593 err=10960
[ERR] seq=1473389594 err=10840
[ERR] seq=1473389595 err=10680
[ERR] seq=1473389596 err=10520
[ERR] seq=1473389597 err=10376
[ERR] seq=1473389598 err=10232
[ERR] seq=1473389599 err=10072
[ERR] seq=1473389600 err=9896
[SEU] addr=200031A0 bit=00000000
[ERR] seq=1473389601 err=9744
[ERR] seq=1473389602 err=9576
[ERR] seq=1473389603 err=9408
[ERR] seq=1473389604 err=9240
[ERR] seq=1473389605 err=9040
[ERR] seq=1473389606 err=8880
[ERR] seq=1473389607 err=8688
[SEU] addr=20003197 bit=00000001
[ERR] seq=1473389608 err=8520
[ERR] seq=1473389609 err=8312
[ERR] seq=1473389610 err=8144
[ERR] seq=1473389611 err=7944
[ERR] seq=1473389612 err=7744
[ERR] seq=1473389613 err=7544
[ERR] seq=1473389614 err=7360
[ERR] seq=1473389615 err=7136
[ERR] seq=1473389616 err=6944
[ERR] seq=1473389617 err=6736
[SEU] addr=20003172 bit=00000005
[ERR] seq=1473389618 err=6520
[ERR] seq=1473389619 err=6320
[ERR] seq=1473389620 err=6080
[SEU] addr=200031B9 bit=00000003
[ERR] seq=1473389621 err=5888
[ERR] seq=1473389622 err=5664
[ERR] seq=1473389623 err=5448
[ERR] seq=1473389624 err=5240
[ERR] seq=1473389625 err=4984
[ERR] seq=1473389626 err=4784
[SEU] addr=200031A5 bit=00000002
[ERR] seq=1473389627 err=4544
[ERR] seq=1473389628 err=4336
[ERR] seq=1473389629 err=4112
[ERR] seq=1473389630 err=3872
[ERR] seq=1473389631 err=3656
[ERR] seq=1473389632 err=3408
[ERR] seq=1473389633 err=3192
[SEU] addr=2000316B bit=00000007
[ERR] seq=1473389634 err=2984
[ERR] seq=1473389635 err=2736
[ERR] seq=1473389636 err=2512
[ERR] seq=1473389637 err=2272
[ERR] seq=1473389638 err=2032
[ERR] seq=1473389639 err=1808
[ERR] seq=1473389640 err=1200
[ERR] seq=1473389641 err=1000
[ERR] seq=1473389642 err=752
[SEU] addr=200031BA bit=00000005
[ERR] seq=1473389643 err=480
[ERR] seq=1473389644 err=272
[ERR] seq=1473389645 err=48
[SEU] addr=2000319D bit=00000004
[ERR] seq=1473389646 err=224
[ERR] seq=1473389647 err=472
[SEU] addr=2000314B bit=00000003
[ERR] seq=1473389648 err=688
[ERR] seq=1473389649 err=920
[ERR] seq=1473389650 err=1144
[ERR] seq=1473389651 err=1360
[ERR] seq=1473389652 err=1632
[ERR] seq=1473389653 err=1848
[ERR] seq=1473389654 err=2088
[SEU] addr=20003159 bit=00000006
[ERR] seq=1473389655 err=2320
[ERR] seq=1473389656 err=2552
[ERR] seq=1473389657 err=2784
[ERR] seq=1473389658 err=2976
[ERR] seq=1473389659 err=3232
[ERR] seq=1473389660 err=3480
[ERR] seq=1473389661 err=3704
[ERR] seq=1473389662 err=3904
[ERR] seq=1473389663 err=4136
[ERR] seq=1473389664 err=4360
[SEU] addr=20003171 bit=00000003
[ERR] seq=1473389665 err=4584
[ERR] seq=1473389666 err=4792
[ERR] seq=1473389667 err=5016
[ERR] seq=1473389668 err=5224
[ERR] seq=1473389669 err=5448
[ERR] seq=1473389670 err=5648
[ERR] seq=1473389671 err=5864
[SEU] addr=2000316B bit=00000006
[ERR] seq=1473389672 err=6080
[ERR] seq=1473389673 err=6256
[ERR] seq=1473389674 err=6480
[ERR] seq=1473389675 err=6672
[ERR] seq=1473389676 err=6864
[ERR] seq=1473389677 err=7080
[ERR] seq=1473389678 err=7240
[SEU] addr=200031A4 bit=00000006
[ERR] seq=1473389679 err=7456
[ERR] seq=1473389680 err=7640
[ERR] seq=1473389681 err=7816
[ERR] seq=1473389682 err=8000
[ERR] seq=1473389683 err=8184
[ERR] seq=1473389684 err=8360
[ERR] seq=1473389685 err=8536
[ERR] seq=1473389686 err=8680
[ERR] seq=1473389687 err=8864
[SEU] addr=20003157 bit=00000007
[CMD QUEUE CORRUPTED] primary repaired
[ERR] seq=1473389688 err=9024
[ERR] seq=1473389689 err=9184
[ERR] seq=1473389690 err=9336
[ERR] seq=1473389691 err=9488
[ERR] seq=1473389692 err=9656
[ERR] seq=1473389693 err=9792
[SEU] addr=200031AC bit=00000006
[ERR] seq=1473389694 err=9936
[ERR] seq=1473389695 err=10064
[ERR] seq=1473389696 err=10232
[ERR] seq=1473389697 err=10352
[ERR] seq=1473389698 err=10472
[ERR] seq=1473389699 err=10600
[ERR] seq=1473389700 err=10744
[SEU] addr=200031B3 bit=00000006
[ERR] seq=1473389701 err=10864
[ERR] seq=1473389702 err=10984
[ERR] seq=1473389703 err=11096
[SEU] addr=20003191 bit=00000006
[ERR] seq=1473389704 err=138160
[SEU] addr=200031B3 bit=00000004
[ERR] seq=1473389705 err=21808
[ERR] seq=1473389706 err=18576
[ERR] seq=1473389707 err=13240
[ERR] seq=1473389708 err=10600
[ERR] seq=1473389709 err=11944
[ERR] seq=1473389710 err=11704
[SEU] addr=200031A7 bit=00000000
[ERR] seq=1473389711 err=11904
[ERR] seq=1473389712 err=11984
[ERR] seq=1473389713 err=12072
[ERR] seq=1473389714 err=12136
[ERR] seq=1473389715 err=12208
[ERR] seq=1473389716 err=12304
[SEU] addr=2000317E bit=00000001
[ERR] seq=1473389717 err=12344
[ERR] seq=1473389718 err=12416
[ERR] seq=1473389719 err=12480
[ERR] seq=1473389720 err=12512
[SEU] addr=2000316F bit=00000007
[ERR] seq=1473389721 err=12592
[ERR] seq=1473389722 err=12624
[ERR] seq=1473389723 err=12672
[ERR] seq=1473389724 err=12696
[ERR] seq=1473389725 err=12752
[ERR] seq=1473389726 err=12776
[ERR] seq=1473389727 err=12824
[ERR] seq=1473389728 err=12840
[SEU] addr=20003145 bit=00000001
[SAMPLE QUEUE CORRUPTED] primary repaired
[ERR] seq=1473389729 err=12864
[ERR] seq=1473389730 err=12880
[ERR] seq=1473389731 err=12912
[ERR] seq=1473389732 err=12912
[ERR] seq=1473389733 err=12928
[SEU] addr=2000316F bit=00000003
[ERR] seq=1473389734 err=12928
[ERR] seq=1473389735 err=12936
[ERR] seq=1473389736 err=12936
[ERR] seq=1473389737 err=12928
[ERR] seq=1473389738 err=12904
[ERR] seq=1473389739 err=12912
[SEU] addr=2000318F bit=00000006
[ERR] seq=1473389740 err=12896
[ERR] seq=1473389741 err=12872
[ERR] seq=1473389742 err=12832
[ERR] seq=1473389743 err=12832
[ERR] seq=1473389744 err=12784
[ERR] seq=1473389745 err=12760
[ERR] seq=1473389746 err=12704
[SEU] addr=200031B1 bit=00000005
[ERR] seq=1473389747 err=12672
[ERR] seq=1473389748 err=12632
[ERR] seq=1473389749 err=12584
[ERR] seq=1473389750 err=12528
[ERR] seq=1473389751 err=12472
[ERR] seq=1473389752 err=12400
[ERR] seq=1473389753 err=12360
[SEU] addr=2000314E bit=00000006
[SAMPLE QUEUE backup CORRUPTED] backup repaired
[ERR] seq=1473389754 err=12280
[SEU] addr=200031CF bit=00000004
[ERR] seq=1473389755 err=12200
[ERR] seq=1473389756 err=12144
[ERR] seq=1473389757 err=12048
[ERR] seq=1473389758 err=11968
[ERR] seq=1473389759 err=11880
[ERR] seq=1473389760 err=11792
[SEU] addr=200031B0 bit=00000007
[ERR] seq=1473389761 err=11696
[ERR] seq=1473389762 err=11600
[ERR] seq=1473389763 err=11496
[ERR] seq=1473389764 err=11416
[SEU] addr=200031AA bit=00000002
[ERR] seq=1473389765 err=11288
[ERR] seq=1473389766 err=11184
[ERR] seq=1473389767 err=11064
[ERR] seq=1473389768 err=10960
[ERR] seq=1473389769 err=10832
[ERR] seq=1473389770 err=10696
[ERR] seq=1473389771 err=10568
[ERR] seq=1473389772 err=10456
[ERR] seq=1473389773 err=10304
[SEU] addr=200031B3 bit=00000001
[ERR] seq=1473389774 err=10176
[ERR] seq=1473389775 err=10048
[ERR] seq=1473389776 err=9888
[ERR] seq=1473389777 err=9768
[ERR] seq=1473389778 err=9584
[ERR] seq=1473389779 err=9440
[ERR] seq=1473389780 err=9296
[SEU] addr=200031A9 bit=00000004
[ERR] seq=1473389781 err=9128
[ERR] seq=1473389782 err=8984
[ERR] seq=1473389783 err=8792
[SEU] addr=200031A6 bit=00000005
[ERR] seq=1473389784 err=8648
[ERR] seq=1473389785 err=8480
[ERR] seq=1473389786 err=8288
[ERR] seq=1473389787 err=8120
[SEU] addr=200031D5 bit=00000007
[ERR] seq=1473422556 err=7192
[ERR] seq=1473422557 err=7048
[ERR] seq=1473422558 err=6808
[ERR] seq=1473422559 err=6600
[SEU] addr=20003196 bit=00000002
[ERR] seq=1473422560 err=6408
[SEU] addr=20003179 bit=00000000
[ERR] seq=1473422561 err=6232
[ERR] seq=1473422562 err=6000
[SEU] addr=20003195 bit=00000007
[ERR] seq=1473422563 err=5800
[ERR] seq=1473422564 err=5592
[ERR] seq=1473422565 err=5392
[ERR] seq=1473422566 err=5184
[ERR] seq=1473422567 err=4952
[ERR] seq=1473422568 err=4760
[ERR] seq=1473422569 err=4568
[ERR] seq=1473422570 err=6360
[ERR] seq=1473422571 err=5984
[ERR] seq=1473422572 err=5936
[SEU] addr=20003180 bit=00000001
[ERR] seq=1473422573 err=5696
[ERR] seq=1473422574 err=5496
[ERR] seq=1473422575 err=5240
[ERR] seq=1473422576 err=5048
[ERR] seq=1473422577 err=4792
[SEU] addr=20003185 bit=00000002
[ERR] seq=1473422578 err=1760
[ERR] seq=1473422579 err=4736
[ERR] seq=1473422580 err=3648
[ERR] seq=1473422581 err=3920
[ERR] seq=1473422582 err=3608
[ERR] seq=1473422583 err=3432
[ERR] seq=1473422584 err=3184
[SEU] addr=200031C0 bit=00000000
[ERR] seq=1473422585 err=2936
[ERR] seq=1473422586 err=2704
[SEU] addr=2000315C bit=00000007
[CMD QUEUE backup CORRUPTED] backup repaired
[ERR] seq=1473422587 err=2472
[ERR] seq=1473422588 err=2256
[ERR] seq=1473422589 err=2040
[SEU] addr=20003174 bit=00000002
[ERR] seq=1473422590 err=2024
[SEU] addr=200031BA bit=00000001
[ERR] seq=1473422591 err=2000
[ERR] seq=1473422592 err=744
[ERR] seq=1473422593 err=800
[ERR] seq=1473422594 err=1616
[ERR] seq=1473422595 err=1768
[ERR] seq=1473422596 err=2032
[ERR] seq=1473422597 err=2264
[ERR] seq=1473422598 err=2512
[SEU] addr=2000315A bit=00000000
[ERR] seq=1473422599 err=2736
[ERR] seq=1473422600 err=2952
[ERR] seq=1473422601 err=3192
[ERR] seq=1473422602 err=3432
[ERR] seq=1473422603 err=3656
[ERR] seq=1473422604 err=3864
[SEU] addr=20003145 bit=00000002
[SAMPLE QUEUE CORRUPTED] primary repaired
[ERR] seq=1473422605 err=4112
[ERR] seq=1473422606 err=4320
[ERR] seq=1473422607 err=4560
[ERR] seq=1473422608 err=4768
[ERR] seq=1473422609 err=4992
[ERR] seq=1473422610 err=5216
[SEU] addr=200031A2 bit=00000005
[ERR] seq=1473422611 err=5424
[ERR] seq=1473422612 err=5640
[ERR] seq=1473422613 err=5864
[SEU] addr=2000319C bit=00000007
[ERR] seq=1473422614 err=6088
[ERR] seq=1473422615 err=6296
[ERR] seq=1473422616 err=6512
[ERR] seq=1473422617 err=6728
[ERR] seq=1473422618 err=6920
[ERR] seq=1473422619 err=7144
[ERR] seq=1473422620 err=7328
[ERR] seq=1473422621 err=7528
[SEU] addr=20003151 bit=00000005
[ERR] seq=1473422622 err=7752
[ERR] seq=1473422623 err=7920
[SEU] addr=20003179 bit=00000000
[ERR] seq=1473422624 err=8120
[ERR] seq=1473422625 err=8312
[ERR] seq=1473422626 err=8512
[ERR] seq=1473422627 err=8680
[ERR] seq=1473422628 err=8864
[ERR] seq=1473422629 err=9048
[ERR] seq=1473422630 err=9240
[SEU] addr=2000318C bit=00000007
[ERR] seq=1473422631 err=10424
[ERR] seq=1473422632 err=9488
[SEU] addr=20003197 bit=00000001
[ERR] seq=1473422633 err=9824
[ERR] seq=1473422634 err=9904
[SEU] addr=200031C6 bit=00000002
[ERR] seq=1473422635 err=10088
[ERR] seq=1473422636 err=10224
[ERR] seq=1473422637 err=10400
[ERR] seq=1473422638 err=10544
[ERR] seq=1473422639 err=10704
[ERR] seq=1473422640 err=10824
[ERR] seq=1473422641 err=10984
[SEU] addr=20003188 bit=00000001
[ERR] seq=1473422642 err=11144
[ERR] seq=1473422643 err=11264
[ERR] seq=1473422644 err=11384
[ERR] seq=1473422645 err=11512
[ERR] seq=1473422646 err=11672
[ERR] seq=1473422647 err=11768
[ERR] seq=1473422648 err=11896
[SEU] addr=20003159 bit=00000003
[ERR] seq=1473422649 err=12008
[ERR] seq=1473422650 err=12136
[ERR] seq=1473422651 err=12224
[ERR] seq=1473422652 err=12328
[ERR] seq=1473422653 err=12440
[ERR] seq=1473422654 err=12528
[ERR] seq=1473422655 err=12656
[ERR] seq=1473422656 err=12720
[SEU] addr=200031C9 bit=00000007
[ERR] seq=1473422657 err=12824
[ERR] seq=1473422658 err=12880
[ERR] seq=1473422659 err=12992
[ERR] seq=1473422660 err=13056
[SEU] addr=200031B3 bit=00000003
[ERR] seq=1473422661 err=13120
[ERR] seq=1473422662 err=13208
[ERR] seq=1473422663 err=13256
[ERR] seq=1473422664 err=13320
[SEU] addr=20003150 bit=00000005
[SAMPLE QUEUE backup CORRUPTED] backup repaired
[ERR] seq=1473422665 err=13376
[ERR] seq=1473422666 err=13424
[ERR] seq=1473422667 err=13488
[ERR] seq=1473422668 err=13512
[ERR] seq=1473422669 err=13568
[ERR] seq=1473422670 err=13592
[ERR] seq=1473422671 err=13632
[ERR] seq=1473422672 err=13656
[SEU] addr=200031CD bit=00000007
[ERR] seq=1473422673 err=13688
[ERR] seq=1473422674 err=13696
[ERR] seq=1473422675 err=13720
[ERR] seq=1473422676 err=13712
[ERR] seq=1473422677 err=13728
[ERR] seq=1473422678 err=13728
[ERR] seq=1473422679 err=13744
[ERR] seq=1473422680 err=13720
[SEU] addr=20003187 bit=00000000
[ERR] seq=1473422681 err=3184
[ERR] seq=1473422682 err=14560
[ERR] seq=1473422683 err=12792
[ERR] seq=1473422684 err=13832
[ERR] seq=1473422685 err=13600
[ERR] seq=1473422686 err=13648
[ERR] seq=1473422687 err=13624
[ERR] seq=1473422688 err=13584
[ERR] seq=1473422689 err=13536
[SEU] addr=200031B3 bit=00000006
[ERR] seq=1473422690 err=13520
[ERR] seq=1473422691 err=13464
[ERR] seq=1473422692 err=13392
[ERR] seq=1473422693 err=13352
[ERR] seq=1473422694 err=13312
[ERR] seq=1473422695 err=13240
[ERR] seq=1473422696 err=13160
[SEU] addr=200031A8 bit=00000000
[ERR] seq=1473422697 err=13120
[ERR] seq=1473422698 err=13024
[ERR] seq=1473422699 err=12944
[ERR] seq=1473422700 err=12864
[ERR] seq=1473422701 err=12776
[SEU] addr=20003184 bit=00000003
[ERR] seq=1473422702 err=13136
[ERR] seq=1473422703 err=12568
[ERR] seq=1473422704 err=12528
[ERR] seq=1473422705 err=12392
[ERR] seq=1473422706 err=12304
[SEU] addr=200031D7 bit=00000001
[ERR] seq=1439868275 err=2128
[ERR] seq=1439868276 err=2800
[ERR] seq=1439868277 err=1768
[ERR] seq=1439868278 err=1776
[ERR] seq=1439868279 err=1520
[SEU] addr=200031D6 bit=00000000
[ERR] seq=1439933816 err=176
[ERR] seq=1439933817 err=144
[ERR] seq=1439933818 err=64
[SEU] addr=200031A2 bit=00000004
[ERR] seq=1439933819 err=184
[ERR] seq=1439933820 err=296
[ERR] seq=1439933821 err=416
[ERR] seq=1439933822 err=504
[ERR] seq=1439933823 err=624
[ERR] seq=1439933824 err=744
[ERR] seq=1439933825 err=856
[SEU] addr=20003145 bit=00000002
[SAMPLE QUEUE CORRUPTED] primary repaired
[ERR] seq=1439933826 err=952
[ERR] seq=1439933827 err=1056
[ERR] seq=1439933828 err=1184
[ERR] seq=1439933829 err=1280
[ERR] seq=1439933830 err=1392
[SEU] addr=200031BC bit=00000002
[ERR] seq=1439933831 err=1488
[ERR] seq=1439933832 err=1584
[ERR] seq=1439933833 err=1704
[ERR] seq=1439933834 err=1792
[ERR] seq=1439933835 err=1904
[ERR] seq=1439933836 err=2000
[ERR] seq=1439933837 err=2096
[SEU] addr=200031B5 bit=00000005
[ERR] seq=1439933838 err=2192
[ERR] seq=1439933839 err=2280
[ERR] seq=1439933840 err=2368
[SEU] addr=200031A8 bit=00000004
[ERR] seq=1439933841 err=2480
[ERR] seq=1439933842 err=2552
[ERR] seq=1439933843 err=2648
[ERR] seq=1439933844 err=2728
[ERR] seq=1439933845 err=2824
[ERR] seq=1439933846 err=2904
[ERR] seq=1439933847 err=3016
[ERR] seq=1439933848 err=3080
[ERR] seq=1439933849 err=3184
[SEU] addr=20003147 bit=00000000
[SAMPLE QUEUE CORRUPTED] primary repaired
[ERR] seq=1439933850 err=3264
[ERR] seq=1439933851 err=3352
[ERR] seq=1439933852 err=3432
[ERR] seq=1439933853 err=3528
[ERR] seq=1439933854 err=3592
[SEU] addr=20003170 bit=00000003
[ERR] seq=1439933855 err=3696
[ERR] seq=1439933856 err=3752
[ERR] seq=1439933857 err=3832
[ERR] seq=1439933858 err=3912
[ERR] seq=1439933859 err=3992
[ERR] seq=1439933860 err=4088
[ERR] seq=1439933861 err=4136
[ERR] seq=1439933862 err=4224
[ERR] seq=1439933863 err=4296
[SEU] addr=2000315A bit=00000003
[ERR] seq=1439933864 err=4352
[ERR] seq=1439933865 err=4424
[ERR] seq=1439933866 err=4472
[ERR] seq=1439933867 err=4552
[ERR] seq=1439933868 err=4624
[ERR] seq=1439933869 err=4688
[ERR] seq=1439933870 err=4744
[ERR] seq=1439933871 err=4808
[ERR] seq=1439933872 err=4840
[ERR] seq=1439933873 err=4928
[SEU] addr=20003177 bit=00000001
[ERR] seq=1439933874 err=4976
[ERR] seq=1439933875 err=5040
[ERR] seq=1439933876 err=5104
[ERR] seq=1439933877 err=5160
[ERR] seq=1439933878 err=5184
[ERR] seq=1439933879 err=5264
[SEU] addr=2000318F bit=00000000
[ERR] seq=1439933880 err=134223032
[ERR] seq=1439933881 err=10739864
[SEU] addr=2000317A bit=00000005
[ERR] seq=1439933882 err=11601792
[ERR] seq=1439933883 err=1789176
[ERR] seq=1439933884 err=1076144
[ERR] seq=1439933885 err=231104
[ERR] seq=1439933886 err=109496
[ERR] seq=1439933887 err=29152
[SEU] addr=200031B3 bit=00000005
[ERR] seq=1439933888 err=16112
[ERR] seq=1439933889 err=5560
[ERR] seq=1439933890 err=6776
[ERR] seq=1439933891 err=5432
[ERR] seq=1439933892 err=5912
[ERR] seq=1439933893 err=5800
[ERR] seq=1439933894 err=5864
[ERR] seq=1439933895 err=5872
[ERR] seq=1439933896 err=5904
[SEU] addr=20003160 bit=00000003
[CMD QUEUE backup CORRUPTED] backup repaired
[ERR] seq=1439933897 err=5928
[ERR] seq=1439933898 err=5936
[ERR] seq=1439933899 err=5976
[ERR] seq=1439933900 err=5992
[ERR] seq=1439933901 err=6000
[ERR] seq=1439933902 err=6040
[ERR] seq=1439933903 err=6040
[ERR] seq=1439933904 err=6072
[ERR] seq=1439933905 err=6048
[SEU] addr=200031B3 bit=00000007
[ERR] seq=1439933906 err=6088
[ERR] seq=1439933907 err=6080
[ERR] seq=1439933908 err=6096
[ERR] seq=1439933909 err=6096
[ERR] seq=1439933910 err=6088
[ERR] seq=1439933911 err=6104
[ERR] seq=1439933912 err=6096
[SEU] addr=20003147 bit=00000000
[SAMPLE QUEUE CORRUPTED] primary repaired
[ERR] seq=1439933913 err=6096
[ERR] seq=1439933914 err=6088
[ERR] seq=1439933915 err=6088
[ERR] seq=1439933916 err=6088
[ERR] seq=1439933917 err=6064
[ERR] seq=1439933918 err=6056
[ERR] seq=1439933919 err=6048
[ERR] seq=1439933920 err=6048
[ERR] seq=1439933921 err=6008
[SEU] addr=20003177 bit=00000006
[ERR] seq=1439933922 err=5984
[SEU] addr=2000316A bit=00000007
[ERR] seq=1439933923 err=5984
[ERR] seq=1439933924 err=5936
[ERR] seq=1439933925 err=5944
[ERR] seq=1439933926 err=5896
[SEU] addr=20003154 bit=00000005
[CMD QUEUE CORRUPTED] primary repaired
[ERR] seq=1439933927 err=5880
[ERR] seq=1439933928 err=5864
[ERR] seq=1439933929 err=5848
[ERR] seq=1439933930 err=9888
[SEU] addr=2000316B bit=00000006
[ERR] seq=1439933931 err=9512
[ERR] seq=1439933932 err=9856
[ERR] seq=1439933933 err=9768
[ERR] seq=1439933934 err=9776
[SEU] addr=200031B5 bit=00000001
[ERR] seq=1439933935 err=9704
[ERR] seq=1439933936 err=9688
[SEU] addr=200031BF bit=00000006
[ERR] seq=1439933937 err=9640
[ERR] seq=1439933938 err=9592
[ERR] seq=1439933939 err=9536
[ERR] seq=1439933940 err=9512
[ERR] seq=1439933941 err=9440
[ERR] seq=1439933942 err=9408
[SEU] addr=20003153 bit=00000002
[ERR] seq=1439933943 err=9360
[ERR] seq=1439933944 err=9304
[ERR] seq=1439933945 err=9264
[ERR] seq=1439933946 err=9192
[ERR] seq=1439933947 err=9144
[ERR] seq=1439933948 err=9096
[ERR] seq=1439933949 err=9024
[ERR] seq=1439933950 err=8952
[SEU] addr=2000314F bit=00000004
[SAMPLE QUEUE backup CORRUPTED] backup repaired
[ERR] seq=1439933951 err=8920
[ERR] seq=1439933952 err=4752
[ERR] seq=1439933953 err=5032
[ERR] seq=1439933954 err=4584
[ERR] seq=1439933955 err=4592
[ERR] seq=1439933956 err=4488
[ERR] seq=1439933957 err=4440
[ERR] seq=1439933958 err=4352
[SEU] addr=200031A0 bit=00000000
[ERR] seq=1439933959 err=4312
[ERR] seq=1439933960 err=4240
[ERR] seq=1439933961 err=4160
[ERR] seq=1439933962 err=4080
[ERR] seq=1439933963 err=4000
[ERR] seq=1439933964 err=3936
[ERR] seq=1439933965 err=3840
[SEU] addr=20003157 bit=00000006
[CMD QUEUE CORRUPTED] primary repaired
[ERR] seq=1439933966 err=3768
[ERR] seq=1439933967 err=3704
[ERR] seq=1439933968 err=3608
[ERR] seq=1439933969 err=3544
[ERR] seq=1439933970 err=3440
[ERR] seq=1439933971 err=3368
[ERR] seq=1439933972 err=3280
[ERR] seq=1439933973 err=3200
[SEU] addr=20003192 bit=00000004
[ERR] seq=1439933974 err=8390552
[ERR] seq=1439933975 err=674104
[ERR] seq=1439933976 err=726600
[ERR] seq=1439933977 err=114512
[ERR] seq=1439933978 err=68632
[ERR] seq=1439933979 err=16936
[ERR] seq=1439933980 err=8096
[ERR] seq=1439933981 err=4136
[ERR] seq=1439933982 err=2136
[ERR] seq=1439933983 err=2480
[SEU] addr=20003150 bit=00000004
[SAMPLE QUEUE backup CORRUPTED] backup repaired
[ERR] seq=1439933984 err=2120
[ERR] seq=1439933985 err=2128
[ERR] seq=1439933986 err=1984
[SEU] addr=20003180 bit=00000003
[ERR] seq=1439933987 err=1888
[ERR] seq=1439933988 err=1800
[ERR] seq=1439933989 err=1696
[ERR] seq=1439933990 err=1560
[ERR] seq=1439933991 err=1488
[ERR] seq=1439933992 err=1368
[ERR] seq=1439933993 err=1280
[SEU] addr=20003176 bit=00000002
[ERR] seq=1439933994 err=1144
[ERR] seq=1439933995 err=1040
[ERR] seq=1439933996 err=944
[ERR] seq=1439933997 err=824
[ERR] seq=1439933998 err=712
[ERR] seq=1439933999 err=600
[ERR] seq=1439934000 err=488
[ERR] seq=1439934001 err=368
[SEU] addr=20003187 bit=00000005
[ERR] seq=1439934002 err=992
[ERR] seq=1439934003 err=200
[ERR] seq=1439934004 err=80
[ERR] seq=1439934005 err=96
[ERR] seq=1439934006 err=224
[ERR] seq=1439934007 err=328
[ERR] seq=1439934008 err=464
[ERR] seq=1439934009 err=552
[SEU] addr=20003152 bit=00000003
[ERR] seq=1439934010 err=704
[ERR] seq=1439934011 err=808
[ERR] seq=1439934012 err=928
[ERR] seq=1439934013 err=1056
[ERR] seq=1439934014 err=1192
[ERR] seq=1439934015 err=1304
[ERR] seq=1439934016 err=1416
[SEU] addr=2000318B bit=00000001
[ERR] seq=1439934017 err=268437016
[ERR] seq=1439934018 err=21474672
[ERR] seq=1439934019 err=23194632
[ERR] seq=1439934020 err=3573208
[ERR] seq=1439934021 err=2143344
[ERR] seq=1439934022 err=456960
[ERR] seq=1439934023 err=210184
[ERR] seq=1439934024 err=52960
[ERR] seq=1439934025 err=23432
[SEU] addr=20003197 bit=00000003
[ERR] seq=1439934026 err=5656
[ERR] seq=1439934027 err=4944
[ERR] seq=1439934028 err=2288
[ERR] seq=1439934029 err=3264
[ERR] seq=1439934030 err=3120
[ERR] seq=1439934031 err=3336
[ERR] seq=1439934032 err=3400
[ERR] seq=1439934033 err=3552
[SEU] addr=20003199 bit=00000005
[ERR] seq=1439934034 err=3672
[SEU] addr=2000316D bit=00000000
[ERR] seq=1439934035 err=3784
[ERR] seq=1439934036 err=3912
[ERR] seq=1439934037 err=4040
[ERR] seq=1439934038 err=4144
[ERR] seq=1439934039 err=4288
[ERR] seq=1439934040 err=4392
[SEU] addr=20003196 bit=00000005
[ERR] seq=1439934041 err=4496
[ERR] seq=1439934042 err=4640
[ERR] seq=1439934043 err=4760
[SEU] addr=20003159 bit=00000000
[ERR] seq=1439934044 err=4864
[ERR] seq=1439934045 err=4992
[ERR] seq=1439934046 err=5080
[ERR] seq=1439934047 err=5200
[ERR] seq=1439934048 err=5288
[ERR] seq=1439934049 err=5408
[SEU] addr=200031A6 bit=00000002
[ERR] seq=1439934050 err=5520
[ERR] seq=1439934051 err=5600
[ERR] seq=1439934052 err=5696
[ERR] seq=1439934053 err=5800
[ERR] seq=1439934054 err=5904
[SEU] addr=20003158 bit=00000000
[CMD QUEUE CORRUPTED] primary repaired
[ERR] seq=1439934055 err=5984
[ERR] seq=1439934056 err=6080
[ERR] seq=1439934057 err=6168
[ERR] seq=1439934058 err=6640
[ERR] seq=1439934059 err=6672
[SEU] addr=20003162 bit=00000001
[ERR] seq=1439934060 err=6784
[ERR] seq=1439934061 err=6872
[ERR] seq=1439934062 err=6976
[ERR] seq=1439934063 err=7016
[ERR] seq=1439934064 err=7112
[ERR] seq=1439934065 err=7184
[SEU] addr=200031B8 bit=00000003
[ERR] seq=1439934066 err=7248
[SEU] addr=200031B2 bit=00000006
[ERR] seq=1439934067 err=7320
[ERR] seq=1439934068 err=7360
[ERR] seq=1439934069 err=7448
[ERR] seq=1439934070 err=7504
[ERR] seq=1439934071 err=7576
[ERR] seq=1439934072 err=7616
[ERR] seq=1439934073 err=7672
[SEU] addr=200031CA bit=00000005
[ERR] seq=1439934074 err=7712
[ERR] seq=1439934075 err=7760
[SEU] addr=2000317F bit=00000003
[ERR] seq=1439934076 err=7792
[ERR] seq=1439934077 err=7856
[ERR] seq=1439934078 err=7912
[ERR] seq=1439934079 err=7936
[ERR] seq=1439934080 err=7968
[SEU] addr=20003148 bit=00000005
[SAMPLE QUEUE CORRUPTED] primary repaired
[ERR] seq=1439934081 err=8000
[ERR] seq=1439934082 err=8032
[ERR] seq=1439934083 err=8064
[ERR] seq=1439934084 err=8072
[ERR] seq=1439934085 err=8088
[ERR] seq=1439934086 err=8120
[ERR] seq=1439934087 err=8136
[ERR] seq=1439934088 err=8128
[ERR] seq=1439934089 err=8136
[ERR] seq=1439934090 err=8152
[SEU] addr=2000317E bit=00000000
[ERR] seq=1439934091 err=8152
[ERR] seq=1439934092 err=8136
[ERR] seq=1439934093 err=8128
[ERR] seq=1439934094 err=8136
[SEU] addr=20003197 bit=00000007
[ERR] seq=1439934095 err=8120
[ERR] seq=1439934096 err=8088
[ERR] seq=1439934097 err=8088
[ERR] seq=1439934098 err=8064
[ERR] seq=1439934099 err=8032
[ERR] seq=1439934100 err=8016
[ERR] seq=1439934101 err=7968
[ERR] seq=1439934102 err=7944
[SEU] addr=200031B2 bit=00000004
[ERR] seq=1439934103 err=7920
[ERR] seq=1439934104 err=7848
[ERR] seq=1439934105 err=7808
[ERR] seq=1439934106 err=7768
[ERR] seq=1439934107 err=7720
[ERR] seq=1439934108 err=7680
[SEU] addr=200031A6 bit=00000007
[ERR] seq=1439934109 err=7624
[ERR] seq=1439934110 err=7592
[SEU] addr=20003195 bit=00000007
[ERR] seq=1439934111 err=7504
[ERR] seq=1439934112 err=7448
[ERR] seq=1439934113 err=7384
[ERR] seq=1439934114 err=7328
[ERR] seq=1439934115 err=7256
[ERR] seq=1439934116 err=7200
[SEU] addr=20003167 bit=00000005
[ERR] seq=1439934117 err=7120
[ERR] seq=1439934118 err=7040
[ERR] seq=1439934119 err=6976
[ERR] seq=1439934120 err=6504
[ERR] seq=1439934121 err=6488
[ERR] seq=1439934122 err=6360
[SEU] addr=200031D0 bit=00000004
[ERR] seq=1439934123 err=6280
[ERR] seq=1439934124 err=6176
[ERR] seq=1439934125 err=6096
[ERR] seq=1439934126 err=6008
[ERR] seq=1439934127 err=5912
[ERR] seq=1439934128 err=5808
[ERR] seq=1439934129 err=5712
[ERR] seq=1439934130 err=5624
[SEU] addr=20003151 bit=00000003
[ERR] seq=1439934131 err=5536
[SEU] addr=200031D4 bit=00000005
[ERR] seq=1439934100 err=10216
[ERR] seq=1439934101 err=9760
[ERR] seq=1439934102 err=10072
[ERR] seq=1439934103 err=9896
[ERR] seq=1439934104 err=9832
[ERR] seq=1439934105 err=9704
[SEU] addr=2000317F bit=00000003
[ERR] seq=1439934106 err=9576
[ERR] seq=1439934107 err=9480
[SEU] addr=200031C3 bit=00000006
[ERR] seq=1439934108 err=9368
[ERR] seq=1439934109 err=9232
[ERR] seq=1439934110 err=9120
[ERR] seq=1439934111 err=8984
[ERR] seq=1439934112 err=8856
[ERR] seq=1439934113 err=8736
[ERR] seq=1439934114 err=8616
[ERR] seq=1439934115 err=8464
[SEU] addr=200031A8 bit=00000004
[ERR] seq=1439934116 err=8336
[ERR] seq=1439934117 err=8224
[ERR] seq=1439934118 err=8048
[ERR] seq=1439934119 err=7928
[ERR] seq=1439934120 err=7408
[ERR] seq=1439934121 err=7304
[ERR] seq=1439934122 err=7128
[ERR] seq=1439934123 err=6984
[SEU] addr=20003190 bit=00000007
[ERR] seq=1439934124 err=7824
[ERR] seq=1439934125 err=6600
[ERR] seq=1439934126 err=6616
[ERR] seq=1439934127 err=6352
[ERR] seq=1439934128 err=6208
[SEU] addr=20003145 bit=00000007
[SAMPLE QUEUE CORRUPTED] primary repaired
[ERR] seq=1439934129 err=6040
[ERR] seq=1439934130 err=5896
[ERR] seq=1439934131 err=5728
[ERR] seq=1439934132 err=5568
[ERR] seq=1439934133 err=5400
[ERR] seq=1439934134 err=5240
[ERR] seq=1439934135 err=5064
[ERR] seq=1439934136 err=4912
[ERR] seq=1439934137 err=4736
[SEU] addr=20003162 bit=00000000
[ERR] seq=1439934138 err=4560
[ERR] seq=1439934139 err=4392
[ERR] seq=1439934140 err=4216
[ERR] seq=1439934141 err=4048
[ERR] seq=1439934142 err=3880
[ERR] seq=1439934143 err=3712
[ERR] seq=1439934144 err=3520
[ERR] seq=1439934145 err=3352
[ERR] seq=1439934146 err=3176
[ERR] seq=1439934147 err=3008
[SEU] addr=200031A1 bit=00000000
[ERR] seq=1439934148 err=2824
[ERR] seq=1439934149 err=2664
[ERR] seq=1439934150 err=2488
[ERR] seq=1439934151 err=2320
[ERR] seq=1439934152 err=2128
[ERR] seq=1439934153 err=1968
[ERR] seq=1439934154 err=1848
[ERR] seq=1439934155 err=1712
[ERR] seq=1439934156 err=1888
[SEU] addr=2000316D bit=00000004
[ERR] seq=1439934157 err=1872
[ERR] seq=1439934158 err=1920
[ERR] seq=1439934159 err=1920
[ERR] seq=1439934160 err=1936
[ERR] seq=1439934161 err=1936
[ERR] seq=1439934162 err=1984
[ERR] seq=1439934163 err=1968
[ERR] seq=1439934164 err=2048
[ERR] seq=1439934165 err=2128
[SEU] addr=200031AF bit=00000000
[ERR] seq=1439934166 err=2272
[ERR] seq=1439934167 err=2448
[ERR] seq=1439934168 err=2600
[ERR] seq=1439934169 err=2760
[SEU] addr=2000316F bit=00000006
[ERR] seq=1439934170 err=2920
[ERR] seq=1439934171 err=3072
[SEU] addr=2000315C bit=00000003
[CMD QUEUE backup CORRUPTED] backup repaired
[ERR] seq=1439934172 err=3256
[ERR] seq=1439934173 err=3392
[ERR] seq=1439934174 err=3552
[SEU] addr=200031C3 bit=00000003
[ERR] seq=1439934175 err=3696
[ERR] seq=1439934176 err=3864
[ERR] seq=1439934177 err=4016
[ERR] seq=1439934178 err=4168
[ERR] seq=1439934179 err=4304
[SEU] addr=200031A4 bit=00000002
[ERR] seq=1439934180 err=4464
[ERR] seq=1439934181 err=4624
[SEU] addr=200031CB bit=00000002
[ERR] seq=1439934182 err=4744
[ERR] seq=1439934183 err=4904
[ERR] seq=1439934184 err=5056
[ERR] seq=1439934185 err=5184
[ERR] seq=1439934186 err=5320
[ERR] seq=1439934187 err=5456
[SEU] addr=2000316F bit=00000004
[ERR] seq=1439934188 err=5616
[ERR] seq=1439934189 err=5744
[ERR] seq=1439934190 err=5864
[ERR] seq=1439934191 err=6000
[SEU] addr=200031D1 bit=00000001
[ERR] seq=1439934192 err=6152
[ERR] seq=1439934193 err=6272
[ERR] seq=1439934194 err=6376
[ERR] seq=1439934195 err=6520
[ERR] seq=1439934196 err=6640
[ERR] seq=1439934197 err=6768
[ERR] seq=1439934198 err=6888
[ERR] seq=1439934199 err=6992
[ERR] seq=1439934200 err=7104
[SEU] addr=200031B6 bit=00000000
[ERR] seq=1439934201 err=7248
[ERR] seq=1439934202 err=7328
[ERR] seq=1439934203 err=7456
[ERR] seq=1439934204 err=7560
[ERR] seq=1439934205 err=7680
[ERR] seq=1439934206 err=7776
[ERR] seq=1439934207 err=7896
[ERR] seq=1439934208 err=5936
[ERR] seq=1439934209 err=6184
[SEU] addr=20003168 bit=00000003
[ERR] seq=1439934210 err=6128
[ERR] seq=1439934211 err=6256
[SEU] addr=200031AF bit=00000000
[ERR] seq=1439934212 err=6344
[ERR] seq=1439934213 err=6432
[ERR] seq=1439934214 err=6528
[ERR] seq=1439934215 err=6616
[ERR] seq=1439934216 err=6720
[ERR] seq=1439934217 err=6792
[ERR] seq=1439934218 err=6872
[SEU] addr=200031BE bit=00000002
[ERR] seq=1439934219 err=6952
[ERR] seq=1439934220 err=7056
[ERR] seq=1439934221 err=7112
[ERR] seq=1439934222 err=7192
[ERR] seq=1439934223 err=7264
[SEU] addr=2000316C bit=00000003
[ERR] seq=1439934224 err=7336
[ERR] seq=1439934225 err=7408
[ERR] seq=1439934226 err=7440
[ERR] seq=1439934227 err=7536
[ERR] seq=1439934228 err=7592
[ERR] seq=1439934229 err=7640
[ERR] seq=1439934230 err=7704
[SEU] addr=200031D3 bit=00000002
[ERR] seq=1439934231 err=7768
[ERR] seq=1439934232 err=7800
[ERR] seq=1439934233 err=7856
[SEU] addr=200031CF bit=00000002
[ERR] seq=1439934234 err=7920
[ERR] seq=1439934235 err=7952
[ERR] seq=1439934236 err=8008
[ERR] seq=1439934237 err=8048
[ERR] seq=1439934238 err=8072
[ERR] seq=1439934239 err=8120
[ERR] seq=1439934240 err=8128
[ERR] seq=1439934241 err=8184
[ERR] seq=1439934242 err=8224
[SEU] addr=200031BD bit=00000003
[ERR] seq=1439934243 err=8248
[ERR] seq=1439934244 err=8280
[ERR] seq=1439934245 err=8304
[ERR] seq=1439934246 err=8304
[ERR] seq=1439934247 err=8336
[SEU] addr=200031A2 bit=00000000
[ERR] seq=1439934248 err=8368
[ERR] seq=1439934249 err=8360
[ERR] seq=1439934250 err=8368
[ERR] seq=1439934251 err=8384
[ERR] seq=1439934252 err=8392
[ERR] seq=1439934253 err=8400
[ERR] seq=1439934254 err=8400
[SEU] addr=200031B6 bit=00000005
[ERR] seq=1439934255 err=8408
[ERR] seq=1439934256 err=8408
[ERR] seq=1439934257 err=8400
[ERR] seq=1439934258 err=8384
[ERR] seq=1439934259 err=8384
[ERR] seq=1439934260 err=8376
[ERR] seq=1439934261 err=8360
[ERR] seq=1439934262 err=8360
[ERR] seq=1439934263 err=8336
[SEU] addr=20003153 bit=00000005
[ERR] seq=1439934264 err=8320
[ERR] seq=1439934265 err=8304
[ERR] seq=1439934266 err=8272
[ERR] seq=1439934267 err=8256
[ERR] seq=1439934268 err=8232
[ERR] seq=1439934269 err=8184
[ERR] seq=1439934270 err=8144
[SEU] addr=20003178 bit=00000006
[ERR] seq=1439934271 err=8120
[ERR] seq=1439934272 err=8080
[SEU] addr=200031D7 bit=00000002
[ERR] seq=1372825409 err=984
[ERR] seq=1372825410 err=1672
[ERR] seq=1372825411 err=1216
[ERR] seq=1372825412 err=1472
[ERR] seq=1372825413 err=1576
[ERR] seq=1372825414 err=1720
[ERR] seq=1372825415 err=1896
[ERR] seq=1372825416 err=2048
[SEU] addr=20003181 bit=00000004
[ERR] seq=1372825417 err=2216
[ERR] seq=1372825418 err=2360
[ERR] seq=1372825419 err=2536
[ERR] seq=1372825420 err=2688
[ERR] seq=1372825421 err=2832
[ERR] seq=1372825422 err=2992
[ERR] seq=1372825423 err=3144
[ERR] seq=1372825424 err=3312
[ERR] seq=1372825425 err=3480
[SEU] addr=20003185 bit=00000006
[ERR] seq=1372825426 err=7264
[SEU] addr=200031A4 bit=00000003
[ERR] seq=1372825427 err=3472
[ERR] seq=1372825428 err=4216
[ERR] seq=1372825429 err=4000
[ERR] seq=1372825430 err=4224
[ERR] seq=1372825431 err=4336
[ERR] seq=1372825432 err=4496
[ERR] seq=1372825433 err=4632
[SEU] addr=20003183 bit=00000003
[ERR] seq=1372825434 err=4752
[ERR] seq=1372825435 err=4920
[SEU] addr=200031CB bit=00000004
[ERR] seq=1372825436 err=5024
[ERR] seq=1372825437 err=5176
[ERR] seq=1372825438 err=5296
[ERR] seq=1372825439 err=5448
[ERR] seq=1372825440 err=5944
[SEU] addr=200031BF bit=00000001
[ERR] seq=1372825441 err=6024
[ERR] seq=1372825442 err=6192
[ERR] seq=1372825443 err=6320
[ERR] seq=1372825444 err=6448
[ERR] seq=1372825445 err=6552
[ERR] seq=1372825446 err=6696
[SEU] addr=2000317A bit=00000007
[ERR] seq=1372825447 err=6800
[ERR] seq=1372825448 err=6920
[ERR] seq=1372825449 err=7040
[ERR] seq=1372825450 err=7112
[ERR] seq=1372825451 err=7232
[ERR] seq=1372825452 err=7344
[ERR] seq=1372825453 err=7456
[ERR] seq=1372825454 err=7520
[ERR] seq=1372825455 err=7640
[SEU] addr=2000316D bit=00000003
[ERR] seq=1372825456 err=7712
[ERR] seq=1372825457 err=7816
[SEU] addr=2000314C bit=00000005
[SAMPLE QUEUE backup CORRUPTED] backup repaired
[ERR] seq=1372825458 err=7864
[ERR] seq=1372825459 err=7992
[ERR] seq=1372825460 err=8080
[ERR] seq=1372825461 err=8144
[ERR] seq=1372825462 err=8208
[ERR] seq=1372825463 err=8296
[ERR] seq=1372825464 err=8368
[SEU] addr=20003160 bit=00000005
[CMD QUEUE backup CORRUPTED] backup repaired
[ERR] seq=1372825465 err=8432
[ERR] seq=1372825466 err=8496
[ERR] seq=1372825467 err=8536
[ERR] seq=1372825468 err=8616
[ERR] seq=1372825469 err=8656
[ERR] seq=1372825470 err=8704
[ERR] seq=1372825471 err=8752
[ERR] seq=1372825472 err=8808
[SEU] addr=200031D5 bit=00000006
[ERR] seq=1372841857 err=1304
[ERR] seq=1372841858 err=1728
[ERR] seq=1372841859 err=928
[SEU] addr=20003176 bit=00000004
[ERR] seq=1372841860 err=888
[ERR] seq=1372841861 err=648
[ERR] seq=1372841862 err=504
[ERR] seq=1372841863 err=328
[ERR] seq=1372841864 err=200
[ERR] seq=1372841865 err=56
[ERR] seq=1372841866 err=168
[ERR] seq=1372841867 err=336
[ERR] seq=1372841868 err=480
[SEU] addr=200031D6 bit=00000004
[ERR] seq=1371793293 err=264
[ERR] seq=1371793294 err=240
[ERR] seq=1371793295 err=272
[SEU] addr=200031AD bit=00000001
[ERR] seq=1371793296 err=304
[ERR] seq=1371793297 err=320
[SEU] addr=200031AB bit=00000004
[ERR] seq=1371793298 err=328
[ERR] seq=1371793299 err=344
[ERR] seq=1371793300 err=360
[ERR] seq=1371793301 err=384
[ERR] seq=1371793302 err=376
[ERR] seq=1371793303 err=392
[ERR] seq=1371793304 err=408
[ERR] seq=1371793305 err=432
[ERR] seq=1371793306 err=432
[SEU] addr=20003151 bit=00000007
[ERR] seq=1371793307 err=456
[ERR] seq=1371793308 err=440
[ERR] seq=1371793309 err=456
[ERR] seq=1371793310 err=456
[ERR] seq=1371793311 err=472
[ERR] seq=1371793312 err=480
[ERR] seq=1371793313 err=496
[ERR] seq=1371793314 err=472
[SEU] addr=20003145 bit=00000001
[SAMPLE QUEUE CORRUPTED] primary repaired
[ERR] seq=1371793315 err=472
[ERR] seq=1371793316 err=480
[ERR] seq=1371793317 err=488
[SEU] addr=20003178 bit=00000002
[ERR] seq=1371793318 err=504
[ERR] seq=1371793319 err=496
[ERR] seq=1371793320 err=888
[SEU] addr=20003176 bit=00000007
[ERR] seq=1371793321 err=840
[ERR] seq=1371793322 err=864
[ERR] seq=1371793323 err=872
[ERR] seq=1371793324 err=896
[ERR] seq=1371793325 err=880
[SEU] addr=20003186 bit=00000003
[ERR] seq=1371793326 err=4992
[ERR] seq=1371793327 err=552
[ERR] seq=1371793328 err=1240
[ERR] seq=1371793329 err=840
[ERR] seq=1371793330 err=528
[ERR] seq=1371793331 err=536
[ERR] seq=1371793332 err=512
[ERR] seq=1371793333 err=512
[ERR] seq=1371793334 err=496
[SEU] addr=2000318E bit=00000002
[ERR] seq=1371793335 err=2097656
[ERR] seq=1371793336 err=168016
[ERR] seq=1371793337 err=181664
[SEU] addr=20003163 bit=00000007
[ERR] seq=1371793338 err=28144
[ERR] seq=1371793339 err=17192
[ERR] seq=1371793340 err=3816
[ERR] seq=1371793341 err=2096
[ERR] seq=1371793342 err=640
[ERR] seq=1371793343 err=608
[SEU] addr=2000319E bit=00000000
[ERR] seq=1371793344 err=424
[ERR] seq=1371793345 err=464
[ERR] seq=1371793346 err=440
[ERR] seq=1371793347 err=440
[SEU] addr=2000316D bit=00000004
[ERR] seq=1371793348 err=440
[ERR] seq=1371793349 err=416
[ERR] seq=1371793350 err=384
[ERR] seq=1371793351 err=408
[ERR] seq=1371793352 err=360
[ERR] seq=1371793353 err=384
[ERR] seq=1371793354 err=6480
[ERR] seq=1371793355 err=5976
[SEU] addr=2000318E bit=00000001
[ERR] seq=1371793356 err=1055088
[SEU] addr=20003147 bit=00000002
[SAMPLE QUEUE CORRUPTED] primary repaired
[ERR] seq=1371793357 err=86080
[ERR] seq=1371793358 err=97016
[SEU] addr=2000314F bit=00000000
[SAMPLE QUEUE backup CORRUPTED] backup repaired
[ERR] seq=1371793359 err=16144
[ERR] seq=1371793360 err=14768
[ERR] seq=1371793361 err=4608
[ERR] seq=1371793362 err=7160
[ERR] seq=1371793363 err=6136
[ERR] seq=1371793364 err=6424
[SEU] addr=20003161 bit=00000006
[ERR] seq=1371793365 err=6296
[ERR] seq=1371793366 err=6280
[ERR] seq=1371793367 err=6272
[ERR] seq=1371793368 err=6264
[ERR] seq=1371793369 err=6232
[ERR] seq=1371793370 err=6192
[ERR] seq=1371793371 err=6192
[ERR] seq=1371793372 err=6184
[SEU] addr=2000314A bit=00000006
[ERR] seq=1371793373 err=6152
[ERR] seq=1371793374 err=6128
[ERR] seq=1371793375 err=6096
[SEU] addr=20003182 bit=00000004
[ERR] seq=1371793376 err=6096
[ERR] seq=1371793377 err=6072
[ERR] seq=1371793378 err=6048
[ERR] seq=1371793379 err=6024
[ERR] seq=1371793380 err=6008
[ERR] seq=1371793381 err=6000
[SEU] addr=200031A1 bit=00000002
[ERR] seq=1371793382 err=5952
[ERR] seq=1371793383 err=5952
[ERR] seq=1371793384 err=5920
[ERR] seq=1371793385 err=5912
[ERR] seq=1371793386 err=5896
[ERR] seq=1371793387 err=5848
[ERR] seq=1371793388 err=5848
[ERR] seq=1371793389 err=5824
[ERR] seq=1371793390 err=5800
[SEU] addr=2000318B bit=00000002
[ERR] seq=1371793391 err=536873024
[ERR] seq=1371793392 err=42955424
[ERR] seq=1371793393 err=46387760
[ERR] seq=1371793394 err=7152520
[SEU] addr=200031C2 bit=00000004
[ERR] seq=1371793395 err=4284720
[ERR] seq=1371793396 err=920016
[ERR] seq=1371793397 err=417896
[ERR] seq=1371793398 err=112016
[ERR] seq=1371793399 err=43904
[SEU] addr=200031C9 bit=00000004
[ERR] seq=1371793400 err=17424
[ERR] seq=1371793401 err=6424
[ERR] seq=1371793402 err=6808
[ERR] seq=1371793403 err=5064
[ERR] seq=1371793404 err=5632
[ERR] seq=1371793405 err=5416
[ERR] seq=1371793406 err=5456
[ERR] seq=1371793407 err=5432
[ERR] seq=1371793408 err=744
[SEU] addr=2000316A bit=00000001
[ERR] seq=1371793409 err=384
[ERR] seq=1371793410 err=808
[ERR] seq=1371793411 err=744
[ERR] seq=1371793412 err=800
[ERR] seq=1371793413 err=808
[ERR] seq=1371793414 err=832
[ERR] seq=1371793415 err=848
[ERR] seq=1371793416 err=864
[SEU] addr=20003180 bit=00000000
[ERR] seq=1371793417 err=888
[ERR] seq=1371793418 err=896
[ERR] seq=1371793419 err=920
[ERR] seq=1371793420 err=928
[ERR] seq=1371793421 err=960
[ERR] seq=1371793422 err=976
[ERR] seq=1371793423 err=992
[SEU] addr=2000314C bit=00000003
[SAMPLE QUEUE backup CORRUPTED] backup repaired
[ERR] seq=1371793424 err=1016
[ERR] seq=1371793425 err=1032
[ERR] seq=1371793426 err=1056
[ERR] seq=1371793427 err=1064
[ERR] seq=1371793428 err=1072
[ERR] seq=1371793429 err=1096
[ERR] seq=1371793430 err=1136
[SEU] addr=200031B3 bit=00000006
[ERR] seq=1371793431 err=1144
[ERR] seq=1371793432 err=1160
[ERR] seq=1371793433 err=1184
[SEU] addr=200031B6 bit=00000007
[ERR] seq=1371793434 err=1184
[ERR] seq=1371793435 err=1208
[ERR] seq=1371793436 err=1208
[ERR] seq=1371793437 err=1240
[ERR] seq=1371793438 err=1256
[ERR] seq=1371793439 err=1256
[ERR] seq=1371793440 err=1288
[ERR] seq=1371793441 err=1288
[ERR] seq=1371793442 err=1312
[ERR] seq=1371793443 err=1312
[SEU] addr=200031BF bit=00000000
[ERR] seq=1371793444 err=1336
[ERR] seq=1371793445 err=1344
[SEU] addr=200031C8 bit=00000006
[ERR] seq=1371793446 err=1376
[ERR] seq=1371793447 err=1376
[ERR] seq=1371793448 err=1376
[ERR] seq=1371793449 err=1400
[ERR] seq=1371793450 err=1416
[ERR] seq=1371793451 err=1432
[ERR] seq=1371793452 err=1424
[ERR] seq=1371793453 err=1464
[ERR] seq=1371793454 err=1456
[ERR] seq=1371793455 err=1480
[SEU] addr=20003145 bit=00000003
[SAMPLE QUEUE CORRUPTED] primary repaired
[ERR] seq=1371793456 err=1488
[ERR] seq=1371793457 err=1496
[ERR] seq=1371793458 err=1528
[ERR] seq=1371793459 err=1520
[ERR] seq=1371793460 err=1528
[SEU] addr=20003180 bit=00000006
[ERR] seq=1371793461 err=1544
[ERR] seq=1371793462 err=1552
[ERR] seq=1371793463 err=1560
[ERR] seq=1371793464 err=1576
[ERR] seq=1371793465 err=1584
[ERR] seq=1371793466 err=1592
[ERR] seq=1371793467 err=1608
[SEU] addr=200031B6 bit=00000006
[ERR] seq=1371793468 err=1600
[ERR] seq=1371793469 err=1632
[ERR] seq=1371793470 err=1632
[ERR] seq=1371793471 err=1640
[ERR] seq=1371793472 err=1664
[SEU] addr=20003175 bit=00000004
[ERR] seq=1371793473 err=1664
[ERR] seq=1371793474 err=1688
[ERR] seq=1371793475 err=1688
[ERR] seq=1371793476 err=1688
[ERR] seq=1371793477 err=1712
[ERR] seq=1371793478 err=1720
[ERR] seq=1371793479 err=1712
[ERR] seq=1371793480 err=1720
[ERR] seq=1371793481 err=1736
[ERR] seq=1371793482 err=1744
[SEU] addr=200031A5 bit=00000002
[ERR] seq=1371793483 err=1752
[ERR] seq=1371793484 err=1752
[ERR] seq=1371793485 err=1760
[SEU] addr=2000319B bit=00000003
[ERR] seq=1371793486 err=1776
[ERR] seq=1371793487 err=1768
[ERR] seq=1371793488 err=1776
[ERR] seq=1371793489 err=1776
[ERR] seq=1371793490 err=1792
[ERR] seq=1371793491 err=1792
[SEU] addr=20003154 bit=00000004
[CMD QUEUE CORRUPTED] primary repaired
[ERR] seq=1371793492 err=1784
[ERR] seq=1371793493 err=1808
[ERR] seq=1371793494 err=1784
[ERR] seq=1371793495 err=1824
[SEU] addr=200031C1 bit=00000002
[ERR] seq=1371793496 err=1800
[ERR] seq=1371793497 err=1824
[ERR] seq=1371793498 err=1824
[ERR] seq=1371793499 err=1848
[ERR] seq=1371793500 err=1824
[ERR] seq=1371793501 err=1848
[ERR] seq=1371793502 err=1832
[SEU] addr=20003181 bit=00000007
[ERR] seq=1371793503 err=1840
[ERR] seq=1371793504 err=1840
[ERR] seq=1371793505 err=1840
[ERR] seq=1371793506 err=1848
[ERR] seq=1371793507 err=1832
[ERR] seq=1371793508 err=1848
[ERR] seq=1371793509 err=1832
[ERR] seq=1371793510 err=1864
[ERR] seq=1371793511 err=1824
[SEU] addr=200031C0 bit=00000004
[ERR] seq=1371793512 err=1840
[ERR] seq=1371793513 err=1832
[ERR] seq=1371793514 err=1848
[ERR] seq=1371793515 err=1840
[ERR] seq=1371793516 err=1816
[ERR] seq=1371793517 err=1832
[ERR] seq=1371793518 err=1808
[ERR] seq=1371793519 err=1824
[ERR] seq=1371793520 err=1776
[SEU] addr=20003153 bit=00000003
[ERR] seq=1371793521 err=1816
[ERR] seq=1371793522 err=1784
[ERR] seq=1371793523 err=1816
[ERR] seq=1371793524 err=1768
[SEU] addr=20003149 bit=00000000
[ERR] seq=1371793525 err=1800
[ERR] seq=1371793526 err=1768
[SEU] addr=200031C3 bit=00000004
[ERR] seq=1371793527 err=1784
[ERR] seq=1371793528 err=1768
[ERR] seq=1371793529 err=1760
[ERR] seq=1371793530 err=1760
[SEU] addr=2000316D bit=00000000
[ERR] seq=1371793531 err=1752
[ERR] seq=1371793532 err=1736
[ERR] seq=1371793533 err=1736
[ERR] seq=1371793534 err=1728
[ERR] seq=1371793535 err=1712
[ERR] seq=1371793536 err=1712
[ERR] seq=1371793537 err=1712
[SEU] addr=200031AA bit=00000001
[ERR] seq=1371793538 err=1696
[SEU] addr=20003183 bit=00000004
[ERR] seq=1371793539 err=1688
[ERR] seq=1371793540 err=1680
[ERR] seq=1371793541 err=1664
[ERR] seq=1371793542 err=1672
[ERR] seq=1371793543 err=1640
[ERR] seq=1371793544 err=1632
[ERR] seq=1371793545 err=1632
[ERR] seq=1371793546 err=1608
[ERR] seq=1371793547 err=1616
[SEU] addr=200031B1 bit=00000001
[ERR] seq=1371793548 err=1576
[ERR] seq=1371793549 err=1592
[ERR] seq=1371793550 err=1584
[ERR] seq=1371793551 err=1560
[ERR] seq=1371793552 err=1544
[SEU] addr=20003189 bit=00000004
[ERR] seq=1371793553 err=34312
[ERR] seq=1371793554 err=2448
[SEU] addr=2000314A bit=00000000
[ERR] seq=1371793555 err=4344
[ERR] seq=1371793556 err=1096
[ERR] seq=1371793557 err=1752
[ERR] seq=1371793558 err=1448
[ERR] seq=1371793559 err=1504
[SEU] addr=200031AE bit=00000001
[ERR] seq=1371793560 err=1448
[ERR] seq=1371793561 err=1456
[ERR] seq=1371793562 err=1448
[ERR] seq=1371793563 err=1432
[SEU] addr=200031A6 bit=00000003
[ERR] seq=1371793564 err=1408
[SEU] addr=200031B5 bit=00000003
[ERR] seq=1371793565 err=1416
[ERR] seq=1371793566 err=1376
[ERR] seq=1371793567 err=1384
[ERR] seq=1371793568 err=1368
[ERR] seq=1371793569 err=1344
[ERR] seq=1371793570 err=1344
[ERR] seq=1371793571 err=1320
[ERR] seq=1371793572 err=1296
[ERR] seq=1371793573 err=1296
[SEU] addr=200031D6 bit=00000005
[ERR] seq=1373890726 err=10016
[ERR] seq=1373890727 err=9280
[ERR] seq=1373890728 err=10368
[ERR] seq=1373890729 err=10352
[SEU] addr=200031B3 bit=00000004
[ERR] seq=1373890730 err=10568
[SEU] addr=200031BC bit=00000001
[ERR] seq=1373890731 err=10680
[ERR] seq=1373890732 err=10816
[ERR] seq=1373890733 err=10920
[ERR] seq=1373890734 err=11032
[ERR] seq=1373890735 err=11136
[ERR] seq=1373890736 err=11256
[SEU] addr=20003162 bit=00000002
[ERR] seq=1373890737 err=11360
[ERR] seq=1373890738 err=11456
[ERR] seq=1373890739 err=11536
[ERR] seq=1373890740 err=11648
[ERR] seq=1373890741 err=11744
[ERR] seq=1373890742 err=11816
[ERR] seq=1373890743 err=11896
[SEU] addr=2000314E bit=00000006
[SAMPLE QUEUE backup CORRUPTED] backup repaired
[ERR] seq=1373890744 err=11984
[ERR] seq=1373890745 err=12048
[ERR] seq=1373890746 err=12128
[ERR] seq=1373890747 err=12168
[ERR] seq=1373890748 err=12240
[SEU] addr=200031BF bit=00000002
[ERR] seq=1373890749 err=12304
[ERR] seq=1373890750 err=12352
[ERR] seq=1373890751 err=12392
[ERR] seq=1373890752 err=12456
[ERR] seq=1373890753 err=12504
[ERR] seq=1373890754 err=12488
[ERR] seq=1373890755 err=12584
[SEU] addr=2000315C bit=00000000
[CMD QUEUE backup CORRUPTED] backup repaired
[ERR] seq=1373890756 err=12576
[ERR] seq=1373890757 err=12608
[ERR] seq=1373890758 err=12624
[ERR] seq=1373890759 err=12648
[ERR] seq=1373890760 err=12656
[ERR] seq=1373890761 err=12672
[ERR] seq=1373890762 err=14712
[ERR] seq=1373890763 err=14544
[ERR] seq=1373890764 err=14736
[ERR] seq=1373890765 err=14688
[SEU] addr=200031A3 bit=00000006
[ERR] seq=1373890766 err=14696
[ERR] seq=1373890767 err=14688
[ERR] seq=1373890768 err=14656
[ERR] seq=1373890769 err=14648
[ERR] seq=1373890770 err=14616
[ERR] seq=1373890771 err=14592
[SEU] addr=200031CD bit=00000006
[ERR] seq=1373890772 err=14560
[ERR] seq=1373890773 err=14520
[ERR] seq=1373890774 err=14480
[ERR] seq=1373890775 err=14424
[ERR] seq=1373890776 err=14384
[ERR] seq=1373890777 err=14320
[SEU] addr=200031C2 bit=00000003
[ERR] seq=1373890778 err=14240
[ERR] seq=1373890779 err=14208
[ERR] seq=1373890780 err=14144
[ERR] seq=1373890781 err=14072
[ERR] seq=1373890782 err=13992
[ERR] seq=1373890783 err=13920
[SEU] addr=20003197 bit=00000003
[ERR] seq=1373890784 err=13832
[ERR] seq=1373890785 err=13744
[ERR] seq=1373890786 err=13648
[ERR] seq=1373890787 err=13560
[ERR] seq=1373890788 err=13456
[ERR] seq=1373890789 err=13368
[ERR] seq=1373890790 err=13248
[SEU] addr=20003180 bit=00000000
[ERR] seq=1373890791 err=13152
[ERR] seq=1373890792 err=13032
[ERR] seq=1373890793 err=12928
[ERR] seq=1373890794 err=12800
[ERR] seq=1373890795 err=12672
[ERR] seq=1373890796 err=12568
[ERR] seq=1373890797 err=12424
[SEU] addr=200031B0 bit=00000001
[ERR] seq=1373890798 err=12280
[ERR] seq=1373890799 err=12144
[SEU] addr=200031AB bit=00000001
[ERR] seq=1373890800 err=12016
[ERR] seq=1373890801 err=11872
[ERR] seq=1373890802 err=11728
[ERR] seq=1373890803 err=11568
[ERR] seq=1373890804 err=11432
[ERR] seq=1373890805 err=11272
[ERR] seq=1373890806 err=11104
[SEU] addr=200031D1 bit=00000005
[ERR] seq=1373890807 err=10944
[ERR] seq=1373890808 err=10784
[SEU] addr=2000319E bit=00000002
[ERR] seq=1373890809 err=10608
[ERR] seq=1373890810 err=10440
[ERR] seq=1373890811 err=10248
[ERR] seq=1373890812 err=10080
[ERR] seq=1373890813 err=9920
[ERR] seq=1373890814 err=9720
[ERR] seq=1373890815 err=9536
[ERR] seq=1373890816 err=7304
[SEU] addr=200031BC bit=00000003
[ERR] seq=1373890817 err=7288
[ERR] seq=1373890818 err=6888
[ERR] seq=1373890819 err=6752
[ERR] seq=1373890820 err=6520
[ERR] seq=1373890821 err=6320
[SEU] addr=200031C8 bit=00000000
[ERR] seq=1373890822 err=6128
[ERR] seq=1373890823 err=5920
[ERR] seq=1373890824 err=5720
[ERR] seq=1373890825 err=5520
[ERR] seq=1373890826 err=5304
[SEU] addr=2000317B bit=00000000
[ERR] seq=1373890827 err=5072
[ERR] seq=1373890828 err=4872
[ERR] seq=1373890829 err=4640
[SEU] addr=200031B5 bit=00000004
[ERR] seq=1373890830 err=4448
[ERR] seq=1373890831 err=4216
[ERR] seq=1373890832 err=4024
[SEU] addr=20003168 bit=00000006
[ERR] seq=1373890833 err=3784
[ERR] seq=1373890834 err=3544
[ERR] seq=1373890835 err=3344
[ERR] seq=1373890836 err=3128
[SEU] addr=200031D7 bit=00000006
[ERR] seq=300149013 err=6936
[ERR] seq=300149014 err=6472
[ERR] seq=300149015 err=6648
[ERR] seq=300149016 err=6456
[ERR] seq=300149017 err=6344
[ERR] seq=300149018 err=5808
[ERR] seq=300149019 err=5712
[ERR] seq=300149020 err=5528
[SEU] addr=200031BE bit=00000003
[ERR] seq=300149021 err=5368
[ERR] seq=300149022 err=5184
[ERR] seq=300149023 err=5056
[ERR] seq=300149024 err=4880
[ERR] seq=300149025 err=4712
[ERR] seq=300149026 err=4560
[ERR] seq=300149027 err=4376
[ERR] seq=300149028 err=4232
[SEU] addr=20003169 bit=00000005
[ERR] seq=300149029 err=4056
[ERR] seq=300149030 err=3896
[ERR] seq=300149031 err=3696
[SEU] addr=2000315A bit=00000004
[ERR] seq=300149032 err=3544
[ERR] seq=300149033 err=3368
[ERR] seq=300149034 err=3200
[ERR] seq=300149035 err=3032
[ERR] seq=300149036 err=2872
[ERR] seq=300149037 err=2672
[ERR] seq=300149038 err=2472
[ERR] seq=300149039 err=2320
[SEU] addr=2000317D bit=00000002
[ERR] seq=300149040 err=2128
[ERR] seq=300149041 err=1960
[ERR] seq=300149042 err=1784
[ERR] seq=300149043 err=1600
[ERR] seq=300149044 err=1416
[ERR] seq=300149045 err=1256
[SEU] addr=20003149 bit=00000006
[ERR] seq=300149046 err=1048
[ERR] seq=300149047 err=880
[ERR] seq=300149048 err=720
[ERR] seq=300149049 err=528
[SEU] addr=2000319E bit=00000003
[ERR] seq=300149050 err=328
[ERR] seq=300149051 err=176
[ERR] seq=300149052 err=72
[SEU] addr=2000319B bit=00000005
[ERR] seq=300149053 err=200
[ERR] seq=300149054 err=368
[SEU] addr=200031BA bit=00000006
[ERR] seq=300149055 err=536
[ERR] seq=300149056 err=712
[ERR] seq=300149057 err=888
[ERR] seq=300149058 err=1072
[ERR] seq=300149059 err=1232
[ERR] seq=300149060 err=1408
[ERR] seq=300149061 err=1576
[ERR] seq=300149062 err=1752
[SEU] addr=20003183 bit=00000004
[ERR] seq=300149063 err=1928
[ERR] seq=300149064 err=2056
[ERR] seq=300149065 err=2248
[ERR] seq=300149066 err=2416
[ERR] seq=300149067 err=2576
[ERR] seq=300149068 err=2728
[ERR] seq=300149069 err=2912
[ERR] seq=300149070 err=3080
[ERR] seq=300149071 err=3232
[SEU] addr=20003189 bit=00000004
[ERR] seq=300149072 err=36168
[ERR] seq=300149073 err=2256
[ERR] seq=300149074 err=6528
[SEU] addr=20003160 bit=00000002
[CMD QUEUE backup CORRUPTED] backup repaired
[ERR] seq=300149075 err=3432
[ERR] seq=300149076 err=4272
[SEU] addr=20003180 bit=00000000
[ERR] seq=300149077 err=4112
[ERR] seq=300149078 err=4336
[ERR] seq=300149079 err=4480
[ERR] seq=300149080 err=4608
[ERR] seq=300149081 err=4760
[ERR] seq=300149082 err=4912
[ERR] seq=300149083 err=5072
[ERR] seq=300149084 err=5208
[ERR] seq=300149085 err=5312
[SEU] addr=200031AD bit=00000005
[ERR] seq=300149086 err=5488
[ERR] seq=300149087 err=5616
[ERR] seq=300149088 err=5752
[SEU] addr=20003187 bit=00000002
[ERR] seq=300149089 err=8760
[ERR] seq=300149090 err=5784
[ERR] seq=300149091 err=6424
[SEU] addr=200031B8 bit=00000005
[ERR] seq=300149092 err=6224
[ERR] seq=300149093 err=6424
[ERR] seq=300149094 err=6528
[SEU] addr=200031C8 bit=00000002
[ERR] seq=300149095 err=6664
[ERR] seq=300149096 err=6768
[ERR] seq=300149097 err=6896
[ERR] seq=300149098 err=7016
[ERR] seq=300149099 err=7136
[ERR] seq=300149100 err=7240
[ERR] seq=300149101 err=7368
[ERR] seq=300149102 err=7448
[ERR] seq=300149103 err=7568
[SEU] addr=20003166 bit=00000001
[ERR] seq=300149104 err=7672
[ERR] seq=300149105 err=7768
[ERR] seq=300149106 err=7896
[ERR] seq=300149107 err=7976
[ERR] seq=300149108 err=8096
[ERR] seq=300149109 err=8184
[ERR] seq=300149110 err=8304
[ERR] seq=300149111 err=8384
[ERR] seq=300149112 err=8472
[SEU] addr=2000315A bit=00000006
[ERR] seq=300149113 err=8536
[ERR] seq=300149114 err=8656
[ERR] seq=300149115 err=8736
[ERR] seq=300149116 err=8808
[ERR] seq=300149117 err=8880
[ERR] seq=300149118 err=8984
[ERR] seq=300149119 err=9040
[ERR] seq=300149120 err=9112
[ERR] seq=300149121 err=9192
[SEU] addr=200031C7 bit=00000005
[ERR] seq=300149122 err=9248
[ERR] seq=300149123 err=9328
[ERR] seq=300149124 err=9376
[ERR] seq=300149125 err=9456
[ERR] seq=300149126 err=9512
[ERR] seq=300149127 err=9544
[SEU] addr=200031C9 bit=00000005
[ERR] seq=300149128 err=9608
[ERR] seq=300149129 err=9672
[ERR] seq=300149130 err=9704
[ERR] seq=300149131 err=9768
[ERR] seq=300149132 err=9808
[ERR] seq=300149133 err=9856
[ERR] seq=300149134 err=9896
[ERR] seq=300149135 err=9920
[ERR] seq=300149136 err=9968
[SEU] addr=20003174 bit=00000004
[ERR] seq=300149137 err=10000
[ERR] seq=300149138 err=10032
[ERR] seq=300149139 err=10064
[ERR] seq=300149140 err=10072
[ERR] seq=300149141 err=10120
[ERR] seq=300149142 err=10136
[ERR] seq=300149143 err=10152
[ERR] seq=300149144 err=10160
[ERR] seq=300149145 err=10184
[SEU] addr=200031CB bit=00000001
[ERR] seq=300149146 err=10200
[ERR] seq=300149147 err=10208
[ERR] seq=300149148 err=10200
[ERR] seq=300149149 err=10216
[ERR] seq=300149150 err=10224
[ERR] seq=300149151 err=10216
[ERR] seq=300149152 err=10224
[SEU] addr=2000315D bit=00000003
[CMD QUEUE backup CORRUPTED] backup repaired
[ERR] seq=300149153 err=10216
[ERR] seq=300149154 err=10208
[ERR] seq=300149155 err=10208
[ERR] seq=300149156 err=10192
[ERR] seq=300149157 err=10184
[SEU] addr=20003191 bit=00000000
[ERR] seq=300149158 err=12224
[ERR] seq=300149159 err=9992
[ERR] seq=300149160 err=10312
[ERR] seq=300149161 err=10088
[ERR] seq=300149162 err=10112
[ERR] seq=300149163 err=10056
[ERR] seq=300149164 err=10032
[ERR] seq=300149165 err=10008
[ERR] seq=300149166 err=9976
[ERR] seq=300149167 err=9928
[SEU] addr=200031A8 bit=00000003
[ERR] seq=300149168 err=9896
[ERR] seq=300149169 err=9856
[ERR] seq=300149170 err=9824
[ERR] seq=300149171 err=9776
[ERR] seq=300149172 err=9704
[ERR] seq=300149173 err=9672
[SEU] addr=200031C4 bit=00000006
[ERR] seq=300149174 err=9624
[ERR] seq=300149175 err=9568
[ERR] seq=300149176 err=9504
[ERR] seq=300149177 err=9464
[ERR] seq=300149178 err=9408
[ERR] seq=300149179 err=9328
[ERR] seq=300149180 err=9248
[ERR] seq=300149181 err=9208
[SEU] addr=20003186 bit=00000006
[ERR] seq=300149182 err=7864
[ERR] seq=300149183 err=9168
[ERR] seq=300149184 err=8864
[ERR] seq=300149185 err=8928
[ERR] seq=300149186 err=8816
[SEU] addr=20003181 bit=00000007
[ERR] seq=300149187 err=8744
[ERR] seq=300149188 err=8664
[ERR] seq=300149189 err=8560
[ERR] seq=300149190 err=8488
[ERR] seq=300149191 err=8392
[SEU] addr=2000317C bit=00000002
[ERR] seq=300149192 err=8312
[ERR] seq=300149193 err=8208
[ERR] seq=300149194 err=4008
[ERR] seq=300149195 err=4240
[ERR] seq=300149196 err=3760
[ERR] seq=300149197 err=3736
[ERR] seq=300149198 err=3592
[ERR] seq=300149199 err=3488
[SEU] addr=20003194 bit=00000006
[ERR] seq=300149200 err=3368
[ERR] seq=300149201 err=3328
[SEU] addr=20003160 bit=00000000
[CMD QUEUE backup CORRUPTED] backup repaired
[ERR] seq=300149202 err=3272
[ERR] seq=300149203 err=3248
[ERR] seq=300149204 err=3176
[SEU] addr=20003155 bit=00000002
[CMD QUEUE CORRUPTED] primary repaired
[ERR] seq=300149205 err=3104
[ERR] seq=300149206 err=3064
[ERR] seq=300149207 err=3016
[ERR] seq=300149208 err=2944
[ERR] seq=300149209 err=2888
[ERR] seq=300149210 err=2848
[ERR] seq=300149211 err=2760
[SEU] addr=20003154 bit=00000003
[CMD QUEUE CORRUPTED] primary repaired
[ERR] seq=300149212 err=2712
[ERR] seq=300149213 err=2640
[ERR] seq=300149214 err=2592
[ERR] seq=300149215 err=2528
[SEU] addr=20003188 bit=00000000
[ERR] seq=300149216 err=2464
[ERR] seq=300149217 err=2408
[SEU] addr=2000318E bit=00000004
[ERR] seq=300149218 err=8390952
[ERR] seq=300149219 err=672024
[ERR] seq=300149220 err=726976
[SEU] addr=20003192 bit=00000002
[ERR] seq=300149221 err=2209456
[ERR] seq=300149222 err=235128
[SEU] addr=2000315F bit=00000002
[CMD QUEUE backup CORRUPTED] backup repaired
[ERR] seq=300149223 err=195800
[ERR] seq=300149224 err=34824
[ERR] seq=300149225 err=18408
[ERR] seq=300149226 err=4608
[ERR] seq=300149227 err=3152
[ERR] seq=300149228 err=1360
[ERR] seq=300149229 err=1952
[ERR] seq=300149230 err=1880
[ERR] seq=300149231 err=2016
[ERR] seq=300149232 err=2112
[SEU] addr=20003174 bit=00000006
[ERR] seq=300149233 err=2192
[ERR] seq=300149234 err=2344
[ERR] seq=300149235 err=2424
[SEU] addr=2000318D bit=00000002
[ERR] seq=300149236 err=10720
[ERR] seq=300149237 err=1992
[ERR] seq=300149238 err=3456
[ERR] seq=300149239 err=2752
[SEU] addr=2000317F bit=00000004
[ERR] seq=300149240 err=3024
[ERR] seq=300149241 err=3056
[ERR] seq=300149242 err=3184
[ERR] seq=300149243 err=3304
[SEU] addr=20003159 bit=00000000
[ERR] seq=300149244 err=3392
[SEU] addr=20003187 bit=00000002
[ERR] seq=300149245 err=11368
[ERR] seq=300149246 err=3200
[ERR] seq=300149247 err=4320
[ERR] seq=300149248 err=384
[ERR] seq=300149249 err=264
[SEU] addr=2000318E bit=00000007
[ERR] seq=300149250 err=67108904
[ERR] seq=300149251 err=5368840
[SEU] addr=200031B8 bit=00000003
[ERR] seq=300149252 err=5798624
[ERR] seq=300149253 err=893640
[ERR] seq=300149254 err=536104
[ERR] seq=300149255 err=114744
[ERR] seq=300149256 err=53104
[ERR] seq=300149257 err=13912
[ERR] seq=300149258 err=6720
[ERR] seq=300149259 err=2256
[SEU] addr=20003160 bit=00000006
[CMD QUEUE backup CORRUPTED] backup repaired
[ERR] seq=300149260 err=2408
[ERR] seq=300149261 err=1896
[ERR] seq=300149262 err=2280
[ERR] seq=300149263 err=2368
[ERR] seq=300149264 err=2600
[SEU] addr=2000318B bit=00000003
[ERR] seq=300149265 err=1073741616
[SEU] addr=20003166 bit=00000000
[ERR] seq=300149266 err=85902296
[ERR] seq=300149267 err=92771056
[ERR] seq=300149268 err=14296936
[ERR] seq=300149269 err=8564920
[ERR] seq=300149270 err=1832328
[ERR] seq=300149271 err=831200
[ERR] seq=300149272 err=216784
[ERR] seq=300149273 err=83208
[ERR] seq=300149274 err=28000
[ERR] seq=300149275 err=8192
[SEU] addr=2000316B bit=00000002
[ERR] seq=300149276 err=7224
[ERR] seq=300149277 err=3944
[SEU] addr=200031D6 bit=00000001
[ERR] seq=300018206 err=1488
[ERR] seq=300018207 err=1584
[ERR] seq=300018208 err=1512
[ERR] seq=300018209 err=1664
[ERR] seq=300018210 err=1776
[SEU] addr=20003147 bit=00000004
[SAMPLE QUEUE CORRUPTED] primary repaired
[ERR] seq=300018211 err=1896
[ERR] seq=300018212 err=2024
[ERR] seq=300018213 err=2168
[ERR] seq=300018214 err=2288
[ERR] seq=300018215 err=2416
[ERR] seq=300018216 err=2560
[ERR] seq=300018217 err=2688
[ERR] seq=300018218 err=2800
[ERR] seq=300018219 err=2952
[SEU] addr=20003180 bit=00000006
[ERR] seq=300018220 err=3072
[SEU] addr=200031AD bit=00000003
[ERR] seq=300018221 err=3200
[ERR] seq=300018222 err=3304
[ERR] seq=300018223 err=3448
[ERR] seq=300018224 err=3568
[ERR] seq=300018225 err=3712
[SEU] addr=200031C9 bit=00000002
[ERR] seq=300018226 err=3808
[ERR] seq=300018227 err=3952
[ERR] seq=300018228 err=4064
[SEU] addr=200031D7 bit=00000006
[ERR] seq=1373760053 err=11624
[ERR] seq=1373760054 err=11088
[ERR] seq=1373760055 err=11784
[SEU] addr=200031C1 bit=00000003
[ERR] seq=1373760056 err=11728
[ERR] seq=1373760057 err=11856
[ERR] seq=1373760058 err=11856
[ERR] seq=1373760059 err=11896
[SEU] addr=200031C3 bit=00000002
[ERR] seq=1373760060 err=11944
[ERR] seq=1373760061 err=11968
[SEU] addr=200031B8 bit=00000000
[ERR] seq=1373760062 err=11968
[ERR] seq=1373760063 err=12000
[ERR] seq=1373760064 err=12016
[ERR] seq=1373760065 err=12032
[ERR] seq=1373760066 err=12016
[SEU] addr=200031AB bit=00000005
[ERR] seq=1373760067 err=12016
[ERR] seq=1373760068 err=12032
[ERR] seq=1373760069 err=12016
[ERR] seq=1373760070 err=12000
[ERR] seq=1373760071 err=11976
[ERR] seq=1373760072 err=11976
[ERR] seq=1373760073 err=11944
[ERR] seq=1373760074 err=11904
[ERR] seq=1373760075 err=11880
[ERR] seq=1373760076 err=11840
[SEU] addr=200031B5 bit=00000002
[ERR] seq=1373760077 err=11784
[ERR] seq=1373760078 err=11744
[ERR] seq=1373760079 err=11712
[ERR] seq=1373760080 err=11632
[ERR] seq=1373760081 err=11592
[ERR] seq=1373760082 err=11504
[ERR] seq=1373760083 err=11440
[SEU] addr=200031BC bit=00000001
[ERR] seq=1373760084 err=11376
[ERR] seq=1373760085 err=11304
[ERR] seq=1373760086 err=11216
[ERR] seq=1373760087 err=11120
[ERR] seq=1373760088 err=11056
[ERR] seq=1373760089 err=10960
[ERR] seq=1373760090 err=10872
[ERR] seq=1373760091 err=10768
[ERR] seq=1373760092 err=10680
[SEU] addr=20003163 bit=00000003
[ERR] seq=1373760093 err=10576
[ERR] seq=1373760094 err=10464
[SEU] addr=2000318E bit=00000004
[ERR] seq=1373760095 err=8398944
[ERR] seq=1373760096 err=675768
[SEU] addr=200031BE bit=00000000
[ERR] seq=1373760097 err=734888
[ERR] seq=1373760098 err=116224
[ERR] seq=1373760099 err=76768
[ERR] seq=1373760100 err=18728
[ERR] seq=1373760101 err=16096
[ERR] seq=1373760102 err=7808
[ERR] seq=1373760103 err=9968
[SEU] addr=200031CB bit=00000003
[ERR] seq=1373760104 err=9000
[ERR] seq=1373760105 err=9104
[ERR] seq=1373760106 err=8848
[ERR] seq=1373760107 err=8744
[ERR] seq=1373760108 err=8568
[ERR] seq=1373760109 err=8416
[ERR] seq=1373760110 err=8248
[SEU] addr=2000317F bit=00000003
[ERR] seq=1373760111 err=8080
[ERR] seq=1373760112 err=7920
[ERR] seq=1373760113 err=7760
[ERR] seq=1373760114 err=7576
[SEU] addr=2000315F bit=00000000
[CMD QUEUE backup CORRUPTED] backup repaired
[ERR] seq=1373760115 err=7384
[ERR] seq=1373760116 err=7232
[ERR] seq=1373760117 err=7048
[ERR] seq=1373760118 err=6864
[ERR] seq=1373760119 err=6696
[ERR] seq=1373760120 err=6504
[ERR] seq=1373760121 err=6320
[ERR] seq=1373760122 err=6136
[ERR] seq=1373760123 err=5944
[ERR] seq=1373760124 err=5776
[SEU] addr=20003162 bit=00000001
[ERR] seq=1373760125 err=5576
[ERR] seq=1373760126 err=5368
[ERR] seq=1373760127 err=5184
[ERR] seq=1373760128 err=4992
[ERR] seq=1373760129 err=4792
[ERR] seq=1373760130 err=4216
[ERR] seq=1373760131 err=4056
[ERR] seq=1373760132 err=3824
[SEU] addr=200031AA bit=00000007
[ERR] seq=1373760133 err=3616
[ERR] seq=1373760134 err=3424
[SEU] addr=20003196 bit=00000000
[ERR] seq=1373760135 err=3208
[ERR] seq=1373760136 err=3000
[ERR] seq=1373760137 err=2800
[ERR] seq=1373760138 err=2584
[ERR] seq=1373760139 err=2384
[ERR] seq=1373760140 err=2184
[ERR] seq=1373760141 err=1968
[SEU] addr=2000318D bit=00000000
[ERR] seq=1373760142 err=2872
[ERR] seq=1373760143 err=1696
[ERR] seq=1373760144 err=1176
[ERR] seq=1373760145 err=1160
[SEU] addr=200031C3 bit=00000000
[ERR] seq=1373760146 err=904
[ERR] seq=1373760147 err=720
[ERR] seq=1373760148 err=512
[ERR] seq=1373760149 err=264
[ERR] seq=1373760150 err=56
[ERR] seq=1373760151 err=160
[SEU] addr=2000317F bit=00000000
[ERR] seq=1373760152 err=376
[ERR] seq=1373760153 err=576
[ERR] seq=1373760154 err=808
[ERR] seq=1373760155 err=1000
[SEU] addr=20003164 bit=00000004
[ERR] seq=1373760156 err=1224
[ERR] seq=1373760157 err=1440
[ERR] seq=1373760158 err=1632
[ERR] seq=1373760159 err=1864
[ERR] seq=1373760160 err=2048
[ERR] seq=1373760161 err=2280
[ERR] seq=1373760162 err=2496
[ERR] seq=1373760163 err=2688
[ERR] seq=1373760164 err=2896
[ERR] seq=1373760165 err=3088
[SEU] addr=200031BC bit=00000003
[ERR] seq=1373760166 err=3312
[ERR] seq=1373760167 err=3512
[ERR] seq=1373760168 err=3696
[SEU] addr=200031A6 bit=00000002
[ERR] seq=1373760169 err=3904
[ERR] seq=1373760170 err=4120
[ERR] seq=1373760171 err=4304
[ERR] seq=1373760172 err=4504
[ERR] seq=1373760173 err=4688
[ERR] seq=1373760174 err=4880
[ERR] seq=1373760175 err=5088
[ERR] seq=1373760176 err=5248
[SEU] addr=200031B7 bit=00000002
[ERR] seq=1373760177 err=5456
[ERR] seq=1373760178 err=5640
[ERR] seq=1373760179 err=5832
[ERR] seq=1373760180 err=6000
[ERR] seq=1373760181 err=6200
[ERR] seq=1373760182 err=6376
[ERR] seq=1373760183 err=6528
[SEU] addr=20003148 bit=00000003
[SAMPLE QUEUE CORRUPTED] primary repaired
[ERR] seq=1373760184 err=6720
[ERR] seq=1373760185 err=6872
[ERR] seq=1373760186 err=7056
[ERR] seq=1373760187 err=7216
[ERR] seq=1373760188 err=7392
[ERR] seq=1373760189 err=7536
[ERR] seq=1373760190 err=7728
[ERR] seq=1373760191 err=7880
[ERR] seq=1373760192 err=8016
[SEU] addr=2000314D bit=00000000
[SAMPLE QUEUE backup CORRUPTED] backup repaired
[ERR] seq=1373760193 err=8168
[ERR] seq=1373760194 err=8344
[ERR] seq=1373760195 err=8496
[ERR] seq=1373760196 err=8608
[ERR] seq=1373760197 err=8752
[ERR] seq=1373760198 err=8904
[ERR] seq=1373760199 err=9056
[ERR] seq=1373760200 err=9160
[SEU] addr=200031A7 bit=00000003
[ERR] seq=1373760201 err=9296
[ERR] seq=1373760202 err=7400
[ERR] seq=1373760203 err=7688
[ERR] seq=1373760204 err=7608
[ERR] seq=1373760205 err=7784
[ERR] seq=1373760206 err=7888
[SEU] addr=20003186 bit=00000005
[ERR] seq=1373760207 err=1840
[ERR] seq=1373760208 err=8768
[SEU] addr=200031AD bit=00000005
[ERR] seq=1373760209 err=7504
[ERR] seq=1373760210 err=8416
[SEU] addr=2000316A bit=00000000
[ERR] seq=1373760211 err=8376
[ERR] seq=1373760212 err=8520
[ERR] seq=1373760213 err=8616
[ERR] seq=1373760214 err=8704
[ERR] seq=1373760215 err=8800
[ERR] seq=1373760216 err=8904
[ERR] seq=1373760217 err=8976
[ERR] seq=1373760218 err=9072
[ERR] seq=1373760219 err=9152
[SEU] addr=200031D2 bit=00000002
[ERR] seq=1373760220 err=9224
[ERR] seq=1373760221 err=9312
[ERR] seq=1373760222 err=9384
[ERR] seq=1373760223 err=9448
[ERR] seq=1373760224 err=9520
[SEU] addr=200031B8 bit=00000001
[ERR] seq=1373760225 err=9592
[ERR] seq=1373760226 err=9640
[ERR] seq=1373760227 err=9704
[SEU] addr=20003168 bit=00000004
[ERR] seq=1373760228 err=9744
[ERR] seq=1373760229 err=9816
[ERR] seq=1373760230 err=9888
[ERR] seq=1373760231 err=9920
[ERR] seq=1373760232 err=9952
[ERR] seq=1373760233 err=10008
[SEU] addr=20003167 bit=00000004
[ERR] seq=1373760234 err=10040
[ERR] seq=1373760235 err=10072
[ERR] seq=1373760236 err=10112
[ERR] seq=1373760237 err=10136
[SEU] addr=200031CC bit=00000002
[ERR] seq=1373760238 err=10168
[ERR] seq=1373760239 err=10200
[ERR] seq=1373760240 err=10208
[SEU] addr=200031D1 bit=00000006
[ERR] seq=1373760241 err=10232
[ERR] seq=1373760242 err=10248
[ERR] seq=1373760243 err=10248
[ERR] seq=1373760244 err=10264
[SEU] addr=2000317D bit=00000000
[ERR] seq=1373760245 err=10272
[ERR] seq=1373760246 err=10288
[SEU] addr=20003177 bit=00000002
[ERR] seq=1373760247 err=10272
[ERR] seq=1373760248 err=10288
[ERR] seq=1373760249 err=10264
[ERR] seq=1373760250 err=10280
[ERR] seq=1373760251 err=10248
[ERR] seq=1373760252 err=10248
[ERR] seq=1373760253 err=10232
[ERR] seq=1373760254 err=10224
[ERR] seq=1373760255 err=10192
[SEU] addr=2000314F bit=00000005
[SAMPLE QUEUE backup CORRUPTED] backup repaired
[ERR] seq=1373760256 err=12216
[ERR] seq=1373760257 err=12032
[ERR] seq=1373760258 err=12176
[ERR] seq=1373760259 err=12120
[ERR] seq=1373760260 err=12080
[SEU] addr=20003148 bit=00000001
[SAMPLE QUEUE CORRUPTED] primary repaired
[ERR] seq=1373760261 err=12056
[ERR] seq=1373760262 err=12024
[ERR] seq=1373760263 err=11976
[SEU] addr=20003160 bit=00000007
[CMD QUEUE backup CORRUPTED] backup repaired
[ERR] seq=1373760264 err=11928
[ERR] seq=1373760265 err=11872
[ERR] seq=1373760266 err=11808
[ERR] seq=1373760267 err=11768
[ERR] seq=1373760268 err=11688
[SEU] addr=2000316A bit=00000003
[ERR] seq=1373760269 err=11648
[ERR] seq=1373760270 err=11592
[ERR] seq=1373760271 err=11504
[ERR] seq=1373760272 err=11440
[ERR] seq=1373760273 err=11368
[ERR] seq=1373760274 err=11288
[ERR] seq=1373760275 err=11224
[ERR] seq=1373760276 err=11112
[ERR] seq=1373760277 err=11056
[SEU] addr=20003146 bit=00000000
[SAMPLE QUEUE CORRUPTED] primary repaired
[ERR] seq=1373760278 err=10960
[ERR] seq=1373760279 err=10856
[ERR] seq=1373760280 err=10776
[ERR] seq=1373760281 err=10672
[ERR] seq=1373760282 err=10584
[ERR] seq=1373760283 err=10488
[ERR] seq=1373760284 err=10368
[SEU] addr=2000319F bit=00000002
[ERR] seq=1373760285 err=10272
[ERR] seq=1373760286 err=10152
[SEU] addr=200031D6 bit=00000001
[ERR] seq=1373891359 err=8408
[ERR] seq=1373891360 err=8344
[ERR] seq=1373891361 err=8040
[ERR] seq=1373891362 err=7848
[ERR] seq=1373891363 err=7664
[ERR] seq=1373891364 err=7464
[ERR] seq=1373891365 err=7264
[ERR] seq=1373891366 err=7072
[SEU] addr=20003183 bit=00000002
[ERR] seq=1373891367 err=6864
[ERR] seq=1373891368 err=6656
[ERR] seq=1373891369 err=6448
[ERR] seq=1373891370 err=6248
[ERR] seq=1373891371 err=6048
[ERR] seq=1373891372 err=5832
[SEU] addr=20003184 bit=00000005
[ERR] seq=1373891373 err=8528
[ERR] seq=1373891374 err=5176
[ERR] seq=1373891375 err=5432
[ERR] seq=1373891376 err=4944
[ERR] seq=1373891377 err=4752
[ERR] seq=1373891378 err=4512
[ERR] seq=1373891379 err=4296
[SEU] addr=200031A3 bit=00000007
[ERR] seq=1373891380 err=4064
[ERR] seq=1373891381 err=3816
[SEU] addr=2000319B bit=00000002
[ERR] seq=1373891382 err=3616
[ERR] seq=1373891383 err=3384
[ERR] seq=1373891384 err=3144
[ERR] seq=1373891385 err=2912
[SEU] addr=20003160 bit=00000004
[CMD QUEUE backup CORRUPTED] backup repaired
[ERR] seq=1373891386 err=2680
[ERR] seq=1373891387 err=2464
[SEU] addr=2000316A bit=00000002
[ERR] seq=1373891388 err=2216
[ERR] seq=1373891389 err=1992
[ERR] seq=1373891390 err=1760
[ERR] seq=1373891391 err=1536
[ERR] seq=1373891392 err=1264
[ERR] seq=1373891393 err=1056
[ERR] seq=1373891394 err=840
[SEU] addr=20003154 bit=00000002
[CMD QUEUE CORRUPTED] primary repaired
[ERR] seq=1373891395 err=600
[ERR] seq=1373891396 err=368
[ERR] seq=1373891397 err=144
[SEU] addr=20003181 bit=00000001
[ERR] seq=1373891398 err=96
[ERR] seq=1373891399 err=344
[SEU] addr=2000317C bit=00000007
[ERR] seq=1373891400 err=952
[ERR] seq=1373891401 err=1120
[ERR] seq=1373891402 err=1376
[ERR] seq=1373891403 err=1624
[ERR] seq=1373891404 err=1848
[ERR] seq=1373891405 err=2080
[ERR] seq=1373891406 err=2304
[ERR] seq=1373891407 err=2544
[ERR] seq=1373891408 err=2776
[ERR] seq=1373891409 err=2984
[SEU] addr=200031C5 bit=00000000
[ERR] seq=1373891410 err=3200
[ERR] seq=1373891411 err=3432
[ERR] seq=1373891412 err=3648
[ERR] seq=1373891413 err=3896
[SEU] addr=2000319D bit=00000000
[ERR] seq=1373891414 err=4072
[ERR] seq=1373891415 err=4320
[ERR] seq=1373891416 err=4528
[ERR] seq=1373891417 err=4736
[ERR] seq=1373891418 err=4960
[ERR] seq=1373891419 err=5168
[ERR] seq=1373891420 err=5392
[ERR] seq=1373891421 err=5600
[SEU] addr=20003186 bit=00000000
[ERR] seq=1373891422 err=3808
[ERR] seq=1373891423 err=6168
[SEU] addr=20003151 bit=00000001
[ERR] seq=1373891424 err=6048
[ERR] seq=1373891425 err=6432
[ERR] seq=1373891426 err=6592
[ERR] seq=1373891427 err=6816
[SEU] addr=20003180 bit=00000005
[ERR] seq=1373891428 err=6992
[ERR] seq=1373891429 err=7208
[ERR] seq=1373891430 err=7360
[SEU] addr=200031CF bit=00000002
[ERR] seq=1373891431 err=7576
[ERR] seq=1373891432 err=7760
[ERR] seq=1373891433 err=7928
[ERR] seq=1373891434 err=8112
[SEU] addr=20003165 bit=00000006
[ERR] seq=1373891435 err=8280
[ERR] seq=1373891436 err=8464
[ERR] seq=1373891437 err=8632
[ERR] seq=1373891438 err=8800
[SEU] addr=20003194 bit=00000002
[ERR] seq=1373891439 err=8976
[ERR] seq=1373891440 err=9128
[ERR] seq=1373891441 err=9296
[ERR] seq=1373891442 err=9424
[ERR] seq=1373891443 err=9592
[ERR] seq=1373891444 err=9744
[ERR] seq=1373891445 err=9896
[ERR] seq=1373891446 err=10008
[SEU] addr=200031B3 bit=00000003
[ERR] seq=1373891447 err=10152
[SEU] addr=200031BA bit=00000000
[ERR] seq=1373891448 err=10304
[ERR] seq=1373891449 err=10416
[ERR] seq=1373891450 err=10568
[ERR] seq=1373891451 err=10680
[ERR] seq=1373891452 err=10816
[ERR] seq=1373891453 err=10920
[ERR] seq=1373891454 err=11032
[ERR] seq=1373891455 err=11136
[ERR] seq=1373891456 err=11256
[SEU] addr=200031A2 bit=00000001
[ERR] seq=1373891457 err=11360
[ERR] seq=1373891458 err=11456
[ERR] seq=1373891459 err=11536
[ERR] seq=1373891460 err=11648
[ERR] seq=1373891461 err=11744
[ERR] seq=1373891462 err=11816
[ERR] seq=1373891463 err=11896
[ERR] seq=1373891464 err=11984
[ERR] seq=1373891465 err=12048
[SEU] addr=200031AD bit=00000001
[ERR] seq=1373891466 err=12128
[ERR] seq=1373891467 err=12168
[ERR] seq=1373891468 err=12240
[ERR] seq=1373891469 err=12304
[SEU] addr=20003168 bit=00000004
[ERR] seq=1373891470 err=12352
[ERR] seq=1373891471 err=12392
[ERR] seq=1373891472 err=12456
[ERR] seq=1373891473 err=12504
[ERR] seq=1373891474 err=12488
[SEU] addr=200031A0 bit=00000000
[ERR] seq=1373891475 err=12584
[ERR] seq=1373891476 err=12576
[ERR] seq=1373891477 err=12608
[SEU] addr=2000318F bit=00000000
[ERR] seq=1373891478 err=134230352
[ERR] seq=1373891479 err=10743184
[ERR] seq=1373891480 err=11609056
[ERR] seq=1373891481 err=1792472
[ERR] seq=1373891482 err=1083304
[ERR] seq=1373891483 err=234344
[ERR] seq=1373891484 err=116600
[ERR] seq=1373891485 err=32368
[ERR] seq=1373891486 err=23080
[ERR] seq=1373891487 err=9688
[SEU] addr=200031AB bit=00000004
[ERR] seq=1373891488 err=13680
[ERR] seq=1373891489 err=12280
[ERR] seq=1373891490 err=12672
[ERR] seq=1373891491 err=12504
[ERR] seq=1373891492 err=12528
[ERR] seq=1373891493 err=12464
[ERR] seq=1373891494 err=12440
[ERR] seq=1373891495 err=12376
[ERR] seq=1373891496 err=12328
[SEU] addr=200031A3 bit=00000005
[ERR] seq=1373891497 err=12272
[ERR] seq=1373891498 err=12200
[ERR] seq=1373891499 err=12152
[SEU] addr=20003150 bit=00000006
[SAMPLE QUEUE backup CORRUPTED] backup repaired
[ERR] seq=1373891500 err=12096
[SEU] addr=20003149 bit=00000000
[ERR] seq=1373891501 err=12032
[ERR] seq=1373891502 err=11936
[ERR] seq=1373891503 err=11880
[SEU] addr=200031A9 bit=00000002
[ERR] seq=1373891504 err=11784
[SEU] addr=20003162 bit=00000004
[ERR] seq=1373891505 err=11688
[ERR] seq=1373891506 err=11608
[ERR] seq=1373891507 err=11504
[ERR] seq=1373891508 err=11416
[ERR] seq=1373891509 err=11312
[ERR] seq=1373891510 err=11208
[ERR] seq=1373891511 err=11096
[ERR] seq=1373891512 err=10984
[ERR] seq=1373891513 err=10888
[ERR] seq=1373891514 err=10744
[SEU] addr=200031CA bit=00000005
[ERR] seq=1373891515 err=10632
[SEU] addr=2000316C bit=00000000
[ERR] seq=1373891516 err=10520
[ERR] seq=1373891517 err=10368
[ERR] seq=1373891518 err=10232
[ERR] seq=1373891519 err=10104
[ERR] seq=1373891520 err=9968
[ERR] seq=1373891521 err=9816
[SEU] addr=200031AA bit=00000003
[ERR] seq=1373891522 err=9680
[ERR] seq=1373891523 err=9528
[ERR] seq=1373891524 err=9384
[ERR] seq=1373891525 err=9224
[SEU] addr=20003153 bit=00000000
[ERR] seq=1373891526 err=9048
[ERR] seq=1373891527 err=8896
[ERR] seq=1373891528 err=8736
[ERR] seq=1373891529 err=8568
[ERR] seq=1373891530 err=14528
[SEU] addr=20003171 bit=00000002
[ERR] seq=1373891531 err=13848
[ERR] seq=1373891532 err=14232
[SEU] addr=200031D4 bit=00000007
[ERR] seq=1373891405 err=8064
[ERR] seq=1373891406 err=8608
[ERR] seq=1373891407 err=8088
[ERR] seq=1373891408 err=8192
[SEU] addr=20003183 bit=00000005
[ERR] seq=1373891409 err=8160
[ERR] seq=1373891410 err=8176
[ERR] seq=1373891411 err=8176
[ERR] seq=1373891412 err=8200
[SEU] addr=2000314A bit=00000005
[ERR] seq=1373891413 err=8200
[ERR] seq=1373891414 err=8208
[ERR] seq=1373891415 err=8216
[ERR] seq=1373891416 err=8216
[ERR] seq=1373891417 err=8224
[ERR] seq=1373891418 err=8208
[ERR] seq=1373891419 err=8208
[ERR] seq=1373891420 err=8224
[SEU] addr=20003191 bit=00000006
[ERR] seq=1373891421 err=134248
[ERR] seq=1373891422 err=18696
[ERR] seq=1373891423 err=14488
[ERR] seq=1373891424 err=9952
[ERR] seq=1373891425 err=7152
[SEU] addr=200031C6 bit=00000007
[ERR] seq=1373891426 err=8408
[ERR] seq=1373891427 err=8064
[ERR] seq=1373891428 err=8208
[ERR] seq=1373891429 err=8144
[ERR] seq=1373891430 err=8128
[SEU] addr=20003147 bit=00000001
[SAMPLE QUEUE CORRUPTED] primary repaired
[ERR] seq=1373891431 err=8112
[ERR] seq=1373891432 err=8104
[ERR] seq=1373891433 err=8064
[ERR] seq=1373891434 err=7672
[ERR] seq=1373891435 err=7680
[ERR] seq=1373891436 err=7640
[ERR] seq=1373891437 err=7608
[ERR] seq=1373891438 err=7552
[SEU] addr=200031BC bit=00000007
[ERR] seq=1373891439 err=7544
[ERR] seq=1373891440 err=7504
[ERR] seq=1373891441 err=7472
[ERR] seq=1373891442 err=7440
[ERR] seq=1373891443 err=7376
[ERR] seq=1373891444 err=7360
[ERR] seq=1373891445 err=7320
[ERR] seq=1373891446 err=7256
[ERR] seq=1373891447 err=7216
[SEU] addr=200031BA bit=00000000
[ERR] seq=1373891448 err=7176
[ERR] seq=1373891449 err=7128
[ERR] seq=1373891450 err=7072
[ERR] seq=1373891451 err=7032
[ERR] seq=1373891452 err=6992
[ERR] seq=1373891453 err=6912
[ERR] seq=1373891454 err=6856
[ERR] seq=1373891455 err=6800
[SEU] addr=200031BB bit=00000000
[ERR] seq=1373891456 err=6744
[ERR] seq=1373891457 err=6680
[ERR] seq=1373891458 err=6624
[ERR] seq=1373891459 err=6552
[ERR] seq=1373891460 err=6488
[ERR] seq=1373891461 err=6448
[ERR] seq=1373891462 err=6368
[SEU] addr=2000314E bit=00000003
[SAMPLE QUEUE backup CORRUPTED] backup repaired
[ERR] seq=1373891463 err=6304
[ERR] seq=1373891464 err=6248
[ERR] seq=1373891465 err=6176
[ERR] seq=1373891466 err=6104
[ERR] seq=1373891467 err=6024
[ERR] seq=1373891468 err=5984
[ERR] seq=1373891469 err=5912
[SEU] addr=20003151 bit=00000001
[ERR] seq=1373891470 err=5824
[ERR] seq=1373891471 err=5760
[ERR] seq=1373891472 err=5712
[ERR] seq=1373891473 err=5632
[ERR] seq=1373891474 err=5544
[ERR] seq=1373891475 err=5480
[ERR] seq=1373891476 err=5416
[ERR] seq=1373891477 err=5344
[SEU] addr=20003160 bit=00000006
[CMD QUEUE backup CORRUPTED] backup repaired
[ERR] seq=1373891478 err=5272
[ERR] seq=1373891479 err=5192
[ERR] seq=1373891480 err=5136
[ERR] seq=1373891481 err=5056
[ERR] seq=1373891482 err=4976
[ERR] seq=1373891483 err=4904
[ERR] seq=1373891484 err=4832
[ERR] seq=1373891485 err=4768
[ERR] seq=1373891486 err=4680
[SEU] addr=200031B8 bit=00000004
[ERR] seq=1373891487 err=4624
[ERR] seq=1373891488 err=4536
[ERR] seq=1373891489 err=4488
[ERR] seq=1373891490 err=4416
[ERR] seq=1373891491 err=4344
[ERR] seq=1373891492 err=4272
[ERR] seq=1373891493 err=4216
[ERR] seq=1373891494 err=4144
[ERR] seq=1373891495 err=4072
[SEU] addr=2000314A bit=00000004
[ERR] seq=1373891496 err=4000
[ERR] seq=1373891497 err=3928
[ERR] seq=1373891498 err=3864
[SEU] addr=200031A5 bit=00000004
[ERR] seq=1373891499 err=3800
[ERR] seq=1373891500 err=3736
[ERR] seq=1373891501 err=3688
[ERR] seq=1373891502 err=3592
[ERR] seq=1373891503 err=3552
[ERR] seq=1373891504 err=3464
[ERR] seq=1373891505 err=3416
[ERR] seq=1373891506 err=3336
[ERR] seq=1373891507 err=3264
[SEU] addr=200031BA bit=00000000
[ERR] seq=1373891508 err=3216
[ERR] seq=1373891509 err=3152
[ERR] seq=1373891510 err=3072
[ERR] seq=1373891511 err=3040
[ERR] seq=1373891512 err=2960
[SEU] addr=2000319C bit=00000005
[ERR] seq=1373891513 err=2896
[ERR] seq=1373891514 err=2848
[ERR] seq=1373891515 err=2784
[ERR] seq=1373891516 err=2744
[ERR] seq=1373891517 err=2672
[ERR] seq=1373891518 err=2616
[ERR] seq=1373891519 err=2552
[SEU] addr=20003198 bit=00000003
[ERR] seq=1373891520 err=2520
[ERR] seq=1373891521 err=2520
[ERR] seq=1373891522 err=2520
[ERR] seq=1373891523 err=2528
[ERR] seq=1373891524 err=2536
[ERR] seq=1373891525 err=2528
[SEU] addr=200031C0 bit=00000001
[ERR] seq=1373891526 err=2544
[ERR] seq=1373891527 err=2536
[ERR] seq=1373891528 err=2552
[ERR] seq=1373891529 err=2560
[ERR] seq=1373891530 err=2560
[ERR] seq=1373891531 err=2568
[SEU] addr=200031CF bit=00000001
[ERR] seq=1373891532 err=2576
[ERR] seq=1373891533 err=2576
[ERR] seq=1373891534 err=2576
[ERR] seq=1373891535 err=2568
[ERR] seq=1373891536 err=2592
[ERR] seq=1373891537 err=2600
[SEU] addr=20003193 bit=00000001
[ERR] seq=1373891538 err=268435440
[ERR] seq=1373891539 err=21477424
[ERR] seq=1373891540 err=23192816
[ERR] seq=1373891541 err=3576024
[ERR] seq=1373891542 err=2141344
[ERR] seq=1373891543 err=459792
[ERR] seq=1373891544 err=207960
[ERR] seq=1373891545 err=55840
[ERR] seq=1373891546 err=21008
[ERR] seq=1373891547 err=8544
[SEU] addr=200031D4 bit=00000003
[ERR] seq=1373891540 err=2024
[ERR] seq=1373891541 err=3224
[ERR] seq=1373891542 err=2392
[ERR] seq=1373891543 err=2656
[ERR] seq=1373891544 err=2600
[ERR] seq=1373891545 err=2600
[ERR] seq=1373891546 err=2608
[ERR] seq=1373891547 err=2608
[SEU] addr=20003175 bit=00000002
[ERR] seq=1373891548 err=2616
[ERR] seq=1373891549 err=2624
[ERR] seq=1373891550 err=2608
[ERR] seq=1373891551 err=2616
[ERR] seq=1373891552 err=2624
[ERR] seq=1373891553 err=2632
[ERR] seq=1373891554 err=2616
[ERR] seq=1373891555 err=2632
[SEU] addr=20003163 bit=00000003
[ERR] seq=1373891556 err=2640
[ERR] seq=1373891557 err=2632
[SEU] addr=2000314D bit=00000000
[SAMPLE QUEUE backup CORRUPTED] backup repaired
[ERR] seq=1373891558 err=2616
[ERR] seq=1373891559 err=2640
[SEU] addr=200031B5 bit=00000007
[ERR] seq=1373891560 err=2640
[ERR] seq=1373891561 err=2648
[ERR] seq=1373891562 err=2640
[ERR] seq=1373891563 err=2648
[ERR] seq=1373891564 err=2648
[ERR] seq=1373891565 err=2656
[ERR] seq=1373891566 err=2640
[SEU] addr=20003179 bit=00000000
[ERR] seq=1373891567 err=2648
[ERR] seq=1373891568 err=2656
[ERR] seq=1373891569 err=2664
[ERR] seq=1373891570 err=2648
[ERR] seq=1373891571 err=2664
[ERR] seq=1373891572 err=2664
[ERR] seq=1373891573 err=2664
[SEU] addr=200031B6 bit=00000003
[ERR] seq=1373891574 err=2664
[SEU] addr=200031D2 bit=00000007
[ERR] seq=1373891575 err=2672
[ERR] seq=1373891576 err=2664
[ERR] seq=1373891577 err=2672
[ERR] seq=1373891578 err=2672
[ERR] seq=1373891579 err=2672
[ERR] seq=1373891580 err=2680
[SEU] addr=200031D2 bit=00000005
[ERR] seq=1373891581 err=2680
[ERR] seq=1373891582 err=2672
[ERR] seq=1373891583 err=2688
[ERR] seq=1373891584 err=5400
[ERR] seq=1373891585 err=4928
[ERR] seq=1373891586 err=5472
[ERR] seq=1373891587 err=5384
[SEU] addr=20003155 bit=00000005
[CMD QUEUE CORRUPTED] primary repaired
[ERR] seq=1373891588 err=5440
[ERR] seq=1373891589 err=5432
[ERR] seq=1373891590 err=5456
[ERR] seq=1373891591 err=5456
[ERR] seq=1373891592 err=5448
[ERR] seq=1373891593 err=5448
[SEU] addr=2000314B bit=00000001
[ERR] seq=1373891594 err=5464
[ERR] seq=1373891595 err=5480
[ERR] seq=1373891596 err=5456
[ERR] seq=1373891597 err=5448
[ERR] seq=1373891598 err=5456
[ERR] seq=1373891599 err=5456
[ERR] seq=1373891600 err=5448
[SEU] addr=200031A0 bit=00000000
[ERR] seq=1373891601 err=5440
[ERR] seq=1373891602 err=5440
[ERR] seq=1373891603 err=5424
[ERR] seq=1373891604 err=5424
[ERR] seq=1373891605 err=5408
[ERR] seq=1373891606 err=5408
[ERR] seq=1373891607 err=5376
[SEU] addr=20003160 bit=00000000
[CMD QUEUE backup CORRUPTED] backup repaired
[ERR] seq=1373891608 err=5392
[ERR] seq=1373891609 err=5376
[ERR] seq=1373891610 err=5368
[SEU] addr=20003170 bit=00000004
[ERR] seq=1373891611 err=5360
[ERR] seq=1373891612 err=5320
[ERR] seq=1373891613 err=5336
[ERR] seq=1373891614 err=5304
[ERR] seq=1373891615 err=5288
[SEU] addr=200031C1 bit=00000002
[ERR] seq=1373891616 err=5264
[ERR] seq=1373891617 err=5256
[ERR] seq=1373891618 err=5248
[ERR] seq=1373891619 err=5232
[ERR] seq=1373891620 err=5200
[ERR] seq=1373891621 err=5176
[ERR] seq=1373891622 err=5184
[ERR] seq=1373891623 err=5144
[SEU] addr=2000317E bit=00000006
[ERR] seq=1373891624 err=5120
[ERR] seq=1373891625 err=5104
[ERR] seq=1373891626 err=5088
[ERR] seq=1373891627 err=5064
[ERR] seq=1373891628 err=5032
[ERR] seq=1373891629 err=5016
[ERR] seq=1373891630 err=5000
[ERR] seq=1373891631 err=4968
[ERR] seq=1373891632 err=4944
[SEU] addr=200031B6 bit=00000007
[ERR] seq=1373891633 err=4928
[ERR] seq=1373891634 err=4880
[ERR] seq=1373891635 err=4872
[ERR] seq=1373891636 err=4848
[ERR] seq=1373891637 err=4808
[ERR] seq=1373891638 err=4800
[ERR] seq=1373891639 err=4760
[SEU] addr=200031B1 bit=00000004
[ERR] seq=1373891640 err=4728
[ERR] seq=1373891641 err=4704
[ERR] seq=1373891642 err=4672
[ERR] seq=1373891643 err=4640
[ERR] seq=1373891644 err=4608
[SEU] addr=2000317C bit=00000003
[ERR] seq=1373891645 err=4584
[ERR] seq=1373891646 err=4552
[ERR] seq=1373891647 err=4520
[ERR] seq=1373891648 err=4488
[ERR] seq=1373891649 err=4464
[ERR] seq=1373891650 err=2392
[SEU] addr=20003163 bit=00000001
[ERR] seq=1373891651 err=2512
[ERR] seq=1373891652 err=2312
[ERR] seq=1373891653 err=2296
[ERR] seq=1373891654 err=2248
[ERR] seq=1373891655 err=2224
[ERR] seq=1373891656 err=2168
[ERR] seq=1373891657 err=2160
[ERR] seq=1373891658 err=2112
[SEU] addr=20003177 bit=00000004
[ERR] seq=1373891659 err=2088
[ERR] seq=1373891660 err=2032
[ERR] seq=1373891661 err=2008
[ERR] seq=1373891662 err=1960
[ERR] seq=1373891663 err=1928
[ERR] seq=1373891664 err=1896
[ERR] seq=1373891665 err=1840
[ERR] seq=1373891666 err=1808
[ERR] seq=1373891667 err=1760
[ERR] seq=1373891668 err=1728
[SEU] addr=200031B7 bit=00000002
[ERR] seq=1373891669 err=1680
[ERR] seq=1373891670 err=1648
[ERR] seq=1373891671 err=1600
[SEU] addr=20003198 bit=00000003
[ERR] seq=1373891672 err=1576
[ERR] seq=1373891673 err=1592
[ERR] seq=1373891674 err=1600
[ERR] seq=1373891675 err=1600
[SEU] addr=2000314E bit=00000006
[SAMPLE QUEUE backup CORRUPTED] backup repaired
[ERR] seq=1373891676 err=1592
[ERR] seq=1373891677 err=1592
[SEU] addr=20003189 bit=00000004
[ERR] seq=1373891678 err=34056
[ERR] seq=1373891679 err=4232
[ERR] seq=1373891680 err=4024
[ERR] seq=1373891681 err=2048
[ERR] seq=1373891682 err=1376
[ERR] seq=1373891683 err=1688
[ERR] seq=1373891684 err=1600
[ERR] seq=1373891685 err=1648
[ERR] seq=1373891686 err=1632
[ERR] seq=1373891687 err=1648
[SEU] addr=200031BA bit=00000003
[ERR] seq=1373891688 err=1640
[ERR] seq=1373891689 err=1648
[ERR] seq=1373891690 err=1672
[ERR] seq=1373891691 err=1672
[ERR] seq=1373891692 err=1664
[ERR] seq=1373891693 err=1680
[ERR] seq=1373891694 err=1680
[SEU] addr=20003179 bit=00000003
[ERR] seq=1373891695 err=1688
[ERR] seq=1373891696 err=1672
[ERR] seq=1373891697 err=1696
[ERR] seq=1373891698 err=1712
[SEU] addr=2000317C bit=00000005
[ERR] seq=1373891699 err=1696
[ERR] seq=1373891700 err=1704
[SEU] addr=200031C7 bit=00000001
[ERR] seq=1373891701 err=1720
[ERR] seq=1373891702 err=1720
[ERR] seq=1373891703 err=1728
[ERR] seq=1373891704 err=1728
[ERR] seq=1373891705 err=1728
[ERR] seq=1373891706 err=1736
[ERR] seq=1373891707 err=1744
[ERR] seq=1373891708 err=1744
[SEU] addr=200031B7 bit=00000000
[ERR] seq=1373891709 err=1744
[ERR] seq=1373891710 err=1768
[ERR] seq=1373891711 err=1776
[ERR] seq=1373891712 err=1768
[ERR] seq=1373891713 err=1768
[ERR] seq=1373891714 err=1784
[ERR] seq=1373891715 err=1784
[ERR] seq=1373891716 err=1776
[ERR] seq=1373891717 err=1792
[ERR] seq=1373891718 err=1808
[SEU] addr=20003193 bit=00000000
[ERR] seq=1373891719 err=134219528
[ERR] seq=1373891720 err=10739032
[ERR] seq=1373891721 err=11598224
[ERR] seq=1373891722 err=1788344
[ERR] seq=1373891723 err=1072472
[ERR] seq=1373891724 err=230304
[ERR] seq=1373891725 err=105760
[SEU] addr=20003171 bit=00000000
[ERR] seq=1373891726 err=28336
[SEU] addr=20003187 bit=00000007
[ERR] seq=1373891727 err=185648
[ERR] seq=1373891728 err=11464
[ERR] seq=1373891729 err=17144
[ERR] seq=1373891730 err=1296
[ERR] seq=1373891731 err=2920
[ERR] seq=1373891732 err=1784
[ERR] seq=1373891733 err=1976
[SEU] addr=2000319C bit=00000003
[ERR] seq=1373891734 err=1928
[ERR] seq=1373891735 err=1976
[ERR] seq=1373891736 err=1976
[ERR] seq=1373891737 err=2008
[ERR] seq=1373891738 err=2032
[ERR] seq=1373891739 err=2040
[SEU] addr=200031AE bit=00000007
[ERR] seq=1373891740 err=2072
[ERR] seq=1373891741 err=2080
[ERR] seq=1373891742 err=2104
[ERR] seq=1373891743 err=2112
[SEU] addr=2000314B bit=00000007
[ERR] seq=1373891744 err=2152
[ERR] seq=1373891745 err=2152
[ERR] seq=1373891746 err=2192
[SEU] addr=20003177 bit=00000007
[ERR] seq=1373891747 err=2224
[ERR] seq=1373891748 err=2256
[ERR] seq=1373891749 err=2296
[ERR] seq=1373891750 err=2312
[ERR] seq=1373891751 err=2344
[ERR] seq=1373891752 err=2384
[ERR] seq=1373891753 err=2416
[ERR] seq=1373891754 err=2416
[SEU] addr=20003192 bit=00000002
[ERR] seq=1373891755 err=2099264
[ERR] seq=1373891756 err=170224
[ERR] seq=1373891757 err=183304
[ERR] seq=1373891758 err=30424
[SEU] addr=2000319D bit=00000002
[ERR] seq=1373891759 err=18856
[ERR] seq=1373891760 err=6496
[SEU] addr=20003160 bit=00000003
[CMD QUEUE backup CORRUPTED] backup repaired
[ERR] seq=1373891761 err=4000
[ERR] seq=1373891762 err=3360
[ERR] seq=1373891763 err=2808
[ERR] seq=1373891764 err=3024
[ERR] seq=1373891765 err=2968
[ERR] seq=1373891766 err=3008
[ERR] seq=1373891767 err=3000
[SEU] addr=200031A6 bit=00000001
[ERR] seq=1373891768 err=3016
[SEU] addr=20003184 bit=00000000
[ERR] seq=1373891769 err=3184
[ERR] seq=1373891770 err=3000
[ERR] seq=1373891771 err=3024
[ERR] seq=1373891772 err=3016
[SEU] addr=20003163 bit=00000001
[ERR] seq=1373891773 err=3032
[ERR] seq=1373891774 err=3032
[ERR] seq=1373891775 err=3032
[SEU] addr=200031D3 bit=00000003
[ERR] seq=1373891776 err=3032
[ERR] seq=1373891777 err=3016
[SEU] addr=20003159 bit=00000003
[ERR] seq=1373891778 err=3008
[ERR] seq=1373891779 err=3016
[SEU] addr=200031A8 bit=00000007
[ERR] seq=1373891780 err=3040
[ERR] seq=1373891781 err=3016
[ERR] seq=1373891782 err=3008
[ERR] seq=1373891783 err=3000
[SEU] addr=2000318F bit=00000007
[ERR] seq=1373891784 err=2984
[ERR] seq=1373891785 err=2992
[ERR] seq=1373891786 err=2584
[ERR] seq=1373891787 err=2624
[SEU] addr=2000314F bit=00000003
[SAMPLE QUEUE backup CORRUPTED] backup repaired
[ERR] seq=1373891788 err=2576
[ERR] seq=1373891789 err=2568
[ERR] seq=1373891790 err=2528
[ERR] seq=1373891791 err=2536
[SEU] addr=200031C9 bit=00000002
[ERR] seq=1373891792 err=2496
[ERR] seq=1373891793 err=2480
[ERR] seq=1373891794 err=2448
[ERR] seq=1373891795 err=2416
[SEU] addr=200031C1 bit=00000005
[ERR] seq=1373891796 err=2424
[ERR] seq=1373891797 err=2384
[ERR] seq=1373891798 err=2344
[SEU] addr=20003158 bit=00000004
[CMD QUEUE CORRUPTED] primary repaired
[ERR] seq=1373891799 err=2320
[ERR] seq=1373891800 err=2296
[ERR] seq=1373891801 err=2256
[ERR] seq=1373891802 err=2232
[ERR] seq=1373891803 err=2192
[ERR] seq=1373891804 err=2168
[SEU] addr=200031CB bit=00000005
[ERR] seq=1373891805 err=2152
[ERR] seq=1373891806 err=2112
[ERR] seq=1373891807 err=2120
[ERR] seq=1373891808 err=2080
[SEU] addr=20003186 bit=00000001
[ERR] seq=1373891809 err=1592
[ERR] seq=1373891810 err=2152
[ERR] seq=1373891811 err=1896
[ERR] seq=1373891812 err=2032
[ERR] seq=1373891813 err=1984
[ERR] seq=1373891814 err=1960
[SEU] addr=20003161 bit=00000007
[ERR] seq=1373891815 err=1944
[ERR] seq=1373891816 err=1928
[ERR] seq=1373891817 err=1904
[ERR] seq=1373891818 err=1872
[ERR] seq=1373891819 err=1872
[ERR] seq=1373891820 err=1848
[ERR] seq=1373891821 err=1832
[ERR] seq=1373891822 err=1848
[SEU] addr=200031CB bit=00000000
[ERR] seq=1373891823 err=1840
[ERR] seq=1373891824 err=1824
[ERR] seq=1373891825 err=1824
[ERR] seq=1373891826 err=1840
[ERR] seq=1373891827 err=1832
[ERR] seq=1373891828 err=1808
[ERR] seq=1373891829 err=1808
[ERR] seq=1373891830 err=1816
[ERR] seq=1373891831 err=1800
[SEU] addr=2000316F bit=00000006
[ERR] seq=1373891832 err=1784
[ERR] seq=1373891833 err=1784
[ERR] seq=1373891834 err=1792
[ERR] seq=1373891835 err=1776
[ERR] seq=1373891836 err=1768
[ERR] seq=1373891837 err=1776
[ERR] seq=1373891838 err=1768
[ERR] seq=1373891839 err=1768
[ERR] seq=1373891840 err=1704
[SEU] addr=200031A2 bit=00000006
[ERR] seq=1373891841 err=1592
[SEU] addr=20003155 bit=00000002
[CMD QUEUE CORRUPTED] primary repaired
[ERR] seq=1373891842 err=1840
[ERR] seq=1373891843 err=1872
[ERR] seq=1373891844 err=1936
[ERR] seq=1373891845 err=1984
[SEU] addr=200031A0 bit=00000002
[ERR] seq=1373891846 err=2048
[ERR] seq=1373891847 err=2112
[ERR] seq=1373891848 err=2144
[ERR] seq=1373891849 err=2208
[ERR] seq=1373891850 err=2264
[SEU] addr=200031C2 bit=00000005
[ERR] seq=1373891851 err=2296
[ERR] seq=1373891852 err=2368
[ERR] seq=1373891853 err=2400
[ERR] seq=1373891854 err=2472
[ERR] seq=1373891855 err=2504
[ERR] seq=1373891856 err=2568
[SEU] addr=20003175 bit=00000002
[ERR] seq=1373891857 err=2616
[ERR] seq=1373891858 err=2680
[ERR] seq=1373891859 err=2720
[ERR] seq=1373891860 err=2744
[ERR] seq=1373891861 err=2824
[ERR] seq=1373891862 err=2848
[ERR] seq=1373891863 err=2904
[ERR] seq=1373891864 err=2968
[ERR] seq=1373891865 err=3008
[SEU] addr=200031AF bit=00000000
[ERR] seq=1373891866 err=3048
[SEU] addr=20003175 bit=00000003
[ERR] seq=1373891867 err=3104
[ERR] seq=1373891868 err=3144
[ERR] seq=1373891869 err=3184
[ERR] seq=1373891870 err=3224
[ERR] seq=1373891871 err=3280
[SEU] addr=20003195 bit=00000003
[ERR] seq=1373891872 err=3328
[ERR] seq=1373891873 err=3376
[ERR] seq=1373891874 err=3392
[SEU] addr=2000314E bit=00000003
[SAMPLE QUEUE backup CORRUPTED] backup repaired
[ERR] seq=1373891875 err=3464
[ERR] seq=1373891876 err=3496
[ERR] seq=1373891877 err=3560
[ERR] seq=1373891878 err=3584
[ERR] seq=1373891879 err=3648
[SEU] addr=2000315A bit=00000001
[ERR] seq=1373891880 err=3688
[SEU] addr=2000317F bit=00000004
[ERR] seq=1373891881 err=3728
[ERR] seq=1373891882 err=3760
[ERR] seq=1373891883 err=3808
[ERR] seq=1373891884 err=3840
[ERR] seq=1373891885 err=3888
[SEU] addr=20003158 bit=00000003
[CMD QUEUE CORRUPTED] primary repaired
[ERR] seq=1373891886 err=3936
[ERR] seq=1373891887 err=3960
[SEU] addr=200031CB bit=00000004
[ERR] seq=1373891888 err=4000
[ERR] seq=1373891889 err=4056
[ERR] seq=1373891890 err=4088
[SEU] addr=20003198 bit=00000006
[ERR] seq=1373891891 err=4128
[ERR] seq=1373891892 err=4144
[SEU] addr=200031CF bit=00000003
[ERR] seq=1373891893 err=4200
[ERR] seq=1373891894 err=4224
[ERR] seq=1373891895 err=4264
[SEU] addr=20003191 bit=00000003
[ERR] seq=1373891896 err=19328
[SEU] addr=200031A2 bit=00000004
[ERR] seq=1373891897 err=5624
[ERR] seq=1373891898 err=4384
[SEU] addr=20003156 bit=00000006
[CMD QUEUE CORRUPTED] primary repaired
[ERR] seq=1373891899 err=4600
[ERR] seq=1373891900 err=4304
[ERR] seq=1373891901 err=4496
[ERR] seq=1373891902 err=4472
[ERR] seq=1373891903 err=4520
[ERR] seq=1373891904 err=4544
[ERR] seq=1373891905 err=4576
[SEU] addr=2000319E bit=00000001
[ERR] seq=1373891906 err=2032
[ERR] seq=1373891907 err=2056
[SEU] addr=200031A0 bit=00000001
[ERR] seq=1373891908 err=2048
[ERR] seq=1373891909 err=2072
[ERR] seq=1373891910 err=2072
[ERR] seq=1373891911 err=2096
[ERR] seq=1373891912 err=2104
[ERR] seq=1373891913 err=2120
[ERR] seq=1373891914 err=2136
[SEU] addr=20003198 bit=00000002
[ERR] seq=1373891915 err=2152
[ERR] seq=1373891916 err=2144
[ERR] seq=1373891917 err=2168
[ERR] seq=1373891918 err=2168
[ERR] seq=1373891919 err=2184
[ERR] seq=1373891920 err=2200
[ERR] seq=1373891921 err=2208
[ERR] seq=1373891922 err=2224
[ERR] seq=1373891923 err=2232
[SEU] addr=2000316C bit=00000004
[ERR] seq=1373891924 err=2232
[ERR] seq=1373891925 err=2256
[SEU] addr=20003180 bit=00000000
[ERR] seq=1373891926 err=2256
[ERR] seq=1373891927 err=2280
[ERR] seq=1373891928 err=2272
[ERR] seq=1373891929 err=2280
[ERR] seq=1373891930 err=2296
[ERR] seq=1373891931 err=2312
[SEU] addr=200031B6 bit=00000003
[ERR] seq=1373891932 err=2312
[ERR] seq=1373891933 err=2312
[SEU] addr=200031CC bit=00000007
[ERR] seq=1373891934 err=2328
[ERR] seq=1373891935 err=2344
[ERR] seq=1373891936 err=2328
[ERR] seq=1373891937 err=2352
[ERR] seq=1373891938 err=2352
[ERR] seq=1373891939 err=2368
[ERR] seq=1373891940 err=2360
[ERR] seq=1373891941 err=2376
[ERR] seq=1373891942 err=2384
[ERR] seq=1373891943 err=2384
[SEU] addr=2000318B bit=00000006
[ERR] seq=1373891944 err=2392
[ERR] seq=1373891945 err=2384
[ERR] seq=1373891946 err=2408
[ERR] seq=1373891947 err=2400
[ERR] seq=1373891948 err=2408
[ERR] seq=1373891949 err=2400
[ERR] seq=1373891950 err=2416
[SEU] addr=20003182 bit=00000007
[ERR] seq=1373891951 err=2408
[ERR] seq=1373891952 err=2416
[ERR] seq=1373891953 err=2400
[ERR] seq=1373891954 err=2432
[ERR] seq=1373891955 err=2416
[ERR] seq=1373891956 err=2416
[ERR] seq=1373891957 err=2408
[ERR] seq=1373891958 err=2416
[SEU] addr=20003150 bit=00000005
[SAMPLE QUEUE backup CORRUPTED] backup repaired
[ERR] seq=1373891959 err=2416
[ERR] seq=1373891960 err=2408
[SEU] addr=200031C9 bit=00000005
[ERR] seq=1373891961 err=2400
[ERR] seq=1373891962 err=2424
[ERR] seq=1373891963 err=2392
[ERR] seq=1373891964 err=2408
[ERR] seq=1373891965 err=2384
[ERR] seq=1373891966 err=2400
[ERR] seq=1373891967 err=2384
[ERR] seq=1373891968 err=2376
[SEU] addr=200031CD bit=00000006
[ERR] seq=1373891969 err=2376
[ERR] seq=1373891970 err=2368
[ERR] seq=1373891971 err=2368
[ERR] seq=1373891972 err=2344
[ERR] seq=1373891973 err=2352
[ERR] seq=1373891974 err=2344
[ERR] seq=1373891975 err=2344
[SEU] addr=2000319B bit=00000006
[ERR] seq=1373891976 err=2320
[ERR] seq=1373891977 err=2320
[ERR] seq=1373891978 err=2320
[ERR] seq=1373891979 err=2304
[ERR] seq=1373891980 err=2288
[SEU] addr=2000315E bit=00000001
[CMD QUEUE backup CORRUPTED] backup repaired
[ERR] seq=1373891981 err=2280
[ERR] seq=1373891982 err=2272
[ERR] seq=1373891983 err=2288
[ERR] seq=1373891984 err=2248
[ERR] seq=1373891985 err=2256
[ERR] seq=1373891986 err=2240
[ERR] seq=1373891987 err=2240
[ERR] seq=1373891988 err=2216
[ERR] seq=1373891989 err=2216
[ERR] seq=1373891990 err=2200
[SEU] addr=200031A8 bit=00000005
[ERR] seq=1373891991 err=2192
[ERR] seq=1373891992 err=2168
[ERR] seq=1373891993 err=2176
[ERR] seq=1373891994 err=2144
[SEU] addr=2000319D bit=00000001
[ERR] seq=1373891995 err=2160
[ERR] seq=1373891996 err=2128
[ERR] seq=1373891997 err=2120
[ERR] seq=1373891998 err=2112
[ERR] seq=1373891999 err=2088
[SEU] addr=200031B1 bit=00000006
[ERR] seq=1373892000 err=2072
[ERR] seq=1373892001 err=2064
[ERR] seq=1373892002 err=2072
[ERR] seq=1373892003 err=2048
[ERR] seq=1373892004 err=2024
[ERR] seq=1373892005 err=2016
[ERR] seq=1373892006 err=2008
[ERR] seq=1373892007 err=1992
[SEU] addr=2000317E bit=00000000
[ERR] seq=1373892008 err=1984
[ERR] seq=1373892009 err=1952
[ERR] seq=1373892010 err=1944
[ERR] seq=1373892011 err=1920
[ERR] seq=1373892012 err=1920
[ERR] seq=1373892013 err=1896
[ERR] seq=1373892014 err=1896
[ERR] seq=1373892015 err=1864
[ERR] seq=1373892016 err=1848
[SEU] addr=200031B6 bit=00000002
[ERR] seq=1373892017 err=1832
[ERR] seq=1373892018 err=1824
[ERR] seq=1373892019 err=1816
[ERR] seq=1373892020 err=1792
[ERR] seq=1373892021 err=1760
[ERR] seq=1373892022 err=1760
[SEU] addr=2000319C bit=00000001
[ERR] seq=1373892023 err=1728
[SEU] addr=20003166 bit=00000002
[ERR] seq=1373892024 err=1720
[ERR] seq=1373892025 err=1696
[ERR] seq=1373892026 err=1688
[ERR] seq=1373892027 err=1664
[ERR] seq=1373892028 err=1648
[ERR] seq=1373892029 err=1616
[ERR] seq=1373892030 err=1616
[ERR] seq=1373892031 err=1576
[ERR] seq=1373892032 err=1592
[SEU] addr=20003146 bit=00000000
[SAMPLE QUEUE CORRUPTED] primary repaired
[ERR] seq=1373892033 err=1624
[ERR] seq=1373892034 err=1664
[ERR] seq=1373892035 err=1688
[ERR] seq=1373892036 err=1720
[ERR] seq=1373892037 err=1720
[ERR] seq=1373892038 err=1768
[SEU] addr=20003151 bit=00000006
[ERR] seq=1373892039 err=1800
[ERR] seq=1373892040 err=1832
[ERR] seq=1373892041 err=1848
[ERR] seq=1373892042 err=1888
[ERR] seq=1373892043 err=1936
[ERR] seq=1373892044 err=1944
[SEU] addr=200031AA bit=00000004
[ERR] seq=1373892045 err=1968
[ERR] seq=1373892046 err=2008
[ERR] seq=1373892047 err=2040
[SEU] addr=200031A8 bit=00000002
[ERR] seq=1373892048 err=2072
[ERR] seq=1373892049 err=2112
[ERR] seq=1373892050 err=2144
[ERR] seq=1373892051 err=2184
[ERR] seq=1373892052 err=2192
[ERR] seq=1373892053 err=2240
[ERR] seq=1373892054 err=2264
[SEU] addr=20003172 bit=00000005
[ERR] seq=1373892055 err=2312
[ERR] seq=1373892056 err=2328
[ERR] seq=1373892057 err=2376
[SEU] addr=200031C6 bit=00000003
[ERR] seq=1373892058 err=2416
[ERR] seq=1373892059 err=2448
[ERR] seq=1373892060 err=2464
[ERR] seq=1373892061 err=2520
[ERR] seq=1373892062 err=2536
[SEU] addr=200031AE bit=00000000
[ERR] seq=1373892063 err=2592
[ERR] seq=1373892064 err=2616
[ERR] seq=1373892065 err=2656
[ERR] seq=1373892066 err=2696
[ERR] seq=1373892067 err=2728
[SEU] addr=200031B9 bit=00000001
[ERR] seq=1373892068 err=2768
[ERR] seq=1373892069 err=2784
[SEU] addr=2000316C bit=00000007
[ERR] seq=1373892070 err=2840
[ERR] seq=1373892071 err=2872
[ERR] seq=1373892072 err=2904
[ERR] seq=1373892073 err=2936
[ERR] seq=1373892074 err=2976
[ERR] seq=1373892075 err=3000
[SEU] addr=20003156 bit=00000001
[CMD QUEUE CORRUPTED] primary repaired
[ERR] seq=1373892076 err=3040
[ERR] seq=1373892077 err=3080
[ERR] seq=1373892078 err=3120
[ERR] seq=1373892079 err=3144
[ERR] seq=1373892080 err=3184
[SEU] addr=2000319E bit=00000002
[ERR] seq=1373892081 err=3224
[ERR] seq=1373892082 err=3248
[ERR] seq=1373892083 err=3288
[ERR] seq=1373892084 err=3312
[SEU] addr=2000318B bit=00000003
[ERR] seq=1373892085 err=1073742128
[ERR] seq=1373892086 err=85902720
[ERR] seq=1373892087 err=92771544
[SEU] addr=200031C2 bit=00000001
[ERR] seq=1373892088 err=14297096
[ERR] seq=1373892089 err=8565408
[ERR] seq=1373892090 err=1832224
[ERR] seq=1373892091 err=831680
[ERR] seq=1373892092 err=216424
[SEU] addr=200031BF bit=00000004
[ERR] seq=1373892093 err=83720
[ERR] seq=1373892094 err=27408
[ERR] seq=1373892095 err=8728
[ERR] seq=1373892096 err=2504
[ERR] seq=1373892097 err=1048
[SEU] addr=20003161 bit=00000000
[ERR] seq=1373892098 err=240
[ERR] seq=1373892099 err=368
[SEU] addr=20003147 bit=00000001
[SAMPLE QUEUE CORRUPTED] primary repaired
[ERR] seq=1373892100 err=264
[ERR] seq=1373892101 err=256
[ERR] seq=1373892102 err=216
[ERR] seq=1373892103 err=200
[ERR] seq=1373892104 err=168
[ERR] seq=1373892105 err=128
[ERR] seq=1373892106 err=144
[ERR] seq=1373892107 err=176
[ERR] seq=1373892108 err=208
[SEU] addr=2000319D bit=00000003
[ERR] seq=1373892109 err=248
[ERR] seq=1373892110 err=272
[ERR] seq=1373892111 err=296
[SEU] addr=200031B9 bit=00000004
[ERR] seq=1373892112 err=336
[ERR] seq=1373892113 err=360
[ERR] seq=1373892114 err=368
[ERR] seq=1373892115 err=400
[ERR] seq=1373892116 err=424
[ERR] seq=1373892117 err=456
[ERR] seq=1373892118 err=472
[ERR] seq=1373892119 err=480
[SEU] addr=2000316D bit=00000006
[ERR] seq=1373892120 err=888
[ERR] seq=1373892121 err=840
[ERR] seq=1373892122 err=912
[ERR] seq=1373892123 err=904
[ERR] seq=1373892124 err=936
[ERR] seq=1373892125 err=936
[SEU] addr=2000315F bit=00000007
[CMD QUEUE backup CORRUPTED] backup repaired
[ERR] seq=1373892126 err=952
[ERR] seq=1373892127 err=960
[ERR] seq=1373892128 err=968
[SEU] addr=200031CE bit=00000001
[ERR] seq=1373892129 err=992
[ERR] seq=1373892130 err=968
[ERR] seq=1373892131 err=960
[ERR] seq=1373892132 err=968
[ERR] seq=1373892133 err=984
[ERR] seq=1373892134 err=984
[ERR] seq=1373892135 err=984
[ERR] seq=1373892136 err=984
[ERR] seq=1373892137 err=968
[SEU] addr=20003181 bit=00000006
[ERR] seq=1373892138 err=960
[ERR] seq=1373892139 err=968
[ERR] seq=1373892140 err=992
[ERR] seq=1373892141 err=968
[SEU] addr=200031C4 bit=00000000
[ERR] seq=1373892142 err=960
[ERR] seq=1373892143 err=952
[ERR] seq=1373892144 err=936
[ERR] seq=1373892145 err=936
[ERR] seq=1373892146 err=544
[ERR] seq=1373892147 err=568
[ERR] seq=1373892148 err=536
[ERR] seq=1373892149 err=512
[ERR] seq=1373892150 err=480
[SEU] addr=20003162 bit=00000001
[ERR] seq=1373892151 err=496
[ERR] seq=1373892152 err=440
[ERR] seq=1373892153 err=440
[SEU] addr=20003158 bit=00000000
[CMD QUEUE CORRUPTED] primary repaired
[ERR] seq=1373892154 err=400
[ERR] seq=1373892155 err=368
[ERR] seq=1373892156 err=368
[ERR] seq=1373892157 err=336
[ERR] seq=1373892158 err=296
[ERR] seq=1373892159 err=280
[ERR] seq=1373892160 err=248
[ERR] seq=1373892161 err=208
[ERR] seq=1373892162 err=2224
[SEU] addr=200031D6 bit=00000003
[ERR] seq=1374416451 err=1712
[ERR] seq=1374416452 err=1600
[ERR] seq=1374416453 err=2024
[ERR] seq=1374416454 err=2200
[ERR] seq=1374416455 err=2464
[ERR] seq=1374416456 err=2664
[ERR] seq=1374416457 err=2904
[ERR] seq=1374416458 err=3128
[ERR] seq=1374416459 err=3368
[SEU] addr=2000316F bit=00000004
[ERR] seq=1374416460 err=3584
[ERR] seq=1374416461 err=3816
[SEU] addr=200031AB bit=00000002
[ERR] seq=1374416462 err=4024
[ERR] seq=1374416463 err=4240
[ERR] seq=1374416464 err=4456
[ERR] seq=1374416465 err=4672
[ERR] seq=1374416466 err=4912
[ERR] seq=1374416467 err=5096
[SEU] addr=200031B6 bit=00000000
[ERR] seq=1374416468 err=5320
[ERR] seq=1374416469 err=5528
[ERR] seq=1374416470 err=5768
[ERR] seq=1374416471 err=5944
[SEU] addr=20003144 bit=00000004
[SAMPLE QUEUE CORRUPTED] primary repaired
[ERR] seq=1374416472 err=6136
[ERR] seq=1374416473 err=6360
[ERR] seq=1374416474 err=6544
[ERR] seq=1374416475 err=6768
[ERR] seq=1374416476 err=6928
[ERR] seq=1374416477 err=7136
[ERR] seq=1374416478 err=7328
[ERR] seq=1374416479 err=7520
[ERR] seq=1374416480 err=7672
[ERR] seq=1374416481 err=7880
[SEU] addr=2000317A bit=00000005
[ERR] seq=1374416482 err=8056
[SEU] addr=2000316B bit=00000005
[ERR] seq=1374416483 err=8232
[ERR] seq=1374416484 err=8400
[ERR] seq=1374416485 err=8584
[ERR] seq=1374416486 err=8752
[ERR] seq=1374416487 err=8912
[SEU] addr=200031AA bit=00000006
[ERR] seq=1374416488 err=9080
[ERR] seq=1374416489 err=9240
[ERR] seq=1374416490 err=9384
[ERR] seq=1374416491 err=9560
[ERR] seq=1374416492 err=9680
[ERR] seq=1374416493 err=9856
[ERR] seq=1374416494 err=10000
[ERR] seq=1374416495 err=10152
[SEU] addr=20003167 bit=00000006
[ERR] seq=1374416496 err=10280
[ERR] seq=1374416497 err=10416
[ERR] seq=1374416498 err=10560
[ERR] seq=1374416499 err=10704
[ERR] seq=1374416500 err=10800
[SEU] addr=20003182 bit=00000007
[ERR] seq=1374416501 err=10928
[ERR] seq=1374416502 err=11072
[ERR] seq=1374416503 err=11176
[ERR] seq=1374416504 err=11280
[ERR] seq=1374416505 err=11408
[ERR] seq=1374416506 err=11504
[SEU] addr=200031AF bit=00000007
[ERR] seq=1374416507 err=11632
[ERR] seq=1374416508 err=11712
[ERR] seq=1374416509 err=11824
[ERR] seq=1374416510 err=11920
[ERR] seq=1374416511 err=12000
[ERR] seq=1374416512 err=12104
[ERR] seq=1374416513 err=12176
[ERR] seq=1374416514 err=12256
[ERR] seq=1374416515 err=12344
[SEU] addr=200031D7 bit=00000001
[ERR] seq=1407970948 err=3824
[ERR] seq=1407970949 err=4616
[SEU] addr=20003172 bit=00000006
[ERR] seq=1407970950 err=3968
[ERR] seq=1407970951 err=4176
[ERR] seq=1407970952 err=4192
[ERR] seq=1407970953 err=4304
[ERR] seq=1407970954 err=4400
[ERR] seq=1407970955 err=4480
[ERR] seq=1407970956 err=4560
[SEU] addr=200031CF bit=00000002
[ERR] seq=1407970957 err=4672
[ERR] seq=1407970958 err=4744
[ERR] seq=1407970959 err=4832
[ERR] seq=1407970960 err=4912
[ERR] seq=1407970961 err=5000
[ERR] seq=1407970962 err=5096
[ERR] seq=1407970963 err=5152
[SEU] addr=200031CA bit=00000000
[ERR] seq=1407970964 err=5240
[ERR] seq=1407970965 err=5320
[ERR] seq=1407970966 err=5416
[ERR] seq=1407970967 err=5488
[ERR] seq=1407970968 err=5544
[ERR] seq=1407970969 err=5616
[ERR] seq=1407970970 err=5688
[ERR] seq=1407970971 err=5768
[ERR] seq=1407970972 err=5832
[ERR] seq=1407970973 err=5896
[SEU] addr=20003187 bit=00000007
[ERR] seq=1407970974 err=120856
[ERR] seq=1407970975 err=16160
[ERR] seq=1407970976 err=4856
[ERR] seq=1407970977 err=7840
[ERR] seq=1407970978 err=5216
[ERR] seq=1407970979 err=6496
[SEU] addr=2000315C bit=00000001
[CMD QUEUE backup CORRUPTED] backup repaired
[ERR] seq=1407970980 err=6248
[ERR] seq=1407970981 err=6416
[ERR] seq=1407970982 err=6456
[ERR] seq=1407970983 err=6496
[ERR] seq=1407970984 err=6552
[SEU] addr=200031CD bit=00000003
[ERR] seq=1407970985 err=6592
[ERR] seq=1407970986 err=6664
[ERR] seq=1407970987 err=6696
[ERR] seq=1407970988 err=6752
[ERR] seq=1407970989 err=6800
[SEU] addr=2000319C bit=00000004
[ERR] seq=1407970990 err=6864
[ERR] seq=1407970991 err=6888
[ERR] seq=1407970992 err=6912
[SEU] addr=2000318E bit=00000004
[ERR] seq=1407970993 err=8390592
[ERR] seq=1407970994 err=678096
[ERR] seq=1407970995 err=726792
[ERR] seq=1407970996 err=118720
[ERR] seq=1407970997 err=68936
[ERR] seq=1407970998 err=21408
[ERR] seq=1407970999 err=8560
[SEU] addr=20003191 bit=00000002
[ERR] seq=1407971000 err=13896
[ERR] seq=1407971001 err=7216
[ERR] seq=1407971002 err=6712
[ERR] seq=1407971003 err=7312
[ERR] seq=1407971004 err=7216
[ERR] seq=1407971005 err=7312
[ERR] seq=1407971006 err=7312
[SEU] addr=200031B0 bit=00000000
[ERR] seq=1407971007 err=7328
[ERR] seq=1407971008 err=7344
[ERR] seq=1407971009 err=7360
[SEU] addr=200031A2 bit=00000004
[ERR] seq=1407971010 err=7368
[ERR] seq=1407971011 err=7376
[ERR] seq=1407971012 err=7376
[ERR] seq=1407971013 err=7392
[ERR] seq=1407971014 err=7400
[ERR] seq=1407971015 err=7384
[SEU] addr=20003192 bit=00000002
[ERR] seq=1407971016 err=2104544
[ERR] seq=1407971017 err=171944
[ERR] seq=1407971018 err=188568
[ERR] seq=1407971019 err=32072
[ERR] seq=1407971020 err=24072
[ERR] seq=1407971021 err=7720
[SEU] addr=200031A2 bit=00000002
[ERR] seq=1407971022 err=8976
[ERR] seq=1407971023 err=6912
[SEU] addr=20003169 bit=00000004
[ERR] seq=1407971024 err=7488
[ERR] seq=1407971025 err=7256
[ERR] seq=1407971026 err=7296
[ERR] seq=1407971027 err=7256
[ERR] seq=1407971028 err=7232
[ERR] seq=1407971029 err=7224
[ERR] seq=1407971030 err=7192
[ERR] seq=1407971031 err=7160
[ERR] seq=1407971032 err=7128
[SEU] addr=20003145 bit=00000004
[SAMPLE QUEUE CORRUPTED] primary repaired
[ERR] seq=1407971033 err=7096
[ERR] seq=1407971034 err=7072
[ERR] seq=1407971035 err=7048
[SEU] addr=200031BE bit=00000000
[ERR] seq=1407971036 err=7016
[ERR] seq=1407971037 err=6960
[ERR] seq=1407971038 err=6936
[ERR] seq=1407971039 err=6896
[ERR] seq=1407971040 err=6856
[ERR] seq=1407971041 err=6808
[ERR] seq=1407971042 err=6776
[ERR] seq=1407971043 err=6696
[ERR] seq=1407971044 err=6664
[SEU] addr=2000319E bit=00000001
[ERR] seq=1407971045 err=6608
[ERR] seq=1407971046 err=6568
[ERR] seq=1407971047 err=6496
[ERR] seq=1407971048 err=6464
[SEU] addr=20003147 bit=00000001
[SAMPLE QUEUE CORRUPTED] primary repaired
[ERR] seq=1407971049 err=6408
[SEU] addr=200031C4 bit=00000000
[ERR] seq=1407971050 err=6352
[ERR] seq=1407971051 err=6288
[ERR] seq=1407971052 err=6216
[ERR] seq=1407971053 err=6184
[ERR] seq=1407971054 err=6096
[SEU] addr=200031CB bit=00000003
[ERR] seq=1407971055 err=6048
[ERR] seq=1407971056 err=5952
[SEU] addr=20003172 bit=00000007
[ERR] seq=1407971057 err=5912
[ERR] seq=1407971058 err=5840
[ERR] seq=1407971059 err=5784
[ERR] seq=1407971060 err=5696
[ERR] seq=1407971061 err=5624
[SEU] addr=20003193 bit=00000001
[ERR] seq=1407971062 err=268441024
[ERR] seq=1407971063 err=21477792
[ERR] seq=1407971064 err=23198232
[ERR] seq=1407971065 err=3576272
[ERR] seq=1407971066 err=2146544
[ERR] seq=1407971067 err=459920
[ERR] seq=1407971068 err=212968
[ERR] seq=1407971069 err=55856
[SEU] addr=2000318C bit=00000007
[ERR] seq=1407971070 err=24792
[ERR] seq=1407971071 err=8536
[ERR] seq=1407971072 err=8856
[SEU] addr=2000315E bit=00000001
[CMD QUEUE backup CORRUPTED] backup repaired
[ERR] seq=1407971073 err=5944
[ERR] seq=1407971074 err=6864
[ERR] seq=1407971075 err=6456
[ERR] seq=1407971076 err=6464
[ERR] seq=1407971077 err=6368
[ERR] seq=1407971078 err=6272
[ERR] seq=1407971079 err=6176
[SEU] addr=20003186 bit=00000000
[ERR] seq=1407971080 err=5840
[ERR] seq=1407971081 err=6016
[ERR] seq=1407971082 err=5880
[ERR] seq=1407971083 err=5792
[SEU] addr=200031A9 bit=00000003
[ERR] seq=1407971084 err=5688
[ERR] seq=1407971085 err=5608
[ERR] seq=1407971086 err=5488
[ERR] seq=1407971087 err=5408
[ERR] seq=1407971088 err=5280
[ERR] seq=1407971089 err=5192
[ERR] seq=1407971090 err=5088
[ERR] seq=1407971091 err=4976
[ERR] seq=1407971092 err=4872
[SEU] addr=20003180 bit=00000007
[ERR] seq=1407971093 err=4752
[ERR] seq=1407971094 err=4656
[ERR] seq=1407971095 err=4528
[ERR] seq=1407971096 err=4408
[ERR] seq=1407971097 err=4320
[ERR] seq=1407971098 err=4192
[ERR] seq=1407971099 err=4088
[ERR] seq=1407971100 err=3960
[SEU] addr=20003162 bit=00000004
[ERR] seq=1407971101 err=3832
[ERR] seq=1407971102 err=3744
[ERR] seq=1407971103 err=3592
[ERR] seq=1407971104 err=3480
[SEU] addr=2000314F bit=00000006
[SAMPLE QUEUE backup CORRUPTED] backup repaired
[ERR] seq=1407971105 err=3360
[ERR] seq=1407971106 err=3232
[ERR] seq=1407971107 err=3120
[ERR] seq=1407971108 err=2992
[ERR] seq=1407971109 err=2864
[ERR] seq=1407971110 err=2752
[ERR] seq=1407971111 err=2640
[ERR] seq=1407971112 err=2488
[ERR] seq=1407971113 err=2360
[SEU] addr=2000319E bit=00000005
[ERR] seq=1407971114 err=2240
[ERR] seq=1407971115 err=2112
[ERR] seq=1407971116 err=1968
[ERR] seq=1407971117 err=1848
[ERR] seq=1407971118 err=1736
[ERR] seq=1407971119 err=1584
[ERR] seq=1407971120 err=1472
[SEU] addr=20003146 bit=00000000
[SAMPLE QUEUE CORRUPTED] primary repaired
[ERR] seq=1407971121 err=1320
[ERR] seq=1407971122 err=1208
[ERR] seq=1407971123 err=1056
[ERR] seq=1407971124 err=944
[ERR] seq=1407971125 err=792
[ERR] seq=1407971126 err=664
[ERR] seq=1407971127 err=544
[SEU] addr=200031BC bit=00000004
[ERR] seq=1407971128 err=464
[SEU] addr=2000319C bit=00000003
[ERR] seq=1407971129 err=384
[ERR] seq=1407971130 err=280
[ERR] seq=1407971131 err=208
[SEU] addr=20003195 bit=00000002
[ERR] seq=1407971132 err=144
[ERR] seq=1407971133 err=264
[ERR] seq=1407971134 err=392
[ERR] seq=1407971135 err=520
[ERR] seq=1407971136 err=648
[ERR] seq=1407971137 err=784
[ERR] seq=1407971138 err=7048
[SEU] addr=20003176 bit=00000004
[ERR] seq=1407971139 err=6696
[ERR] seq=1407971140 err=7352
[ERR] seq=1407971141 err=7392
[SEU] addr=20003163 bit=00000006
[ERR] seq=1407971142 err=7560
[ERR] seq=1407971143 err=7664
[ERR] seq=1407971144 err=7816
[ERR] seq=1407971145 err=7960
[ERR] seq=1407971146 err=8056
[ERR] seq=1407971147 err=8184
[ERR] seq=1407971148 err=8304
[ERR] seq=1407971149 err=8408
[SEU] addr=200031C8 bit=00000006
[ERR] seq=1407971150 err=8528
[ERR] seq=1407971151 err=8664
[SEU] addr=200031B5 bit=00000002
[ERR] seq=1407971152 err=8744
[ERR] seq=1407971153 err=8880
[ERR] seq=1407971154 err=8976
[ERR] seq=1407971155 err=9072
[ERR] seq=1407971156 err=9192
[ERR] seq=1407971157 err=9280
[ERR] seq=1407971158 err=9392
[ERR] seq=1407971159 err=9472
[ERR] seq=1407971160 err=9968
[SEU] addr=20003188 bit=00000000
[ERR] seq=1407971161 err=10016
[ERR] seq=1407971162 err=10120
[ERR] seq=1407971163 err=10224
[ERR] seq=1407971164 err=10312
[SEU] addr=20003169 bit=00000007
[ERR] seq=1407971165 err=10392
[ERR] seq=1407971166 err=10480
[ERR] seq=1407971167 err=10560
[SEU] addr=200031D3 bit=00000006
[ERR] seq=1407971168 err=10648
[ERR] seq=1407971169 err=10728
[ERR] seq=1407971170 err=10784
[ERR] seq=1407971171 err=10848
[ERR] seq=1407971172 err=10920
[ERR] seq=1407971173 err=10992
[ERR] seq=1407971174 err=11048
[ERR] seq=1407971175 err=11128
[ERR] seq=1407971176 err=11168
[SEU] addr=2000319A bit=00000002
[ERR] seq=1407971177 err=11240
[ERR] seq=1407971178 err=11264
[ERR] seq=1407971179 err=11336
[ERR] seq=1407971180 err=11392
[SEU] addr=20003176 bit=00000006
[ERR] seq=1407971181 err=11432
[ERR] seq=1407971182 err=11472
[ERR] seq=1407971183 err=11504
[ERR] seq=1407971184 err=11552
[ERR] seq=1407971185 err=11592
[SEU] addr=20003178 bit=00000002
[ERR] seq=1407971186 err=11616
[ERR] seq=1407971187 err=11632
[ERR] seq=1407971188 err=11672
[ERR] seq=1407971189 err=11696
[ERR] seq=1407971190 err=11696
[ERR] seq=1407971191 err=11704
[SEU] addr=200031AC bit=00000004
[ERR] seq=1407971192 err=11736
[ERR] seq=1407971193 err=11736
[ERR] seq=1407971194 err=11728
[ERR] seq=1407971195 err=11728
[ERR] seq=1407971196 err=11736
[ERR] seq=1407971197 err=11736
[ERR] seq=1407971198 err=11704
[SEU] addr=20003174 bit=00000004
[ERR] seq=1407971199 err=11704
[ERR] seq=1407971200 err=11696
[ERR] seq=1407971201 err=11672
[ERR] seq=1407971202 err=11648
[ERR] seq=1407971203 err=11616
[ERR] seq=1407971204 err=11592
[ERR] seq=1407971205 err=11568
[ERR] seq=1407971206 err=11504
[SEU] addr=20003183 bit=00000003
[ERR] seq=1407971207 err=11472
[ERR] seq=1407971208 err=11448
[ERR] seq=1407971209 err=11400
[ERR] seq=1407971210 err=11336
[ERR] seq=1407971211 err=11280
[SEU] addr=20003154 bit=00000006
[CMD QUEUE CORRUPTED] primary repaired
[ERR] seq=1407971212 err=11248
[ERR] seq=1407971213 err=11176
[SEU] addr=2000317A bit=00000004
[ERR] seq=1407971214 err=11136
[ERR] seq=1407971215 err=11056
[ERR] seq=1407971216 err=11008
[ERR] seq=1407971217 err=10928
[ERR] seq=1407971218 err=10864
[ERR] seq=1407971219 err=10792
[ERR] seq=1407971220 err=10736
[ERR] seq=1407971221 err=10664
[ERR] seq=1407971222 err=10568
[ERR] seq=1407971223 err=10488
[SEU] addr=20003151 bit=00000004
[ERR] seq=1407971224 err=10408
[SEU] addr=2000317C bit=00000001
[ERR] seq=1407971225 err=10336
[ERR] seq=1407971226 err=9864
[ERR] seq=1407971227 err=9800
[SEU] addr=200031C1 bit=00000005
[ERR] seq=1407971228 err=9704
[ERR] seq=1407971229 err=9600
[ERR] seq=1407971230 err=9504
[ERR] seq=1407971231 err=9392
[SEU] addr=2000316D bit=00000007
[ERR] seq=1407971232 err=9304
[ERR] seq=1407971233 err=9208
[ERR] seq=1407971234 err=9088
[ERR] seq=1407971235 err=8992
[SEU] addr=20003169 bit=00000006
[ERR] seq=1407971236 err=8896
[ERR] seq=1407971237 err=8776
[ERR] seq=1407971238 err=8664
[SEU] addr=2000316A bit=00000003
[ERR] seq=1407971239 err=8544
[ERR] seq=1407971240 err=8448
[ERR] seq=1407971241 err=8312
[ERR] seq=1407971242 err=8200
[ERR] seq=1407971243 err=8080
[ERR] seq=1407971244 err=7976
[ERR] seq=1407971245 err=7832
[SEU] addr=20003175 bit=00000005
[ERR] seq=1407971246 err=7696
[ERR] seq=1407971247 err=7584
[ERR] seq=1407971248 err=7456
[ERR] seq=1407971249 err=7352
[ERR] seq=1407971250 err=7200
[ERR] seq=1407971251 err=7088
[ERR] seq=1407971252 err=6960
[ERR] seq=1407971253 err=6832
[ERR] seq=1407971254 err=6696
[SEU] addr=2000318F bit=00000007
[ERR] seq=1407971255 err=6576
[ERR] seq=1407971256 err=6440
[ERR] seq=1407971257 err=6320
[ERR] seq=1407971258 err=6176
[ERR] seq=1407971259 err=6048
[ERR] seq=1407971260 err=5944
[ERR] seq=1407971261 err=5800
[ERR] seq=1407971262 err=5664
[ERR] seq=1407971263 err=5536
[SEU] addr=2000318D bit=00000000
[ERR] seq=1407971264 err=7456
[ERR] seq=1407971265 err=5104
[ERR] seq=1407971266 err=5304
[ERR] seq=1407971267 err=4984
[ERR] seq=1407971268 err=4904
[ERR] seq=1407971269 err=4752
[ERR] seq=1407971270 err=4608
[ERR] seq=1407971271 err=4488
[SEU] addr=200031C9 bit=00000004
[ERR] seq=1407971272 err=4368
[ERR] seq=1407971273 err=4224
[ERR] seq=1407971274 err=4112
[ERR] seq=1407971275 err=3984
[ERR] seq=1407971276 err=3856
[ERR] seq=1407971277 err=3736
[ERR] seq=1407971278 err=3584
[SEU] addr=20003153 bit=00000002
[ERR] seq=1407971279 err=3480
[ERR] seq=1407971280 err=3344
[ERR] seq=1407971281 err=3232
[SEU] addr=200031CF bit=00000004
[ERR] seq=1407971282 err=3112
[ERR] seq=1407971283 err=2984
[ERR] seq=1407971284 err=2880
[ERR] seq=1407971285 err=2752
[SEU] addr=20003192 bit=00000007
[ERR] seq=1407971286 err=67108464
[ERR] seq=1407971287 err=5371200
[ERR] seq=1407971288 err=5797784
[ERR] seq=1407971289 err=895888
[SEU] addr=200031D6 bit=00000004
[ERR] seq=1409019866 err=535800
[ERR] seq=1409019867 err=116960
[ERR] seq=1409019868 err=52400
[ERR] seq=1409019869 err=16000
[SEU] addr=200031C6 bit=00000004
[ERR] seq=1409019870 err=5568
[ERR] seq=1409019871 err=4136
[ERR] seq=1409019872 err=2152
[ERR] seq=1409019873 err=2824
[ERR] seq=1409019874 err=2600
[ERR] seq=1409019875 err=2648
[ERR] seq=1409019876 err=2648
[ERR] seq=1409019877 err=2632
[ERR] seq=1409019878 err=2616
[ERR] seq=1409019879 err=2632
[SEU] addr=200031A0 bit=00000003
[ERR] seq=1409019880 err=2608
[ERR] seq=1409019881 err=2616
[SEU] addr=20003145 bit=00000006
[SAMPLE QUEUE CORRUPTED] primary repaired
[ERR] seq=1409019882 err=2600
[ERR] seq=1409019883 err=2600
[ERR] seq=1409019884 err=2584
[SEU] addr=2000317D bit=00000001
[ERR] seq=1409019885 err=2584
[ERR] seq=1409019886 err=2568
[ERR] seq=1409019887 err=2552
[ERR] seq=1409019888 err=2560
[ERR] seq=1409019889 err=2544
[ERR] seq=1409019890 err=2544
[SEU] addr=20003182 bit=00000006
[ERR] seq=1409019891 err=2528
[ERR] seq=1409019892 err=2536
[ERR] seq=1409019893 err=2512
[ERR] seq=1409019894 err=2576
[ERR] seq=1409019895 err=2632
[ERR] seq=1409019896 err=2720
[ERR] seq=1409019897 err=2792
[ERR] seq=1409019898 err=2872
[SEU] addr=20003146 bit=00000000
[SAMPLE QUEUE CORRUPTED] primary repaired
[ERR] seq=1409019899 err=2936
[ERR] seq=1409019900 err=3032
[ERR] seq=1409019901 err=3112
[SEU] addr=200031AC bit=00000002
[ERR] seq=1409019902 err=3152
[ERR] seq=1409019903 err=3240
[ERR] seq=1409019904 err=2824
[ERR] seq=1409019905 err=2264
[ERR] seq=1409019906 err=2712
[SEU] addr=20003159 bit=00000002
[ERR] seq=1409019907 err=2576
[ERR] seq=1409019908 err=2528
[ERR] seq=1409019909 err=2448
[ERR] seq=1409019910 err=2376
[ERR] seq=1409019911 err=2328
[ERR] seq=1409019912 err=2224
[SEU] addr=20003154 bit=00000003
[CMD QUEUE CORRUPTED] primary repaired
[ERR] seq=1409019913 err=2168
[SEU] addr=200031B2 bit=00000004
[ERR] seq=1409019914 err=2096
[ERR] seq=1409019915 err=2016
[ERR] seq=1409019916 err=1968
[ERR] seq=1409019917 err=1888
[ERR] seq=1409019918 err=1832
[ERR] seq=1409019919 err=1752
[ERR] seq=1409019920 err=1688
[SEU] addr=20003159 bit=00000000
[ERR] seq=1409019921 err=1632
[ERR] seq=1409019922 err=1568
[ERR] seq=1409019923 err=1504
[ERR] seq=1409019924 err=1448
[ERR] seq=1409019925 err=1376
[SEU] addr=200031A3 bit=00000004
[ERR] seq=1409019926 err=1320
[ERR] seq=1409019927 err=1272
[ERR] seq=1409019928 err=1192
[ERR] seq=1409019929 err=1128
[ERR] seq=1409019930 err=1096
[ERR] seq=1409019931 err=992
[SEU] addr=200031D4 bit=00000004
[ERR] seq=1409019916 err=1184
[ERR] seq=1409019917 err=1080
[ERR] seq=1409019918 err=1024
[ERR] seq=1409019919 err=920
[ERR] seq=1409019920 err=864
[ERR] seq=1409019921 err=752
[ERR] seq=1409019922 err=680
[ERR] seq=1409019923 err=600
[ERR] seq=1409019924 err=552
[ERR] seq=1409019925 err=512
[SEU] addr=2000314E bit=00000001
[SAMPLE QUEUE backup CORRUPTED] backup repaired
[ERR] seq=1409019926 err=432
[ERR] seq=1409019927 err=384
[ERR] seq=1409019928 err=360
[ERR] seq=1409019929 err=320
[ERR] seq=1409019930 err=248
[ERR] seq=1409019931 err=192
[ERR] seq=1409019932 err=152
[ERR] seq=1409019933 err=200
[SEU] addr=2000318F bit=00000006
[ERR] seq=1409019934 err=264
[ERR] seq=1409019935 err=352
[ERR] seq=1409019936 err=416
[ERR] seq=1409019937 err=488
[ERR] seq=1409019938 err=552
[ERR] seq=1409019939 err=616
[ERR] seq=1409019940 err=720
[ERR] seq=1409019941 err=768
[ERR] seq=1409019942 err=832
[SEU] addr=200031C6 bit=00000007
[ERR] seq=1409019943 err=920
[ERR] seq=1409019944 err=952
[ERR] seq=1409019945 err=1032
[ERR] seq=1409019946 err=1080
[ERR] seq=1409019947 err=1160
[ERR] seq=1409019948 err=1216
[ERR] seq=1409019949 err=1280
[ERR] seq=1409019950 err=1320
[ERR] seq=1409019951 err=1392
[SEU] addr=200031C2 bit=00000003
[ERR] seq=1409019952 err=1448
[ERR] seq=1409019953 err=1496
[ERR] seq=1409019954 err=3608
[ERR] seq=1409019955 err=3480
[ERR] seq=1409019956 err=3720
[ERR] seq=1409019957 err=3752
[SEU] addr=2000315D bit=00000007
[CMD QUEUE backup CORRUPTED] backup repaired
[ERR] seq=1409019958 err=3808
[ERR] seq=1409019959 err=3848
[ERR] seq=1409019960 err=3896
[ERR] seq=1409019961 err=3960
[ERR] seq=1409019962 err=3992
[SEU] addr=200031BA bit=00000003
[ERR] seq=1409019963 err=4056
[SEU] addr=20003163 bit=00000002
[ERR] seq=1409019964 err=4088
[ERR] seq=1409019965 err=4152
[ERR] seq=1409019966 err=4168
[SEU] addr=200031BD bit=00000000
[ERR] seq=1409019967 err=4232
[ERR] seq=1409019968 err=4264
[ERR] seq=1409019969 err=4288
[ERR] seq=1409019970 err=4320
[ERR] seq=1409019971 err=4360
[ERR] seq=1409019972 err=4416
[ERR] seq=1409019973 err=4424
[ERR] seq=1409019974 err=4480
[ERR] seq=1409019975 err=4496
[SEU] addr=20003195 bit=00000007
[ERR] seq=1409019976 err=4544
[ERR] seq=1409019977 err=4568
[SEU] addr=2000317C bit=00000004
[ERR] seq=1409019978 err=4576
[ERR] seq=1409019979 err=4608
[ERR] seq=1409019980 err=4640
[ERR] seq=1409019981 err=4664
[ERR] seq=1409019982 err=4672
[ERR] seq=1409019983 err=4696
[ERR] seq=1409019984 err=4720
[SEU] addr=200031BD bit=00000005
[ERR] seq=1409019985 err=4728
[ERR] seq=1409019986 err=4744
[ERR] seq=1409019987 err=4752
[ERR] seq=1409019988 err=4776
[ERR] seq=1409019989 err=4776
[SEU] addr=2000318C bit=00000006
[ERR] seq=1409019990 err=4264
[ERR] seq=1409019991 err=4848
[ERR] seq=1409019992 err=4752
[ERR] seq=1409019993 err=4808
[ERR] seq=1409019994 err=4792
[ERR] seq=1409019995 err=4808
[ERR] seq=1409019996 err=4808
[ERR] seq=1409019997 err=4800
[ERR] seq=1409019998 err=4792
[ERR] seq=1409019999 err=4800
[SEU] addr=200031D4 bit=00000007
[ERR] seq=1409020128 err=2384
[ERR] seq=1409020129 err=1704
[ERR] seq=1409020130 err=2216
[ERR] seq=1409020131 err=2000
[SEU] addr=20003163 bit=00000000
[ERR] seq=1409020132 err=1936
[ERR] seq=1409020133 err=1808
[ERR] seq=1409020134 err=1696
[ERR] seq=1409020135 err=1664
[ERR] seq=1409020136 err=1664
[SEU] addr=20003153 bit=00000000
[ERR] seq=1409020137 err=1688
[ERR] seq=1409020138 err=1704
[ERR] seq=1409020139 err=1704
[ERR] seq=1409020140 err=1720
[ERR] seq=1409020141 err=1728
[ERR] seq=1409020142 err=1760
[ERR] seq=1409020143 err=1752
[ERR] seq=1409020144 err=1752
[ERR] seq=1409020145 err=1776
[ERR] seq=1409020146 err=1792
[SEU] addr=2000316C bit=00000007
[ERR] seq=1409020147 err=1792
[ERR] seq=1409020148 err=1816
[ERR] seq=1409020149 err=1816
[ERR] seq=1409020150 err=1840
[ERR] seq=1409020151 err=1872
[ERR] seq=1409020152 err=1848
[ERR] seq=1409020153 err=1864
[ERR] seq=1409020154 err=1896
[ERR] seq=1409020155 err=1912
[SEU] addr=20003198 bit=00000006
[ERR] seq=1409020156 err=1904
[ERR] seq=1409020157 err=1912
[ERR] seq=1409020158 err=1952
[ERR] seq=1409020159 err=1968
[ERR] seq=1409020160 err=296
[ERR] seq=1409020161 err=120
[ERR] seq=1409020162 err=88
[ERR] seq=1409020163 err=136
[ERR] seq=1409020164 err=288
[SEU] addr=200031CA bit=00000005
[ERR] seq=1409020165 err=432
[ERR] seq=1409020166 err=544
[SEU] addr=20003165 bit=00000002
[ERR] seq=1409020167 err=720
[ERR] seq=1409020168 err=864
[SEU] addr=2000315F bit=00000001
[CMD QUEUE backup CORRUPTED] backup repaired
[ERR] seq=1409020169 err=1000
[ERR] seq=1409020170 err=1152
[ERR] seq=1409020171 err=1288
[ERR] seq=1409020172 err=1456
[ERR] seq=1409020173 err=1592
[ERR] seq=1409020174 err=1720
[ERR] seq=1409020175 err=1888
[ERR] seq=1409020176 err=2024
[ERR] seq=1409020177 err=2176
[SEU] addr=200031C7 bit=00000007
[ERR] seq=1409020178 err=2320
[ERR] seq=1409020179 err=2456
[ERR] seq=1409020180 err=2600
[ERR] seq=1409020181 err=2744
[ERR] seq=1409020182 err=2872
[ERR] seq=1409020183 err=3016
[ERR] seq=1409020184 err=3160
[ERR] seq=1409020185 err=3320
[ERR] seq=1409020186 err=3440
[ERR] seq=1409020187 err=3576
[SEU] addr=200031B9 bit=00000001
[ERR] seq=1409020188 err=3704
[ERR] seq=1409020189 err=3832
[ERR] seq=1409020190 err=3952
[ERR] seq=1409020191 err=4104
[ERR] seq=1409020192 err=4224
[SEU] addr=2000317F bit=00000006
[ERR] seq=1409020193 err=4360
[SEU] addr=20003150 bit=00000006
[SAMPLE QUEUE backup CORRUPTED] backup repaired
[ERR] seq=1409020194 err=4464
[ERR] seq=1409020195 err=4592
[ERR] seq=1409020196 err=4736
[SEU] addr=20003153 bit=00000007
[ERR] seq=1409020197 err=4832
[SEU] addr=200031CA bit=00000000
[ERR] seq=1409020198 err=4960
[ERR] seq=1409020199 err=5088
[SEU] addr=200031BD bit=00000004
[ERR] seq=1409020200 err=5568
[ERR] seq=1409020201 err=5632
[ERR] seq=1409020202 err=5784
[ERR] seq=1409020203 err=5880
[ERR] seq=1409020204 err=6008
[ERR] seq=1409020205 err=6088
[ERR] seq=1409020206 err=6200
[ERR] seq=1409020207 err=6296
[SEU] addr=20003167 bit=00000001
[ERR] seq=1409020208 err=6384
[ERR] seq=1409020209 err=6496
[ERR] seq=1409020210 err=6552
[ERR] seq=1409020211 err=6664
[ERR] seq=1409020212 err=6736
[ERR] seq=1409020213 err=6840
[ERR] seq=1409020214 err=6904
[ERR] seq=1409020215 err=6992
[SEU] addr=20003159 bit=00000002
[ERR] seq=1409020216 err=7064
[ERR] seq=1409020217 err=7112
[ERR] seq=1409020218 err=7192
[ERR] seq=1409020219 err=7264
[ERR] seq=1409020220 err=7352
[ERR] seq=1409020221 err=7400
[SEU] addr=2000318D bit=00000005
[ERR] seq=1409020222 err=72976
[ERR] seq=1409020223 err=8696
[SEU] addr=200031D2 bit=00000002
[ERR] seq=1409020224 err=13216
[ERR] seq=1409020225 err=6752
[ERR] seq=1409020226 err=8192
[ERR] seq=1409020227 err=7584
[ERR] seq=1409020228 err=7808
[ERR] seq=1409020229 err=7768
[ERR] seq=1409020230 err=7816
[ERR] seq=1409020231 err=7824
[SEU] addr=200031CA bit=00000006
[ERR] seq=1409020232 err=7888
[ERR] seq=1409020233 err=7896
[ERR] seq=1409020234 err=7904
[ERR] seq=1409020235 err=7920
[ERR] seq=1409020236 err=7944
[ERR] seq=1409020237 err=7944
[ERR] seq=1409020238 err=7944
[ERR] seq=1409020239 err=7944
[SEU] addr=2000315C bit=00000006
[CMD QUEUE backup CORRUPTED] backup repaired
[ERR] seq=1409020240 err=7952
[ERR] seq=1409020241 err=7944
[ERR] seq=1409020242 err=7920
[ERR] seq=1409020243 err=7912
[ERR] seq=1409020244 err=7896
[SEU] addr=2000316C bit=00000002
[ERR] seq=1409020245 err=7888
[ERR] seq=1409020246 err=7832
[ERR] seq=1409020247 err=7808
[ERR] seq=1409020248 err=7792
[ERR] seq=1409020249 err=7752
[ERR] seq=1409020250 err=7712
[SEU] addr=200031CB bit=00000005
[ERR] seq=1409020251 err=7672
[ERR] seq=1409020252 err=7632
[ERR] seq=1409020253 err=7568
[ERR] seq=1409020254 err=7520
[ERR] seq=1409020255 err=7464
[SEU] addr=20003174 bit=00000005
[ERR] seq=1409020256 err=7408
[ERR] seq=1409020257 err=7352
[ERR] seq=1409020258 err=7288
[ERR] seq=1409020259 err=7192
[ERR] seq=1409020260 err=7128
[ERR] seq=1409020261 err=7080
[ERR] seq=1409020262 err=6992
[SEU] addr=20003166 bit=00000003
[ERR] seq=1409020263 err=6928
[ERR] seq=1409020264 err=6848
[ERR] seq=1409020265 err=6752
[ERR] seq=1409020266 err=6672
[ERR] seq=1409020267 err=6560
[SEU] addr=200031A8 bit=00000006
[ERR] seq=1409020268 err=6520
[ERR] seq=1409020269 err=6400
[ERR] seq=1409020270 err=6312
[ERR] seq=1409020271 err=6208
[ERR] seq=1409020272 err=6120
[ERR] seq=1409020273 err=6016
[SEU] addr=20003152 bit=00000001
[ERR] seq=1409020274 err=5520
[ERR] seq=1409020275 err=5480
[ERR] seq=1409020276 err=5328
[ERR] seq=1409020277 err=5208
[ERR] seq=1409020278 err=5096
[ERR] seq=1409020279 err=4992
[ERR] seq=1409020280 err=4856
[ERR] seq=1409020281 err=4736
[SEU] addr=200031A9 bit=00000002
[ERR] seq=1409020282 err=4624
[ERR] seq=1409020283 err=4488
[ERR] seq=1409020284 err=4368
[ERR] seq=1409020285 err=4256
[ERR] seq=1409020286 err=4120
[ERR] seq=1409020287 err=3984
[ERR] seq=1409020288 err=3864
[ERR] seq=1409020289 err=3728
[ERR] seq=1409020290 err=3592
[SEU] addr=200031CA bit=00000007
[ERR] seq=1409020291 err=3496
[ERR] seq=1409020292 err=3344
[ERR] seq=1409020293 err=3200
[ERR] seq=1409020294 err=3048
[ERR] seq=1409020295 err=2928
[ERR] seq=1409020296 err=2792
[ERR] seq=1409020297 err=2640
[ERR] seq=1409020298 err=2488
[SEU] addr=200031D7 bit=00000006
[ERR] seq=335278475 err=80
[ERR] seq=335278476 err=168
[ERR] seq=335278477 err=112
[ERR] seq=335278478 err=112
[ERR] seq=335278479 err=128
[ERR] seq=335278480 err=136
[ERR] seq=335278481 err=160
[ERR] seq=335278482 err=160
[ERR] seq=335278483 err=168
[SEU] addr=200031D2 bit=00000001
[ERR] seq=335278484 err=184
[ERR] seq=335278485 err=192
[ERR] seq=335278486 err=208
[SEU] addr=20003170 bit=00000001
[ERR] seq=335278487 err=216
[ERR] seq=335278488 err=232
[ERR] seq=335278489 err=256
[ERR] seq=335278490 err=280
[ERR] seq=335278491 err=296
[SEU] addr=2000315F bit=00000003
[CMD QUEUE backup CORRUPTED] backup repaired
[ERR] seq=335278492 err=296
[ERR] seq=335278493 err=328
[ERR] seq=335278494 err=336
[ERR] seq=335278495 err=384
[ERR] seq=335278496 err=384
[SEU] addr=20003188 bit=00000001
[ERR] seq=335278497 err=392
[SEU] addr=20003167 bit=00000004
[ERR] seq=335278498 err=440
[ERR] seq=335278499 err=456
[ERR] seq=335278500 err=472
[ERR] seq=335278501 err=480
[ERR] seq=335278502 err=528
[ERR] seq=335278503 err=528
[ERR] seq=335278504 err=560
[ERR] seq=335278505 err=568
[ERR] seq=335278506 err=592
[SEU] addr=2000316A bit=00000000
[ERR] seq=335278507 err=632
[ERR] seq=335278508 err=632
[ERR] seq=335278509 err=656
[ERR] seq=335278510 err=680
[ERR] seq=335278511 err=704
[ERR] seq=335278512 err=720
[ERR] seq=335278513 err=736
[ERR] seq=335278514 err=3528
[ERR] seq=335278515 err=3184
[SEU] addr=200031AD bit=00000004
[ERR] seq=335278516 err=3536
[ERR] seq=335278517 err=3448
[ERR] seq=335278518 err=3480
[ERR] seq=335278519 err=3440
[SEU] addr=200031CF bit=00000005
[ERR] seq=335278520 err=3440
[ERR] seq=335278521 err=3424
[ERR] seq=335278522 err=3416
[SEU] addr=200031B7 bit=00000006
[ERR] seq=335278523 err=3400
[ERR] seq=335278524 err=3392
[ERR] seq=335278525 err=3368
[SEU] addr=200031C2 bit=00000000
[ERR] seq=335278526 err=3360
[ERR] seq=335278527 err=3352
[ERR] seq=335278528 err=3320
[ERR] seq=335278529 err=3312
[ERR] seq=335278530 err=3312
[ERR] seq=335278531 err=3296
[SEU] addr=2000318C bit=00000004
[ERR] seq=335278532 err=3152
[ERR] seq=335278533 err=3288
[ERR] seq=335278534 err=3256
[ERR] seq=335278535 err=3272
[ERR] seq=335278536 err=3224
[ERR] seq=335278537 err=3232
[ERR] seq=335278538 err=3216
[ERR] seq=335278539 err=3232
[ERR] seq=335278540 err=3192
[SEU] addr=20003197 bit=00000003
[ERR] seq=335278541 err=3192
[ERR] seq=335278542 err=3184
[ERR] seq=335278543 err=3160
[SEU] addr=200031B4 bit=00000001
[ERR] seq=335278544 err=3160
[ERR] seq=335278545 err=3120
[ERR] seq=335278546 err=3144
[ERR] seq=335278547 err=3120
[ERR] seq=335278548 err=3112
[ERR] seq=335278549 err=3088
[ERR] seq=335278550 err=3088
[SEU] addr=20003145 bit=00000003
[SAMPLE QUEUE CORRUPTED] primary repaired
[ERR] seq=335278551 err=3080
[ERR] seq=335278552 err=3048
[ERR] seq=335278553 err=3040
[ERR] seq=335278554 err=3064
[ERR] seq=335278555 err=3024
[ERR] seq=335278556 err=3024
[ERR] seq=335278557 err=3000
[ERR] seq=335278558 err=3000
[ERR] seq=335278559 err=2984
[SEU] addr=200031A3 bit=00000000
[ERR] seq=335278560 err=2984
[ERR] seq=335278561 err=2952
[ERR] seq=335278562 err=2976
[ERR] seq=335278563 err=2968
[ERR] seq=335278564 err=2936
[ERR] seq=335278565 err=2944
[ERR] seq=335278566 err=2928
[ERR] seq=335278567 err=2936
[SEU] addr=20003196 bit=00000002
[ERR] seq=335278568 err=2912
[ERR] seq=335278569 err=2904
[ERR] seq=335278570 err=2904
[ERR] seq=335278571 err=2888
[ERR] seq=335278572 err=2880
[ERR] seq=335278573 err=2864
[ERR] seq=335278574 err=2872
[ERR] seq=335278575 err=2856
[ERR] seq=335278576 err=2848
[ERR] seq=335278577 err=2840
[SEU] addr=200031BE bit=00000004
[ERR] seq=335278578 err=2840
[ERR] seq=335278579 err=2824
[ERR] seq=335278580 err=2816
[ERR] seq=335278581 err=2808
[ERR] seq=335278582 err=2824
[ERR] seq=335278583 err=2792
[ERR] seq=335278584 err=2808
[ERR] seq=335278585 err=2776
[SEU] addr=20003153 bit=00000003
[ERR] seq=335278586 err=2800
[ERR] seq=335278587 err=2768
[ERR] seq=335278588 err=2768
[SEU] addr=20003197 bit=00000004
[ERR] seq=335278589 err=2752
[ERR] seq=335278590 err=2768
[ERR] seq=335278591 err=2752
[ERR] seq=335278592 err=1992
[ERR] seq=335278593 err=1688
[ERR] seq=335278594 err=2048
[SEU] addr=2000318F bit=00000002
[ERR] seq=335278595 err=536871792
[ERR] seq=335278596 err=42951688
[ERR] seq=335278597 err=46386536
[ERR] seq=335278598 err=7148872
[ERR] seq=335278599 err=4283496
[SEU] addr=200031B5 bit=00000006
[ERR] seq=335278600 err=916400
[ERR] seq=335278601 err=416672
[ERR] seq=335278602 err=108480
[ERR] seq=335278603 err=42680
[ERR] seq=335278604 err=13928
[ERR] seq=335278605 err=5208
[ERR] seq=335278606 err=3392
[ERR] seq=335278607 err=1672
[ERR] seq=335278608 err=2248
[SEU] addr=200031B0 bit=00000005
[ERR] seq=335278609 err=2064
[ERR] seq=335278610 err=2144
[ERR] seq=335278611 err=2128
[ERR] seq=335278612 err=2136
[ERR] seq=335278613 err=2128
[ERR] seq=335278614 err=2136
[ERR] seq=335278615 err=2144
[ERR] seq=335278616 err=2144
[ERR] seq=335278617 err=2160
[ERR] seq=335278618 err=2152
[SEU] addr=20003169 bit=00000002
[ERR] seq=335278619 err=2184
[ERR] seq=335278620 err=2168
[ERR] seq=335278621 err=2176
[SEU] addr=200031D6 bit=00000005
[ERR] seq=333181470 err=1472
[ERR] seq=333181471 err=1416
[ERR] seq=333181472 err=1912
[ERR] seq=333181473 err=2064
[ERR] seq=333181474 err=2312
[ERR] seq=333181475 err=2528
[ERR] seq=333181476 err=2736
[ERR] seq=333181477 err=2952
[SEU] addr=2000318B bit=00000006
[ERR] seq=333181478 err=3144
[ERR] seq=333181479 err=3360
[ERR] seq=333181480 err=3552
[ERR] seq=333181481 err=3752
[ERR] seq=333181482 err=3936
[ERR] seq=333181483 err=4144
[SEU] addr=200031B3 bit=00000004
[ERR] seq=333181484 err=4352
[ERR] seq=333181485 err=4536
[ERR] seq=333181486 err=4712
[ERR] seq=333181487 err=4912
[ERR] seq=333181488 err=5104
[ERR] seq=333181489 err=5288
[ERR] seq=333181490 err=5440
[ERR] seq=333181491 err=5632
[ERR] seq=333181492 err=5824
[SEU] addr=200031AE bit=00000005
[ERR] seq=333181493 err=5992
[ERR] seq=333181494 err=6152
[ERR] seq=333181495 err=6320
[SEU] addr=200031B6 bit=00000005
[ERR] seq=333181496 err=6480
[ERR] seq=333181497 err=6648
[ERR] seq=333181498 err=6792
[ERR] seq=333181499 err=6976
[ERR] seq=333181500 err=7112
[ERR] seq=333181501 err=7280
[ERR] seq=333181502 err=7424
[SEU] addr=200031CC bit=00000000
[ERR] seq=333181503 err=7568
[ERR] seq=333181504 err=7712
[ERR] seq=333181505 err=7864
[ERR] seq=333181506 err=7992
[ERR] seq=333181507 err=8120
[ERR] seq=333181508 err=8248
[ERR] seq=333181509 err=8408
[ERR] seq=333181510 err=8512
[ERR] seq=333181511 err=8632
[SEU] addr=20003147 bit=00000000
[SAMPLE QUEUE CORRUPTED] primary repaired
[ERR] seq=333181512 err=8768
[ERR] seq=333181513 err=8888
[ERR] seq=333181514 err=8984
[ERR] seq=333181515 err=9120
[ERR] seq=333181516 err=9224
[ERR] seq=333181517 err=9304
[ERR] seq=333181518 err=9432
[ERR] seq=333181519 err=9520
[SEU] addr=2000314D bit=00000002
[SAMPLE QUEUE backup CORRUPTED] backup repaired
[ERR] seq=333181520 err=9624
[SEU] addr=2000314D bit=00000001
[SAMPLE QUEUE backup CORRUPTED] backup repaired
[ERR] seq=333181521 err=9696
[ERR] seq=333181522 err=9784
[ERR] seq=333181523 err=9872
[ERR] seq=333181524 err=9960
[ERR] seq=333181525 err=10032
[ERR] seq=333181526 err=10112
[SEU] addr=200031C7 bit=00000003
[ERR] seq=333181527 err=10200
[ERR] seq=333181528 err=10264
[ERR] seq=333181529 err=10328
[ERR] seq=333181530 err=10384
[ERR] seq=333181531 err=10472
[ERR] seq=333181532 err=10528
[ERR] seq=333181533 err=10584
[SEU] addr=200031C4 bit=00000004
[ERR] seq=333181534 err=10648
[ERR] seq=333181535 err=10696
[ERR] seq=333181536 err=10728
[SEU] addr=20003186 bit=00000006
[ERR] seq=333181537 err=7288
[ERR] seq=333181538 err=11112
[ERR] seq=333181539 err=10560
[ERR] seq=333181540 err=10968
[ERR] seq=333181541 err=10912
[ERR] seq=333181542 err=10960
[ERR] seq=333181543 err=11000
[ERR] seq=333181544 err=11016
[ERR] seq=333181545 err=11040
[SEU] addr=2000316D bit=00000003
[ERR] seq=333181546 err=11048
[ERR] seq=333181547 err=11064
[ERR] seq=333181548 err=11088
[ERR] seq=333181549 err=11088
[ERR] seq=333181550 err=11080
[ERR] seq=333181551 err=11096
[ERR] seq=333181552 err=11088
[ERR] seq=333181553 err=11088
[SEU] addr=2000318D bit=00000005
[ERR] seq=333181554 err=76616
[ERR] seq=333181555 err=10296
[ERR] seq=333181556 err=16720
[ERR] seq=333181557 err=10176
[SEU] addr=200031CB bit=00000004
[ERR] seq=333181558 err=11528
[ERR] seq=333181559 err=10896
[ERR] seq=333181560 err=11024
[ERR] seq=333181561 err=10928
[ERR] seq=333181562 err=10920
[ERR] seq=333181563 err=10872
[ERR] seq=333181564 err=10832
[ERR] seq=333181565 err=10800
[SEU] addr=2000316D bit=00000004
[ERR] seq=333181566 err=10736
[ERR] seq=333181567 err=10704
[ERR] seq=333181568 err=10656
[ERR] seq=333181569 err=10608
[ERR] seq=333181570 err=10520
[SEU] addr=20003182 bit=00000004
[ERR] seq=333181571 err=10472
[ERR] seq=333181572 err=10416
[ERR] seq=333181573 err=10336
[SEU] addr=20003151 bit=00000002
[ERR] seq=333181574 err=10264
[ERR] seq=333181575 err=10216
[ERR] seq=333181576 err=10128
[ERR] seq=333181577 err=10056
[ERR] seq=333181578 err=9952
[ERR] seq=333181579 err=9880
[ERR] seq=333181580 err=9816
[ERR] seq=333181581 err=9696
[SEU] addr=20003146 bit=00000003
[SAMPLE QUEUE CORRUPTED] primary repaired
[ERR] seq=333181582 err=9624
[ERR] seq=333181583 err=9528
[ERR] seq=333181584 err=9432
[ERR] seq=333181585 err=9320
[ERR] seq=333181586 err=9216
[SEU] addr=20003147 bit=00000004
[SAMPLE QUEUE CORRUPTED] primary repaired
[ERR] seq=333181587 err=9096
[ERR] seq=333181588 err=9016
[ERR] seq=333181589 err=8872
[ERR] seq=333181590 err=8736
[ERR] seq=333181591 err=8640
[ERR] seq=333181592 err=8504
[ERR] seq=333181593 err=8384
[ERR] seq=333181594 err=8232
[ERR] seq=333181595 err=8112
[SEU] addr=200031C4 bit=00000006
[ERR] seq=333181596 err=7984
[ERR] seq=333181597 err=7832
[ERR] seq=333181598 err=7688
[ERR] seq=333181599 err=7552
[ERR] seq=333181600 err=7408
[ERR] seq=333181601 err=7240
[ERR] seq=333181602 err=7088
[ERR] seq=333181603 err=6928
[ERR] seq=333181604 err=6784
[SEU] addr=200031A6 bit=00000004
[ERR] seq=333181605 err=6608
[ERR] seq=333181606 err=6448
[ERR] seq=333181607 err=6280
[ERR] seq=333181608 err=6120
[ERR] seq=333181609 err=5960
[ERR] seq=333181610 err=5760
[ERR] seq=333181611 err=5592
[ERR] seq=333181612 err=5408
[SEU] addr=200031AF bit=00000005
[ERR] seq=333181613 err=5240
[ERR] seq=333181614 err=5056
[SEU] addr=200031BB bit=00000000
[ERR] seq=333181615 err=4848
[ERR] seq=333181616 err=4680
[ERR] seq=333181617 err=4488
[ERR] seq=333181618 err=6328
[ERR] seq=333181619 err=5968
[ERR] seq=333181620 err=5960
[SEU] addr=20003193 bit=00000000
[ERR] seq=333181621 err=134222024
[ERR] seq=333181622 err=10742960
[ERR] seq=333181623 err=11600464
[ERR] seq=333181624 err=1791832
[ERR] seq=333181625 err=1074424
[ERR] seq=333181626 err=233288
[ERR] seq=333181627 err=107456
[ERR] seq=333181628 err=30880
[ERR] seq=333181629 err=13680
[ERR] seq=333181630 err=6808
[SEU] addr=20003173 bit=00000007
[ERR] seq=333181631 err=4048
[ERR] seq=333181632 err=3760
[ERR] seq=333181633 err=3120
[ERR] seq=333181634 err=3024
[ERR] seq=333181635 err=2760
[ERR] seq=333181636 err=2568
[ERR] seq=333181637 err=2336
[ERR] seq=333181638 err=2120
[SEU] addr=200031AE bit=00000005
[ERR] seq=333181639 err=2008
[ERR] seq=333181640 err=1960
[ERR] seq=333181641 err=1936
[ERR] seq=333181642 err=1928
[ERR] seq=333181643 err=1888
[ERR] seq=333181644 err=1872
[ERR] seq=333181645 err=1864
[SEU] addr=200031B5 bit=00000001
[ERR] seq=333181646 err=1824
[ERR] seq=333181647 err=1824
[ERR] seq=333181648 err=1784
[ERR] seq=333181649 err=1768
[ERR] seq=333181650 err=1768
[ERR] seq=333181651 err=1728
[ERR] seq=333181652 err=1720
[ERR] seq=333181653 err=1680
[ERR] seq=333181654 err=1680
[SEU] addr=200031A2 bit=00000001
[ERR] seq=333181655 err=1656
[ERR] seq=333181656 err=1888
[ERR] seq=333181657 err=2104
[SEU] addr=2000317F bit=00000002
[ERR] seq=333181658 err=2688
[ERR] seq=333181659 err=2864
[ERR] seq=333181660 err=3112
[ERR] seq=333181661 err=3320
[ERR] seq=333181662 err=3552
[ERR] seq=333181663 err=3744
[ERR] seq=333181664 err=3960
[ERR] seq=333181665 err=4176
[SEU] addr=20003183 bit=00000000
[ERR] seq=333181666 err=4376
[ERR] seq=333181667 err=4600
[ERR] seq=333181668 err=4768
[ERR] seq=333181669 err=5000
[ERR] seq=333181670 err=5192
[ERR] seq=333181671 err=5408
[ERR] seq=333181672 err=5584
[ERR] seq=333181673 err=5800
[ERR] seq=333181674 err=5984
[ERR] seq=333181675 err=6168
[SEU] addr=200031D2 bit=00000004
[ERR] seq=333181676 err=6376
[ERR] seq=333181677 err=6568
[ERR] seq=333181678 err=6768
[ERR] seq=333181679 err=6952
[ERR] seq=333181680 err=7136
[ERR] seq=333181681 err=7304
[ERR] seq=333181682 err=7504
[ERR] seq=333181683 err=7672
[SEU] addr=20003189 bit=00000007
[ERR] seq=333181684 err=269984
[ERR] seq=333181685 err=22032
[ERR] seq=333181686 err=30840
[ERR] seq=333181687 err=4872
[ERR] seq=333181688 err=10624
[SEU] addr=20003174 bit=00000002
[ERR] seq=333181689 err=8240
[ERR] seq=333181690 err=9056
[ERR] seq=333181691 err=8944
[ERR] seq=333181692 err=9160
[SEU] addr=20003194 bit=00000004
[ERR] seq=333181693 err=9296
[ERR] seq=333181694 err=9448
[ERR] seq=333181695 err=9600
[ERR] seq=333181696 err=11768
[SEU] addr=20003153 bit=00000006
[ERR] seq=333181697 err=11760
[ERR] seq=333181698 err=12064
[SEU] addr=200031A3 bit=00000000
[ERR] seq=333181699 err=12160
[ERR] seq=333181700 err=12304
[ERR] seq=333181701 err=12432
[ERR] seq=333181702 err=12536
[ERR] seq=333181703 err=12680
[SEU] addr=20003145 bit=00000006
[SAMPLE QUEUE CORRUPTED] primary repaired
[ERR] seq=333181704 err=12760
[ERR] seq=333181705 err=12880
[ERR] seq=333181706 err=12968
[ERR] seq=333181707 err=13064
[ERR] seq=333181708 err=13168
[ERR] seq=333181709 err=13248
[ERR] seq=333181710 err=13368
[SEU] addr=200031BF bit=00000007
[ERR] seq=333181711 err=13432
[ERR] seq=333181712 err=13504
[ERR] seq=333181713 err=13584
[ERR] seq=333181714 err=13648
[SEU] addr=2000316C bit=00000006
[ERR] seq=333181715 err=13728
[ERR] seq=333181716 err=13768
[ERR] seq=333181717 err=13848
[ERR] seq=333181718 err=13904
[ERR] seq=333181719 err=13952
[ERR] seq=333181720 err=14000
[SEU] addr=200031A4 bit=00000007
[ERR] seq=333181721 err=14048
[ERR] seq=333181722 err=14088
[SEU] addr=20003182 bit=00000006
[ERR] seq=333181723 err=14120
[ERR] seq=333181724 err=14160
[SEU] addr=2000317A bit=00000002
[ERR] seq=333181725 err=14176
[ERR] seq=333181726 err=14208
[ERR] seq=333181727 err=14232
[SEU] addr=20003173 bit=00000007
[ERR] seq=333181728 err=14240
[ERR] seq=333181729 err=14224
[ERR] seq=333181730 err=14272
[ERR] seq=333181731 err=14248
[ERR] seq=333181732 err=14240
[ERR] seq=333181733 err=14232
[ERR] seq=333181734 err=14240
[ERR] seq=333181735 err=14208
[SEU] addr=2000317A bit=00000007
[ERR] seq=333181736 err=14184
[ERR] seq=333181737 err=14160
[SEU] addr=2000314F bit=00000002
[SAMPLE QUEUE backup CORRUPTED] backup repaired
[ERR] seq=333181738 err=14128
[ERR] seq=333181739 err=14096
[ERR] seq=333181740 err=14048
[ERR] seq=333181741 err=14008
[SEU] addr=20003194 bit=00000003
[ERR] seq=333181742 err=13976
[ERR] seq=333181743 err=13896
[ERR] seq=333181744 err=13856
[ERR] seq=333181745 err=13808
[SEU] addr=2000315F bit=00000005
[CMD QUEUE backup CORRUPTED] backup repaired
[ERR] seq=333181746 err=13728
[ERR] seq=333181747 err=13664
[ERR] seq=333181748 err=13600
[ERR] seq=333181749 err=13536
[ERR] seq=333181750 err=13448
[ERR] seq=333181751 err=13400
[SEU] addr=200031BF bit=00000007
[ERR] seq=333181752 err=13288
[ERR] seq=333181753 err=13200
[ERR] seq=333181754 err=13104
[ERR] seq=333181755 err=13024
[ERR] seq=333181756 err=12896
[ERR] seq=333181757 err=12808
[ERR] seq=333181758 err=12712
[ERR] seq=333181759 err=12608
[SEU] addr=20003185 bit=00000004
[ERR] seq=333181760 err=7544
[ERR] seq=333181761 err=12760
[ERR] seq=333181762 err=11816
[ERR] seq=333181763 err=12168
[ERR] seq=333181764 err=11944
[ERR] seq=333181765 err=11840
[ERR] seq=333181766 err=11712
[SEU] addr=20003165 bit=00000007
[ERR] seq=333181767 err=11560
[ERR] seq=333181768 err=11416
[SEU] addr=200031AD bit=00000005
[ERR] seq=333181769 err=11264
[ERR] seq=333181770 err=11128
[ERR] seq=333181771 err=10968
[ERR] seq=333181772 err=10800
[ERR] seq=333181773 err=10648
[ERR] seq=333181774 err=10504
[SEU] addr=20003189 bit=00000001
[ERR] seq=333181775 err=14424
[ERR] seq=333181776 err=9816
[ERR] seq=333181777 err=10344
[ERR] seq=333181778 err=9744
[ERR] seq=333181779 err=9664
[ERR] seq=333181780 err=9440
[ERR] seq=333181781 err=9288
[ERR] seq=333181782 err=9080
[ERR] seq=333181783 err=8928
[ERR] seq=333181784 err=8704
[SEU] addr=200031D0 bit=00000001
[ERR] seq=333181785 err=8520
[SEU] addr=200031C8 bit=00000000
[ERR] seq=333181786 err=8336
[ERR] seq=333181787 err=8136
[ERR] seq=333181788 err=7936
[ERR] seq=333181789 err=7752
[ERR] seq=333181790 err=7552
[SEU] addr=200031A4 bit=00000001
[ERR] seq=333181791 err=7344
[ERR] seq=333181792 err=7152
[SEU] addr=2000315D bit=00000005
[CMD QUEUE backup CORRUPTED] backup repaired
[ERR] seq=333181793 err=6944
[ERR] seq=333181794 err=6744
[ERR] seq=333181795 err=6552
[ERR] seq=333181796 err=6320
[ERR] seq=333181797 err=6144
[ERR] seq=333181798 err=5912
[ERR] seq=333181799 err=5696
[ERR] seq=333181800 err=5128
[ERR] seq=333181801 err=4944
[ERR] seq=333181802 err=4712
[SEU] addr=200031B1 bit=00000004
[ERR] seq=333181803 err=4488
[ERR] seq=333181804 err=4272
[ERR] seq=333181805 err=4056
[ERR] seq=333181806 err=3840
[ERR] seq=333181807 err=3608
[SEU] addr=200031CF bit=00000001
[ERR] seq=333181808 err=3392
[ERR] seq=333181809 err=3176
[ERR] seq=333181810 err=2960
[SEU] addr=200031A1 bit=00000006
[ERR] seq=333181811 err=2744
[ERR] seq=333181812 err=2512
[ERR] seq=333181813 err=2280
[ERR] seq=333181814 err=2096
[ERR] seq=333181815 err=1840
[SEU] addr=20003162 bit=00000002
[ERR] seq=333181816 err=1632
[ERR] seq=333181817 err=1416
[ERR] seq=333181818 err=1192
[ERR] seq=333181819 err=976
[ERR] seq=333181820 err=720
[SEU] addr=20003199 bit=00000006
[ERR] seq=333181821 err=512
[ERR] seq=333181822 err=288
[ERR] seq=333181823 err=144
[ERR] seq=333181824 err=160
[SEU] addr=20003193 bit=00000001
[ERR] seq=333181825 err=268435608
[ERR] seq=333181826 err=21475424
[ERR] seq=333181827 err=23193248
[ERR] seq=333181828 err=3574424
[SEU] addr=2000315F bit=00000000
[CMD QUEUE backup CORRUPTED] backup repaired
[ERR] seq=333181829 err=2142016
[ERR] seq=333181830 err=458624
[ERR] seq=333181831 err=208864
[ERR] seq=333181832 err=55080
[ERR] seq=333181833 err=22120
[SEU] addr=200031D2 bit=00000007
[ERR] seq=333181834 err=8216
[ERR] seq=333181835 err=3656
[ERR] seq=333181836 err=3376
[ERR] seq=333181837 err=2736
[SEU] addr=20003155 bit=00000000
[CMD QUEUE CORRUPTED] primary repaired
[ERR] seq=333181838 err=3208
[ERR] seq=333181839 err=3344
[SEU] addr=2000317A bit=00000003
[ERR] seq=333181840 err=3552
[ERR] seq=333181841 err=3752
[ERR] seq=333181842 err=3936
[ERR] seq=333181843 err=4144
[ERR] seq=333181844 err=4352
[SEU] addr=2000315A bit=00000004
[ERR] seq=333181845 err=4536
[ERR] seq=333181846 err=4712
[ERR] seq=333181847 err=4912
[ERR] seq=333181848 err=5104
[ERR] seq=333181849 err=5288
[SEU] addr=2000316A bit=00000003
[ERR] seq=333181850 err=5440
[ERR] seq=333181851 err=5632
[ERR] seq=333181852 err=5824
[ERR] seq=333181853 err=5992
[ERR] seq=333181854 err=6152
[ERR] seq=333181855 err=6320
[ERR] seq=333181856 err=6480
[ERR] seq=333181857 err=6648
[SEU] addr=200031CF bit=00000000
[ERR] seq=333181858 err=6792
[ERR] seq=333181859 err=6976
[ERR] seq=333181860 err=7112
[ERR] seq=333181861 err=7280
[ERR] seq=333181862 err=7424
[ERR] seq=333181863 err=7568
[ERR] seq=333181864 err=7712
[ERR] seq=333181865 err=7864
[ERR] seq=333181866 err=7992
[SEU] addr=2000317D bit=00000003
[ERR] seq=333181867 err=8120
[ERR] seq=333181868 err=8248
[ERR] seq=333181869 err=8408
[ERR] seq=333181870 err=8512
[SEU] addr=200031CF bit=00000005
[ERR] seq=333181871 err=8632
[ERR] seq=333181872 err=8768
[ERR] seq=333181873 err=8888
[ERR] seq=333181874 err=15128
[SEU] addr=200031A0 bit=00000005
[ERR] seq=333181875 err=14768
[ERR] seq=333181876 err=15408
[ERR] seq=333181877 err=15424
[ERR] seq=333181878 err=15576
[ERR] seq=333181879 err=15648
[ERR] seq=333181880 err=15760
[ERR] seq=333181881 err=15856
[ERR] seq=333181882 err=15928
[SEU] addr=2000319C bit=00000007
[ERR] seq=333181883 err=16016
[SEU] addr=200031C7 bit=00000000
[ERR] seq=333181884 err=16096
[ERR] seq=333181885 err=16192
[ERR] seq=333181886 err=16240
[ERR] seq=333181887 err=16344
[ERR] seq=333181888 err=16408
[ERR] seq=333181889 err=16472
[ERR] seq=333181890 err=16544
[ERR] seq=333181891 err=16616
[ERR] seq=333181892 err=16664
[SEU] addr=200031C5 bit=00000001
[ERR] seq=333181893 err=16720
[ERR] seq=333181894 err=16784
[ERR] seq=333181895 err=16840
[ERR] seq=333181896 err=16888
[ERR] seq=333181897 err=16936
[ERR] seq=333181898 err=16960
[ERR] seq=333181899 err=17016
[ERR] seq=333181900 err=17056
[SEU] addr=20003194 bit=00000004
[ERR] seq=333181901 err=17088
[ERR] seq=333181902 err=17104
[ERR] seq=333181903 err=17136
[ERR] seq=333181904 err=17160
[ERR] seq=333181905 err=17184
[ERR] seq=333181906 err=17200
[SEU] addr=2000316B bit=00000007
[ERR] seq=333181907 err=17216
[ERR] seq=333181908 err=17232
[ERR] seq=333181909 err=17224
[ERR] seq=333181910 err=17232
[ERR] seq=333181911 err=17232
[SEU] addr=200031D3 bit=00000006
[ERR] seq=333181912 err=17240
[SEU] addr=20003159 bit=00000002
[ERR] seq=333181913 err=17224
[ERR] seq=333181914 err=17232
[ERR] seq=333181915 err=17208
[ERR] seq=333181916 err=17216
[ERR] seq=333181917 err=17176
[ERR] seq=333181918 err=17160
[ERR] seq=333181919 err=17144
[ERR] seq=333181920 err=17112
[ERR] seq=333181921 err=17088
[ERR] seq=333181922 err=17064
[SEU] addr=200031D5 bit=00000000
[ERR] seq=333181667 err=5624
[ERR] seq=333181668 err=6496
[ERR] seq=333181669 err=5440
[ERR] seq=333181670 err=5528
[ERR] seq=333181671 err=5400
[ERR] seq=333181672 err=5360
[ERR] seq=333181673 err=5296
[ERR] seq=333181674 err=5232
[ERR] seq=333181675 err=5192
[SEU] addr=2000315F bit=00000005
[CMD QUEUE backup CORRUPTED] backup repaired
[ERR] seq=333181676 err=5104
[ERR] seq=333181677 err=5056
[ERR] seq=333181678 err=4976
[ERR] seq=333181679 err=4920
[ERR] seq=333181680 err=4880
[SEU] addr=2000315B bit=00000003
[ERR] seq=333181681 err=4800
[ERR] seq=333181682 err=4728
[SEU] addr=200031AA bit=00000003
[ERR] seq=333181683 err=4688
[ERR] seq=333181684 err=4624
[SEU] addr=2000317D bit=00000007
[ERR] seq=333181685 err=4544
[ERR] seq=333181686 err=4496
[ERR] seq=333181687 err=4416
[SEU] addr=200031D4 bit=00000002
[ERR] seq=333181684 err=4520
[SEU] addr=200031C4 bit=00000004
[ERR] seq=333181685 err=4448
[ERR] seq=333181686 err=4368
[SEU] addr=20003144 bit=00000005
[SAMPLE QUEUE CORRUPTED] primary repaired
[ERR] seq=333181687 err=4288
[ERR] seq=333181688 err=4216
[ERR] seq=333181689 err=4136
[ERR] seq=333181690 err=4064
[ERR] seq=333181691 err=3976
[ERR] seq=333181692 err=3912
[ERR] seq=333181693 err=3816
[ERR] seq=333181694 err=3736
[SEU] addr=20003166 bit=00000002
[ERR] seq=333181695 err=3648
[ERR] seq=333181696 err=2720
[ERR] seq=333181697 err=2576
[ERR] seq=333181698 err=2752
[ERR] seq=333181699 err=2720
[ERR] seq=333181700 err=2744
[ERR] seq=333181701 err=2752
[SEU] addr=200031BA bit=00000007
[ERR] seq=333181702 err=2744
[ERR] seq=333181703 err=2776
[SEU] addr=20003179 bit=00000004
[ERR] seq=333181704 err=2768
[ERR] seq=333181705 err=2784
[ERR] seq=333181706 err=2776
[ERR] seq=333181707 err=2808
[SEU] addr=200031D7 bit=00000006
[ERR] seq=1406923532 err=3352
[SEU] addr=200031CC bit=00000000
[ERR] seq=1406923533 err=3176
[ERR] seq=1406923534 err=3440
[ERR] seq=1406923535 err=3432
[ERR] seq=1406923536 err=3504
[ERR] seq=1406923537 err=3544
[ERR] seq=1406923538 err=3568
[SEU] addr=200031C8 bit=00000001
[ERR] seq=1406923539 err=3608
[ERR] seq=1406923540 err=3664
[ERR] seq=1406923541 err=3688
[ERR] seq=1406923542 err=3720
[ERR] seq=1406923543 err=3736
[ERR] seq=1406923544 err=3792
[ERR] seq=1406923545 err=3832
[ERR] seq=1406923546 err=3864
[SEU] addr=2000319A bit=00000001
[ERR] seq=1406923547 err=3872
[ERR] seq=1406923548 err=3904
[ERR] seq=1406923549 err=3928
[ERR] seq=1406923550 err=3944
[ERR] seq=1406923551 err=3976
[ERR] seq=1406923552 err=3992
[ERR] seq=1406923553 err=4040
[ERR] seq=1406923554 err=4016
[ERR] seq=1406923555 err=4048
[SEU] addr=200031CA bit=00000006
[ERR] seq=1406923556 err=4072
[ERR] seq=1406923557 err=4088
[ERR] seq=1406923558 err=4096
[ERR] seq=1406923559 err=4112
[SEU] addr=2000318F bit=00000004
[ERR] seq=1406923560 err=2147485080
[ERR] seq=1406923561 err=171803152
[SEU] addr=20003187 bit=00000007
[ERR] seq=1406923562 err=185625416
[ERR] seq=1406923563 err=28592376
[ERR] seq=1406923564 err=17138848
[SEU] addr=20003161 bit=00000006
[ERR] seq=1406923565 err=3660056
[SEU] addr=2000318B bit=00000007
[ERR] seq=1406923566 err=1665096
[ERR] seq=1406923567 err=429872
[ERR] seq=1406923568 err=168600
[ERR] seq=1406923569 err=51920
[ERR] seq=1406923570 err=18600
[ERR] seq=1406923571 err=9704
[ERR] seq=1406923572 err=3232
[SEU] addr=2000318F bit=00000006
[ERR] seq=1406923573 err=5112
[ERR] seq=1406923574 err=4368
[SEU] addr=200031A0 bit=00000005
[ERR] seq=1406923575 err=4616
[ERR] seq=1406923576 err=4536
[ERR] seq=1406923577 err=4552
[ERR] seq=1406923578 err=4536
[ERR] seq=1406923579 err=4544
[ERR] seq=1406923580 err=4544
[SEU] addr=2000318F bit=00000006
[ERR] seq=1406923581 err=4536
[ERR] seq=1406923582 err=4144
[ERR] seq=1406923583 err=4184
[ERR] seq=1406923584 err=4144
[ERR] seq=1406923585 err=4128
[ERR] seq=1406923586 err=4112
[ERR] seq=1406923587 err=4104
[ERR] seq=1406923588 err=4088
[ERR] seq=1406923589 err=4072
[SEU] addr=200031C7 bit=00000000
[ERR] seq=1406923590 err=4056
[ERR] seq=1406923591 err=4024
[ERR] seq=1406923592 err=4032
[ERR] seq=1406923593 err=4000
[ERR] seq=1406923594 err=3976
[ERR] seq=1406923595 err=3944
[ERR] seq=1406923596 err=3944
[SEU] addr=200031AB bit=00000002
[ERR] seq=1406923597 err=3904
[ERR] seq=1406923598 err=3872
[ERR] seq=1406923599 err=3872
[ERR] seq=1406923600 err=3840
[ERR] seq=1406923601 err=3792
[ERR] seq=1406923602 err=3744
[SEU] addr=20003174 bit=00000000
[ERR] seq=1406923603 err=3728
[ERR] seq=1406923604 err=3688
[ERR] seq=1406923605 err=3680
[ERR] seq=1406923606 err=3608
[ERR] seq=1406923607 err=3584
[ERR] seq=1406923608 err=3544
[ERR] seq=1406923609 err=3504
[ERR] seq=1406923610 err=3464
[ERR] seq=1406923611 err=3416
[ERR] seq=1406923612 err=3400
[SEU] addr=2000314C bit=00000001
[SAMPLE QUEUE backup CORRUPTED] backup repaired
[ERR] seq=1406923613 err=3344
[ERR] seq=1406923614 err=3304
[ERR] seq=1406923615 err=3256
[ERR] seq=1406923616 err=3216
[ERR] seq=1406923617 err=3184
[ERR] seq=1406923618 err=3128
[ERR] seq=1406923619 err=3088
[ERR] seq=1406923620 err=3048
[ERR] seq=1406923621 err=3000
[SEU] addr=2000315D bit=00000005
[CMD QUEUE backup CORRUPTED] backup repaired
[ERR] seq=1406923622 err=2944
[ERR] seq=1406923623 err=2912
[ERR] seq=1406923624 err=2864
[ERR] seq=1406923625 err=2832
[ERR] seq=1406923626 err=2768
[ERR] seq=1406923627 err=2712
[ERR] seq=1406923628 err=2696
[ERR] seq=1406923629 err=2640
[SEU] addr=20003182 bit=00000001
[ERR] seq=1406923630 err=2616
[ERR] seq=1406923631 err=2624
[SEU] addr=200031BC bit=00000006
[ERR] seq=1406923632 err=2632
[ERR] seq=1406923633 err=2648
[ERR] seq=1406923634 err=2624
[ERR] seq=1406923635 err=2624
[ERR] seq=1406923636 err=2648
[SEU] addr=20003193 bit=00000000
[ERR] seq=1406923637 err=134217320
[ERR] seq=1406923638 err=10740072
[ERR] seq=1406923639 err=11596040
[ERR] seq=1406923640 err=1789368
[ERR] seq=1406923641 err=1070336
[ERR] seq=1406923642 err=231248
[SEU] addr=200031A9 bit=00000002
[ERR] seq=1406923643 err=103656
[ERR] seq=1406923644 err=29272
[ERR] seq=1406923645 err=10200
[ERR] seq=1406923646 err=5624
[ERR] seq=1406923647 err=1624
[ERR] seq=1406923648 err=3016
[ERR] seq=1406923649 err=2600
[SEU] addr=20003167 bit=00000004
[ERR] seq=1406923650 err=2736
[ERR] seq=1406923651 err=2688
[ERR] seq=1406923652 err=2704
[ERR] seq=1406923653 err=2720
[ERR] seq=1406923654 err=2712
[ERR] seq=1406923655 err=2712
[ERR] seq=1406923656 err=2736
[ERR] seq=1406923657 err=2736
[ERR] seq=1406923658 err=2728
[ERR] seq=1406923659 err=2728
[SEU] addr=200031C6 bit=00000004
[ERR] seq=1406923660 err=2744
[ERR] seq=1406923661 err=2752
[SEU] addr=200031D7 bit=00000000
[ERR] seq=1390146446 err=9664
[SEU] addr=2000317B bit=00000004
[ERR] seq=1390146447 err=8720
[ERR] seq=1390146448 err=9560
[ERR] seq=1390146449 err=9296
[SEU] addr=20003190 bit=00000004
[ERR] seq=1390146450 err=9416
[ERR] seq=1390146451 err=9168
[ERR] seq=1390146452 err=9080
[ERR] seq=1390146453 err=8952
[ERR] seq=1390146454 err=8832
[ERR] seq=1390146455 err=8744
[ERR] seq=1390146456 err=8600
[ERR] seq=1390146457 err=8480
[SEU] addr=200031A3 bit=00000002
[ERR] seq=1390146458 err=8352
[ERR] seq=1390146459 err=8232
[ERR] seq=1390146460 err=8088
[ERR] seq=1390146461 err=7960
[ERR] seq=1390146462 err=7816
[ERR] seq=1390146463 err=7680
[ERR] seq=1390146464 err=7528
[SEU] addr=200031C8 bit=00000004
[ERR] seq=1390146465 err=7368
[ERR] seq=1390146466 err=7240
[ERR] seq=1390146467 err=7080
[ERR] seq=1390146468 err=6936
[ERR] seq=1390146469 err=6776
[ERR] seq=1390146470 err=6616
[ERR] seq=1390146471 err=6464
[SEU] addr=200031D5 bit=00000005
[ERR] seq=1390138280 err=2696
[ERR] seq=1390138281 err=2760
[ERR] seq=1390138282 err=2680
[ERR] seq=1390138283 err=2680
[ERR] seq=1390138284 err=2672
[ERR] seq=1390138285 err=2680
[SEU] addr=20003198 bit=00000005
[ERR] seq=1390138286 err=4128
[ERR] seq=1390138287 err=4016
[ERR] seq=1390138288 err=4216
[ERR] seq=1390138289 err=4240
[ERR] seq=1390138290 err=4288
[ERR] seq=1390138291 err=4360
[ERR] seq=1390138292 err=4400
[ERR] seq=1390138293 err=4440
[ERR] seq=1390138294 err=4488
[SEU] addr=20003163 bit=00000004
[ERR] seq=1390138295 err=4528
[ERR] seq=1390138296 err=4568
[ERR] seq=1390138297 err=4600
[ERR] seq=1390138298 err=4632
[ERR] seq=1390138299 err=4688
[SEU] addr=200031C2 bit=00000000
[ERR] seq=1390138300 err=4744
[ERR] seq=1390138301 err=4768
[ERR] seq=1390138302 err=4792
[ERR] seq=1390138303 err=4856
[ERR] seq=1390138304 err=4888
[ERR] seq=1390138305 err=4928
[ERR] seq=1390138306 err=4952
[ERR] seq=1390138307 err=4984
[SEU] addr=200031D5 bit=00000007
[ERR] seq=1390105540 err=5312
[ERR] seq=1390105541 err=5328
[ERR] seq=1390105542 err=5408
[ERR] seq=1390105543 err=5456
[ERR] seq=1390105544 err=5504
[ERR] seq=1390105545 err=5536
[ERR] seq=1390105546 err=5584
[SEU] addr=20003182 bit=00000004
[ERR] seq=1390105547 err=5640
[ERR] seq=1390105548 err=5672
[ERR] seq=1390105549 err=5712
[ERR] seq=1390105550 err=5744
[SEU] addr=2000319F bit=00000006
[ERR] seq=1390105551 err=5800
[ERR] seq=1390105552 err=5840
[ERR] seq=1390105553 err=5872
[ERR] seq=1390105554 err=5912
[ERR] seq=1390105555 err=5968
[SEU] addr=20003193 bit=00000005
[ERR] seq=1390105556 err=6016
[ERR] seq=1390105557 err=6040
[ERR] seq=1390105558 err=6064
[ERR] seq=1390105559 err=6112
[SEU] addr=20003163 bit=00000007
[ERR] seq=1390105560 err=6160
[SEU] addr=200031B7 bit=00000005
[ERR] seq=1390105561 err=6192
[ERR] seq=1390105562 err=6224
[ERR] seq=1390105563 err=6264
[ERR] seq=1390105564 err=6304
[ERR] seq=1390105565 err=6336
[ERR] seq=1390105566 err=6360
[ERR] seq=1390105567 err=6400
[ERR] seq=1390105568 err=6432
[SEU] addr=200031C7 bit=00000000
[ERR] seq=1390105569 err=6456
[ERR] seq=1390105570 err=6496
[ERR] seq=1390105571 err=6520
[ERR] seq=1390105572 err=6560
[ERR] seq=1390105573 err=6584
[ERR] seq=1390105574 err=6616
[ERR] seq=1390105575 err=6624
[ERR] seq=1390105576 err=6664
[SEU] addr=20003148 bit=00000002
[SAMPLE QUEUE CORRUPTED] primary repaired
[ERR] seq=1390105577 err=6704
[ERR] seq=1390105578 err=6712
[SEU] addr=2000316B bit=00000003
[ERR] seq=1390105579 err=6744
[ERR] seq=1390105580 err=6760
[ERR] seq=1390105581 err=6792
[ERR] seq=1390105582 err=6800
[ERR] seq=1390105583 err=6848
[ERR] seq=1390105584 err=6864
[ERR] seq=1390105585 err=6896
[SEU] addr=200031AC bit=00000002
[ERR] seq=1390105586 err=6896
[ERR] seq=1390105587 err=6944
[ERR] seq=1390105588 err=6944
[ERR] seq=1390105589 err=6944
[SEU] addr=20003189 bit=00000002
[ERR] seq=1390105590 err=15160
[ERR] seq=1390105591 err=6320
[ERR] seq=1390105592 err=7720
[ERR] seq=1390105593 err=6904
[ERR] seq=1390105594 err=7088
[ERR] seq=1390105595 err=7024
[ERR] seq=1390105596 err=7080
[SEU] addr=200031B7 bit=00000004
[ERR] seq=1390105597 err=7056
[ERR] seq=1390105598 err=7064
[ERR] seq=1390105599 err=7072
[ERR] seq=1390105600 err=1712
[ERR] seq=1390105601 err=1840
[ERR] seq=1390105602 err=1728
[ERR] seq=1390105603 err=1704
[ERR] seq=1390105604 err=1712
[ERR] seq=1390105605 err=1704
[SEU] addr=200031AF bit=00000005
[ERR] seq=1390105606 err=1720
[ERR] seq=1390105607 err=1712
[ERR] seq=1390105608 err=1712
[ERR] seq=1390105609 err=1704
[ERR] seq=1390105610 err=1720
[ERR] seq=1390105611 err=1712
[ERR] seq=1390105612 err=1712
[ERR] seq=1390105613 err=1712
[SEU] addr=2000317D bit=00000005
[ERR] seq=1390105614 err=1704
[ERR] seq=1390105615 err=1712
[ERR] seq=1390105616 err=1704
[ERR] seq=1390105617 err=1712
[ERR] seq=1390105618 err=1704
[ERR] seq=1390105619 err=1704
[ERR] seq=1390105620 err=1696
[SEU] addr=2000314B bit=00000001
[ERR] seq=1390105621 err=1688
[ERR] seq=1390105622 err=1696
[ERR] seq=1390105623 err=1688
[ERR] seq=1390105624 err=1680
[ERR] seq=1390105625 err=1680
[ERR] seq=1390105626 err=1688
[ERR] seq=1390105627 err=1680
[ERR] seq=1390105628 err=1680
[ERR] seq=1390105629 err=1672
[SEU] addr=20003147 bit=00000004
[SAMPLE QUEUE CORRUPTED] primary repaired
[ERR] seq=1390105630 err=1680
[ERR] seq=1390105631 err=1672
[ERR] seq=1390105632 err=1664
[ERR] seq=1390105633 err=1664
[ERR] seq=1390105634 err=1664
[ERR] seq=1390105635 err=1680
[ERR] seq=1390105636 err=1640
[ERR] seq=1390105637 err=1664
[SEU] addr=2000316C bit=00000007
[ERR] seq=1390105638 err=1640
[ERR] seq=1390105639 err=1664
[ERR] seq=1390105640 err=1632
[ERR] seq=1390105641 err=1648
[SEU] addr=2000318E bit=00000006
[ERR] seq=1390105642 err=33555008
[ERR] seq=1390105643 err=2685992
[SEU] addr=200031AA bit=00000005
[ERR] seq=1390105644 err=2899600
[ERR] seq=1390105645 err=448296
[ERR] seq=1390105646 err=268128
[ERR] seq=1390105647 err=58776
[ERR] seq=1390105648 err=26400
[ERR] seq=1390105649 err=8256
[ERR] seq=1390105650 err=2992
[ERR] seq=1390105651 err=2344
[SEU] addr=2000315F bit=00000006
[CMD QUEUE backup CORRUPTED] backup repaired
[ERR] seq=1390105652 err=1360
[ERR] seq=1390105653 err=1688
[SEU] addr=200031D4 bit=00000002
[ERR] seq=1390105650 err=1592
[ERR] seq=1390105651 err=1632
[ERR] seq=1390105652 err=1616
[ERR] seq=1390105653 err=1624
[ERR] seq=1390105654 err=1608
[ERR] seq=1390105655 err=1616
[ERR] seq=1390105656 err=1608
[SEU] addr=200031C2 bit=00000001
[ERR] seq=1390105657 err=1608
[ERR] seq=1390105658 err=1600
[ERR] seq=1390105659 err=1600
[ERR] seq=1390105660 err=1592
[ERR] seq=1390105661 err=1584
[ERR] seq=1390105662 err=1576
[ERR] seq=1390105663 err=1576
[SEU] addr=2000314D bit=00000002
[SAMPLE QUEUE backup CORRUPTED] backup repaired
[ERR] seq=1390105664 err=1576
[ERR] seq=1390105665 err=1560
[ERR] seq=1390105666 err=1560
[ERR] seq=1390105667 err=1568
[ERR] seq=1390105668 err=1536
[ERR] seq=1390105669 err=1544
[SEU] addr=20003156 bit=00000005
[CMD QUEUE CORRUPTED] primary repaired
[ERR] seq=1390105670 err=1536
[ERR] seq=1390105671 err=1544
[ERR] seq=1390105672 err=1528
[ERR] seq=1390105673 err=1520
[SEU] addr=20003180 bit=00000005
[ERR] seq=1390105674 err=1536
[ERR] seq=1390105675 err=1504
[ERR] seq=1390105676 err=1504
[ERR] seq=1390105677 err=1504
[ERR] seq=1390105678 err=1496
[ERR] seq=1390105679 err=1496
[ERR] seq=1390105680 err=1496
[ERR] seq=1390105681 err=1464
[SEU] addr=2000316B bit=00000007
[ERR] seq=1390105682 err=1528
[ERR] seq=1390105683 err=1584
[ERR] seq=1390105684 err=1632
[SEU] addr=200031A6 bit=00000000
[ERR] seq=1390105685 err=1712
[ERR] seq=1390105686 err=1768
[ERR] seq=1390105687 err=1824
[ERR] seq=1390105688 err=1912
[ERR] seq=1390105689 err=1976
[ERR] seq=1390105690 err=2056
[ERR] seq=1390105691 err=2120
[ERR] seq=1390105692 err=2168
[ERR] seq=1390105693 err=2264
[SEU] addr=2000318F bit=00000007
[ERR] seq=1390105694 err=2336
[SEU] addr=2000317D bit=00000003
[ERR] seq=1390105695 err=2408
[ERR] seq=1390105696 err=2472
[ERR] seq=1390105697 err=2560
[ERR] seq=1390105698 err=2640
[ERR] seq=1390105699 err=2704
[SEU] addr=200031A7 bit=00000002
[ERR] seq=1390105700 err=2776
[ERR] seq=1390105701 err=2864
[ERR] seq=1390105702 err=2928
[ERR] seq=1390105703 err=3016
[ERR] seq=1390105704 err=3088
[ERR] seq=1390105705 err=3176
[ERR] seq=1390105706 err=3240
[SEU] addr=20003189 bit=00000003
[ERR] seq=1390105707 err=17688
[ERR] seq=1390105708 err=4696
[SEU] addr=20003195 bit=00000005
[ERR] seq=1390105709 err=2696
[ERR] seq=1390105710 err=3776
[ERR] seq=1390105711 err=3512
[ERR] seq=1390105712 err=3728
[SEU] addr=2000314B bit=00000006
[ERR] seq=1390105713 err=3776
[ERR] seq=1390105714 err=3880
[ERR] seq=1390105715 err=3952
[SEU] addr=20003196 bit=00000002
[ERR] seq=1390105716 err=4016
[ERR] seq=1390105717 err=4104
[SEU] addr=200031CF bit=00000006
[ERR] seq=1390105718 err=4192
[ERR] seq=1390105719 err=4288
[ERR] seq=1390105720 err=4336
[ERR] seq=1390105721 err=4424
[ERR] seq=1390105722 err=4520
[ERR] seq=1390105723 err=4592
[SEU] addr=2000318E bit=00000001
[ERR] seq=1390105724 err=1049456
[ERR] seq=1390105725 err=88632
[ERR] seq=1390105726 err=91544
[ERR] seq=1390105727 err=18872
[ERR] seq=1390105728 err=9392
[ERR] seq=1390105729 err=6832
[ERR] seq=1390105730 err=4360
[ERR] seq=1390105731 err=5432
[SEU] addr=20003154 bit=00000005
[CMD QUEUE CORRUPTED] primary repaired
[ERR] seq=1390105732 err=5224
[ERR] seq=1390105733 err=5400
[ERR] seq=1390105734 err=5440
[ERR] seq=1390105735 err=5552
[ERR] seq=1390105736 err=5576
[ERR] seq=1390105737 err=5672
[ERR] seq=1390105738 err=5760
[ERR] seq=1390105739 err=5816
[SEU] addr=20003151 bit=00000004
[ERR] seq=1390105740 err=5888
[ERR] seq=1390105741 err=5960
[ERR] seq=1390105742 err=6048
[ERR] seq=1390105743 err=6104
[ERR] seq=1390105744 err=6160
[ERR] seq=1390105745 err=6208
[ERR] seq=1390105746 err=6304
[ERR] seq=1390105747 err=6368
[ERR] seq=1390105748 err=6432
[SEU] addr=200031B3 bit=00000003
[ERR] seq=1390105749 err=6488
[ERR] seq=1390105750 err=6544
[ERR] seq=1390105751 err=6608
[ERR] seq=1390105752 err=6640
[ERR] seq=1390105753 err=6712
[SEU] addr=200031C8 bit=00000003
[ERR] seq=1390105754 err=6760
[ERR] seq=1390105755 err=6824
[ERR] seq=1390105756 err=6840
[ERR] seq=1390105757 err=6896
[ERR] seq=1390105758 err=6952
[ERR] seq=1390105759 err=7000
[SEU] addr=200031CE bit=00000004
[ERR] seq=1390105760 err=7032
[ERR] seq=1390105761 err=7072
[ERR] seq=1390105762 err=7496
[ERR] seq=1390105763 err=7488
[ERR] seq=1390105764 err=7552
[ERR] seq=1390105765 err=7568
[ERR] seq=1390105766 err=7624
[ERR] seq=1390105767 err=7648
[ERR] seq=1390105768 err=7664
[SEU] addr=20003168 bit=00000003
[ERR] seq=1390105769 err=7696
[ERR] seq=1390105770 err=3616
[ERR] seq=1390105771 err=4000
[ERR] seq=1390105772 err=3616
[ERR] seq=1390105773 err=3712
[ERR] seq=1390105774 err=3672
[ERR] seq=1390105775 err=3744
[SEU] addr=20003184 bit=00000005
[ERR] seq=1390105776 err=6808
[ERR] seq=1390105777 err=3496
[ERR] seq=1390105778 err=4008
[ERR] seq=1390105779 err=3696
[ERR] seq=1390105780 err=3752
[ERR] seq=1390105781 err=3744
[ERR] seq=1390105782 err=3768
[ERR] seq=1390105783 err=3768
[SEU] addr=2000314C bit=00000007
[SAMPLE QUEUE backup CORRUPTED] backup repaired
[ERR] seq=1390105784 err=3752
[ERR] seq=1390105785 err=3736
[SEU] addr=2000314C bit=00000002
[SAMPLE QUEUE backup CORRUPTED] backup repaired
[ERR] seq=1390105786 err=3736
[ERR] seq=1390105787 err=3736
[ERR] seq=1390105788 err=3736
[ERR] seq=1390105789 err=3720
[ERR] seq=1390105790 err=3720
[ERR] seq=1390105791 err=3696
[ERR] seq=1390105792 err=3680
[SEU] addr=200031BC bit=00000003
[ERR] seq=1390105793 err=3672
[ERR] seq=1390105794 err=3664
[ERR] seq=1390105795 err=3616
[ERR] seq=1390105796 err=3608
[ERR] seq=1390105797 err=3576
[SEU] addr=20003149 bit=00000003
[ERR] seq=1390105798 err=3552
[ERR] seq=1390105799 err=3528
[ERR] seq=1390105800 err=3104
[ERR] seq=1390105801 err=3144
[ERR] seq=1390105802 err=3064
[ERR] seq=1390105803 err=3032
[ERR] seq=1390105804 err=2976
[ERR] seq=1390105805 err=2944
[SEU] addr=200031C5 bit=00000000
[ERR] seq=1390105806 err=2920
[ERR] seq=1390105807 err=2864
[ERR] seq=1390105808 err=2800
[ERR] seq=1390105809 err=2752
[ERR] seq=1390105810 err=2736
[ERR] seq=1390105811 err=2672
[ERR] seq=1390105812 err=2616
[ERR] seq=1390105813 err=2552
[SEU] addr=2000319C bit=00000000
[ERR] seq=1390105814 err=2544
[ERR] seq=1390105815 err=2440
[SEU] addr=2000318F bit=00000005
[ERR] seq=1390105816 err=2408
[ERR] seq=1390105817 err=2344
[SEU] addr=2000318E bit=00000006
[ERR] seq=1390105818 err=33556088
[ERR] seq=1390105819 err=2686560
[ERR] seq=1390105820 err=2900688
[ERR] seq=1390105821 err=448744
[ERR] seq=1390105822 err=269184
[ERR] seq=1390105823 err=59112
[ERR] seq=1390105824 err=27448
[ERR] seq=1390105825 err=8440
[ERR] seq=1390105826 err=4016
[SEU] addr=200031B3 bit=00000006
[ERR] seq=1390105827 err=2400
[ERR] seq=1390105828 err=1608
[ERR] seq=1390105829 err=1568
[ERR] seq=1390105830 err=1432
[ERR] seq=1390105831 err=1392
[ERR] seq=1390105832 err=1280
[ERR] seq=1390105833 err=1216
[ERR] seq=1390105834 err=1144
[SEU] addr=2000317C bit=00000002
[ERR] seq=1390105835 err=1184
[ERR] seq=1390105836 err=1240
[ERR] seq=1390105837 err=1288
[SEU] addr=2000318F bit=00000007
[ERR] seq=1390105838 err=1336
[ERR] seq=1390105839 err=1392
[ERR] seq=1390105840 err=1416
[ERR] seq=1390105841 err=1480
[ERR] seq=1390105842 err=1544
[ERR] seq=1390105843 err=1576
[ERR] seq=1390105844 err=1632
[ERR] seq=1390105845 err=1680
[SEU] addr=20003171 bit=00000006
[ERR] seq=1390105846 err=1744
[ERR] seq=1390105847 err=1792
[ERR] seq=1390105848 err=1840
[ERR] seq=1390105849 err=1864
[ERR] seq=1390105850 err=1960
[ERR] seq=1390105851 err=2000
[ERR] seq=1390105852 err=2048
[ERR] seq=1390105853 err=2088
[ERR] seq=1390105854 err=2128
[SEU] addr=2000318B bit=00000002
[ERR] seq=1390105855 err=536871296
[ERR] seq=1390105856 err=42949856
[SEU] addr=2000319C bit=00000000
[ERR] seq=1390105857 err=46387832
[ERR] seq=1390105858 err=7147096
[ERR] seq=1390105859 err=4284864
[ERR] seq=1390105860 err=914736
[ERR] seq=1390105861 err=417968
[SEU] addr=20003197 bit=00000003
[ERR] seq=1390105862 err=106880
[ERR] seq=1390105863 err=43928
[ERR] seq=1390105864 err=12392
[ERR] seq=1390105865 err=6368
[ERR] seq=1390105866 err=1968
[ERR] seq=1390105867 err=2472
[SEU] addr=2000314A bit=00000005
[ERR] seq=1390105868 err=1864
[ERR] seq=1390105869 err=1992
[ERR] seq=1390105870 err=1912
[ERR] seq=1390105871 err=1904
[ERR] seq=1390105872 err=1856
[ERR] seq=1390105873 err=1816
[SEU] addr=200031B7 bit=00000007
[ERR] seq=1390105874 err=1800
[ERR] seq=1390105875 err=1768
[ERR] seq=1390105876 err=1728
[SEU] addr=20003184 bit=00000007
[ERR] seq=1390105877 err=7112
[ERR] seq=1390105878 err=1552
[ERR] seq=1390105879 err=1928
[ERR] seq=1390105880 err=1576
[SEU] addr=2000317D bit=00000002
[ERR] seq=1390105881 err=1616
[ERR] seq=1390105882 err=1552
[ERR] seq=1390105883 err=1552
[ERR] seq=1390105884 err=1496
[ERR] seq=1390105885 err=1488
[ERR] seq=1390105886 err=1544
[SEU] addr=200031BF bit=00000000
[ERR] seq=1390105887 err=1576
[ERR] seq=1390105888 err=1608
[ERR] seq=1390105889 err=1632
[SEU] addr=200031A0 bit=00000002
[ERR] seq=1390105890 err=1688
[SEU] addr=200031D3 bit=00000002
[ERR] seq=1390105891 err=1728
[ERR] seq=1390105892 err=1760
[ERR] seq=1390105893 err=1808
[ERR] seq=1390105894 err=1840
[ERR] seq=1390105895 err=1880
[ERR] seq=1390105896 err=1896
[ERR] seq=1390105897 err=1944
[SEU] addr=2000315D bit=00000004
[CMD QUEUE backup CORRUPTED] backup repaired
[ERR] seq=1390105898 err=1976
[ERR] seq=1390105899 err=2024
[ERR] seq=1390105900 err=2048
[ERR] seq=1390105901 err=2096
[ERR] seq=1390105902 err=2128
[ERR] seq=1390105903 err=2160
[ERR] seq=1390105904 err=2168
[SEU] addr=20003197 bit=00000003
[ERR] seq=1390105905 err=2200
[SEU] addr=2000318C bit=00000006
[ERR] seq=1390105906 err=2760
[ERR] seq=1390105907 err=2248
[ERR] seq=1390105908 err=2344
[ERR] seq=1390105909 err=2320
[ERR] seq=1390105910 err=2376
[SEU] addr=20003155 bit=00000004
[CMD QUEUE CORRUPTED] primary repaired
[ERR] seq=1390105911 err=2408
[ERR] seq=1390105912 err=2424
[ERR] seq=1390105913 err=2448
[ERR] seq=1390105914 err=2488
[ERR] seq=1390105915 err=2504
[ERR] seq=1390105916 err=2536
[ERR] seq=1390105917 err=2552
[ERR] seq=1390105918 err=2592
[ERR] seq=1390105919 err=2616
[ERR] seq=1390105920 err=2624
[SEU] addr=20003152 bit=00000006
[ERR] seq=1390105921 err=2656
[ERR] seq=1390105922 err=2688
[ERR] seq=1390105923 err=2720
[ERR] seq=1390105924 err=2736
[ERR] seq=1390105925 err=2776
[ERR] seq=1390105926 err=2776
[SEU] addr=2000318D bit=00000003
[ERR] seq=1390105927 err=19200
[ERR] seq=1390105928 err=1520
[ERR] seq=1390105929 err=4256
[ERR] seq=1390105930 err=2656
[ERR] seq=1390105931 err=3016
[ERR] seq=1390105932 err=2872
[ERR] seq=1390105933 err=2944
[SEU] addr=2000318D bit=00000000
[ERR] seq=1390105934 err=5000
[ERR] seq=1390105935 err=2808
[ERR] seq=1390105936 err=3160
[SEU] addr=2000319D bit=00000004
[ERR] seq=1390105937 err=2976
[ERR] seq=1390105938 err=3040
[ERR] seq=1390105939 err=3040
[ERR] seq=1390105940 err=3056
[ERR] seq=1390105941 err=3072
[ERR] seq=1390105942 err=3112
[ERR] seq=1390105943 err=3128
[SEU] addr=20003164 bit=00000005
[ERR] seq=1390105944 err=3144
[ERR] seq=1390105945 err=3160
[ERR] seq=1390105946 err=3184
[ERR] seq=1390105947 err=3200
[SEU] addr=20003190 bit=00000007
[ERR] seq=1390105948 err=4200
[ERR] seq=1390105949 err=3304
[ERR] seq=1390105950 err=3272
[ERR] seq=1390105951 err=3280
[ERR] seq=1390105952 err=3296
[ERR] seq=1390105953 err=3304
[ERR] seq=1390105954 err=3296
[ERR] seq=1390105955 err=3312
[ERR] seq=1390105956 err=3328
[ERR] seq=1390105957 err=3336
[SEU] addr=2000319D bit=00000005
[ERR] seq=1390105958 err=3336
[ERR] seq=1390105959 err=3344
[SEU] addr=20003145 bit=00000007
[SAMPLE QUEUE CORRUPTED] primary repaired
[ERR] seq=1390105960 err=3352
[SEU] addr=20003190 bit=00000001
[ERR] seq=1390105961 err=3368
[ERR] seq=1390105962 err=3336
[ERR] seq=1390105963 err=3352
[ERR] seq=1390105964 err=3344
[ERR] seq=1390105965 err=3352
[SEU] addr=200031C1 bit=00000007
[ERR] seq=1390105966 err=3344
[ERR] seq=1390105967 err=3344
[ERR] seq=1390105968 err=3344
[ERR] seq=1390105969 err=3336
[ERR] seq=1390105970 err=3328
[ERR] seq=1390105971 err=3312
[ERR] seq=1390105972 err=3304
[ERR] seq=1390105973 err=3312
[SEU] addr=200031CE bit=00000002
[ERR] seq=1390105974 err=3280
[ERR] seq=1390105975 err=3280
[ERR] seq=1390105976 err=3264
[ERR] seq=1390105977 err=3232
[ERR] seq=1390105978 err=3232
[ERR] seq=1390105979 err=3200
[ERR] seq=1390105980 err=3192
[SEU] addr=200031D0 bit=00000003
[ERR] seq=1390105981 err=3160
[ERR] seq=1390105982 err=3144
[ERR] seq=1390105983 err=3136
[ERR] seq=1390105984 err=3112
[ERR] seq=1390105985 err=3088
[ERR] seq=1390105986 err=3056
[SEU] addr=20003145 bit=00000003
[SAMPLE QUEUE CORRUPTED] primary repaired
[ERR] seq=1390105987 err=3056
[ERR] seq=1390105988 err=3016
[ERR] seq=1390105989 err=3016
[SEU] addr=20003168 bit=00000001
[ERR] seq=1390105990 err=2984
[ERR] seq=1390105991 err=2984
[ERR] seq=1390105992 err=2944
[SEU] addr=200031BC bit=00000006
[ERR] seq=1390105993 err=2936
[ERR] seq=1390105994 err=2912
[ERR] seq=1390105995 err=2888
[ERR] seq=1390105996 err=2872
[SEU] addr=20003148 bit=00000004
[SAMPLE QUEUE CORRUPTED] primary repaired
[ERR] seq=1390105997 err=2848
[ERR] seq=1390105998 err=2840
[ERR] seq=1390105999 err=2816
[ERR] seq=1390106000 err=2784
[ERR] seq=1390106001 err=2768
[ERR] seq=1390106002 err=2744
[SEU] addr=200031BB bit=00000006
[ERR] seq=1390106003 err=2728
[ERR] seq=1390106004 err=2680
[ERR] seq=1390106005 err=2664
[ERR] seq=1390106006 err=2632
[ERR] seq=1390106007 err=2624
[ERR] seq=1390106008 err=2584
[ERR] seq=1390106009 err=2568
[ERR] seq=1390106010 err=2544
[SEU] addr=2000317B bit=00000001
[ERR] seq=1390106011 err=2504
[ERR] seq=1390106012 err=2488
[SEU] addr=200031C1 bit=00000000
[ERR] seq=1390106013 err=2448
[ERR] seq=1390106014 err=2432
[SEU] addr=2000317E bit=00000007
[ERR] seq=1390106015 err=2416
[ERR] seq=1390106016 err=2360
[ERR] seq=1390106017 err=2344
[ERR] seq=1390106018 err=2312
[ERR] seq=1390106019 err=2288
[ERR] seq=1390106020 err=2248
[SEU] addr=20003171 bit=00000006
[ERR] seq=1390106021 err=2208
[ERR] seq=1390106022 err=2176
[SEU] addr=20003164 bit=00000005
[ERR] seq=1390106023 err=2168
[ERR] seq=1390106024 err=2136
[ERR] seq=1390106025 err=2088
[ERR] seq=1390106026 err=4112
[ERR] seq=1390106027 err=3912
[ERR] seq=1390106028 err=4032
[ERR] seq=1390106029 err=3992
[ERR] seq=1390106030 err=3952
[SEU] addr=200031D5 bit=00000001
[ERR] seq=1390106543 err=11856
[ERR] seq=1390106544 err=11320
[ERR] seq=1390106545 err=12168
[ERR] seq=1390106546 err=12176
[SEU] addr=20003144 bit=00000005
[SAMPLE QUEUE CORRUPTED] primary repaired
[ERR] seq=1390106547 err=12384
[ERR] seq=1390106548 err=12488
[SEU] addr=20003189 bit=00000000
[ERR] seq=1390106549 err=10576
[ERR] seq=1390106550 err=12864
[ERR] seq=1390106551 err=12672
[ERR] seq=1390106552 err=12976
[ERR] seq=1390106553 err=13048
[SEU] addr=20003154 bit=00000003
[END]
samples=10000
SEUs=1815
good samples=277
errors=9723
samples omitted=0
max_error=0x80000B28
propagations=9605
detected_errors=244
tmr_corrections=0
dmr_corrections=244
crc detections=0
clamp_activations=0
rate limit activations=0
[HARDFAULT]
