START
SEED=12345678
[SEU] addr=20003145 bit=00000003
[SAMPLE QUEUE FULL]
[SAMPLE QUEUE FULL]
[SAMPLE QUEUE FULL]
[SAMPLE QUEUE FULL]
[SAMPLE QUEUE FULL]
[SAMPLE QUEUE FULL]
[SAMPLE QUEUE FULL]
[SAMPLE QUEUE FULL]
[SEU] addr=20003170 bit=00000000
[SAMPLE QUEUE FULL]
[SAMPLE QUEUE FULL]
[SAMPLE QUEUE FULL]
[SAMPLE QUEUE FULL]
[SAMPLE QUEUE FULL]
[SAMPLE QUEUE FULL]
[SEU] addr=20003165 bit=00000001
[SAMPLE QUEUE FULL]
[SAMPLE QUEUE FULL]
[SAMPLE QUEUE FULL]
[SAMPLE QUEUE FULL]
[SAMPLE QUEUE FULL]
[SAMPLE QUEUE FULL]
[SAMPLE QUEUE FULL]
[SAMPLE QUEUE FULL]
[SEU] addr=200031A9 bit=00000000
[SAMPLE QUEUE FULL]
[SAMPLE QUEUE FULL]
[SAMPLE QUEUE FULL]
[SAMPLE QUEUE FULL]
[SAMPLE QUEUE FULL]
[SEU] addr=2000316C bit=00000005
[SAMPLE QUEUE FULL]
[SAMPLE QUEUE FULL]
[SAMPLE QUEUE FULL]
[SAMPLE QUEUE FULL]
[SAMPLE QUEUE FULL]
[SAMPLE QUEUE FULL]
[SAMPLE QUEUE FULL]
[SAMPLE QUEUE FULL]
[SAMPLE QUEUE FULL]
[SAMPLE QUEUE FULL]
[SEU] addr=20003165 bit=00000002
[SAMPLE QUEUE FULL]
[SAMPLE QUEUE FULL]
[SAMPLE QUEUE FULL]
[SAMPLE QUEUE FULL]
[SEU] addr=20003145 bit=00000004
[SAMPLE QUEUE FULL]
[SAMPLE QUEUE FULL]
[SAMPLE QUEUE FULL]
[SAMPLE QUEUE FULL]
[SAMPLE QUEUE FULL]
[SAMPLE QUEUE FULL]
[SEU] addr=200031AE bit=00000004
[SAMPLE QUEUE FULL]
[SAMPLE QUEUE FULL]
[SAMPLE QUEUE FULL]
[SEU] addr=2000314A bit=00000001
[SAMPLE QUEUE FULL]
[SAMPLE QUEUE FULL]
[SAMPLE QUEUE FULL]
[SAMPLE QUEUE FULL]
[SAMPLE QUEUE FULL]
[SAMPLE QUEUE FULL]
[SAMPLE QUEUE FULL]
[SEU] addr=200031A1 bit=00000004
[SAMPLE QUEUE FULL]
[SAMPLE QUEUE FULL]
[SAMPLE QUEUE FULL]
[SEU] addr=2000318A bit=00000004
[SAMPLE QUEUE FULL]
[SAMPLE QUEUE FULL]
[SAMPLE QUEUE FULL]
[SAMPLE QUEUE FULL]
[SAMPLE QUEUE FULL]
[SAMPLE QUEUE FULL]
[SAMPLE QUEUE FULL]
[SAMPLE QUEUE FULL]
[SAMPLE QUEUE FULL]
[SEU] addr=20003149 bit=00000004
[SAMPLE QUEUE FULL]
[SAMPLE QUEUE FULL]
[SAMPLE QUEUE FULL]
[SEU] addr=20003178 bit=00000002
[SAMPLE QUEUE FULL]
[SAMPLE QUEUE FULL]
[SAMPLE QUEUE FULL]
[SAMPLE QUEUE FULL]
[SEU] addr=200031B2 bit=00000006
[SAMPLE QUEUE FULL]
[SAMPLE QUEUE FULL]
[SAMPLE QUEUE FULL]
[SAMPLE QUEUE FULL]
[SAMPLE QUEUE FULL]
[SEU] addr=200031B5 bit=00000005
[SAMPLE QUEUE FULL]
[SAMPLE QUEUE FULL]
[SAMPLE QUEUE FULL]
[SAMPLE QUEUE FULL]
[SAMPLE QUEUE FULL]
[SEU] addr=2000319C bit=00000006
[SAMPLE QUEUE FULL]
[SAMPLE QUEUE FULL]
[SAMPLE QUEUE FULL]
[SAMPLE QUEUE FULL]
[SAMPLE QUEUE FULL]
[SAMPLE QUEUE FULL]
[SAMPLE QUEUE FULL]
[SEU] addr=200031B5 bit=00000000
[SAMPLE QUEUE FULL]
[SAMPLE QUEUE FULL]
[SAMPLE QUEUE FULL]
[SAMPLE QUEUE FULL]
[SAMPLE QUEUE FULL]
[SAMPLE QUEUE FULL]
[SAMPLE QUEUE FULL]
[SEU] addr=2000317C bit=00000005
[SAMPLE QUEUE FULL]
[SAMPLE QUEUE FULL]
[SAMPLE QUEUE FULL]
[SAMPLE QUEUE FULL]
[SAMPLE QUEUE FULL]
[SAMPLE QUEUE FULL]
[SAMPLE QUEUE FULL]
[SAMPLE QUEUE FULL]
[SEU] addr=200031B4 bit=00000000
[SAMPLE QUEUE FULL]
[SAMPLE QUEUE FULL]
[SAMPLE QUEUE FULL]
[SAMPLE QUEUE FULL]
[SAMPLE QUEUE FULL]
[SAMPLE QUEUE FULL]
[SAMPLE QUEUE FULL]
[SAMPLE QUEUE FULL]
[SAMPLE QUEUE FULL]
[SEU] addr=200031B2 bit=00000007
[SAMPLE QUEUE FULL]
[SAMPLE QUEUE FULL]
[SAMPLE QUEUE FULL]
[SAMPLE QUEUE FULL]
[SAMPLE QUEUE FULL]
[SEU] addr=2000316C bit=00000001
[SAMPLE QUEUE FULL]
[SAMPLE QUEUE FULL]
[SAMPLE QUEUE FULL]
[SAMPLE QUEUE FULL]
[SAMPLE QUEUE FULL]
[SAMPLE QUEUE FULL]
[SAMPLE QUEUE FULL]
[SAMPLE QUEUE FULL]
[SEU] addr=20003193 bit=00000007
[SAMPLE QUEUE FULL]
[SAMPLE QUEUE FULL]
[SAMPLE QUEUE FULL]
[SAMPLE QUEUE FULL]
[SAMPLE QUEUE FULL]
[SEU] addr=20003170 bit=00000005
[SAMPLE QUEUE FULL]
[SAMPLE QUEUE FULL]
[SEU] addr=2000314F bit=00000003
[SAMPLE QUEUE FULL]
[SAMPLE QUEUE FULL]
[SAMPLE QUEUE FULL]
[SAMPLE QUEUE FULL]
[SAMPLE QUEUE FULL]
[SEU] addr=2000319C bit=00000002
[SAMPLE QUEUE FULL]
[SAMPLE QUEUE FULL]
[SAMPLE QUEUE FULL]
[SAMPLE QUEUE FULL]
[SAMPLE QUEUE FULL]
[SEU] addr=20003158 bit=00000004
[SAMPLE QUEUE FULL]
[SAMPLE QUEUE FULL]
[SAMPLE QUEUE FULL]
[SAMPLE QUEUE FULL]
[SAMPLE QUEUE FULL]
[SAMPLE QUEUE FULL]
[SEU] addr=2000317A bit=00000005
[SAMPLE QUEUE FULL]
[SAMPLE QUEUE FULL]
[SEU] addr=20003195 bit=00000004
[SAMPLE QUEUE FULL]
[SAMPLE QUEUE FULL]
[SAMPLE QUEUE FULL]
[SAMPLE QUEUE FULL]
[SAMPLE QUEUE FULL]
[SEU] addr=20003163 bit=00000001
[SAMPLE QUEUE FULL]
[SAMPLE QUEUE FULL]
[SAMPLE QUEUE FULL]
[SAMPLE QUEUE FULL]
[SAMPLE QUEUE FULL]
[SAMPLE QUEUE FULL]
[SAMPLE QUEUE FULL]
[SAMPLE QUEUE FULL]
[SAMPLE QUEUE FULL]
[SEU] addr=200031B6 bit=00000006
[SAMPLE QUEUE FULL]
[SAMPLE QUEUE FULL]
[SAMPLE QUEUE FULL]
[SAMPLE QUEUE FULL]
[SAMPLE QUEUE FULL]
[SAMPLE QUEUE FULL]
[SEU] addr=2000315D bit=00000000
[SAMPLE QUEUE FULL]
[SAMPLE QUEUE FULL]
[SEU] addr=20003159 bit=00000006
[SAMPLE QUEUE FULL]
[SAMPLE QUEUE FULL]
[SAMPLE QUEUE FULL]
[SAMPLE QUEUE FULL]
[SAMPLE QUEUE FULL]
[SAMPLE QUEUE FULL]
[SAMPLE QUEUE FULL]
[SAMPLE QUEUE FULL]
[SAMPLE QUEUE FULL]
[SEU] addr=2000316D bit=00000000
[SAMPLE QUEUE FULL]
[SAMPLE QUEUE FULL]
[SAMPLE QUEUE FULL]
[SAMPLE QUEUE FULL]
[SAMPLE QUEUE FULL]
[SAMPLE QUEUE FULL]
[SAMPLE QUEUE FULL]
[SAMPLE QUEUE FULL]
[SAMPLE QUEUE FULL]
[SEU] addr=20003154 bit=00000005
[SAMPLE QUEUE FULL]
[SAMPLE QUEUE FULL]
[SAMPLE QUEUE FULL]
[SEU] addr=200031BA bit=00000005
[SAMPLE QUEUE FULL]
[SAMPLE QUEUE FULL]
[SAMPLE QUEUE FULL]
[SAMPLE QUEUE FULL]
[SAMPLE QUEUE FULL]
[SEU] addr=2000315F bit=00000003
[SAMPLE QUEUE FULL]
[SAMPLE QUEUE FULL]
[SAMPLE QUEUE FULL]
[SEU] addr=2000319C bit=00000007
[SAMPLE QUEUE FULL]
[SAMPLE QUEUE FULL]
[SAMPLE QUEUE FULL]
[SAMPLE QUEUE FULL]
[SAMPLE QUEUE FULL]
[SAMPLE QUEUE FULL]
[SAMPLE QUEUE FULL]
[SAMPLE QUEUE FULL]
[SAMPLE QUEUE FULL]
[SEU] addr=2000317B bit=00000007
[SAMPLE QUEUE FULL]
[SAMPLE QUEUE FULL]
[SAMPLE QUEUE FULL]
[SAMPLE QUEUE FULL]
[SAMPLE QUEUE FULL]
[SAMPLE QUEUE FULL]
[SAMPLE QUEUE FULL]
[SAMPLE QUEUE FULL]
[SAMPLE QUEUE FULL]
[SEU] addr=20003146 bit=00000005
[SAMPLE QUEUE FULL]
[SAMPLE QUEUE FULL]
[SAMPLE QUEUE FULL]
[SAMPLE QUEUE FULL]
[SAMPLE QUEUE FULL]
[SEU] addr=200031B5 bit=00000001
[SAMPLE QUEUE FULL]
[SAMPLE QUEUE FULL]
[SAMPLE QUEUE FULL]
[SAMPLE QUEUE FULL]
[SAMPLE QUEUE FULL]
[SAMPLE QUEUE FULL]
[SAMPLE QUEUE FULL]
[SAMPLE QUEUE FULL]
[SAMPLE QUEUE FULL]
[SEU] addr=2000318A bit=00000001
[SAMPLE QUEUE FULL]
[SAMPLE QUEUE FULL]
[SAMPLE QUEUE FULL]
[SAMPLE QUEUE FULL]
[SAMPLE QUEUE FULL]
[SEU] addr=2000319F bit=00000003
[SAMPLE QUEUE FULL]
[SAMPLE QUEUE FULL]
[SAMPLE QUEUE FULL]
[SAMPLE QUEUE FULL]
[SAMPLE QUEUE FULL]
[SEU] addr=2000319D bit=00000006
[SAMPLE QUEUE FULL]
[SAMPLE QUEUE FULL]
[SAMPLE QUEUE FULL]
[SAMPLE QUEUE FULL]
[SEU] addr=200031B7 bit=00000006
[SAMPLE QUEUE FULL]
[SAMPLE QUEUE FULL]
[SAMPLE QUEUE FULL]
[SAMPLE QUEUE FULL]
[SAMPLE QUEUE FULL]
[SAMPLE QUEUE FULL]
[SAMPLE QUEUE FULL]
[SAMPLE QUEUE FULL]
[SAMPLE QUEUE FULL]
[SAMPLE QUEUE FULL]
[SEU] addr=20003184 bit=00000004
[SAMPLE QUEUE FULL]
[SAMPLE QUEUE FULL]
[SAMPLE QUEUE FULL]
[SAMPLE QUEUE FULL]
[SAMPLE QUEUE FULL]
[SEU] addr=20003146 bit=00000006
[SAMPLE QUEUE FULL]
[SAMPLE QUEUE FULL]
[SAMPLE QUEUE FULL]
[SAMPLE QUEUE FULL]
[SEU] addr=20003164 bit=00000006
[SAMPLE QUEUE FULL]
[SAMPLE QUEUE FULL]
[SAMPLE QUEUE FULL]
[SAMPLE QUEUE FULL]
[SAMPLE QUEUE FULL]
[SAMPLE QUEUE FULL]
[SEU] addr=20003198 bit=00000005
[SAMPLE QUEUE FULL]
[SAMPLE QUEUE FULL]
[SAMPLE QUEUE FULL]
[SAMPLE QUEUE FULL]
[SAMPLE QUEUE FULL]
[SAMPLE QUEUE FULL]
[SEU] addr=200031B2 bit=00000007
[SAMPLE QUEUE FULL]
[SAMPLE QUEUE FULL]
[SAMPLE QUEUE FULL]
[SAMPLE QUEUE FULL]
[SAMPLE QUEUE FULL]
[SAMPLE QUEUE FULL]
[SAMPLE QUEUE FULL]
[SAMPLE QUEUE FULL]
[SAMPLE QUEUE FULL]
[SAMPLE QUEUE FULL]
[SEU] addr=20003159 bit=00000004
[SAMPLE QUEUE FULL]
[SAMPLE QUEUE FULL]
[SAMPLE QUEUE FULL]
[SAMPLE QUEUE FULL]
[SAMPLE QUEUE FULL]
[SAMPLE QUEUE FULL]
[SAMPLE QUEUE FULL]
[SEU] addr=2000318B bit=00000003
[SAMPLE QUEUE FULL]
[SAMPLE QUEUE FULL]
[SAMPLE QUEUE FULL]
[SAMPLE QUEUE FULL]
[SAMPLE QUEUE FULL]
[SAMPLE QUEUE FULL]
[SAMPLE QUEUE FULL]
[SAMPLE QUEUE FULL]
[SEU] addr=200031BE bit=00000005
[SAMPLE QUEUE FULL]
[SAMPLE QUEUE FULL]
[SAMPLE QUEUE FULL]
[SAMPLE QUEUE FULL]
[SEU] addr=2000318C bit=00000003
[SAMPLE QUEUE FULL]
[SAMPLE QUEUE FULL]
[SAMPLE QUEUE FULL]
[SEU] addr=200031BA bit=00000002
[SAMPLE QUEUE FULL]
[SAMPLE QUEUE FULL]
[SAMPLE QUEUE FULL]
[SAMPLE QUEUE FULL]
[SAMPLE QUEUE FULL]
[SEU] addr=200031B0 bit=00000002
[SAMPLE QUEUE FULL]
[SAMPLE QUEUE FULL]
[SAMPLE QUEUE FULL]
[SAMPLE QUEUE FULL]
[SAMPLE QUEUE FULL]
[SAMPLE QUEUE FULL]
[SAMPLE QUEUE FULL]
[SEU] addr=2000314F bit=00000001
[SAMPLE QUEUE FULL]
[SAMPLE QUEUE FULL]
[SAMPLE QUEUE FULL]
[SEU] addr=20003169 bit=00000004
[SAMPLE QUEUE FULL]
[SAMPLE QUEUE FULL]
[SAMPLE QUEUE FULL]
[SAMPLE QUEUE FULL]
[SAMPLE QUEUE FULL]
[SAMPLE QUEUE FULL]
[SAMPLE QUEUE FULL]
[SEU] addr=2000319A bit=00000002
[SAMPLE QUEUE FULL]
[SAMPLE QUEUE FULL]
[SAMPLE QUEUE FULL]
[SAMPLE QUEUE FULL]
[SAMPLE QUEUE FULL]
[SAMPLE QUEUE FULL]
[SAMPLE QUEUE FULL]
[SEU] addr=20003198 bit=00000000
[SAMPLE QUEUE FULL]
[SAMPLE QUEUE FULL]
[SAMPLE QUEUE FULL]
[SAMPLE QUEUE FULL]
[SAMPLE QUEUE FULL]
[SEU] addr=20003145 bit=00000000
[SAMPLE QUEUE FULL]
[SAMPLE QUEUE FULL]
[SAMPLE QUEUE FULL]
[SAMPLE QUEUE FULL]
[SAMPLE QUEUE FULL]
[SAMPLE QUEUE FULL]
[SAMPLE QUEUE FULL]
[SAMPLE QUEUE FULL]
[SAMPLE QUEUE FULL]
[SEU] addr=200031BE bit=00000003
[SAMPLE QUEUE FULL]
[SAMPLE QUEUE FULL]
[SAMPLE QUEUE FULL]
[SAMPLE QUEUE FULL]
[SAMPLE QUEUE FULL]
[SAMPLE QUEUE FULL]
[SAMPLE QUEUE FULL]
[SAMPLE QUEUE FULL]
[SAMPLE QUEUE FULL]
[SEU] addr=2000314D bit=00000005
[SAMPLE QUEUE FULL]
[SAMPLE QUEUE FULL]
[SAMPLE QUEUE FULL]
[SAMPLE QUEUE FULL]
[SAMPLE QUEUE FULL]
[SAMPLE QUEUE FULL]
[SAMPLE QUEUE FULL]
[SAMPLE QUEUE FULL]
[SAMPLE QUEUE FULL]
[SAMPLE QUEUE FULL]
[SEU] addr=200031AB bit=00000003
[SAMPLE QUEUE FULL]
[SAMPLE QUEUE FULL]
[SAMPLE QUEUE FULL]
[SAMPLE QUEUE FULL]
[SAMPLE QUEUE FULL]
[SAMPLE QUEUE FULL]
[SAMPLE QUEUE FULL]
[SAMPLE QUEUE FULL]
[SEU] addr=20003159 bit=00000000
[SAMPLE QUEUE FULL]
[SAMPLE QUEUE FULL]
[SAMPLE QUEUE FULL]
[SAMPLE QUEUE FULL]
[SEU] addr=200031BD bit=00000005
[SAMPLE QUEUE FULL]
[SAMPLE QUEUE FULL]
[SAMPLE QUEUE FULL]
[SAMPLE QUEUE FULL]
[SAMPLE QUEUE FULL]
[SAMPLE QUEUE FULL]
[SEU] addr=200031AC bit=00000005
[SAMPLE QUEUE FULL]
[SAMPLE QUEUE FULL]
[SEU] addr=20003189 bit=00000000
[SAMPLE QUEUE FULL]
[SAMPLE QUEUE FULL]
[SAMPLE QUEUE FULL]
[SAMPLE QUEUE FULL]
[SEU] addr=200031A2 bit=00000007
[SAMPLE QUEUE FULL]
[SEU] addr=2000316A bit=00000003
[SAMPLE QUEUE FULL]
[SAMPLE QUEUE FULL]
[SAMPLE QUEUE FULL]
[SAMPLE QUEUE FULL]
[SAMPLE QUEUE FULL]
[SAMPLE QUEUE FULL]
[SAMPLE QUEUE FULL]
[SAMPLE QUEUE FULL]
[SAMPLE QUEUE FULL]
[SAMPLE QUEUE FULL]
[SEU] addr=2000314A bit=00000004
[SAMPLE QUEUE FULL]
[SAMPLE QUEUE FULL]
[SAMPLE QUEUE FULL]
[SAMPLE QUEUE FULL]
[SAMPLE QUEUE FULL]
[SAMPLE QUEUE FULL]
[SAMPLE QUEUE FULL]
[SAMPLE QUEUE FULL]
[SEU] addr=2000314B bit=00000006
[SAMPLE QUEUE FULL]
[SAMPLE QUEUE FULL]
[SEU] addr=2000314D bit=00000000
[SAMPLE QUEUE FULL]
[SAMPLE QUEUE FULL]
[SAMPLE QUEUE FULL]
[SAMPLE QUEUE FULL]
[SAMPLE QUEUE FULL]
[SAMPLE QUEUE FULL]
[SAMPLE QUEUE FULL]
[SAMPLE QUEUE FULL]
[SAMPLE QUEUE FULL]
[SEU] addr=20003199 bit=00000004
[SAMPLE QUEUE FULL]
[SAMPLE QUEUE FULL]
[SAMPLE QUEUE FULL]
[SAMPLE QUEUE FULL]
[SAMPLE QUEUE FULL]
[SAMPLE QUEUE FULL]
[SAMPLE QUEUE FULL]
[SEU] addr=20003182 bit=00000006
[SAMPLE QUEUE FULL]
[SEU] addr=200031B6 bit=00000005
[SAMPLE QUEUE FULL]
[SAMPLE QUEUE FULL]
[SAMPLE QUEUE FULL]
[SAMPLE QUEUE FULL]
[SEU] addr=2000319A bit=00000002
[SAMPLE QUEUE FULL]
[SAMPLE QUEUE FULL]
[SAMPLE QUEUE FULL]
[SAMPLE QUEUE FULL]
[SAMPLE QUEUE FULL]
[SAMPLE QUEUE FULL]
[SAMPLE QUEUE FULL]
[SEU] addr=2000317E bit=00000005
[SAMPLE QUEUE FULL]
[SAMPLE QUEUE FULL]
[SAMPLE QUEUE FULL]
[SAMPLE QUEUE FULL]
[SAMPLE QUEUE FULL]
[SEU] addr=20003157 bit=00000001
[SAMPLE QUEUE FULL]
[SAMPLE QUEUE FULL]
[SAMPLE QUEUE FULL]
[SEU] addr=2000316E bit=00000007
[SAMPLE QUEUE FULL]
[SAMPLE QUEUE FULL]
[SAMPLE QUEUE FULL]
[SAMPLE QUEUE FULL]
[SAMPLE QUEUE FULL]
[SAMPLE QUEUE FULL]
[SAMPLE QUEUE FULL]
[SAMPLE QUEUE FULL]
[SAMPLE QUEUE FULL]
[SAMPLE QUEUE FULL]
[SEU] addr=20003186 bit=00000007
[SAMPLE QUEUE FULL]
[SAMPLE QUEUE FULL]
[SAMPLE QUEUE FULL]
[SAMPLE QUEUE FULL]
[SAMPLE QUEUE FULL]
[SAMPLE QUEUE FULL]
[SAMPLE QUEUE FULL]
[SAMPLE QUEUE FULL]
[SEU] addr=20003176 bit=00000002
[SAMPLE QUEUE FULL]
[SAMPLE QUEUE FULL]
[SAMPLE QUEUE FULL]
[SAMPLE QUEUE FULL]
[SAMPLE QUEUE FULL]
[SEU] addr=20003162 bit=00000004
[SAMPLE QUEUE FULL]
[SAMPLE QUEUE FULL]
[SAMPLE QUEUE FULL]
[SEU] addr=2000318C bit=00000000
[SAMPLE QUEUE FULL]
[SAMPLE QUEUE FULL]
[SAMPLE QUEUE FULL]
[SAMPLE QUEUE FULL]
[SAMPLE QUEUE FULL]
[SEU] addr=20003147 bit=00000001
[SAMPLE QUEUE FULL]
[SAMPLE QUEUE FULL]
[SAMPLE QUEUE FULL]
[SAMPLE QUEUE FULL]
[SAMPLE QUEUE FULL]
[SAMPLE QUEUE FULL]
[SAMPLE QUEUE FULL]
[SAMPLE QUEUE FULL]
[SAMPLE QUEUE FULL]
[SEU] addr=20003160 bit=00000004
[SAMPLE QUEUE FULL]
[SAMPLE QUEUE FULL]
[SAMPLE QUEUE FULL]
[SAMPLE QUEUE FULL]
[SAMPLE QUEUE FULL]
[SAMPLE QUEUE FULL]
[SAMPLE QUEUE FULL]
[SAMPLE QUEUE FULL]
[SAMPLE QUEUE FULL]
[SEU] addr=20003199 bit=00000004
[SAMPLE QUEUE FULL]
[SAMPLE QUEUE FULL]
[SAMPLE QUEUE FULL]
[SAMPLE QUEUE FULL]
[SEU] addr=2000316B bit=00000000
[SAMPLE QUEUE FULL]
[SAMPLE QUEUE FULL]
[SAMPLE QUEUE FULL]
[SAMPLE QUEUE FULL]
[SAMPLE QUEUE FULL]
[SAMPLE QUEUE FULL]
[SAMPLE QUEUE FULL]
[SAMPLE QUEUE FULL]
[SAMPLE QUEUE FULL]
[SEU] addr=2000318A bit=00000003
[SAMPLE QUEUE FULL]
[SEU] addr=200031AD bit=00000007
[SAMPLE QUEUE FULL]
[SAMPLE QUEUE FULL]
[SAMPLE QUEUE FULL]
[SAMPLE QUEUE FULL]
[SAMPLE QUEUE FULL]
[SAMPLE QUEUE FULL]
[SAMPLE QUEUE FULL]
[SEU] addr=20003195 bit=00000000
[SAMPLE QUEUE FULL]
[SAMPLE QUEUE FULL]
[SAMPLE QUEUE FULL]
[SAMPLE QUEUE FULL]
[SEU] addr=20003169 bit=00000001
[SAMPLE QUEUE FULL]
[SAMPLE QUEUE FULL]
[SAMPLE QUEUE FULL]
[SAMPLE QUEUE FULL]
[SAMPLE QUEUE FULL]
[SAMPLE QUEUE FULL]
[SEU] addr=200031B6 bit=00000004
[SAMPLE QUEUE FULL]
[SAMPLE QUEUE FULL]
[SAMPLE QUEUE FULL]
[SAMPLE QUEUE FULL]
[SEU] addr=200031B5 bit=00000001
[SAMPLE QUEUE FULL]
[SAMPLE QUEUE FULL]
[SAMPLE QUEUE FULL]
[SAMPLE QUEUE FULL]
[SEU] addr=200031A1 bit=00000004
[SAMPLE QUEUE FULL]
[SAMPLE QUEUE FULL]
[SAMPLE QUEUE FULL]
[SAMPLE QUEUE FULL]
[SAMPLE QUEUE FULL]
[SAMPLE QUEUE FULL]
[SAMPLE QUEUE FULL]
[SAMPLE QUEUE FULL]
[SEU] addr=2000316C bit=00000003
[SAMPLE QUEUE FULL]
[SAMPLE QUEUE FULL]
[SAMPLE QUEUE FULL]
[SAMPLE QUEUE FULL]
[SAMPLE QUEUE FULL]
[SAMPLE QUEUE FULL]
[SAMPLE QUEUE FULL]
[SAMPLE QUEUE FULL]
[SEU] addr=20003194 bit=00000004
[SAMPLE QUEUE FULL]
[SAMPLE QUEUE FULL]
[SAMPLE QUEUE FULL]
[SAMPLE QUEUE FULL]
[SEU] addr=2000315A bit=00000007
[SAMPLE QUEUE FULL]
[SAMPLE QUEUE FULL]
[SAMPLE QUEUE FULL]
[SAMPLE QUEUE FULL]
[SAMPLE QUEUE FULL]
[SEU] addr=20003145 bit=00000003
[SAMPLE QUEUE FULL]
[SAMPLE QUEUE FULL]
[SAMPLE QUEUE FULL]
[SAMPLE QUEUE FULL]
[SAMPLE QUEUE FULL]
[SAMPLE QUEUE FULL]
[SEU] addr=20003169 bit=00000007
[SAMPLE QUEUE FULL]
[SAMPLE QUEUE FULL]
[SAMPLE QUEUE FULL]
[SEU] addr=2000318F bit=00000004
[SAMPLE QUEUE FULL]
[SAMPLE QUEUE FULL]
[SAMPLE QUEUE FULL]
[SAMPLE QUEUE FULL]
[SAMPLE QUEUE FULL]
[SAMPLE QUEUE FULL]
[SEU] addr=20003181 bit=00000005
[SAMPLE QUEUE FULL]
[SAMPLE QUEUE FULL]
[SAMPLE QUEUE FULL]
[SAMPLE QUEUE FULL]
[SAMPLE QUEUE FULL]
[SEU] addr=20003182 bit=00000000
[SAMPLE QUEUE FULL]
[SAMPLE QUEUE FULL]
[SAMPLE QUEUE FULL]
[SAMPLE QUEUE FULL]
[SAMPLE QUEUE FULL]
[SAMPLE QUEUE FULL]
[SAMPLE QUEUE FULL]
[SAMPLE QUEUE FULL]
[SEU] addr=200031A8 bit=00000004
[SAMPLE QUEUE FULL]
[SAMPLE QUEUE FULL]
[SAMPLE QUEUE FULL]
[SAMPLE QUEUE FULL]
[SEU] addr=200031B2 bit=00000006
[SAMPLE QUEUE FULL]
[SAMPLE QUEUE FULL]
[SAMPLE QUEUE FULL]
[SAMPLE QUEUE FULL]
[SAMPLE QUEUE FULL]
[SEU] addr=200031AE bit=00000003
[SAMPLE QUEUE FULL]
[SAMPLE QUEUE FULL]
[SEU] addr=2000316B bit=00000005
[SAMPLE QUEUE FULL]
[SAMPLE QUEUE FULL]
[SAMPLE QUEUE FULL]
[SAMPLE QUEUE FULL]
[SAMPLE QUEUE FULL]
[SAMPLE QUEUE FULL]
[SAMPLE QUEUE FULL]
[SAMPLE QUEUE FULL]
[SEU] addr=20003171 bit=00000005
[SAMPLE QUEUE FULL]
[SAMPLE QUEUE FULL]
[SAMPLE QUEUE FULL]
[SAMPLE QUEUE FULL]
[SAMPLE QUEUE FULL]
[SAMPLE QUEUE FULL]
[SEU] addr=20003167 bit=00000001
[SAMPLE QUEUE FULL]
[SAMPLE QUEUE FULL]
[SAMPLE QUEUE FULL]
[SAMPLE QUEUE FULL]
[SAMPLE QUEUE FULL]
[SAMPLE QUEUE FULL]
[SAMPLE QUEUE FULL]
[SEU] addr=2000317A bit=00000000
[SAMPLE QUEUE FULL]
[SAMPLE QUEUE FULL]
[SAMPLE QUEUE FULL]
[SAMPLE QUEUE FULL]
[SAMPLE QUEUE FULL]
[SEU] addr=20003189 bit=00000002
[SAMPLE QUEUE FULL]
[SAMPLE QUEUE FULL]
[SAMPLE QUEUE FULL]
[SAMPLE QUEUE FULL]
[SAMPLE QUEUE FULL]
[SAMPLE QUEUE FULL]
[SAMPLE QUEUE FULL]
[SAMPLE QUEUE FULL]
[SAMPLE QUEUE FULL]
[SEU] addr=200031B2 bit=00000006
[SAMPLE QUEUE FULL]
[SAMPLE QUEUE FULL]
[SAMPLE QUEUE FULL]
[SEU] addr=20003150 bit=00000003
[SAMPLE QUEUE FULL]
[SAMPLE QUEUE FULL]
[SAMPLE QUEUE FULL]
[SAMPLE QUEUE FULL]
[SEU] addr=200031AF bit=00000007
[SAMPLE QUEUE FULL]
[SAMPLE QUEUE FULL]
[SAMPLE QUEUE FULL]
[SEU] addr=200031B7 bit=00000002
[SAMPLE QUEUE FULL]
[SAMPLE QUEUE FULL]
[SAMPLE QUEUE FULL]
[SEU] addr=20003147 bit=00000002
[SAMPLE QUEUE FULL]
[SAMPLE QUEUE FULL]
[SAMPLE QUEUE FULL]
[SAMPLE QUEUE FULL]
[SAMPLE QUEUE FULL]
[SEU] addr=20003166 bit=00000004
[SAMPLE QUEUE FULL]
[SAMPLE QUEUE FULL]
[SAMPLE QUEUE FULL]
[SEU] addr=200031B8 bit=00000004
[SAMPLE QUEUE FULL]
[SAMPLE QUEUE FULL]
[SAMPLE QUEUE FULL]
[SAMPLE QUEUE FULL]
[SAMPLE QUEUE FULL]
[SAMPLE QUEUE FULL]
[SAMPLE QUEUE FULL]
[SAMPLE QUEUE FULL]
[SAMPLE QUEUE FULL]
[SEU] addr=2000318F bit=00000006
[SAMPLE QUEUE FULL]
[SAMPLE QUEUE FULL]
[SAMPLE QUEUE FULL]
[SAMPLE QUEUE FULL]
[SAMPLE QUEUE FULL]
[SAMPLE QUEUE FULL]
[SAMPLE QUEUE FULL]
[SAMPLE QUEUE FULL]
[SAMPLE QUEUE FULL]
[SAMPLE QUEUE FULL]
[SEU] addr=2000318A bit=00000004
[SAMPLE QUEUE FULL]
[SEU] addr=20003199 bit=00000001
[SAMPLE QUEUE FULL]
[SAMPLE QUEUE FULL]
[SAMPLE QUEUE FULL]
[SEU] addr=2000319F bit=00000002
[SAMPLE QUEUE FULL]
[SAMPLE QUEUE FULL]
[SAMPLE QUEUE FULL]
[SEU] addr=200031A9 bit=00000005
[SAMPLE QUEUE FULL]
[SAMPLE QUEUE FULL]
[SAMPLE QUEUE FULL]
[SAMPLE QUEUE FULL]
[SAMPLE QUEUE FULL]
[SEU] addr=2000314F bit=00000007
[SAMPLE QUEUE FULL]
[SAMPLE QUEUE FULL]
[SAMPLE QUEUE FULL]
[SAMPLE QUEUE FULL]
[SAMPLE QUEUE FULL]
[SAMPLE QUEUE FULL]
[SAMPLE QUEUE FULL]
[SAMPLE QUEUE FULL]
[SAMPLE QUEUE FULL]
[SAMPLE QUEUE FULL]
[SEU] addr=2000318D bit=00000000
[SAMPLE QUEUE FULL]
[SAMPLE QUEUE FULL]
[SAMPLE QUEUE FULL]
[SAMPLE QUEUE FULL]
[SAMPLE QUEUE FULL]
[SEU] addr=20003169 bit=00000005
[SAMPLE QUEUE FULL]
[SAMPLE QUEUE FULL]
[SAMPLE QUEUE FULL]
[SAMPLE QUEUE FULL]
[SAMPLE QUEUE FULL]
[SAMPLE QUEUE FULL]
[SAMPLE QUEUE FULL]
[SAMPLE QUEUE FULL]
[SAMPLE QUEUE FULL]
[SAMPLE QUEUE FULL]
[SEU] addr=2000314F bit=00000006
[SAMPLE QUEUE FULL]
[SAMPLE QUEUE FULL]
[SAMPLE QUEUE FULL]
[SAMPLE QUEUE FULL]
[SAMPLE QUEUE FULL]
[SAMPLE QUEUE FULL]
[SAMPLE QUEUE FULL]
[SAMPLE QUEUE FULL]
[SEU] addr=200031A0 bit=00000003
[SAMPLE QUEUE FULL]
[SAMPLE QUEUE FULL]
[SAMPLE QUEUE FULL]
[SAMPLE QUEUE FULL]
[SAMPLE QUEUE FULL]
[SEU] addr=2000315F bit=00000005
[SAMPLE QUEUE FULL]
[SAMPLE QUEUE FULL]
[SAMPLE QUEUE FULL]
[SAMPLE QUEUE FULL]
[SEU] addr=200031AC bit=00000005
[SAMPLE QUEUE FULL]
[SAMPLE QUEUE FULL]
[SEU] addr=2000315F bit=00000004
[SAMPLE QUEUE FULL]
[SAMPLE QUEUE FULL]
[SAMPLE QUEUE FULL]
[SAMPLE QUEUE FULL]
[SAMPLE QUEUE FULL]
[SAMPLE QUEUE FULL]
[SAMPLE QUEUE FULL]
[SAMPLE QUEUE FULL]
[SEU] addr=2000317F bit=00000003
[SAMPLE QUEUE FULL]
[SAMPLE QUEUE FULL]
[SEU] addr=2000315C bit=00000003
[SAMPLE QUEUE FULL]
[SAMPLE QUEUE FULL]
[SAMPLE QUEUE FULL]
[SEU] addr=200031B2 bit=00000002
[SAMPLE QUEUE FULL]
[SAMPLE QUEUE FULL]
[SAMPLE QUEUE FULL]
[SAMPLE QUEUE FULL]
[SAMPLE QUEUE FULL]
[SAMPLE QUEUE FULL]
[SAMPLE QUEUE FULL]
[SAMPLE QUEUE FULL]
[SEU] addr=200031A1 bit=00000004
[SAMPLE QUEUE FULL]
[SAMPLE QUEUE FULL]
[SAMPLE QUEUE FULL]
[SAMPLE QUEUE FULL]
[SAMPLE QUEUE FULL]
[SAMPLE QUEUE FULL]
[SAMPLE QUEUE FULL]
[SEU] addr=2000317E bit=00000007
[SAMPLE QUEUE FULL]
[SAMPLE QUEUE FULL]
[SAMPLE QUEUE FULL]
[SAMPLE QUEUE FULL]
[SAMPLE QUEUE FULL]
[SAMPLE QUEUE FULL]
[SAMPLE QUEUE FULL]
[SAMPLE QUEUE FULL]
[SAMPLE QUEUE FULL]
[SEU] addr=20003152 bit=00000001
[SAMPLE QUEUE FULL]
[SAMPLE QUEUE FULL]
[SAMPLE QUEUE FULL]
[SAMPLE QUEUE FULL]
[SAMPLE QUEUE FULL]
[SAMPLE QUEUE FULL]
[SAMPLE QUEUE FULL]
[SAMPLE QUEUE FULL]
[SAMPLE QUEUE FULL]
[SEU] addr=20003193 bit=00000004
[SAMPLE QUEUE FULL]
[SAMPLE QUEUE FULL]
[SAMPLE QUEUE FULL]
[SAMPLE QUEUE FULL]
[SAMPLE QUEUE FULL]
[SAMPLE QUEUE FULL]
[SAMPLE QUEUE FULL]
[SAMPLE QUEUE FULL]
[SEU] addr=20003156 bit=00000001
[SAMPLE QUEUE FULL]
[SAMPLE QUEUE FULL]
[SAMPLE QUEUE FULL]
[SAMPLE QUEUE FULL]
[SAMPLE QUEUE FULL]
[SEU] addr=2000314E bit=00000003
[SAMPLE QUEUE FULL]
[SAMPLE QUEUE FULL]
[SAMPLE QUEUE FULL]
[SAMPLE QUEUE FULL]
[SAMPLE QUEUE FULL]
[SAMPLE QUEUE FULL]
[SEU] addr=20003156 bit=00000006
[SAMPLE QUEUE FULL]
[SEU] addr=200031A4 bit=00000003
[SAMPLE QUEUE FULL]
[SAMPLE QUEUE FULL]
[SAMPLE QUEUE FULL]
[SAMPLE QUEUE FULL]
[SEU] addr=2000318D bit=00000004
[SAMPLE QUEUE FULL]
[SAMPLE QUEUE FULL]
[SAMPLE QUEUE FULL]
[SAMPLE QUEUE FULL]
[SAMPLE QUEUE FULL]
[SAMPLE QUEUE FULL]
[SAMPLE QUEUE FULL]
[SAMPLE QUEUE FULL]
[SAMPLE QUEUE FULL]
[SEU] addr=20003163 bit=00000000
[SAMPLE QUEUE FULL]
[SAMPLE QUEUE FULL]
[SEU] addr=20003145 bit=00000002
[SAMPLE QUEUE FULL]
[SAMPLE QUEUE FULL]
[SEU] addr=20003154 bit=00000005
[SAMPLE QUEUE FULL]
[SAMPLE QUEUE FULL]
[SAMPLE QUEUE FULL]
[SEU] addr=200031B8 bit=00000006
[SAMPLE QUEUE FULL]
[SAMPLE QUEUE FULL]
[SAMPLE QUEUE FULL]
[SAMPLE QUEUE FULL]
[SAMPLE QUEUE FULL]
[SEU] addr=2000315A bit=00000000
[SAMPLE QUEUE FULL]
[SAMPLE QUEUE FULL]
[SAMPLE QUEUE FULL]
[SAMPLE QUEUE FULL]
[SAMPLE QUEUE FULL]
[SAMPLE QUEUE FULL]
[SAMPLE QUEUE FULL]
[SEU] addr=200031B1 bit=00000001
[SAMPLE QUEUE FULL]
[SAMPLE QUEUE FULL]
[SAMPLE QUEUE FULL]
[SAMPLE QUEUE FULL]
[SAMPLE QUEUE FULL]
[SAMPLE QUEUE FULL]
[SAMPLE QUEUE FULL]
[SAMPLE QUEUE FULL]
[SAMPLE QUEUE FULL]
[SEU] addr=20003171 bit=00000000
[SAMPLE QUEUE FULL]
[SAMPLE QUEUE FULL]
[SAMPLE QUEUE FULL]
[SAMPLE QUEUE FULL]
[SEU] addr=20003163 bit=00000006
[SAMPLE QUEUE FULL]
[SEU] addr=2000319C bit=00000002
[SAMPLE QUEUE FULL]
[SAMPLE QUEUE FULL]
[SEU] addr=20003184 bit=00000000
[SAMPLE QUEUE FULL]
[SAMPLE QUEUE FULL]
[SAMPLE QUEUE FULL]
[SAMPLE QUEUE FULL]
[SAMPLE QUEUE FULL]
[SAMPLE QUEUE FULL]
[SAMPLE QUEUE FULL]
[SAMPLE QUEUE FULL]
[SAMPLE QUEUE FULL]
[SEU] addr=200031BD bit=00000006
[SAMPLE QUEUE FULL]
[SEU] addr=20003176 bit=00000005
[SAMPLE QUEUE FULL]
[SEU] addr=20003176 bit=00000007
[SAMPLE QUEUE FULL]
[SAMPLE QUEUE FULL]
[SAMPLE QUEUE FULL]
[SAMPLE QUEUE FULL]
[SAMPLE QUEUE FULL]
[SAMPLE QUEUE FULL]
[SAMPLE QUEUE FULL]
[SAMPLE QUEUE FULL]
[SEU] addr=20003163 bit=00000007
[SAMPLE QUEUE FULL]
[SAMPLE QUEUE FULL]
[SAMPLE QUEUE FULL]
[SAMPLE QUEUE FULL]
[SEU] addr=200031B6 bit=00000007
[SAMPLE QUEUE FULL]
[SAMPLE QUEUE FULL]
[SEU] addr=20003167 bit=00000007
[SAMPLE QUEUE FULL]
[SAMPLE QUEUE FULL]
[SAMPLE QUEUE FULL]
[SAMPLE QUEUE FULL]
[SAMPLE QUEUE FULL]
[SAMPLE QUEUE FULL]
[SAMPLE QUEUE FULL]
[SAMPLE QUEUE FULL]
[SEU] addr=20003177 bit=00000006
[SAMPLE QUEUE FULL]
[SAMPLE QUEUE FULL]
[SAMPLE QUEUE FULL]
[SAMPLE QUEUE FULL]
[SAMPLE QUEUE FULL]
[SAMPLE QUEUE FULL]
[SEU] addr=200031B7 bit=00000002
[SAMPLE QUEUE FULL]
[SAMPLE QUEUE FULL]
[SAMPLE QUEUE FULL]
[SAMPLE QUEUE FULL]
[SAMPLE QUEUE FULL]
[SAMPLE QUEUE FULL]
[SAMPLE QUEUE FULL]
[SAMPLE QUEUE FULL]
[SAMPLE QUEUE FULL]
[SAMPLE QUEUE FULL]
[SEU] addr=20003155 bit=00000002
[SAMPLE QUEUE FULL]
[SAMPLE QUEUE FULL]
[SEU] addr=200031A8 bit=00000007
[SAMPLE QUEUE FULL]
[SAMPLE QUEUE FULL]
[SAMPLE QUEUE FULL]
[SAMPLE QUEUE FULL]
[SEU] addr=20003196 bit=00000005
[SAMPLE QUEUE FULL]
[SAMPLE QUEUE FULL]
[SAMPLE QUEUE FULL]
[SAMPLE QUEUE FULL]
[SAMPLE QUEUE FULL]
[SAMPLE QUEUE FULL]
[SAMPLE QUEUE FULL]
[SEU] addr=200031AA bit=00000004
[SAMPLE QUEUE FULL]
[SAMPLE QUEUE FULL]
[SAMPLE QUEUE FULL]
[SAMPLE QUEUE FULL]
[SAMPLE QUEUE FULL]
[SAMPLE QUEUE FULL]
[SAMPLE QUEUE FULL]
[SAMPLE QUEUE FULL]
[SAMPLE QUEUE FULL]
[SEU] addr=20003169 bit=00000006
[SAMPLE QUEUE FULL]
[SAMPLE QUEUE FULL]
[SAMPLE QUEUE FULL]
[SAMPLE QUEUE FULL]
[SEU] addr=20003172 bit=00000003
[SAMPLE QUEUE FULL]
[SAMPLE QUEUE FULL]
[SEU] addr=20003149 bit=00000006
[SAMPLE QUEUE FULL]
[SAMPLE QUEUE FULL]
[SAMPLE QUEUE FULL]
[SAMPLE QUEUE FULL]
[SAMPLE QUEUE FULL]
[SEU] addr=20003174 bit=00000005
[SAMPLE QUEUE FULL]
[SAMPLE QUEUE FULL]
[SAMPLE QUEUE FULL]
[SAMPLE QUEUE FULL]
[SAMPLE QUEUE FULL]
[SAMPLE QUEUE FULL]
[SAMPLE QUEUE FULL]
[SAMPLE QUEUE FULL]
[SAMPLE QUEUE FULL]
[SEU] addr=20003156 bit=00000007
[SAMPLE QUEUE FULL]
[SAMPLE QUEUE FULL]
[SAMPLE QUEUE FULL]
[SAMPLE QUEUE FULL]
[SAMPLE QUEUE FULL]
[SAMPLE QUEUE FULL]
[SEU] addr=20003167 bit=00000000
[SAMPLE QUEUE FULL]
[SAMPLE QUEUE FULL]
[SAMPLE QUEUE FULL]
[SAMPLE QUEUE FULL]
[SAMPLE QUEUE FULL]
[SAMPLE QUEUE FULL]
[SAMPLE QUEUE FULL]
[SEU] addr=20003191 bit=00000006
[SAMPLE QUEUE FULL]
[SAMPLE QUEUE FULL]
[SAMPLE QUEUE FULL]
[SAMPLE QUEUE FULL]
[SAMPLE QUEUE FULL]
[SAMPLE QUEUE FULL]
[SAMPLE QUEUE FULL]
[SEU] addr=2000314A bit=00000006
[SAMPLE QUEUE FULL]
[SAMPLE QUEUE FULL]
[SAMPLE QUEUE FULL]
[SEU] addr=20003190 bit=00000002
[SAMPLE QUEUE FULL]
[SAMPLE QUEUE FULL]
[SAMPLE QUEUE FULL]
[SAMPLE QUEUE FULL]
[SAMPLE QUEUE FULL]
[SAMPLE QUEUE FULL]
[SAMPLE QUEUE FULL]
[SAMPLE QUEUE FULL]
[SEU] addr=200031B4 bit=00000006
[SAMPLE QUEUE FULL]
[SAMPLE QUEUE FULL]
[SAMPLE QUEUE FULL]
[SEU] addr=2000314B bit=00000003
[SAMPLE QUEUE FULL]
[SAMPLE QUEUE FULL]
[SAMPLE QUEUE FULL]
[SEU] addr=200031AF bit=00000006
[SAMPLE QUEUE FULL]
[SAMPLE QUEUE FULL]
[SAMPLE QUEUE FULL]
[SAMPLE QUEUE FULL]
[SAMPLE QUEUE FULL]
[SEU] addr=20003185 bit=00000004
[SAMPLE QUEUE FULL]
[SAMPLE QUEUE FULL]
[SAMPLE QUEUE FULL]
[SAMPLE QUEUE FULL]
[SAMPLE QUEUE FULL]
[SAMPLE QUEUE FULL]
[SAMPLE QUEUE FULL]
[SAMPLE QUEUE FULL]
[SEU] addr=20003195 bit=00000002
[SAMPLE QUEUE FULL]
[SAMPLE QUEUE FULL]
[SAMPLE QUEUE FULL]
[SAMPLE QUEUE FULL]
[SEU] addr=200031A0 bit=00000004
[SAMPLE QUEUE FULL]
[SEU] addr=20003168 bit=00000002
[SAMPLE QUEUE FULL]
[SAMPLE QUEUE FULL]
[SAMPLE QUEUE FULL]
[SEU] addr=20003179 bit=00000004
[SAMPLE QUEUE FULL]
[SAMPLE QUEUE FULL]
[SAMPLE QUEUE FULL]
[SAMPLE QUEUE FULL]
[SEU] addr=20003186 bit=00000007
[SAMPLE QUEUE FULL]
[SAMPLE QUEUE FULL]
[SEU] addr=200031A8 bit=00000003
[SAMPLE QUEUE FULL]
[SEU] addr=2000314B bit=00000005
[SAMPLE QUEUE FULL]
[SAMPLE QUEUE FULL]
[SAMPLE QUEUE FULL]
[SAMPLE QUEUE FULL]
[SAMPLE QUEUE FULL]
[SAMPLE QUEUE FULL]
[SEU] addr=2000315F bit=00000003
[SAMPLE QUEUE FULL]
[SAMPLE QUEUE FULL]
[SAMPLE QUEUE FULL]
[SAMPLE QUEUE FULL]
[SAMPLE QUEUE FULL]
[SAMPLE QUEUE FULL]
[SAMPLE QUEUE FULL]
[SEU] addr=2000317F bit=00000001
[SAMPLE QUEUE FULL]
[SAMPLE QUEUE FULL]
[SAMPLE QUEUE FULL]
[SAMPLE QUEUE FULL]
[SAMPLE QUEUE FULL]
[SAMPLE QUEUE FULL]
[SAMPLE QUEUE FULL]
[SAMPLE QUEUE FULL]
[SAMPLE QUEUE FULL]
[SAMPLE QUEUE FULL]
[SEU] addr=20003177 bit=00000007
[SAMPLE QUEUE FULL]
[SAMPLE QUEUE FULL]
[SAMPLE QUEUE FULL]
[SAMPLE QUEUE FULL]
[SAMPLE QUEUE FULL]
[SAMPLE QUEUE FULL]
[SEU] addr=2000319C bit=00000003
[SAMPLE QUEUE FULL]
[SAMPLE QUEUE FULL]
[SAMPLE QUEUE FULL]
[SAMPLE QUEUE FULL]
[SAMPLE QUEUE FULL]
[SAMPLE QUEUE FULL]
[SAMPLE QUEUE FULL]
[SAMPLE QUEUE FULL]
[SAMPLE QUEUE FULL]
[SEU] addr=20003184 bit=00000001
[SAMPLE QUEUE FULL]
[SAMPLE QUEUE FULL]
[SAMPLE QUEUE FULL]
[SAMPLE QUEUE FULL]
[SAMPLE QUEUE FULL]
[SEU] addr=200031AE bit=00000003
[SAMPLE QUEUE FULL]
[SAMPLE QUEUE FULL]
[SAMPLE QUEUE FULL]
[SAMPLE QUEUE FULL]
[SAMPLE QUEUE FULL]
[SAMPLE QUEUE FULL]
[SAMPLE QUEUE FULL]
[SAMPLE QUEUE FULL]
[SAMPLE QUEUE FULL]
[SEU] addr=200031AE bit=00000006
[SAMPLE QUEUE FULL]
[SAMPLE QUEUE FULL]
[SAMPLE QUEUE FULL]
[SAMPLE QUEUE FULL]
[SAMPLE QUEUE FULL]
[SEU] addr=20003152 bit=00000007
[SAMPLE QUEUE FULL]
[SAMPLE QUEUE FULL]
[SAMPLE QUEUE FULL]
[SAMPLE QUEUE FULL]
[SAMPLE QUEUE FULL]
[SAMPLE QUEUE FULL]
[SAMPLE QUEUE FULL]
[SEU] addr=200031B1 bit=00000007
[SAMPLE QUEUE FULL]
[SAMPLE QUEUE FULL]
[SAMPLE QUEUE FULL]
[SAMPLE QUEUE FULL]
[SAMPLE QUEUE FULL]
[SAMPLE QUEUE FULL]
[SEU] addr=20003193 bit=00000003
[SAMPLE QUEUE FULL]
[SAMPLE QUEUE FULL]
[SAMPLE QUEUE FULL]
[SEU] addr=2000318D bit=00000004
[SAMPLE QUEUE FULL]
[SAMPLE QUEUE FULL]
[SEU] addr=20003178 bit=00000004
[SAMPLE QUEUE FULL]
[SEU] addr=2000319F bit=00000003
[SAMPLE QUEUE FULL]
[SAMPLE QUEUE FULL]
[SEU] addr=20003153 bit=00000001
[SAMPLE QUEUE FULL]
[SAMPLE QUEUE FULL]
[SAMPLE QUEUE FULL]
[SAMPLE QUEUE FULL]
[SAMPLE QUEUE FULL]
[SEU] addr=20003190 bit=00000002
[SAMPLE QUEUE FULL]
[SAMPLE QUEUE FULL]
[SAMPLE QUEUE FULL]
[SEU] addr=200031B9 bit=00000004
[SAMPLE QUEUE FULL]
[SAMPLE QUEUE FULL]
[SAMPLE QUEUE FULL]
[SAMPLE QUEUE FULL]
[SAMPLE QUEUE FULL]
[SAMPLE QUEUE FULL]
[SEU] addr=20003191 bit=00000004
[SAMPLE QUEUE FULL]
[SAMPLE QUEUE FULL]
[SAMPLE QUEUE FULL]
[SAMPLE QUEUE FULL]
[SAMPLE QUEUE FULL]
[SAMPLE QUEUE FULL]
[SAMPLE QUEUE FULL]
[SEU] addr=200031A7 bit=00000005
[SAMPLE QUEUE FULL]
[SAMPLE QUEUE FULL]
[SAMPLE QUEUE FULL]
[SAMPLE QUEUE FULL]
[SAMPLE QUEUE FULL]
[SAMPLE QUEUE FULL]
[SAMPLE QUEUE FULL]
[SAMPLE QUEUE FULL]
[SAMPLE QUEUE FULL]
[SAMPLE QUEUE FULL]
[SEU] addr=2000319F bit=00000000
[SAMPLE QUEUE FULL]
[SAMPLE QUEUE FULL]
[SAMPLE QUEUE FULL]
[SAMPLE QUEUE FULL]
[SEU] addr=20003194 bit=00000000
[SAMPLE QUEUE FULL]
[SAMPLE QUEUE FULL]
[SEU] addr=200031BB bit=00000006
[SAMPLE QUEUE FULL]
[SAMPLE QUEUE FULL]
[SAMPLE QUEUE FULL]
[SAMPLE QUEUE FULL]
[SAMPLE QUEUE FULL]
[SEU] addr=20003153 bit=00000006
[SAMPLE QUEUE FULL]
[SEU] addr=20003155 bit=00000003
[SAMPLE QUEUE FULL]
[SAMPLE QUEUE FULL]
[SAMPLE QUEUE FULL]
[SAMPLE QUEUE FULL]
[SAMPLE QUEUE FULL]
[SAMPLE QUEUE FULL]
[SAMPLE QUEUE FULL]
[SEU] addr=20003146 bit=00000005
[SAMPLE QUEUE FULL]
[SAMPLE QUEUE FULL]
[SAMPLE QUEUE FULL]
[SAMPLE QUEUE FULL]
[SAMPLE QUEUE FULL]
[SEU] addr=2000315B bit=00000004
[SAMPLE QUEUE FULL]
[SAMPLE QUEUE FULL]
[SAMPLE QUEUE FULL]
[SAMPLE QUEUE FULL]
[SAMPLE QUEUE FULL]
[SAMPLE QUEUE FULL]
[SAMPLE QUEUE FULL]
[SEU] addr=20003185 bit=00000005
[SAMPLE QUEUE FULL]
[SAMPLE QUEUE FULL]
[SAMPLE QUEUE FULL]
[SAMPLE QUEUE FULL]
[SAMPLE QUEUE FULL]
[SEU] addr=200031B4 bit=00000007
[SAMPLE QUEUE FULL]
[SAMPLE QUEUE FULL]
[SAMPLE QUEUE FULL]
[SEU] addr=20003175 bit=00000002
[SAMPLE QUEUE FULL]
[SAMPLE QUEUE FULL]
[SAMPLE QUEUE FULL]
[SAMPLE QUEUE FULL]
[SAMPLE QUEUE FULL]
[SAMPLE QUEUE FULL]
[SEU] addr=200031A2 bit=00000007
[SAMPLE QUEUE FULL]
[SAMPLE QUEUE FULL]
[SEU] addr=200031A8 bit=00000006
[SAMPLE QUEUE FULL]
[SEU] addr=20003176 bit=00000002
[SAMPLE QUEUE FULL]
[SAMPLE QUEUE FULL]
[SAMPLE QUEUE FULL]
[SEU] addr=200031A1 bit=00000003
[SAMPLE QUEUE FULL]
[SAMPLE QUEUE FULL]
[SAMPLE QUEUE FULL]
[SAMPLE QUEUE FULL]
[SEU] addr=20003182 bit=00000004
[SAMPLE QUEUE FULL]
[SAMPLE QUEUE FULL]
[SAMPLE QUEUE FULL]
[SAMPLE QUEUE FULL]
[SEU] addr=20003167 bit=00000005
[SAMPLE QUEUE FULL]
[SAMPLE QUEUE FULL]
[SEU] addr=200031B1 bit=00000001
[SAMPLE QUEUE FULL]
[SAMPLE QUEUE FULL]
[SAMPLE QUEUE FULL]
[SAMPLE QUEUE FULL]
[SAMPLE QUEUE FULL]
[SAMPLE QUEUE FULL]
[SAMPLE QUEUE FULL]
[SAMPLE QUEUE FULL]
[SAMPLE QUEUE FULL]
[SEU] addr=20003168 bit=00000002
[SAMPLE QUEUE FULL]
[SAMPLE QUEUE FULL]
[SAMPLE QUEUE FULL]
[SAMPLE QUEUE FULL]
[SAMPLE QUEUE FULL]
[SAMPLE QUEUE FULL]
[SAMPLE QUEUE FULL]
[SAMPLE QUEUE FULL]
[SEU] addr=20003181 bit=00000002
[SAMPLE QUEUE FULL]
[SEU] addr=200031AB bit=00000003
[SAMPLE QUEUE FULL]
[SAMPLE QUEUE FULL]
[SEU] addr=2000316B bit=00000005
[SAMPLE QUEUE FULL]
[SAMPLE QUEUE FULL]
[SAMPLE QUEUE FULL]
[SAMPLE QUEUE FULL]
[SEU] addr=200031BC bit=00000005
[SAMPLE QUEUE FULL]
[SAMPLE QUEUE FULL]
[SEU] addr=200031B5 bit=00000001
[SAMPLE QUEUE FULL]
[SAMPLE QUEUE FULL]
[SAMPLE QUEUE FULL]
[SAMPLE QUEUE FULL]
[SAMPLE QUEUE FULL]
[SAMPLE QUEUE FULL]
[SAMPLE QUEUE FULL]
[SAMPLE QUEUE FULL]
[SAMPLE QUEUE FULL]
[SEU] addr=2000316B bit=00000002
[SAMPLE QUEUE FULL]
[SAMPLE QUEUE FULL]
[SEU] addr=2000315F bit=00000007
[SAMPLE QUEUE FULL]
[SAMPLE QUEUE FULL]
[SAMPLE QUEUE FULL]
[SEU] addr=20003166 bit=00000003
[SAMPLE QUEUE FULL]
[SAMPLE QUEUE FULL]
[SAMPLE QUEUE FULL]
[SAMPLE QUEUE FULL]
[SEU] addr=2000315D bit=00000005
[SAMPLE QUEUE FULL]
[SAMPLE QUEUE FULL]
[SAMPLE QUEUE FULL]
[SAMPLE QUEUE FULL]
[SAMPLE QUEUE FULL]
[SEU] addr=20003181 bit=00000005
[SAMPLE QUEUE FULL]
[SEU] addr=2000317D bit=00000000
[SAMPLE QUEUE FULL]
[SAMPLE QUEUE FULL]
[SAMPLE QUEUE FULL]
[SEU] addr=200031AE bit=00000001
[SAMPLE QUEUE FULL]
[SAMPLE QUEUE FULL]
[SAMPLE QUEUE FULL]
[SAMPLE QUEUE FULL]
[SEU] addr=2000319B bit=00000002
[SAMPLE QUEUE FULL]
[SAMPLE QUEUE FULL]
[SAMPLE QUEUE FULL]
[SAMPLE QUEUE FULL]
[SEU] addr=200031BF bit=00000001
[SAMPLE QUEUE FULL]
[SAMPLE QUEUE FULL]
[SAMPLE QUEUE FULL]
[SAMPLE QUEUE FULL]
[SAMPLE QUEUE FULL]
[SAMPLE QUEUE FULL]
[SAMPLE QUEUE FULL]
[SAMPLE QUEUE FULL]
[SAMPLE QUEUE FULL]
[SEU] addr=200031A0 bit=00000001
[SAMPLE QUEUE FULL]
[SAMPLE QUEUE FULL]
[SAMPLE QUEUE FULL]
[SAMPLE QUEUE FULL]
[SAMPLE QUEUE FULL]
[SAMPLE QUEUE FULL]
[SAMPLE QUEUE FULL]
[SAMPLE QUEUE FULL]
[SAMPLE QUEUE FULL]
[SEU] addr=20003145 bit=00000005
[SAMPLE QUEUE FULL]
[SAMPLE QUEUE FULL]
[SAMPLE QUEUE FULL]
[SAMPLE QUEUE FULL]
[SEU] addr=200031B3 bit=00000004
[SAMPLE QUEUE FULL]
[SAMPLE QUEUE FULL]
[SEU] addr=20003154 bit=00000003
[SAMPLE QUEUE FULL]
[SAMPLE QUEUE FULL]
[SEU] addr=200031BC bit=00000002
[SAMPLE QUEUE FULL]
[SAMPLE QUEUE FULL]
[SEU] addr=2000316E bit=00000005
[SAMPLE QUEUE FULL]
[SAMPLE QUEUE FULL]
[SAMPLE QUEUE FULL]
[SAMPLE QUEUE FULL]
[SAMPLE QUEUE FULL]
[SAMPLE QUEUE FULL]
[SAMPLE QUEUE FULL]
[SAMPLE QUEUE FULL]
[SAMPLE QUEUE FULL]
[SEU] addr=20003192 bit=00000004
[SAMPLE QUEUE FULL]
[SAMPLE QUEUE FULL]
[SAMPLE QUEUE FULL]
[SAMPLE QUEUE FULL]
[SAMPLE QUEUE FULL]
[SAMPLE QUEUE FULL]
[SAMPLE QUEUE FULL]
[SEU] addr=200031B5 bit=00000003
[SAMPLE QUEUE FULL]
[SAMPLE QUEUE FULL]
[SAMPLE QUEUE FULL]
[SAMPLE QUEUE FULL]
[SAMPLE QUEUE FULL]
[SEU] addr=200031A3 bit=00000001
[SAMPLE QUEUE FULL]
[SAMPLE QUEUE FULL]
[SAMPLE QUEUE FULL]
[SAMPLE QUEUE FULL]
[SAMPLE QUEUE FULL]
[SAMPLE QUEUE FULL]
[SAMPLE QUEUE FULL]
[SAMPLE QUEUE FULL]
[SAMPLE QUEUE FULL]
[SEU] addr=2000319F bit=00000005
[SAMPLE QUEUE FULL]
[SAMPLE QUEUE FULL]
[SAMPLE QUEUE FULL]
[SAMPLE QUEUE FULL]
[SAMPLE QUEUE FULL]
[SAMPLE QUEUE FULL]
[SAMPLE QUEUE FULL]
[SAMPLE QUEUE FULL]
[SAMPLE QUEUE FULL]
[SEU] addr=200031AB bit=00000004
[SAMPLE QUEUE FULL]
[SAMPLE QUEUE FULL]
[SAMPLE QUEUE FULL]
[SAMPLE QUEUE FULL]
[SAMPLE QUEUE FULL]
[SAMPLE QUEUE FULL]
[SAMPLE QUEUE FULL]
[SAMPLE QUEUE FULL]
[SAMPLE QUEUE FULL]
[SEU] addr=2000317F bit=00000007
[SAMPLE QUEUE FULL]
[SAMPLE QUEUE FULL]
[SAMPLE QUEUE FULL]
[SAMPLE QUEUE FULL]
[SAMPLE QUEUE FULL]
[SAMPLE QUEUE FULL]
[SAMPLE QUEUE FULL]
[SAMPLE QUEUE FULL]
[SEU] addr=20003153 bit=00000004
[SAMPLE QUEUE FULL]
[SAMPLE QUEUE FULL]
[SAMPLE QUEUE FULL]
[SAMPLE QUEUE FULL]
[SAMPLE QUEUE FULL]
[SAMPLE QUEUE FULL]
[SEU] addr=2000314E bit=00000004
[SAMPLE QUEUE FULL]
[SAMPLE QUEUE FULL]
[SAMPLE QUEUE FULL]
[SAMPLE QUEUE FULL]
[SEU] addr=20003152 bit=00000006
[SAMPLE QUEUE FULL]
[SAMPLE QUEUE FULL]
[SAMPLE QUEUE FULL]
[SAMPLE QUEUE FULL]
[SAMPLE QUEUE FULL]
[SAMPLE QUEUE FULL]
[SAMPLE QUEUE FULL]
[SEU] addr=2000314F bit=00000004
[SAMPLE QUEUE FULL]
[SAMPLE QUEUE FULL]
[SEU] addr=200031AE bit=00000005
[SAMPLE QUEUE FULL]
[SAMPLE QUEUE FULL]
[SAMPLE QUEUE FULL]
[SAMPLE QUEUE FULL]
[SAMPLE QUEUE FULL]
[SAMPLE QUEUE FULL]
[SAMPLE QUEUE FULL]
[SAMPLE QUEUE FULL]
[SAMPLE QUEUE FULL]
[SEU] addr=20003168 bit=00000000
[SAMPLE QUEUE FULL]
[SAMPLE QUEUE FULL]
[SAMPLE QUEUE FULL]
[SAMPLE QUEUE FULL]
[SAMPLE QUEUE FULL]
[SAMPLE QUEUE FULL]
[SAMPLE QUEUE FULL]
[SAMPLE QUEUE FULL]
[SAMPLE QUEUE FULL]
[SEU] addr=20003150 bit=00000004
[SAMPLE QUEUE FULL]
[SAMPLE QUEUE FULL]
[SAMPLE QUEUE FULL]
[SEU] addr=20003158 bit=00000001
[SAMPLE QUEUE FULL]
[SAMPLE QUEUE FULL]
[SAMPLE QUEUE FULL]
[SAMPLE QUEUE FULL]
[SAMPLE QUEUE FULL]
[SAMPLE QUEUE FULL]
[SAMPLE QUEUE FULL]
[SAMPLE QUEUE FULL]
[SAMPLE QUEUE FULL]
[SEU] addr=200031A3 bit=00000003
[SAMPLE QUEUE FULL]
[SAMPLE QUEUE FULL]
[SAMPLE QUEUE FULL]
[SAMPLE QUEUE FULL]
[SAMPLE QUEUE FULL]
[SAMPLE QUEUE FULL]
[SEU] addr=200031BF bit=00000003
[SAMPLE QUEUE FULL]
[SAMPLE QUEUE FULL]
[SAMPLE QUEUE FULL]
[SEU] addr=200031B7 bit=00000005
[SAMPLE QUEUE FULL]
[SAMPLE QUEUE FULL]
[SAMPLE QUEUE FULL]
[SAMPLE QUEUE FULL]
[SAMPLE QUEUE FULL]
[SAMPLE QUEUE FULL]
[SAMPLE QUEUE FULL]
[SAMPLE QUEUE FULL]
[SAMPLE QUEUE FULL]
[SEU] addr=200031AC bit=00000001
[SAMPLE QUEUE FULL]
[SAMPLE QUEUE FULL]
[SAMPLE QUEUE FULL]
[SAMPLE QUEUE FULL]
[SAMPLE QUEUE FULL]
[SAMPLE QUEUE FULL]
[SEU] addr=20003189 bit=00000001
[SAMPLE QUEUE FULL]
[SAMPLE QUEUE FULL]
[SAMPLE QUEUE FULL]
[SAMPLE QUEUE FULL]
[SAMPLE QUEUE FULL]
[SAMPLE QUEUE FULL]
[SAMPLE QUEUE FULL]
[SAMPLE QUEUE FULL]
[SAMPLE QUEUE FULL]
[SEU] addr=20003165 bit=00000007
[SAMPLE QUEUE FULL]
[SAMPLE QUEUE FULL]
[SAMPLE QUEUE FULL]
[SAMPLE QUEUE FULL]
[SAMPLE QUEUE FULL]
[SEU] addr=200031B0 bit=00000007
[SAMPLE QUEUE FULL]
[SAMPLE QUEUE FULL]
[SAMPLE QUEUE FULL]
[SAMPLE QUEUE FULL]
[SAMPLE QUEUE FULL]
[SEU] addr=20003154 bit=00000005
[SAMPLE QUEUE FULL]
[SAMPLE QUEUE FULL]
[SAMPLE QUEUE FULL]
[SAMPLE QUEUE FULL]
[SEU] addr=2000316B bit=00000000
[SAMPLE QUEUE FULL]
[SAMPLE QUEUE FULL]
[SAMPLE QUEUE FULL]
[SAMPLE QUEUE FULL]
[SAMPLE QUEUE FULL]
[SAMPLE QUEUE FULL]
[SAMPLE QUEUE FULL]
[SEU] addr=20003149 bit=00000007
[SAMPLE QUEUE FULL]
[SAMPLE QUEUE FULL]
[SAMPLE QUEUE FULL]
[SAMPLE QUEUE FULL]
[SEU] addr=20003195 bit=00000001
[SAMPLE QUEUE FULL]
[SAMPLE QUEUE FULL]
[SAMPLE QUEUE FULL]
[SAMPLE QUEUE FULL]
[SAMPLE QUEUE FULL]
[SAMPLE QUEUE FULL]
[SAMPLE QUEUE FULL]
[SAMPLE QUEUE FULL]
[SEU] addr=20003146 bit=00000002
[SAMPLE QUEUE FULL]
[SAMPLE QUEUE FULL]
[SAMPLE QUEUE FULL]
[SAMPLE QUEUE FULL]
[SAMPLE QUEUE FULL]
[SAMPLE QUEUE FULL]
[SAMPLE QUEUE FULL]
[SAMPLE QUEUE FULL]
[SAMPLE QUEUE FULL]
[SAMPLE QUEUE FULL]
[SEU] addr=20003179 bit=00000003
[SAMPLE QUEUE FULL]
[SAMPLE QUEUE FULL]
[SAMPLE QUEUE FULL]
[SAMPLE QUEUE FULL]
[SEU] addr=200031A9 bit=00000004
[SAMPLE QUEUE FULL]
[SAMPLE QUEUE FULL]
[SAMPLE QUEUE FULL]
[SAMPLE QUEUE FULL]
[SAMPLE QUEUE FULL]
[SAMPLE QUEUE FULL]
[SAMPLE QUEUE FULL]
[SEU] addr=20003144 bit=00000007
[SAMPLE QUEUE FULL]
[SAMPLE QUEUE FULL]
[SAMPLE QUEUE FULL]
[SAMPLE QUEUE FULL]
[SAMPLE QUEUE FULL]
[SAMPLE QUEUE FULL]
[SAMPLE QUEUE FULL]
[SAMPLE QUEUE FULL]
[SEU] addr=2000316B bit=00000005
[SAMPLE QUEUE FULL]
[SAMPLE QUEUE FULL]
[SAMPLE QUEUE FULL]
[SAMPLE QUEUE FULL]
[SAMPLE QUEUE FULL]
[SAMPLE QUEUE FULL]
[SAMPLE QUEUE FULL]
[SAMPLE QUEUE FULL]
[SEU] addr=20003159 bit=00000001
[SAMPLE QUEUE FULL]
[SAMPLE QUEUE FULL]
[SAMPLE QUEUE FULL]
[SEU] addr=2000317E bit=00000003
[SAMPLE QUEUE FULL]
[SAMPLE QUEUE FULL]
[SAMPLE QUEUE FULL]
[SAMPLE QUEUE FULL]
[SEU] addr=20003167 bit=00000002
[SAMPLE QUEUE FULL]
[SAMPLE QUEUE FULL]
[SAMPLE QUEUE FULL]
[SEU] addr=20003151 bit=00000007
[SAMPLE QUEUE FULL]
[SAMPLE QUEUE FULL]
[SAMPLE QUEUE FULL]
[SAMPLE QUEUE FULL]
[SAMPLE QUEUE FULL]
[SAMPLE QUEUE FULL]
[SAMPLE QUEUE FULL]
[SAMPLE QUEUE FULL]
[SEU] addr=2000315A bit=00000000
[SAMPLE QUEUE FULL]
[SAMPLE QUEUE FULL]
[SAMPLE QUEUE FULL]
[SAMPLE QUEUE FULL]
[SAMPLE QUEUE FULL]
[SAMPLE QUEUE FULL]
[SAMPLE QUEUE FULL]
[SEU] addr=200031B0 bit=00000006
[SAMPLE QUEUE FULL]
[SAMPLE QUEUE FULL]
[SAMPLE QUEUE FULL]
[SAMPLE QUEUE FULL]
[SAMPLE QUEUE FULL]
[SAMPLE QUEUE FULL]
[SAMPLE QUEUE FULL]
[SAMPLE QUEUE FULL]
[SEU] addr=200031A5 bit=00000007
[SAMPLE QUEUE FULL]
[SAMPLE QUEUE FULL]
[SAMPLE QUEUE FULL]
[SAMPLE QUEUE FULL]
[SAMPLE QUEUE FULL]
[SAMPLE QUEUE FULL]
[SAMPLE QUEUE FULL]
[SAMPLE QUEUE FULL]
[SAMPLE QUEUE FULL]
[SAMPLE QUEUE FULL]
[SEU] addr=200031A1 bit=00000001
[SAMPLE QUEUE FULL]
[SAMPLE QUEUE FULL]
[SAMPLE QUEUE FULL]
[SAMPLE QUEUE FULL]
[SAMPLE QUEUE FULL]
[SAMPLE QUEUE FULL]
[SAMPLE QUEUE FULL]
[SAMPLE QUEUE FULL]
[SEU] addr=2000319F bit=00000005
[SAMPLE QUEUE FULL]
[SAMPLE QUEUE FULL]
[SAMPLE QUEUE FULL]
[SAMPLE QUEUE FULL]
[SAMPLE QUEUE FULL]
[SAMPLE QUEUE FULL]
[SAMPLE QUEUE FULL]
[SAMPLE QUEUE FULL]
[SAMPLE QUEUE FULL]
[SEU] addr=200031AD bit=00000006
[SAMPLE QUEUE FULL]
[SEU] addr=2000316E bit=00000006
[SAMPLE QUEUE FULL]
[SAMPLE QUEUE FULL]
[SAMPLE QUEUE FULL]
[SAMPLE QUEUE FULL]
[SAMPLE QUEUE FULL]
[SAMPLE QUEUE FULL]
[SAMPLE QUEUE FULL]
[SAMPLE QUEUE FULL]
[SAMPLE QUEUE FULL]
[SAMPLE QUEUE FULL]
[SEU] addr=2000314B bit=00000003
[SAMPLE QUEUE FULL]
[SAMPLE QUEUE FULL]
[SEU] addr=200031A0 bit=00000005
[SAMPLE QUEUE FULL]
[SAMPLE QUEUE FULL]
[SAMPLE QUEUE FULL]
[SAMPLE QUEUE FULL]
[SEU] addr=200031A3 bit=00000006
[SAMPLE QUEUE FULL]
[SAMPLE QUEUE FULL]
[SEU] addr=200031B0 bit=00000006
[SAMPLE QUEUE FULL]
[SAMPLE QUEUE FULL]
[SAMPLE QUEUE FULL]
[SAMPLE QUEUE FULL]
[SAMPLE QUEUE FULL]
[SAMPLE QUEUE FULL]
[SAMPLE QUEUE FULL]
[SAMPLE QUEUE FULL]
[SEU] addr=200031A0 bit=00000007
[SAMPLE QUEUE FULL]
[SAMPLE QUEUE FULL]
[SEU] addr=200031B7 bit=00000005
[SAMPLE QUEUE FULL]
[SAMPLE QUEUE FULL]
[SAMPLE QUEUE FULL]
[SAMPLE QUEUE FULL]
[SAMPLE QUEUE FULL]
[SAMPLE QUEUE FULL]
[SAMPLE QUEUE FULL]
[SEU] addr=20003186 bit=00000000
[SAMPLE QUEUE FULL]
[SAMPLE QUEUE FULL]
[SAMPLE QUEUE FULL]
[SAMPLE QUEUE FULL]
[SAMPLE QUEUE FULL]
[SAMPLE QUEUE FULL]
[SEU] addr=2000316C bit=00000002
[SAMPLE QUEUE FULL]
[SAMPLE QUEUE FULL]
[SAMPLE QUEUE FULL]
[SEU] addr=20003144 bit=00000005
[SAMPLE QUEUE FULL]
[SAMPLE QUEUE FULL]
[SAMPLE QUEUE FULL]
[SEU] addr=2000318D bit=00000005
[SAMPLE QUEUE FULL]
[SAMPLE QUEUE FULL]
[SAMPLE QUEUE FULL]
[SAMPLE QUEUE FULL]
[SEU] addr=2000315F bit=00000001
[SAMPLE QUEUE FULL]
[SAMPLE QUEUE FULL]
[SAMPLE QUEUE FULL]
[SAMPLE QUEUE FULL]
[SAMPLE QUEUE FULL]
[SAMPLE QUEUE FULL]
[SAMPLE QUEUE FULL]
[SAMPLE QUEUE FULL]
[SEU] addr=20003153 bit=00000001
[SAMPLE QUEUE FULL]
[SAMPLE QUEUE FULL]
[SAMPLE QUEUE FULL]
[SAMPLE QUEUE FULL]
[SEU] addr=200031AB bit=00000004
[SAMPLE QUEUE FULL]
[SAMPLE QUEUE FULL]
[SAMPLE QUEUE FULL]
[SAMPLE QUEUE FULL]
[SEU] addr=200031B4 bit=00000000
[SAMPLE QUEUE FULL]
[SAMPLE QUEUE FULL]
[SAMPLE QUEUE FULL]
[SAMPLE QUEUE FULL]
[SAMPLE QUEUE FULL]
[SAMPLE QUEUE FULL]
[SAMPLE QUEUE FULL]
[SAMPLE QUEUE FULL]
[SAMPLE QUEUE FULL]
[SEU] addr=20003182 bit=00000000
[SAMPLE QUEUE FULL]
[SAMPLE QUEUE FULL]
[SAMPLE QUEUE FULL]
[SAMPLE QUEUE FULL]
[SAMPLE QUEUE FULL]
[SAMPLE QUEUE FULL]
[SEU] addr=2000316D bit=00000003
[SAMPLE QUEUE FULL]
[SAMPLE QUEUE FULL]
[SAMPLE QUEUE FULL]
[SAMPLE QUEUE FULL]
[SAMPLE QUEUE FULL]
[SAMPLE QUEUE FULL]
[SAMPLE QUEUE FULL]
[SAMPLE QUEUE FULL]
[SAMPLE QUEUE FULL]
[SEU] addr=200031A0 bit=00000001
[SAMPLE QUEUE FULL]
[SAMPLE QUEUE FULL]
[SAMPLE QUEUE FULL]
[SAMPLE QUEUE FULL]
[SAMPLE QUEUE FULL]
[SAMPLE QUEUE FULL]
[SAMPLE QUEUE FULL]
[SEU] addr=2000318E bit=00000001
[SAMPLE QUEUE FULL]
[SAMPLE QUEUE FULL]
[SAMPLE QUEUE FULL]
[SAMPLE QUEUE FULL]
[SAMPLE QUEUE FULL]
[SEU] addr=2000319E bit=00000003
[SAMPLE QUEUE FULL]
[SEU] addr=20003186 bit=00000000
[SAMPLE QUEUE FULL]
[SAMPLE QUEUE FULL]
[SAMPLE QUEUE FULL]
[SAMPLE QUEUE FULL]
[SAMPLE QUEUE FULL]
[SEU] addr=20003157 bit=00000006
[SAMPLE QUEUE FULL]
[SAMPLE QUEUE FULL]
[SAMPLE QUEUE FULL]
[SAMPLE QUEUE FULL]
[SAMPLE QUEUE FULL]
[SAMPLE QUEUE FULL]
[SAMPLE QUEUE FULL]
[SAMPLE QUEUE FULL]
[SEU] addr=200031AC bit=00000004
[SAMPLE QUEUE FULL]
[SAMPLE QUEUE FULL]
[SAMPLE QUEUE FULL]
[SAMPLE QUEUE FULL]
[SAMPLE QUEUE FULL]
[SAMPLE QUEUE FULL]
[SAMPLE QUEUE FULL]
[SAMPLE QUEUE FULL]
[SAMPLE QUEUE FULL]
[SEU] addr=200031B2 bit=00000001
[SAMPLE QUEUE FULL]
[SAMPLE QUEUE FULL]
[SAMPLE QUEUE FULL]
[SEU] addr=20003165 bit=00000001
[SAMPLE QUEUE FULL]
[SAMPLE QUEUE FULL]
[SAMPLE QUEUE FULL]
[SAMPLE QUEUE FULL]
[SAMPLE QUEUE FULL]
[SEU] addr=2000314D bit=00000005
[SAMPLE QUEUE FULL]
[SAMPLE QUEUE FULL]
[SAMPLE QUEUE FULL]
[SAMPLE QUEUE FULL]
[SAMPLE QUEUE FULL]
[SAMPLE QUEUE FULL]
[SAMPLE QUEUE FULL]
[SEU] addr=2000314D bit=00000000
[SAMPLE QUEUE FULL]
[SEU] addr=20003158 bit=00000002
[SAMPLE QUEUE FULL]
[SAMPLE QUEUE FULL]
[SAMPLE QUEUE FULL]
[SAMPLE QUEUE FULL]
[SAMPLE QUEUE FULL]
[SAMPLE QUEUE FULL]
[SAMPLE QUEUE FULL]
[SAMPLE QUEUE FULL]
[SEU] addr=200031A7 bit=00000007
[SAMPLE QUEUE FULL]
[SAMPLE QUEUE FULL]
[SAMPLE QUEUE FULL]
[SEU] addr=20003181 bit=00000002
[SAMPLE QUEUE FULL]
[SAMPLE QUEUE FULL]
[SAMPLE QUEUE FULL]
[SAMPLE QUEUE FULL]
[SAMPLE QUEUE FULL]
[SAMPLE QUEUE FULL]
[SAMPLE QUEUE FULL]
[SEU] addr=200031B2 bit=00000001
[SAMPLE QUEUE FULL]
[SAMPLE QUEUE FULL]
[SAMPLE QUEUE FULL]
[SAMPLE QUEUE FULL]
[SAMPLE QUEUE FULL]
[SAMPLE QUEUE FULL]
[SAMPLE QUEUE FULL]
[SEU] addr=2000314A bit=00000004
[SAMPLE QUEUE FULL]
[SAMPLE QUEUE FULL]
[SAMPLE QUEUE FULL]
[SAMPLE QUEUE FULL]
[SAMPLE QUEUE FULL]
[SAMPLE QUEUE FULL]
[SAMPLE QUEUE FULL]
[SAMPLE QUEUE FULL]
[SAMPLE QUEUE FULL]
[SAMPLE QUEUE FULL]
[SEU] addr=20003144 bit=00000002
[SAMPLE QUEUE FULL]
[SAMPLE QUEUE FULL]
[SAMPLE QUEUE FULL]
[SAMPLE QUEUE FULL]
[SAMPLE QUEUE FULL]
[SAMPLE QUEUE FULL]
[SAMPLE QUEUE FULL]
[SAMPLE QUEUE FULL]
[SAMPLE QUEUE FULL]
[SEU] addr=2000318D bit=00000003
[SAMPLE QUEUE FULL]
[SAMPLE QUEUE FULL]
[SAMPLE QUEUE FULL]
[SAMPLE QUEUE FULL]
[SAMPLE QUEUE FULL]
[SAMPLE QUEUE FULL]
[SAMPLE QUEUE FULL]
[SAMPLE QUEUE FULL]
[SAMPLE QUEUE FULL]
[SEU] addr=20003174 bit=00000001
[SAMPLE QUEUE FULL]
[SAMPLE QUEUE FULL]
[SAMPLE QUEUE FULL]
[SAMPLE QUEUE FULL]
[SAMPLE QUEUE FULL]
[SEU] addr=2000315E bit=00000001
[SAMPLE QUEUE FULL]
[SAMPLE QUEUE FULL]
[SAMPLE QUEUE FULL]
[SAMPLE QUEUE FULL]
[SEU] addr=20003194 bit=00000004
[SAMPLE QUEUE FULL]
[SAMPLE QUEUE FULL]
[SAMPLE QUEUE FULL]
[SAMPLE QUEUE FULL]
[SAMPLE QUEUE FULL]
[SAMPLE QUEUE FULL]
[SAMPLE QUEUE FULL]
[SAMPLE QUEUE FULL]
[SAMPLE QUEUE FULL]
[SEU] addr=2000316B bit=00000002
[SAMPLE QUEUE FULL]
[SAMPLE QUEUE FULL]
[SAMPLE QUEUE FULL]
[SAMPLE QUEUE FULL]
[SAMPLE QUEUE FULL]
[SEU] addr=20003189 bit=00000004
[SAMPLE QUEUE FULL]
[SAMPLE QUEUE FULL]
[SAMPLE QUEUE FULL]
[SAMPLE QUEUE FULL]
[SAMPLE QUEUE FULL]
[SAMPLE QUEUE FULL]
[SAMPLE QUEUE FULL]
[SEU] addr=200031BD bit=00000001
[SAMPLE QUEUE FULL]
[SAMPLE QUEUE FULL]
[SAMPLE QUEUE FULL]
[SAMPLE QUEUE FULL]
[SEU] addr=200031BC bit=00000004
[SAMPLE QUEUE FULL]
[SAMPLE QUEUE FULL]
[SAMPLE QUEUE FULL]
[SAMPLE QUEUE FULL]
[SAMPLE QUEUE FULL]
[SEU] addr=20003168 bit=00000001
[SAMPLE QUEUE FULL]
[SAMPLE QUEUE FULL]
[SAMPLE QUEUE FULL]
[SEU] addr=2000318D bit=00000004
[SAMPLE QUEUE FULL]
[SAMPLE QUEUE FULL]
[SAMPLE QUEUE FULL]
[SAMPLE QUEUE FULL]
[SAMPLE QUEUE FULL]
[SAMPLE QUEUE FULL]
[SAMPLE QUEUE FULL]
[SEU] addr=200031B5 bit=00000003
[SAMPLE QUEUE FULL]
[SAMPLE QUEUE FULL]
[SAMPLE QUEUE FULL]
[SEU] addr=20003187 bit=00000006
[SAMPLE QUEUE FULL]
[SAMPLE QUEUE FULL]
[SAMPLE QUEUE FULL]
[SAMPLE QUEUE FULL]
[SAMPLE QUEUE FULL]
[SAMPLE QUEUE FULL]
[SAMPLE QUEUE FULL]
[SEU] addr=20003153 bit=00000007
[SAMPLE QUEUE FULL]
[SEU] addr=20003193 bit=00000000
[SAMPLE QUEUE FULL]
[SAMPLE QUEUE FULL]
[SAMPLE QUEUE FULL]
[SAMPLE QUEUE FULL]
[SAMPLE QUEUE FULL]
[SAMPLE QUEUE FULL]
[SAMPLE QUEUE FULL]
[SAMPLE QUEUE FULL]
[SEU] addr=200031A0 bit=00000003
[SAMPLE QUEUE FULL]
[SAMPLE QUEUE FULL]
[SAMPLE QUEUE FULL]
[SAMPLE QUEUE FULL]
[SAMPLE QUEUE FULL]
[SEU] addr=2000314B bit=00000001
[SAMPLE QUEUE FULL]
[SAMPLE QUEUE FULL]
[SEU] addr=20003186 bit=00000000
[SAMPLE QUEUE FULL]
[SAMPLE QUEUE FULL]
[SAMPLE QUEUE FULL]
[SAMPLE QUEUE FULL]
[SAMPLE QUEUE FULL]
[SAMPLE QUEUE FULL]
[SAMPLE QUEUE FULL]
[SAMPLE QUEUE FULL]
[SEU] addr=200031AB bit=00000006
[SAMPLE QUEUE FULL]
[SAMPLE QUEUE FULL]
[SAMPLE QUEUE FULL]
[SEU] addr=200031B1 bit=00000000
[SAMPLE QUEUE FULL]
[SAMPLE QUEUE FULL]
[SAMPLE QUEUE FULL]
[SAMPLE QUEUE FULL]
[SAMPLE QUEUE FULL]
[SAMPLE QUEUE FULL]
[SAMPLE QUEUE FULL]
[SEU] addr=200031B9 bit=00000005
[SAMPLE QUEUE FULL]
[SAMPLE QUEUE FULL]
[SAMPLE QUEUE FULL]
[SAMPLE QUEUE FULL]
[SAMPLE QUEUE FULL]
[SAMPLE QUEUE FULL]
[SAMPLE QUEUE FULL]
[SAMPLE QUEUE FULL]
[SAMPLE QUEUE FULL]
[SEU] addr=2000315D bit=00000005
[SAMPLE QUEUE FULL]
[SAMPLE QUEUE FULL]
[SAMPLE QUEUE FULL]
[SAMPLE QUEUE FULL]
[SAMPLE QUEUE FULL]
[SEU] addr=2000317E bit=00000006
[SAMPLE QUEUE FULL]
[SAMPLE QUEUE FULL]
[SAMPLE QUEUE FULL]
[SAMPLE QUEUE FULL]
[SEU] addr=20003150 bit=00000003
[SAMPLE QUEUE FULL]
[SAMPLE QUEUE FULL]
[SEU] addr=2000316C bit=00000002
[SAMPLE QUEUE FULL]
[SAMPLE QUEUE FULL]
[SAMPLE QUEUE FULL]
[SAMPLE QUEUE FULL]
[SAMPLE QUEUE FULL]
[SAMPLE QUEUE FULL]
[SAMPLE QUEUE FULL]
[SEU] addr=2000318B bit=00000001
[SAMPLE QUEUE FULL]
[SAMPLE QUEUE FULL]
[SAMPLE QUEUE FULL]
[SAMPLE QUEUE FULL]
[SAMPLE QUEUE FULL]
[SAMPLE QUEUE FULL]
[SAMPLE QUEUE FULL]
[SAMPLE QUEUE FULL]
[SEU] addr=200031A9 bit=00000005
[SAMPLE QUEUE FULL]
[SEU] addr=20003179 bit=00000006
[SAMPLE QUEUE FULL]
[SAMPLE QUEUE FULL]
[SEU] addr=2000315A bit=00000002
[SAMPLE QUEUE FULL]
[SAMPLE QUEUE FULL]
[SAMPLE QUEUE FULL]
[SAMPLE QUEUE FULL]
[SAMPLE QUEUE FULL]
[SAMPLE QUEUE FULL]
[SAMPLE QUEUE FULL]
[SAMPLE QUEUE FULL]
[SAMPLE QUEUE FULL]
[SEU] addr=20003152 bit=00000006
[SAMPLE QUEUE FULL]
[SAMPLE QUEUE FULL]
[SAMPLE QUEUE FULL]
[SAMPLE QUEUE FULL]
[SAMPLE QUEUE FULL]
[SEU] addr=20003177 bit=00000006
[SAMPLE QUEUE FULL]
[SAMPLE QUEUE FULL]
[SAMPLE QUEUE FULL]
[SAMPLE QUEUE FULL]
[SAMPLE QUEUE FULL]
[SAMPLE QUEUE FULL]
[SAMPLE QUEUE FULL]
[SAMPLE QUEUE FULL]
[SAMPLE QUEUE FULL]
[SEU] addr=200031BF bit=00000005
[SAMPLE QUEUE FULL]
[SAMPLE QUEUE FULL]
[SAMPLE QUEUE FULL]
[SAMPLE QUEUE FULL]
[SAMPLE QUEUE FULL]
[SEU] addr=200031AB bit=00000006
[SAMPLE QUEUE FULL]
[SAMPLE QUEUE FULL]
[SAMPLE QUEUE FULL]
[SAMPLE QUEUE FULL]
[SAMPLE QUEUE FULL]
[SAMPLE QUEUE FULL]
[SAMPLE QUEUE FULL]
[SEU] addr=20003154 bit=00000004
[SAMPLE QUEUE FULL]
[SAMPLE QUEUE FULL]
[SAMPLE QUEUE FULL]
[SAMPLE QUEUE FULL]
[SAMPLE QUEUE FULL]
[SAMPLE QUEUE FULL]
[SAMPLE QUEUE FULL]
[SAMPLE QUEUE FULL]
[SAMPLE QUEUE FULL]
[SEU] addr=2000314A bit=00000007
[SAMPLE QUEUE FULL]
[SEU] addr=20003152 bit=00000004
[SAMPLE QUEUE FULL]
[SAMPLE QUEUE FULL]
[SAMPLE QUEUE FULL]
[SAMPLE QUEUE FULL]
[SAMPLE QUEUE FULL]
[SAMPLE QUEUE FULL]
[SAMPLE QUEUE FULL]
[SAMPLE QUEUE FULL]
[SAMPLE QUEUE FULL]
[SEU] addr=20003150 bit=00000005
[SAMPLE QUEUE FULL]
[SAMPLE QUEUE FULL]
[SAMPLE QUEUE FULL]
[SAMPLE QUEUE FULL]
[SAMPLE QUEUE FULL]
[SAMPLE QUEUE FULL]
[SAMPLE QUEUE FULL]
[SAMPLE QUEUE FULL]
[SAMPLE QUEUE FULL]
[SEU] addr=20003170 bit=00000007
[SAMPLE QUEUE FULL]
[SAMPLE QUEUE FULL]
[SAMPLE QUEUE FULL]
[SAMPLE QUEUE FULL]
[SAMPLE QUEUE FULL]
[SEU] addr=20003163 bit=00000002
[SAMPLE QUEUE FULL]
[SEU] addr=200031B0 bit=00000002
[SAMPLE QUEUE FULL]
[SAMPLE QUEUE FULL]
[SAMPLE QUEUE FULL]
[SAMPLE QUEUE FULL]
[SAMPLE QUEUE FULL]
[SAMPLE QUEUE FULL]
[SAMPLE QUEUE FULL]
[SAMPLE QUEUE FULL]
[SEU] addr=20003152 bit=00000006
[SAMPLE QUEUE FULL]
[SAMPLE QUEUE FULL]
[SAMPLE QUEUE FULL]
[SAMPLE QUEUE FULL]
[SAMPLE QUEUE FULL]
[SAMPLE QUEUE FULL]
[SAMPLE QUEUE FULL]
[SAMPLE QUEUE FULL]
[SEU] addr=200031A6 bit=00000003
[SAMPLE QUEUE FULL]
[SAMPLE QUEUE FULL]
[SAMPLE QUEUE FULL]
[SAMPLE QUEUE FULL]
[SAMPLE QUEUE FULL]
[SAMPLE QUEUE FULL]
[SEU] addr=200031AC bit=00000000
[SAMPLE QUEUE FULL]
[SAMPLE QUEUE FULL]
[SAMPLE QUEUE FULL]
[SAMPLE QUEUE FULL]
[SEU] addr=200031A9 bit=00000003
[SAMPLE QUEUE FULL]
[SAMPLE QUEUE FULL]
[SAMPLE QUEUE FULL]
[SAMPLE QUEUE FULL]
[SEU] addr=200031A2 bit=00000004
[SAMPLE QUEUE FULL]
[SAMPLE QUEUE FULL]
[SAMPLE QUEUE FULL]
[SAMPLE QUEUE FULL]
[SAMPLE QUEUE FULL]
[SAMPLE QUEUE FULL]
[SAMPLE QUEUE FULL]
[SEU] addr=20003154 bit=00000001
[SAMPLE QUEUE FULL]
[SAMPLE QUEUE FULL]
[SAMPLE QUEUE FULL]
[SAMPLE QUEUE FULL]
[SAMPLE QUEUE FULL]
[SAMPLE QUEUE FULL]
[SAMPLE QUEUE FULL]
[SAMPLE QUEUE FULL]
[SAMPLE QUEUE FULL]
[SAMPLE QUEUE FULL]
[SEU] addr=2000317F bit=00000001
[SAMPLE QUEUE FULL]
[SAMPLE QUEUE FULL]
[SAMPLE QUEUE FULL]
[SEU] addr=2000318B bit=00000001
[SAMPLE QUEUE FULL]
[SAMPLE QUEUE FULL]
[SAMPLE QUEUE FULL]
[SAMPLE QUEUE FULL]
[SAMPLE QUEUE FULL]
[SAMPLE QUEUE FULL]
[SAMPLE QUEUE FULL]
[SAMPLE QUEUE FULL]
[SAMPLE QUEUE FULL]
[SAMPLE QUEUE FULL]
[SEU] addr=20003173 bit=00000001
[SAMPLE QUEUE FULL]
[SAMPLE QUEUE FULL]
[SAMPLE QUEUE FULL]
[SAMPLE QUEUE FULL]
[SAMPLE QUEUE FULL]
[SAMPLE QUEUE FULL]
[SAMPLE QUEUE FULL]
[SAMPLE QUEUE FULL]
[SAMPLE QUEUE FULL]
[SEU] addr=20003184 bit=00000002
[SAMPLE QUEUE FULL]
[SAMPLE QUEUE FULL]
[SAMPLE QUEUE FULL]
[SAMPLE QUEUE FULL]
[SAMPLE QUEUE FULL]
[SAMPLE QUEUE FULL]
[SAMPLE QUEUE FULL]
[SAMPLE QUEUE FULL]
[SAMPLE QUEUE FULL]
[SAMPLE QUEUE FULL]
[SEU] addr=2000315F bit=00000004
[SAMPLE QUEUE FULL]
[SAMPLE QUEUE FULL]
[SAMPLE QUEUE FULL]
[SAMPLE QUEUE FULL]
[SAMPLE QUEUE FULL]
[SAMPLE QUEUE FULL]
[SAMPLE QUEUE FULL]
[SAMPLE QUEUE FULL]
[SAMPLE QUEUE FULL]
[SEU] addr=2000316C bit=00000002
[SAMPLE QUEUE FULL]
[SAMPLE QUEUE FULL]
[SAMPLE QUEUE FULL]
[SAMPLE QUEUE FULL]
[SEU] addr=2000319A bit=00000000
[SAMPLE QUEUE FULL]
[SAMPLE QUEUE FULL]
[SAMPLE QUEUE FULL]
[SEU] addr=20003184 bit=00000006
[SAMPLE QUEUE FULL]
[SAMPLE QUEUE FULL]
[SEU] addr=200031AB bit=00000000
[SAMPLE QUEUE FULL]
[SAMPLE QUEUE FULL]
[SAMPLE QUEUE FULL]
[SAMPLE QUEUE FULL]
[SAMPLE QUEUE FULL]
[SAMPLE QUEUE FULL]
[SAMPLE QUEUE FULL]
[SAMPLE QUEUE FULL]
[SAMPLE QUEUE FULL]
[SEU] addr=200031A4 bit=00000006
[SAMPLE QUEUE FULL]
[SAMPLE QUEUE FULL]
[SAMPLE QUEUE FULL]
[SAMPLE QUEUE FULL]
[SAMPLE QUEUE FULL]
[SEU] addr=200031A6 bit=00000003
[SAMPLE QUEUE FULL]
[SAMPLE QUEUE FULL]
[SEU] addr=20003154 bit=00000004
[SAMPLE QUEUE FULL]
[SAMPLE QUEUE FULL]
[SAMPLE QUEUE FULL]
[SAMPLE QUEUE FULL]
[SAMPLE QUEUE FULL]
[SEU] addr=2000316C bit=00000007
[SAMPLE QUEUE FULL]
[SAMPLE QUEUE FULL]
[SAMPLE QUEUE FULL]
[SAMPLE QUEUE FULL]
[SAMPLE QUEUE FULL]
[SAMPLE QUEUE FULL]
[SAMPLE QUEUE FULL]
[SEU] addr=200031A2 bit=00000005
[SAMPLE QUEUE FULL]
[SAMPLE QUEUE FULL]
[SAMPLE QUEUE FULL]
[SAMPLE QUEUE FULL]
[SAMPLE QUEUE FULL]
[SAMPLE QUEUE FULL]
[SAMPLE QUEUE FULL]
[SAMPLE QUEUE FULL]
[SAMPLE QUEUE FULL]
[SEU] addr=20003163 bit=00000004
[SAMPLE QUEUE FULL]
[SAMPLE QUEUE FULL]
[SAMPLE QUEUE FULL]
[SAMPLE QUEUE FULL]
[SAMPLE QUEUE FULL]
[SAMPLE QUEUE FULL]
[SAMPLE QUEUE FULL]
[SAMPLE QUEUE FULL]
[SAMPLE QUEUE FULL]
[SAMPLE QUEUE FULL]
[SEU] addr=2000314C bit=00000003
[SAMPLE QUEUE FULL]
[SAMPLE QUEUE FULL]
[SAMPLE QUEUE FULL]
[SAMPLE QUEUE FULL]
[SAMPLE QUEUE FULL]
[SAMPLE QUEUE FULL]
[SAMPLE QUEUE FULL]
[SAMPLE QUEUE FULL]
[SEU] addr=20003159 bit=00000005
[SAMPLE QUEUE FULL]
[SAMPLE QUEUE FULL]
[SAMPLE QUEUE FULL]
[SAMPLE QUEUE FULL]
[SAMPLE QUEUE FULL]
[SEU] addr=2000319B bit=00000003
[SAMPLE QUEUE FULL]
[SAMPLE QUEUE FULL]
[SAMPLE QUEUE FULL]
[SAMPLE QUEUE FULL]
[SAMPLE QUEUE FULL]
[SAMPLE QUEUE FULL]
[SAMPLE QUEUE FULL]
[SAMPLE QUEUE FULL]
[SEU] addr=20003150 bit=00000006
[SAMPLE QUEUE FULL]
[SAMPLE QUEUE FULL]
[SAMPLE QUEUE FULL]
[SAMPLE QUEUE FULL]
[SEU] addr=20003198 bit=00000006
[SAMPLE QUEUE FULL]
[SAMPLE QUEUE FULL]
[SAMPLE QUEUE FULL]
[SAMPLE QUEUE FULL]
[SEU] addr=20003179 bit=00000005
[SAMPLE QUEUE FULL]
[SAMPLE QUEUE FULL]
[SAMPLE QUEUE FULL]
[SAMPLE QUEUE FULL]
[SAMPLE QUEUE FULL]
[SAMPLE QUEUE FULL]
[SEU] addr=20003145 bit=00000005
[SAMPLE QUEUE FULL]
[SAMPLE QUEUE FULL]
[SAMPLE QUEUE FULL]
[SAMPLE QUEUE FULL]
[SAMPLE QUEUE FULL]
[SEU] addr=2000314B bit=00000001
[SAMPLE QUEUE FULL]
[SAMPLE QUEUE FULL]
[SAMPLE QUEUE FULL]
[SAMPLE QUEUE FULL]
[SEU] addr=200031B9 bit=00000006
[SAMPLE QUEUE FULL]
[SAMPLE QUEUE FULL]
[SAMPLE QUEUE FULL]
[SAMPLE QUEUE FULL]
[SAMPLE QUEUE FULL]
[SEU] addr=200031A2 bit=00000003
[SAMPLE QUEUE FULL]
[SAMPLE QUEUE FULL]
[SAMPLE QUEUE FULL]
[SAMPLE QUEUE FULL]
[SAMPLE QUEUE FULL]
[SAMPLE QUEUE FULL]
[SEU] addr=2000316C bit=00000002
[SAMPLE QUEUE FULL]
[SAMPLE QUEUE FULL]
[SAMPLE QUEUE FULL]
[SAMPLE QUEUE FULL]
[SAMPLE QUEUE FULL]
[SAMPLE QUEUE FULL]
[SAMPLE QUEUE FULL]
[SAMPLE QUEUE FULL]
[SEU] addr=200031B7 bit=00000000
[SAMPLE QUEUE FULL]
[SAMPLE QUEUE FULL]
[SAMPLE QUEUE FULL]
[SAMPLE QUEUE FULL]
[SAMPLE QUEUE FULL]
[SAMPLE QUEUE FULL]
[SAMPLE QUEUE FULL]
[SAMPLE QUEUE FULL]
[SAMPLE QUEUE FULL]
[SEU] addr=20003198 bit=00000003
[SAMPLE QUEUE FULL]
[SAMPLE QUEUE FULL]
[SAMPLE QUEUE FULL]
[SAMPLE QUEUE FULL]
[SAMPLE QUEUE FULL]
[SAMPLE QUEUE FULL]
[SAMPLE QUEUE FULL]
[SAMPLE QUEUE FULL]
[SEU] addr=200031BC bit=00000003
[SAMPLE QUEUE FULL]
[SAMPLE QUEUE FULL]
[SAMPLE QUEUE FULL]
[SAMPLE QUEUE FULL]
[SAMPLE QUEUE FULL]
[SAMPLE QUEUE FULL]
[SEU] addr=2000314E bit=00000006
[SAMPLE QUEUE FULL]
[SAMPLE QUEUE FULL]
[SAMPLE QUEUE FULL]
[SAMPLE QUEUE FULL]
[SAMPLE QUEUE FULL]
[SAMPLE QUEUE FULL]
[SEU] addr=2000317D bit=00000003
[SAMPLE QUEUE FULL]
[SAMPLE QUEUE FULL]
[SAMPLE QUEUE FULL]
[SAMPLE QUEUE FULL]
[SAMPLE QUEUE FULL]
[SAMPLE QUEUE FULL]
[SAMPLE QUEUE FULL]
[SEU] addr=2000317C bit=00000001
[SAMPLE QUEUE FULL]
[SAMPLE QUEUE FULL]
[SAMPLE QUEUE FULL]
[SAMPLE QUEUE FULL]
[SAMPLE QUEUE FULL]
[SAMPLE QUEUE FULL]
[SAMPLE QUEUE FULL]
[SAMPLE QUEUE FULL]
[SEU] addr=20003184 bit=00000004
[SAMPLE QUEUE FULL]
[SAMPLE QUEUE FULL]
[SEU] addr=20003148 bit=00000006
[SAMPLE QUEUE FULL]
[SAMPLE QUEUE FULL]
[SAMPLE QUEUE FULL]
[SAMPLE QUEUE FULL]
[SAMPLE QUEUE FULL]
[SEU] addr=20003193 bit=00000001
[SAMPLE QUEUE FULL]
[SAMPLE QUEUE FULL]
[SAMPLE QUEUE FULL]
[SAMPLE QUEUE FULL]
[SAMPLE QUEUE FULL]
[SAMPLE QUEUE FULL]
[SAMPLE QUEUE FULL]
[SAMPLE QUEUE FULL]
[SAMPLE QUEUE FULL]
[SEU] addr=200031BC bit=00000000
[SAMPLE QUEUE FULL]
[SEU] addr=200031AF bit=00000004
[SAMPLE QUEUE FULL]
[SAMPLE QUEUE FULL]
[SAMPLE QUEUE FULL]
[SAMPLE QUEUE FULL]
[SEU] addr=200031A1 bit=00000006
[SAMPLE QUEUE FULL]
[SAMPLE QUEUE FULL]
[SAMPLE QUEUE FULL]
[SAMPLE QUEUE FULL]
[SAMPLE QUEUE FULL]
[SAMPLE QUEUE FULL]
[SAMPLE QUEUE FULL]
[SAMPLE QUEUE FULL]
[SEU] addr=2000318C bit=00000003
[SAMPLE QUEUE FULL]
[SAMPLE QUEUE FULL]
[SAMPLE QUEUE FULL]
[SEU] addr=200031A9 bit=00000003
[SAMPLE QUEUE FULL]
[SAMPLE QUEUE FULL]
[SAMPLE QUEUE FULL]
[SAMPLE QUEUE FULL]
[SAMPLE QUEUE FULL]
[SAMPLE QUEUE FULL]
[SEU] addr=200031A1 bit=00000005
[SAMPLE QUEUE FULL]
[SAMPLE QUEUE FULL]
[SEU] addr=20003176 bit=00000004
[SAMPLE QUEUE FULL]
[SAMPLE QUEUE FULL]
[SAMPLE QUEUE FULL]
[SEU] addr=2000316C bit=00000001
[SAMPLE QUEUE FULL]
[SAMPLE QUEUE FULL]
[SEU] addr=200031B9 bit=00000007
[SAMPLE QUEUE FULL]
[SEU] addr=20003178 bit=00000000
[SAMPLE QUEUE FULL]
[SAMPLE QUEUE FULL]
[SAMPLE QUEUE FULL]
[SEU] addr=20003178 bit=00000000
[SAMPLE QUEUE FULL]
[SAMPLE QUEUE FULL]
[SAMPLE QUEUE FULL]
[SAMPLE QUEUE FULL]
[SAMPLE QUEUE FULL]
[SAMPLE QUEUE FULL]
[SAMPLE QUEUE FULL]
[SAMPLE QUEUE FULL]
[SEU] addr=2000314C bit=00000001
[SAMPLE QUEUE FULL]
[SAMPLE QUEUE FULL]
[SAMPLE QUEUE FULL]
[SAMPLE QUEUE FULL]
[SEU] addr=20003171 bit=00000003
[SAMPLE QUEUE FULL]
[SAMPLE QUEUE FULL]
[SAMPLE QUEUE FULL]
[SAMPLE QUEUE FULL]
[SAMPLE QUEUE FULL]
[SAMPLE QUEUE FULL]
[SEU] addr=20003153 bit=00000007
[SAMPLE QUEUE FULL]
[SAMPLE QUEUE FULL]
[SAMPLE QUEUE FULL]
[SAMPLE QUEUE FULL]
[SAMPLE QUEUE FULL]
[SAMPLE QUEUE FULL]
[SAMPLE QUEUE FULL]
[SAMPLE QUEUE FULL]
[SAMPLE QUEUE FULL]
[SEU] addr=200031B0 bit=00000004
[SAMPLE QUEUE FULL]
[SAMPLE QUEUE FULL]
[SAMPLE QUEUE FULL]
[SAMPLE QUEUE FULL]
[SAMPLE QUEUE FULL]
[SAMPLE QUEUE FULL]
[SEU] addr=2000316B bit=00000005
[SAMPLE QUEUE FULL]
[SAMPLE QUEUE FULL]
[SAMPLE QUEUE FULL]
[SAMPLE QUEUE FULL]
[SAMPLE QUEUE FULL]
[SAMPLE QUEUE FULL]
[SAMPLE QUEUE FULL]
[SAMPLE QUEUE FULL]
[SEU] addr=200031AD bit=00000000
[SAMPLE QUEUE FULL]
[SAMPLE QUEUE FULL]
[SAMPLE QUEUE FULL]
[SAMPLE QUEUE FULL]
[SAMPLE QUEUE FULL]
[SAMPLE QUEUE FULL]
[SAMPLE QUEUE FULL]
[SAMPLE QUEUE FULL]
[SEU] addr=200031A5 bit=00000006
[SAMPLE QUEUE FULL]
[SAMPLE QUEUE FULL]
[SAMPLE QUEUE FULL]
[SAMPLE QUEUE FULL]
[SAMPLE QUEUE FULL]
[SAMPLE QUEUE FULL]
[SAMPLE QUEUE FULL]
[SAMPLE QUEUE FULL]
[SEU] addr=20003181 bit=00000004
[SAMPLE QUEUE FULL]
[SAMPLE QUEUE FULL]
[SEU] addr=20003173 bit=00000000
[SAMPLE QUEUE FULL]
[SAMPLE QUEUE FULL]
[SAMPLE QUEUE FULL]
[SAMPLE QUEUE FULL]
[SAMPLE QUEUE FULL]
[SAMPLE QUEUE FULL]
[SAMPLE QUEUE FULL]
[SEU] addr=2000317C bit=00000004
[SAMPLE QUEUE FULL]
[SAMPLE QUEUE FULL]
[SAMPLE QUEUE FULL]
[SEU] addr=20003182 bit=00000001
[SAMPLE QUEUE FULL]
[SAMPLE QUEUE FULL]
[SAMPLE QUEUE FULL]
[SAMPLE QUEUE FULL]
[SAMPLE QUEUE FULL]
[SAMPLE QUEUE FULL]
[SAMPLE QUEUE FULL]
[SAMPLE QUEUE FULL]
[SEU] addr=2000318E bit=00000007
[SAMPLE QUEUE FULL]
[SAMPLE QUEUE FULL]
[SAMPLE QUEUE FULL]
[SAMPLE QUEUE FULL]
[SAMPLE QUEUE FULL]
[SAMPLE QUEUE FULL]
[SEU] addr=2000318A bit=00000006
[SAMPLE QUEUE FULL]
[SAMPLE QUEUE FULL]
[SAMPLE QUEUE FULL]
[SAMPLE QUEUE FULL]
[SAMPLE QUEUE FULL]
[SAMPLE QUEUE FULL]
[SAMPLE QUEUE FULL]
[SAMPLE QUEUE FULL]
[SEU] addr=200031BE bit=00000003
[SAMPLE QUEUE FULL]
[SAMPLE QUEUE FULL]
[SAMPLE QUEUE FULL]
[SEU] addr=2000315B bit=00000006
[SAMPLE QUEUE FULL]
[SAMPLE QUEUE FULL]
[SAMPLE QUEUE FULL]
[SAMPLE QUEUE FULL]
[SEU] addr=200031BD bit=00000003
[SAMPLE QUEUE FULL]
[SAMPLE QUEUE FULL]
[SAMPLE QUEUE FULL]
[SAMPLE QUEUE FULL]
[SAMPLE QUEUE FULL]
[SAMPLE QUEUE FULL]
[SAMPLE QUEUE FULL]
[SAMPLE QUEUE FULL]
[SAMPLE QUEUE FULL]
[SEU] addr=2000314F bit=00000005
[SAMPLE QUEUE FULL]
[SAMPLE QUEUE FULL]
[SEU] addr=20003179 bit=00000001
[SAMPLE QUEUE FULL]
[SAMPLE QUEUE FULL]
[SAMPLE QUEUE FULL]
[SAMPLE QUEUE FULL]
[SAMPLE QUEUE FULL]
[SAMPLE QUEUE FULL]
[SAMPLE QUEUE FULL]
[SAMPLE QUEUE FULL]
[SEU] addr=20003152 bit=00000005
[SAMPLE QUEUE FULL]
[SAMPLE QUEUE FULL]
[SEU] addr=20003199 bit=00000004
[SAMPLE QUEUE FULL]
[SAMPLE QUEUE FULL]
[SEU] addr=20003146 bit=00000003
[SAMPLE QUEUE FULL]
[SAMPLE QUEUE FULL]
[SAMPLE QUEUE FULL]
[SAMPLE QUEUE FULL]
[SAMPLE QUEUE FULL]
[SAMPLE QUEUE FULL]
[SEU] addr=200031B4 bit=00000002
[SAMPLE QUEUE FULL]
[SAMPLE QUEUE FULL]
[SAMPLE QUEUE FULL]
[SAMPLE QUEUE FULL]
[SEU] addr=2000318D bit=00000006
[SAMPLE QUEUE FULL]
[SEU] addr=20003175 bit=00000005
[SAMPLE QUEUE FULL]
[SAMPLE QUEUE FULL]
[SAMPLE QUEUE FULL]
[SAMPLE QUEUE FULL]
[SAMPLE QUEUE FULL]
[SAMPLE QUEUE FULL]
[SAMPLE QUEUE FULL]
[SAMPLE QUEUE FULL]
[SAMPLE QUEUE FULL]
[SEU] addr=20003160 bit=00000004
[SAMPLE QUEUE FULL]
[SAMPLE QUEUE FULL]
[SAMPLE QUEUE FULL]
[SAMPLE QUEUE FULL]
[SAMPLE QUEUE FULL]
[SAMPLE QUEUE FULL]
[SAMPLE QUEUE FULL]
[SAMPLE QUEUE FULL]
[SAMPLE QUEUE FULL]
[SAMPLE QUEUE FULL]
[SEU] addr=20003147 bit=00000001
[SAMPLE QUEUE FULL]
[SAMPLE QUEUE FULL]
[SAMPLE QUEUE FULL]
[SEU] addr=2000316D bit=00000006
[SAMPLE QUEUE FULL]
[SAMPLE QUEUE FULL]
[SAMPLE QUEUE FULL]
[SAMPLE QUEUE FULL]
[SAMPLE QUEUE FULL]
[SAMPLE QUEUE FULL]
[SAMPLE QUEUE FULL]
[SEU] addr=200031BC bit=00000004
[SAMPLE QUEUE FULL]
[SAMPLE QUEUE FULL]
[SAMPLE QUEUE FULL]
[SAMPLE QUEUE FULL]
[SAMPLE QUEUE FULL]
[SAMPLE QUEUE FULL]
[SAMPLE QUEUE FULL]
[SAMPLE QUEUE FULL]
[SEU] addr=20003150 bit=00000004
[SAMPLE QUEUE FULL]
[SAMPLE QUEUE FULL]
[SAMPLE QUEUE FULL]
[SAMPLE QUEUE FULL]
[SAMPLE QUEUE FULL]
[SAMPLE QUEUE FULL]
[SAMPLE QUEUE FULL]
[SEU] addr=20003182 bit=00000003
[SAMPLE QUEUE FULL]
[SAMPLE QUEUE FULL]
[SAMPLE QUEUE FULL]
[SAMPLE QUEUE FULL]
[SEU] addr=200031B9 bit=00000001
[SAMPLE QUEUE FULL]
[SAMPLE QUEUE FULL]
[SAMPLE QUEUE FULL]
[SAMPLE QUEUE FULL]
[SAMPLE QUEUE FULL]
[SEU] addr=20003183 bit=00000007
[SAMPLE QUEUE FULL]
[SEU] addr=20003171 bit=00000004
[SAMPLE QUEUE FULL]
[SAMPLE QUEUE FULL]
[SEU] addr=20003170 bit=00000001
[SAMPLE QUEUE FULL]
[SAMPLE QUEUE FULL]
[SAMPLE QUEUE FULL]
[SAMPLE QUEUE FULL]
[SAMPLE QUEUE FULL]
[SAMPLE QUEUE FULL]
[SAMPLE QUEUE FULL]
[SAMPLE QUEUE FULL]
[SAMPLE QUEUE FULL]
[SEU] addr=20003145 bit=00000004
[SAMPLE QUEUE FULL]
[SAMPLE QUEUE FULL]
[SAMPLE QUEUE FULL]
[SAMPLE QUEUE FULL]
[SEU] addr=2000316B bit=00000000
[SAMPLE QUEUE FULL]
[SEU] addr=20003167 bit=00000002
[SAMPLE QUEUE FULL]
[SAMPLE QUEUE FULL]
[SAMPLE QUEUE FULL]
[SAMPLE QUEUE FULL]
[SAMPLE QUEUE FULL]
[SAMPLE QUEUE FULL]
[SAMPLE QUEUE FULL]
[SAMPLE QUEUE FULL]
[SEU] addr=20003168 bit=00000004
[SAMPLE QUEUE FULL]
[SAMPLE QUEUE FULL]
[SAMPLE QUEUE FULL]
[SAMPLE QUEUE FULL]
[SAMPLE QUEUE FULL]
[SAMPLE QUEUE FULL]
[SAMPLE QUEUE FULL]
[SAMPLE QUEUE FULL]
[SEU] addr=20003199 bit=00000000
[SAMPLE QUEUE FULL]
[SAMPLE QUEUE FULL]
[SAMPLE QUEUE FULL]
[SAMPLE QUEUE FULL]
[SEU] addr=2000314D bit=00000007
[SAMPLE QUEUE FULL]
[SAMPLE QUEUE FULL]
[SAMPLE QUEUE FULL]
[SAMPLE QUEUE FULL]
[SAMPLE QUEUE FULL]
[SAMPLE QUEUE FULL]
[SAMPLE QUEUE FULL]
[SAMPLE QUEUE FULL]
[SAMPLE QUEUE FULL]
[SEU] addr=20003151 bit=00000004
[SAMPLE QUEUE FULL]
[SAMPLE QUEUE FULL]
[SEU] addr=20003151 bit=00000002
[SAMPLE QUEUE FULL]
[SAMPLE QUEUE FULL]
[SAMPLE QUEUE FULL]
[SAMPLE QUEUE FULL]
[SAMPLE QUEUE FULL]
[SAMPLE QUEUE FULL]
[SAMPLE QUEUE FULL]
[SEU] addr=20003194 bit=00000000
[SAMPLE QUEUE FULL]
[SAMPLE QUEUE FULL]
[SAMPLE QUEUE FULL]
[SAMPLE QUEUE FULL]
[SAMPLE QUEUE FULL]
[SAMPLE QUEUE FULL]
[SAMPLE QUEUE FULL]
[SEU] addr=20003158 bit=00000001
[SAMPLE QUEUE FULL]
[SEU] addr=200031BC bit=00000004
[SAMPLE QUEUE FULL]
[SAMPLE QUEUE FULL]
[SAMPLE QUEUE FULL]
[SAMPLE QUEUE FULL]
[SAMPLE QUEUE FULL]
[SAMPLE QUEUE FULL]
[SAMPLE QUEUE FULL]
[SAMPLE QUEUE FULL]
[SEU] addr=20003171 bit=00000000
[SAMPLE QUEUE FULL]
[SAMPLE QUEUE FULL]
[SAMPLE QUEUE FULL]
[SAMPLE QUEUE FULL]
[SAMPLE QUEUE FULL]
[SAMPLE QUEUE FULL]
[SAMPLE QUEUE FULL]
[SAMPLE QUEUE FULL]
[SAMPLE QUEUE FULL]
[SEU] addr=2000317D bit=00000000
[SAMPLE QUEUE FULL]
[SAMPLE QUEUE FULL]
[SAMPLE QUEUE FULL]
[SAMPLE QUEUE FULL]
[SAMPLE QUEUE FULL]
[SAMPLE QUEUE FULL]
[SAMPLE QUEUE FULL]
[SAMPLE QUEUE FULL]
[SEU] addr=2000314A bit=00000002
[SAMPLE QUEUE FULL]
[SAMPLE QUEUE FULL]
[SEU] addr=20003178 bit=00000000
[SAMPLE QUEUE FULL]
[SAMPLE QUEUE FULL]
[SAMPLE QUEUE FULL]
[SEU] addr=2000317C bit=00000002
[SAMPLE QUEUE FULL]
[SAMPLE QUEUE FULL]
[SAMPLE QUEUE FULL]
[SAMPLE QUEUE FULL]
[SAMPLE QUEUE FULL]
[SAMPLE QUEUE FULL]
[SEU] addr=20003190 bit=00000006
[SAMPLE QUEUE FULL]
[SAMPLE QUEUE FULL]
[SEU] addr=20003152 bit=00000003
[SAMPLE QUEUE FULL]
[SAMPLE QUEUE FULL]
[SAMPLE QUEUE FULL]
[SAMPLE QUEUE FULL]
[SAMPLE QUEUE FULL]
[SEU] addr=2000316F bit=00000002
[SAMPLE QUEUE FULL]
[SEU] addr=2000317B bit=00000007
[SAMPLE QUEUE FULL]
[SAMPLE QUEUE FULL]
[SAMPLE QUEUE FULL]
[SAMPLE QUEUE FULL]
[SAMPLE QUEUE FULL]
[SAMPLE QUEUE FULL]
[SAMPLE QUEUE FULL]
[SAMPLE QUEUE FULL]
[SEU] addr=200031B0 bit=00000003
[SAMPLE QUEUE FULL]
[SAMPLE QUEUE FULL]
[SAMPLE QUEUE FULL]
[SAMPLE QUEUE FULL]
[SAMPLE QUEUE FULL]
[SAMPLE QUEUE FULL]
[SAMPLE QUEUE FULL]
[SAMPLE QUEUE FULL]
[SAMPLE QUEUE FULL]
[SEU] addr=20003148 bit=00000000
[SAMPLE QUEUE FULL]
[SAMPLE QUEUE FULL]
[SAMPLE QUEUE FULL]
[SAMPLE QUEUE FULL]
[SEU] addr=200031BB bit=00000001
[SAMPLE QUEUE FULL]
[SAMPLE QUEUE FULL]
[SAMPLE QUEUE FULL]
[SAMPLE QUEUE FULL]
[SEU] addr=200031BE bit=00000006
[SAMPLE QUEUE FULL]
[SAMPLE QUEUE FULL]
[SAMPLE QUEUE FULL]
[SAMPLE QUEUE FULL]
[SAMPLE QUEUE FULL]
[SEU] addr=20003163 bit=00000002
[SAMPLE QUEUE FULL]
[SAMPLE QUEUE FULL]
[SAMPLE QUEUE FULL]
[SAMPLE QUEUE FULL]
[SAMPLE QUEUE FULL]
[SAMPLE QUEUE FULL]
[SAMPLE QUEUE FULL]
[SEU] addr=20003172 bit=00000002
[SAMPLE QUEUE FULL]
[SAMPLE QUEUE FULL]
[SAMPLE QUEUE FULL]
[SAMPLE QUEUE FULL]
[SAMPLE QUEUE FULL]
[SEU] addr=20003176 bit=00000006
[SAMPLE QUEUE FULL]
[SAMPLE QUEUE FULL]
[SAMPLE QUEUE FULL]
[SAMPLE QUEUE FULL]
[SAMPLE QUEUE FULL]
[SAMPLE QUEUE FULL]
[SAMPLE QUEUE FULL]
[SEU] addr=200031B8 bit=00000001
[SAMPLE QUEUE FULL]
[SAMPLE QUEUE FULL]
[SAMPLE QUEUE FULL]
[SAMPLE QUEUE FULL]
[SAMPLE QUEUE FULL]
[SAMPLE QUEUE FULL]
[SEU] addr=20003145 bit=00000003
[SAMPLE QUEUE FULL]
[SAMPLE QUEUE FULL]
[SAMPLE QUEUE FULL]
[SEU] addr=2000315D bit=00000001
[SAMPLE QUEUE FULL]
[SAMPLE QUEUE FULL]
[SAMPLE QUEUE FULL]
[SAMPLE QUEUE FULL]
[SAMPLE QUEUE FULL]
[SAMPLE QUEUE FULL]
[SAMPLE QUEUE FULL]
[SAMPLE QUEUE FULL]
[SAMPLE QUEUE FULL]
[SAMPLE QUEUE FULL]
[SEU] addr=200031BA bit=00000003
[SAMPLE QUEUE FULL]
[SAMPLE QUEUE FULL]
[SAMPLE QUEUE FULL]
[SAMPLE QUEUE FULL]
[SAMPLE QUEUE FULL]
[SAMPLE QUEUE FULL]
[SAMPLE QUEUE FULL]
[SAMPLE QUEUE FULL]
[SEU] addr=200031AC bit=00000000
[SAMPLE QUEUE FULL]
[SAMPLE QUEUE FULL]
[SAMPLE QUEUE FULL]
[SAMPLE QUEUE FULL]
[SAMPLE QUEUE FULL]
[SAMPLE QUEUE FULL]
[SAMPLE QUEUE FULL]
[SAMPLE QUEUE FULL]
[SEU] addr=2000317A bit=00000006
[SAMPLE QUEUE FULL]
[SAMPLE QUEUE FULL]
[SAMPLE QUEUE FULL]
[SAMPLE QUEUE FULL]
[SEU] addr=2000316D bit=00000001
[SAMPLE QUEUE FULL]
[SAMPLE QUEUE FULL]
[SAMPLE QUEUE FULL]
[SEU] addr=200031BD bit=00000003
[SAMPLE QUEUE FULL]
[SEU] addr=20003182 bit=00000007
[SAMPLE QUEUE FULL]
[SAMPLE QUEUE FULL]
[SAMPLE QUEUE FULL]
[SAMPLE QUEUE FULL]
[SAMPLE QUEUE FULL]
[SEU] addr=2000315F bit=00000006
[SAMPLE QUEUE FULL]
[SAMPLE QUEUE FULL]
[SAMPLE QUEUE FULL]
[SEU] addr=20003176 bit=00000003
[SAMPLE QUEUE FULL]
[SAMPLE QUEUE FULL]
[SAMPLE QUEUE FULL]
[SAMPLE QUEUE FULL]
[SAMPLE QUEUE FULL]
[SAMPLE QUEUE FULL]
[SAMPLE QUEUE FULL]
[SAMPLE QUEUE FULL]
[SAMPLE QUEUE FULL]
[SEU] addr=20003172 bit=00000007
[SAMPLE QUEUE FULL]
[SAMPLE QUEUE FULL]
[SEU] addr=200031B7 bit=00000004
[SAMPLE QUEUE FULL]
[SAMPLE QUEUE FULL]
[SAMPLE QUEUE FULL]
[SAMPLE QUEUE FULL]
[SAMPLE QUEUE FULL]
[SAMPLE QUEUE FULL]
[SAMPLE QUEUE FULL]
[SAMPLE QUEUE FULL]
[SEU] addr=20003172 bit=00000003
[SAMPLE QUEUE FULL]
[SEU] addr=20003150 bit=00000006
[SAMPLE QUEUE FULL]
[SAMPLE QUEUE FULL]
[SAMPLE QUEUE FULL]
[SAMPLE QUEUE FULL]
[SAMPLE QUEUE FULL]
[SAMPLE QUEUE FULL]
[SAMPLE QUEUE FULL]
[SAMPLE QUEUE FULL]
[SAMPLE QUEUE FULL]
[SEU] addr=200031B8 bit=00000000
[SAMPLE QUEUE FULL]
[SAMPLE QUEUE FULL]
[SAMPLE QUEUE FULL]
[SAMPLE QUEUE FULL]
[SAMPLE QUEUE FULL]
[SEU] addr=2000317E bit=00000002
[SAMPLE QUEUE FULL]
[SAMPLE QUEUE FULL]
[SAMPLE QUEUE FULL]
[SAMPLE QUEUE FULL]
[SAMPLE QUEUE FULL]
[SAMPLE QUEUE FULL]
[SAMPLE QUEUE FULL]
[SAMPLE QUEUE FULL]
[SAMPLE QUEUE FULL]
[SEU] addr=200031A7 bit=00000006
[SAMPLE QUEUE FULL]
[SAMPLE QUEUE FULL]
[SAMPLE QUEUE FULL]
[SAMPLE QUEUE FULL]
[SAMPLE QUEUE FULL]
[SAMPLE QUEUE FULL]
[SAMPLE QUEUE FULL]
[SAMPLE QUEUE FULL]
[SEU] addr=200031A8 bit=00000000
[SAMPLE QUEUE FULL]
[SAMPLE QUEUE FULL]
[SAMPLE QUEUE FULL]
[SAMPLE QUEUE FULL]
[SAMPLE QUEUE FULL]
[SAMPLE QUEUE FULL]
[SAMPLE QUEUE FULL]
[SEU] addr=20003169 bit=00000001
[SAMPLE QUEUE FULL]
[SAMPLE QUEUE FULL]
[SEU] addr=200031A7 bit=00000002
[SAMPLE QUEUE FULL]
[SAMPLE QUEUE FULL]
[SAMPLE QUEUE FULL]
[SAMPLE QUEUE FULL]
[SEU] addr=200031B2 bit=00000002
[SAMPLE QUEUE FULL]
[SAMPLE QUEUE FULL]
[SAMPLE QUEUE FULL]
[SAMPLE QUEUE FULL]
[SAMPLE QUEUE FULL]
[SAMPLE QUEUE FULL]
[SAMPLE QUEUE FULL]
[SAMPLE QUEUE FULL]
[SAMPLE QUEUE FULL]
[SAMPLE QUEUE FULL]
[SEU] addr=20003164 bit=00000001
[SAMPLE QUEUE FULL]
[SAMPLE QUEUE FULL]
[SEU] addr=200031A2 bit=00000002
[SAMPLE QUEUE FULL]
[SAMPLE QUEUE FULL]
[SAMPLE QUEUE FULL]
[SAMPLE QUEUE FULL]
[SAMPLE QUEUE FULL]
[SAMPLE QUEUE FULL]
[SAMPLE QUEUE FULL]
[SAMPLE QUEUE FULL]
[SEU] addr=2000316F bit=00000005
[SAMPLE QUEUE FULL]
[SAMPLE QUEUE FULL]
[SAMPLE QUEUE FULL]
[SEU] addr=20003179 bit=00000004
[SAMPLE QUEUE FULL]
[SAMPLE QUEUE FULL]
[SAMPLE QUEUE FULL]
[SAMPLE QUEUE FULL]
[SAMPLE QUEUE FULL]
[SAMPLE QUEUE FULL]
[SAMPLE QUEUE FULL]
[SAMPLE QUEUE FULL]
[SAMPLE QUEUE FULL]
[SEU] addr=20003191 bit=00000002
[SAMPLE QUEUE FULL]
[SAMPLE QUEUE FULL]
[SAMPLE QUEUE FULL]
[SAMPLE QUEUE FULL]
[SAMPLE QUEUE FULL]
[SAMPLE QUEUE FULL]
[SAMPLE QUEUE FULL]
[SAMPLE QUEUE FULL]
[SAMPLE QUEUE FULL]
[SAMPLE QUEUE FULL]
[SEU] addr=20003186 bit=00000003
[SAMPLE QUEUE FULL]
[SAMPLE QUEUE FULL]
[SAMPLE QUEUE FULL]
[SEU] addr=2000318C bit=00000006
[SAMPLE QUEUE FULL]
[SAMPLE QUEUE FULL]
[SAMPLE QUEUE FULL]
[SAMPLE QUEUE FULL]
[SAMPLE QUEUE FULL]
[SAMPLE QUEUE FULL]
[SAMPLE QUEUE FULL]
[SEU] addr=200031B4 bit=00000005
[SAMPLE QUEUE FULL]
[SAMPLE QUEUE FULL]
[SAMPLE QUEUE FULL]
[SEU] addr=20003174 bit=00000004
[SAMPLE QUEUE FULL]
[SAMPLE QUEUE FULL]
[SAMPLE QUEUE FULL]
[SAMPLE QUEUE FULL]
[SAMPLE QUEUE FULL]
[SAMPLE QUEUE FULL]
[SAMPLE QUEUE FULL]
[SEU] addr=20003179 bit=00000001
[SAMPLE QUEUE FULL]
[SAMPLE QUEUE FULL]
[SAMPLE QUEUE FULL]
[SAMPLE QUEUE FULL]
[SAMPLE QUEUE FULL]
[SAMPLE QUEUE FULL]
[SEU] addr=200031A6 bit=00000000
[SAMPLE QUEUE FULL]
[SAMPLE QUEUE FULL]
[SAMPLE QUEUE FULL]
[SAMPLE QUEUE FULL]
[SAMPLE QUEUE FULL]
[SAMPLE QUEUE FULL]
[SAMPLE QUEUE FULL]
[SAMPLE QUEUE FULL]
[SEU] addr=200031A7 bit=00000000
[SAMPLE QUEUE FULL]
[SAMPLE QUEUE FULL]
[SAMPLE QUEUE FULL]
[SAMPLE QUEUE FULL]
[SEU] addr=200031A0 bit=00000005
[SAMPLE QUEUE FULL]
[SAMPLE QUEUE FULL]
[SAMPLE QUEUE FULL]
[SAMPLE QUEUE FULL]
[SAMPLE QUEUE FULL]
[SEU] addr=200031B2 bit=00000007
[SAMPLE QUEUE FULL]
[SAMPLE QUEUE FULL]
[SAMPLE QUEUE FULL]
[SAMPLE QUEUE FULL]
[SEU] addr=2000314A bit=00000002
[SAMPLE QUEUE FULL]
[SAMPLE QUEUE FULL]
[SAMPLE QUEUE FULL]
[SAMPLE QUEUE FULL]
[SAMPLE QUEUE FULL]
[SAMPLE QUEUE FULL]
[SEU] addr=200031A7 bit=00000007
[SAMPLE QUEUE FULL]
[SAMPLE QUEUE FULL]
[SAMPLE QUEUE FULL]
[SAMPLE QUEUE FULL]
[SAMPLE QUEUE FULL]
[SAMPLE QUEUE FULL]
[SAMPLE QUEUE FULL]
[SAMPLE QUEUE FULL]
[SEU] addr=20003174 bit=00000007
[SAMPLE QUEUE FULL]
[SAMPLE QUEUE FULL]
[SEU] addr=20003194 bit=00000001
[SAMPLE QUEUE FULL]
[SAMPLE QUEUE FULL]
[SAMPLE QUEUE FULL]
[SEU] addr=200031A4 bit=00000007
[SAMPLE QUEUE FULL]
[SEU] addr=200031B9 bit=00000004
[SAMPLE QUEUE FULL]
[SAMPLE QUEUE FULL]
[SAMPLE QUEUE FULL]
[SAMPLE QUEUE FULL]
[SAMPLE QUEUE FULL]
[SEU] addr=20003168 bit=00000002
[SAMPLE QUEUE FULL]
[SAMPLE QUEUE FULL]
[SAMPLE QUEUE FULL]
[SAMPLE QUEUE FULL]
[SEU] addr=2000319C bit=00000007
[SAMPLE QUEUE FULL]
[SAMPLE QUEUE FULL]
[SAMPLE QUEUE FULL]
[SAMPLE QUEUE FULL]
[SEU] addr=2000318A bit=00000005
[SAMPLE QUEUE FULL]
[SAMPLE QUEUE FULL]
[SAMPLE QUEUE FULL]
[SAMPLE QUEUE FULL]
[SAMPLE QUEUE FULL]
[SAMPLE QUEUE FULL]
[SAMPLE QUEUE FULL]
[SEU] addr=20003147 bit=00000005
[SAMPLE QUEUE FULL]
[SAMPLE QUEUE FULL]
[SAMPLE QUEUE FULL]
[SAMPLE QUEUE FULL]
[SAMPLE QUEUE FULL]
[SAMPLE QUEUE FULL]
[SAMPLE QUEUE FULL]
[SAMPLE QUEUE FULL]
[SAMPLE QUEUE FULL]
[SEU] addr=20003150 bit=00000002
[SAMPLE QUEUE FULL]
[SAMPLE QUEUE FULL]
[SAMPLE QUEUE FULL]
[SAMPLE QUEUE FULL]
[SAMPLE QUEUE FULL]
[SAMPLE QUEUE FULL]
[SAMPLE QUEUE FULL]
[SAMPLE QUEUE FULL]
[SAMPLE QUEUE FULL]
[SEU] addr=2000319B bit=00000000
[SAMPLE QUEUE FULL]
[SAMPLE QUEUE FULL]
[SAMPLE QUEUE FULL]
[SAMPLE QUEUE FULL]
[SAMPLE QUEUE FULL]
[SAMPLE QUEUE FULL]
[SAMPLE QUEUE FULL]
[SAMPLE QUEUE FULL]
[SAMPLE QUEUE FULL]
[SEU] addr=200031AC bit=00000002
[SAMPLE QUEUE FULL]
[SAMPLE QUEUE FULL]
[SAMPLE QUEUE FULL]
[SAMPLE QUEUE FULL]
[SEU] addr=200031B3 bit=00000000
[SAMPLE QUEUE FULL]
[SAMPLE QUEUE FULL]
[SAMPLE QUEUE FULL]
[SAMPLE QUEUE FULL]
[SAMPLE QUEUE FULL]
[SAMPLE QUEUE FULL]
[SAMPLE QUEUE FULL]
[SAMPLE QUEUE FULL]
[SAMPLE QUEUE FULL]
[SEU] addr=20003169 bit=00000001
[SAMPLE QUEUE FULL]
[SAMPLE QUEUE FULL]
[SAMPLE QUEUE FULL]
[SAMPLE QUEUE FULL]
[SEU] addr=2000317C bit=00000005
[SAMPLE QUEUE FULL]
[SAMPLE QUEUE FULL]
[SAMPLE QUEUE FULL]
[SEU] addr=200031A8 bit=00000005
[SAMPLE QUEUE FULL]
[SAMPLE QUEUE FULL]
[SAMPLE QUEUE FULL]
[SAMPLE QUEUE FULL]
[SAMPLE QUEUE FULL]
[SAMPLE QUEUE FULL]
[SAMPLE QUEUE FULL]
[SAMPLE QUEUE FULL]
[SEU] addr=200031A4 bit=00000001
[SAMPLE QUEUE FULL]
[SAMPLE QUEUE FULL]
[SAMPLE QUEUE FULL]
[SAMPLE QUEUE FULL]
[SAMPLE QUEUE FULL]
[SEU] addr=2000314F bit=00000000
[SAMPLE QUEUE FULL]
[SAMPLE QUEUE FULL]
[SAMPLE QUEUE FULL]
[SAMPLE QUEUE FULL]
[SAMPLE QUEUE FULL]
[SAMPLE QUEUE FULL]
[SAMPLE QUEUE FULL]
[SAMPLE QUEUE FULL]
[SAMPLE QUEUE FULL]
[SEU] addr=200031BA bit=00000001
[SAMPLE QUEUE FULL]
[SAMPLE QUEUE FULL]
[SAMPLE QUEUE FULL]
[SAMPLE QUEUE FULL]
[SAMPLE QUEUE FULL]
[SAMPLE QUEUE FULL]
[SEU] addr=2000315A bit=00000000
[SAMPLE QUEUE FULL]
[SAMPLE QUEUE FULL]
[SAMPLE QUEUE FULL]
[SAMPLE QUEUE FULL]
[SAMPLE QUEUE FULL]
[SAMPLE QUEUE FULL]
[SEU] addr=2000315A bit=00000006
[SAMPLE QUEUE FULL]
[SAMPLE QUEUE FULL]
[SAMPLE QUEUE FULL]
[SEU] addr=200031A4 bit=00000001
[SAMPLE QUEUE FULL]
[SAMPLE QUEUE FULL]
[SAMPLE QUEUE FULL]
[SEU] addr=20003168 bit=00000001
[SAMPLE QUEUE FULL]
[SAMPLE QUEUE FULL]
[SAMPLE QUEUE FULL]
[SAMPLE QUEUE FULL]
[SEU] addr=20003156 bit=00000003
[SAMPLE QUEUE FULL]
[SAMPLE QUEUE FULL]
[SAMPLE QUEUE FULL]
[SAMPLE QUEUE FULL]
[SEU] addr=20003173 bit=00000007
[SAMPLE QUEUE FULL]
[SAMPLE QUEUE FULL]
[SAMPLE QUEUE FULL]
[SAMPLE QUEUE FULL]
[SEU] addr=20003158 bit=00000005
[SAMPLE QUEUE FULL]
[SAMPLE QUEUE FULL]
[SEU] addr=20003172 bit=00000007
[SAMPLE QUEUE FULL]
[SAMPLE QUEUE FULL]
[SAMPLE QUEUE FULL]
[SAMPLE QUEUE FULL]
[SEU] addr=20003179 bit=00000001
[SAMPLE QUEUE FULL]
[SAMPLE QUEUE FULL]
[SAMPLE QUEUE FULL]
[SAMPLE QUEUE FULL]
[SAMPLE QUEUE FULL]
[SAMPLE QUEUE FULL]
[SAMPLE QUEUE FULL]
[SAMPLE QUEUE FULL]
[SAMPLE QUEUE FULL]
[SEU] addr=200031B9 bit=00000007
[SAMPLE QUEUE FULL]
[SAMPLE QUEUE FULL]
[SEU] addr=20003177 bit=00000006
[SAMPLE QUEUE FULL]
[SAMPLE QUEUE FULL]
[SEU] addr=200031B4 bit=00000001
[SAMPLE QUEUE FULL]
[SAMPLE QUEUE FULL]
[SAMPLE QUEUE FULL]
[SAMPLE QUEUE FULL]
[SEU] addr=20003186 bit=00000000
[SAMPLE QUEUE FULL]
[SAMPLE QUEUE FULL]
[SAMPLE QUEUE FULL]
[SAMPLE QUEUE FULL]
[SAMPLE QUEUE FULL]
[SEU] addr=20003172 bit=00000002
[SAMPLE QUEUE FULL]
[SAMPLE QUEUE FULL]
[SAMPLE QUEUE FULL]
[SAMPLE QUEUE FULL]
[SAMPLE QUEUE FULL]
[SAMPLE QUEUE FULL]
[SAMPLE QUEUE FULL]
[SEU] addr=2000316C bit=00000002
[SAMPLE QUEUE FULL]
[SEU] addr=2000316B bit=00000006
[SAMPLE QUEUE FULL]
[SAMPLE QUEUE FULL]
[SAMPLE QUEUE FULL]
[SAMPLE QUEUE FULL]
[SEU] addr=200031AC bit=00000005
[SAMPLE QUEUE FULL]
[SAMPLE QUEUE FULL]
[SAMPLE QUEUE FULL]
[SEU] addr=20003170 bit=00000007
[SAMPLE QUEUE FULL]
[SAMPLE QUEUE FULL]
[SAMPLE QUEUE FULL]
[SAMPLE QUEUE FULL]
[SAMPLE QUEUE FULL]
[SAMPLE QUEUE FULL]
[SEU] addr=20003193 bit=00000007
[SAMPLE QUEUE FULL]
[SAMPLE QUEUE FULL]
[SAMPLE QUEUE FULL]
[SAMPLE QUEUE FULL]
[SAMPLE QUEUE FULL]
[SAMPLE QUEUE FULL]
[SAMPLE QUEUE FULL]
[SAMPLE QUEUE FULL]
[SAMPLE QUEUE FULL]
[SAMPLE QUEUE FULL]
[SEU] addr=200031A9 bit=00000000
[SAMPLE QUEUE FULL]
[SAMPLE QUEUE FULL]
[SAMPLE QUEUE FULL]
[SAMPLE QUEUE FULL]
[SAMPLE QUEUE FULL]
[SAMPLE QUEUE FULL]
[SAMPLE QUEUE FULL]
[SAMPLE QUEUE FULL]
[SAMPLE QUEUE FULL]
[SEU] addr=2000316F bit=00000006
[SAMPLE QUEUE FULL]
[SAMPLE QUEUE FULL]
[SAMPLE QUEUE FULL]
[SAMPLE QUEUE FULL]
[SAMPLE QUEUE FULL]
[SAMPLE QUEUE FULL]
[SAMPLE QUEUE FULL]
[SEU] addr=20003184 bit=00000001
[SAMPLE QUEUE FULL]
[SAMPLE QUEUE FULL]
[SAMPLE QUEUE FULL]
[SAMPLE QUEUE FULL]
[SAMPLE QUEUE FULL]
[SAMPLE QUEUE FULL]
[SEU] addr=200031B7 bit=00000003
[SAMPLE QUEUE FULL]
[SAMPLE QUEUE FULL]
[SAMPLE QUEUE FULL]
[SAMPLE QUEUE FULL]
[SAMPLE QUEUE FULL]
[SAMPLE QUEUE FULL]
[SEU] addr=200031A2 bit=00000006
[SAMPLE QUEUE FULL]
[SAMPLE QUEUE FULL]
[SAMPLE QUEUE FULL]
[SAMPLE QUEUE FULL]
[SEU] addr=20003179 bit=00000002
[SAMPLE QUEUE FULL]
[SEU] addr=2000316C bit=00000007
[SAMPLE QUEUE FULL]
[SAMPLE QUEUE FULL]
[SAMPLE QUEUE FULL]
[SAMPLE QUEUE FULL]
[SAMPLE QUEUE FULL]
[SAMPLE QUEUE FULL]
[SAMPLE QUEUE FULL]
[SAMPLE QUEUE FULL]
[SAMPLE QUEUE FULL]
[SAMPLE QUEUE FULL]
[SEU] addr=200031B4 bit=00000000
[SAMPLE QUEUE FULL]
[SAMPLE QUEUE FULL]
[SAMPLE QUEUE FULL]
[SAMPLE QUEUE FULL]
[SAMPLE QUEUE FULL]
[SAMPLE QUEUE FULL]
[SEU] addr=20003168 bit=00000004
[SAMPLE QUEUE FULL]
[SAMPLE QUEUE FULL]
[SEU] addr=2000318E bit=00000001
[SAMPLE QUEUE FULL]
[SAMPLE QUEUE FULL]
[SAMPLE QUEUE FULL]
[SEU] addr=200031BD bit=00000003
[SAMPLE QUEUE FULL]
[SAMPLE QUEUE FULL]
[SAMPLE QUEUE FULL]
[SAMPLE QUEUE FULL]
[SAMPLE QUEUE FULL]
[SAMPLE QUEUE FULL]
[SAMPLE QUEUE FULL]
[SAMPLE QUEUE FULL]
[SAMPLE QUEUE FULL]
[SEU] addr=2000314C bit=00000007
[SAMPLE QUEUE FULL]
[SAMPLE QUEUE FULL]
[SAMPLE QUEUE FULL]
[SAMPLE QUEUE FULL]
[SAMPLE QUEUE FULL]
[SAMPLE QUEUE FULL]
[SAMPLE QUEUE FULL]
[SEU] addr=20003188 bit=00000006
[SAMPLE QUEUE FULL]
[SAMPLE QUEUE FULL]
[SAMPLE QUEUE FULL]
[SAMPLE QUEUE FULL]
[SAMPLE QUEUE FULL]
[SEU] addr=20003187 bit=00000006
[SAMPLE QUEUE FULL]
[SAMPLE QUEUE FULL]
[SAMPLE QUEUE FULL]
[SAMPLE QUEUE FULL]
[SAMPLE QUEUE FULL]
[SAMPLE QUEUE FULL]
[SAMPLE QUEUE FULL]
[SAMPLE QUEUE FULL]
[SEU] addr=200031B0 bit=00000002
[SAMPLE QUEUE FULL]
[SAMPLE QUEUE FULL]
[SAMPLE QUEUE FULL]
[SAMPLE QUEUE FULL]
[SAMPLE QUEUE FULL]
[SEU] addr=20003194 bit=00000006
[SAMPLE QUEUE FULL]
[SAMPLE QUEUE FULL]
[SEU] addr=20003150 bit=00000002
[SAMPLE QUEUE FULL]
[SAMPLE QUEUE FULL]
[SAMPLE QUEUE FULL]
[SAMPLE QUEUE FULL]
[SAMPLE QUEUE FULL]
[SAMPLE QUEUE FULL]
[SAMPLE QUEUE FULL]
[SAMPLE QUEUE FULL]
[SAMPLE QUEUE FULL]
[SEU] addr=2000315C bit=00000001
[SAMPLE QUEUE FULL]
[SAMPLE QUEUE FULL]
[SAMPLE QUEUE FULL]
[SEU] addr=20003179 bit=00000005
[SAMPLE QUEUE FULL]
[SAMPLE QUEUE FULL]
[SAMPLE QUEUE FULL]
[SEU] addr=20003152 bit=00000002
[SAMPLE QUEUE FULL]
[SAMPLE QUEUE FULL]
[SAMPLE QUEUE FULL]
[SAMPLE QUEUE FULL]
[SAMPLE QUEUE FULL]
[SEU] addr=20003178 bit=00000000
[SAMPLE QUEUE FULL]
[SAMPLE QUEUE FULL]
[SAMPLE QUEUE FULL]
[SEU] addr=2000316D bit=00000004
[SAMPLE QUEUE FULL]
[SAMPLE QUEUE FULL]
[SAMPLE QUEUE FULL]
[SAMPLE QUEUE FULL]
[SEU] addr=20003173 bit=00000000
[SAMPLE QUEUE FULL]
[SAMPLE QUEUE FULL]
[SAMPLE QUEUE FULL]
[SAMPLE QUEUE FULL]
[SAMPLE QUEUE FULL]
[SAMPLE QUEUE FULL]
[SAMPLE QUEUE FULL]
[SAMPLE QUEUE FULL]
[SEU] addr=200031B8 bit=00000004
[SAMPLE QUEUE FULL]
[SAMPLE QUEUE FULL]
[SAMPLE QUEUE FULL]
[SAMPLE QUEUE FULL]
[SEU] addr=2000315D bit=00000006
[SAMPLE QUEUE FULL]
[SAMPLE QUEUE FULL]
[SAMPLE QUEUE FULL]
[SAMPLE QUEUE FULL]
[SAMPLE QUEUE FULL]
[SAMPLE QUEUE FULL]
[SAMPLE QUEUE FULL]
[SAMPLE QUEUE FULL]
[SAMPLE QUEUE FULL]
[SEU] addr=20003156 bit=00000000
[SAMPLE QUEUE FULL]
[SAMPLE QUEUE FULL]
[SEU] addr=20003151 bit=00000007
[SAMPLE QUEUE FULL]
[SAMPLE QUEUE FULL]
[SAMPLE QUEUE FULL]
[SAMPLE QUEUE FULL]
[SAMPLE QUEUE FULL]
[SAMPLE QUEUE FULL]
[SAMPLE QUEUE FULL]
[SAMPLE QUEUE FULL]
[SEU] addr=20003176 bit=00000002
[SAMPLE QUEUE FULL]
[SAMPLE QUEUE FULL]
[SAMPLE QUEUE FULL]
[SAMPLE QUEUE FULL]
[SAMPLE QUEUE FULL]
[SAMPLE QUEUE FULL]
[SAMPLE QUEUE FULL]
[SAMPLE QUEUE FULL]
[SAMPLE QUEUE FULL]
[SEU] addr=20003182 bit=00000000
[SAMPLE QUEUE FULL]
[SAMPLE QUEUE FULL]
[SEU] addr=2000314D bit=00000007
[SAMPLE QUEUE FULL]
[SAMPLE QUEUE FULL]
[SAMPLE QUEUE FULL]
[SAMPLE QUEUE FULL]
[SAMPLE QUEUE FULL]
[SEU] addr=2000319E bit=00000006
[SAMPLE QUEUE FULL]
[SAMPLE QUEUE FULL]
[SAMPLE QUEUE FULL]
[SAMPLE QUEUE FULL]
[SAMPLE QUEUE FULL]
[SEU] addr=20003163 bit=00000000
[SAMPLE QUEUE FULL]
[SAMPLE QUEUE FULL]
[SAMPLE QUEUE FULL]
[SEU] addr=200031AF bit=00000000
[SAMPLE QUEUE FULL]
[SAMPLE QUEUE FULL]
[SAMPLE QUEUE FULL]
[SAMPLE QUEUE FULL]
[SAMPLE QUEUE FULL]
[SAMPLE QUEUE FULL]
[SAMPLE QUEUE FULL]
[SAMPLE QUEUE FULL]
[SAMPLE QUEUE FULL]
[SEU] addr=200031BA bit=00000007
[SAMPLE QUEUE FULL]
[SAMPLE QUEUE FULL]
[SEU] addr=2000316A bit=00000003
[SAMPLE QUEUE FULL]
[SAMPLE QUEUE FULL]
[SAMPLE QUEUE FULL]
[SAMPLE QUEUE FULL]
[SAMPLE QUEUE FULL]
[SAMPLE QUEUE FULL]
[SAMPLE QUEUE FULL]
[SAMPLE QUEUE FULL]
[SAMPLE QUEUE FULL]
[SEU] addr=2000315E bit=00000006
[SAMPLE QUEUE FULL]
[SAMPLE QUEUE FULL]
[SEU] addr=200031A4 bit=00000002
[SAMPLE QUEUE FULL]
[SAMPLE QUEUE FULL]
[SAMPLE QUEUE FULL]
[SAMPLE QUEUE FULL]
[SAMPLE QUEUE FULL]
[SAMPLE QUEUE FULL]
[SAMPLE QUEUE FULL]
[SEU] addr=2000318A bit=00000003
[SAMPLE QUEUE FULL]
[SAMPLE QUEUE FULL]
[SAMPLE QUEUE FULL]
[SEU] addr=20003195 bit=00000005
[SAMPLE QUEUE FULL]
[SAMPLE QUEUE FULL]
[SAMPLE QUEUE FULL]
[SAMPLE QUEUE FULL]
[SAMPLE QUEUE FULL]
[SAMPLE QUEUE FULL]
[SAMPLE QUEUE FULL]
[SAMPLE QUEUE FULL]
[SEU] addr=20003157 bit=00000005
[SAMPLE QUEUE FULL]
[SAMPLE QUEUE FULL]
[SAMPLE QUEUE FULL]
[SEU] addr=2000316F bit=00000004
[SAMPLE QUEUE FULL]
[SAMPLE QUEUE FULL]
[SAMPLE QUEUE FULL]
[SAMPLE QUEUE FULL]
[SAMPLE QUEUE FULL]
[SAMPLE QUEUE FULL]
[SAMPLE QUEUE FULL]
[SEU] addr=2000318B bit=00000000
[SAMPLE QUEUE FULL]
[SAMPLE QUEUE FULL]
[SEU] addr=2000319E bit=00000002
[SAMPLE QUEUE FULL]
[SAMPLE QUEUE FULL]
[SEU] addr=20003183 bit=00000005
[SAMPLE QUEUE FULL]
[SAMPLE QUEUE FULL]
[SAMPLE QUEUE FULL]
[SAMPLE QUEUE FULL]
[SEU] addr=20003196 bit=00000007
[SAMPLE QUEUE FULL]
[SAMPLE QUEUE FULL]
[SAMPLE QUEUE FULL]
[SEU] addr=2000314E bit=00000005
[SAMPLE QUEUE FULL]
[SAMPLE QUEUE FULL]
[SAMPLE QUEUE FULL]
[SAMPLE QUEUE FULL]
[SAMPLE QUEUE FULL]
[SAMPLE QUEUE FULL]
[SAMPLE QUEUE FULL]
[SAMPLE QUEUE FULL]
[SEU] addr=20003164 bit=00000006
[SAMPLE QUEUE FULL]
[SAMPLE QUEUE FULL]
[SAMPLE QUEUE FULL]
[SAMPLE QUEUE FULL]
[SEU] addr=20003180 bit=00000003
[SAMPLE QUEUE FULL]
[SAMPLE QUEUE FULL]
[SAMPLE QUEUE FULL]
[SAMPLE QUEUE FULL]
[SAMPLE QUEUE FULL]
[SAMPLE QUEUE FULL]
[SEU] addr=2000317D bit=00000006
[SAMPLE QUEUE FULL]
[SAMPLE QUEUE FULL]
[SAMPLE QUEUE FULL]
[SAMPLE QUEUE FULL]
[SAMPLE QUEUE FULL]
[SAMPLE QUEUE FULL]
[SAMPLE QUEUE FULL]
[SAMPLE QUEUE FULL]
[SEU] addr=200031A5 bit=00000007
[SAMPLE QUEUE FULL]
[SAMPLE QUEUE FULL]
[SAMPLE QUEUE FULL]
[SEU] addr=20003146 bit=00000005
[SAMPLE QUEUE FULL]
[SAMPLE QUEUE FULL]
[SAMPLE QUEUE FULL]
[SAMPLE QUEUE FULL]
[SAMPLE QUEUE FULL]
[SAMPLE QUEUE FULL]
[SAMPLE QUEUE FULL]
[SAMPLE QUEUE FULL]
[SEU] addr=2000317A bit=00000000
[SAMPLE QUEUE FULL]
[SAMPLE QUEUE FULL]
[SEU] addr=20003173 bit=00000004
[SAMPLE QUEUE FULL]
[SAMPLE QUEUE FULL]
[SAMPLE QUEUE FULL]
[SAMPLE QUEUE FULL]
[SAMPLE QUEUE FULL]
[SAMPLE QUEUE FULL]
[SAMPLE QUEUE FULL]
[SEU] addr=20003144 bit=00000006
[SAMPLE QUEUE FULL]
[SAMPLE QUEUE FULL]
[SAMPLE QUEUE FULL]
[SAMPLE QUEUE FULL]
[SAMPLE QUEUE FULL]
[SAMPLE QUEUE FULL]
[SAMPLE QUEUE FULL]
[SEU] addr=200031AE bit=00000000
[SAMPLE QUEUE FULL]
[SAMPLE QUEUE FULL]
[SAMPLE QUEUE FULL]
[SEU] addr=20003171 bit=00000003
[SAMPLE QUEUE FULL]
[SAMPLE QUEUE FULL]
[SAMPLE QUEUE FULL]
[SAMPLE QUEUE FULL]
[SAMPLE QUEUE FULL]
[SAMPLE QUEUE FULL]
[SAMPLE QUEUE FULL]
[SAMPLE QUEUE FULL]
[SEU] addr=20003193 bit=00000001
[SAMPLE QUEUE FULL]
[SAMPLE QUEUE FULL]
[SAMPLE QUEUE FULL]
[SAMPLE QUEUE FULL]
[SAMPLE QUEUE FULL]
[SAMPLE QUEUE FULL]
[SAMPLE QUEUE FULL]
[SEU] addr=20003166 bit=00000005
[SAMPLE QUEUE FULL]
[SAMPLE QUEUE FULL]
[SAMPLE QUEUE FULL]
[SAMPLE QUEUE FULL]
[SAMPLE QUEUE FULL]
[SEU] addr=20003151 bit=00000002
[SAMPLE QUEUE FULL]
[SAMPLE QUEUE FULL]
[SAMPLE QUEUE FULL]
[SAMPLE QUEUE FULL]
[SAMPLE QUEUE FULL]
[SAMPLE QUEUE FULL]
[SEU] addr=2000316F bit=00000001
[SAMPLE QUEUE FULL]
[SAMPLE QUEUE FULL]
[SAMPLE QUEUE FULL]
[SAMPLE QUEUE FULL]
[SAMPLE QUEUE FULL]
[SAMPLE QUEUE FULL]
[SEU] addr=20003186 bit=00000007
[SAMPLE QUEUE FULL]
[SAMPLE QUEUE FULL]
[SAMPLE QUEUE FULL]
[SAMPLE QUEUE FULL]
[SAMPLE QUEUE FULL]
[SAMPLE QUEUE FULL]
[SEU] addr=200031B6 bit=00000001
[SAMPLE QUEUE FULL]
[SAMPLE QUEUE FULL]
[SAMPLE QUEUE FULL]
[SEU] addr=20003158 bit=00000000
[SAMPLE QUEUE FULL]
[SAMPLE QUEUE FULL]
[SAMPLE QUEUE FULL]
[SAMPLE QUEUE FULL]
[SAMPLE QUEUE FULL]
[SAMPLE QUEUE FULL]
[SEU] addr=20003164 bit=00000006
[SAMPLE QUEUE FULL]
[SAMPLE QUEUE FULL]
[SAMPLE QUEUE FULL]
[SAMPLE QUEUE FULL]
[SAMPLE QUEUE FULL]
[SEU] addr=20003171 bit=00000007
[SAMPLE QUEUE FULL]
[SAMPLE QUEUE FULL]
[SAMPLE QUEUE FULL]
[SAMPLE QUEUE FULL]
[SAMPLE QUEUE FULL]
[SAMPLE QUEUE FULL]
[SAMPLE QUEUE FULL]
[SEU] addr=200031A7 bit=00000003
[SAMPLE QUEUE FULL]
[SAMPLE QUEUE FULL]
[SAMPLE QUEUE FULL]
[SAMPLE QUEUE FULL]
[SAMPLE QUEUE FULL]
[SAMPLE QUEUE FULL]
[SAMPLE QUEUE FULL]
[SAMPLE QUEUE FULL]
[SEU] addr=2000317E bit=00000006
[SAMPLE QUEUE FULL]
[SAMPLE QUEUE FULL]
[SAMPLE QUEUE FULL]
[SAMPLE QUEUE FULL]
[SAMPLE QUEUE FULL]
[SAMPLE QUEUE FULL]
[SEU] addr=20003196 bit=00000003
[SAMPLE QUEUE FULL]
[SAMPLE QUEUE FULL]
[SAMPLE QUEUE FULL]
[SAMPLE QUEUE FULL]
[SAMPLE QUEUE FULL]
[SAMPLE QUEUE FULL]
[SAMPLE QUEUE FULL]
[SEU] addr=20003160 bit=00000004
[SAMPLE QUEUE FULL]
[SAMPLE QUEUE FULL]
[SAMPLE QUEUE FULL]
[SAMPLE QUEUE FULL]
[SAMPLE QUEUE FULL]
[SAMPLE QUEUE FULL]
[SAMPLE QUEUE FULL]
[SEU] addr=2000314C bit=00000001
[SAMPLE QUEUE FULL]
[SAMPLE QUEUE FULL]
[SAMPLE QUEUE FULL]
[SEU] addr=20003157 bit=00000004
[SAMPLE QUEUE FULL]
[SAMPLE QUEUE FULL]
[SAMPLE QUEUE FULL]
[SAMPLE QUEUE FULL]
[SAMPLE QUEUE FULL]
[SAMPLE QUEUE FULL]
[SAMPLE QUEUE FULL]
[SAMPLE QUEUE FULL]
[SEU] addr=20003189 bit=00000003
[SAMPLE QUEUE FULL]
[SAMPLE QUEUE FULL]
[SAMPLE QUEUE FULL]
[SAMPLE QUEUE FULL]
[SAMPLE QUEUE FULL]
[SAMPLE QUEUE FULL]
[SAMPLE QUEUE FULL]
[SAMPLE QUEUE FULL]
[SAMPLE QUEUE FULL]
[SAMPLE QUEUE FULL]
[SEU] addr=200031AF bit=00000007
[SAMPLE QUEUE FULL]
[SEU] addr=2000318E bit=00000006
[SAMPLE QUEUE FULL]
[SAMPLE QUEUE FULL]
[SAMPLE QUEUE FULL]
[SAMPLE QUEUE FULL]
[SAMPLE QUEUE FULL]
[SAMPLE QUEUE FULL]
[SEU] addr=200031AD bit=00000000
[SAMPLE QUEUE FULL]
[SAMPLE QUEUE FULL]
[SAMPLE QUEUE FULL]
[SEU] addr=200031A5 bit=00000005
[SAMPLE QUEUE FULL]
[SAMPLE QUEUE FULL]
[SAMPLE QUEUE FULL]
[SAMPLE QUEUE FULL]
[SAMPLE QUEUE FULL]
[SAMPLE QUEUE FULL]
[SAMPLE QUEUE FULL]
[SAMPLE QUEUE FULL]
[SAMPLE QUEUE FULL]
[SEU] addr=20003197 bit=00000002
[SAMPLE QUEUE FULL]
[SAMPLE QUEUE FULL]
[SAMPLE QUEUE FULL]
[SAMPLE QUEUE FULL]
[SAMPLE QUEUE FULL]
[SAMPLE QUEUE FULL]
[SEU] addr=20003190 bit=00000007
[SAMPLE QUEUE FULL]
[SAMPLE QUEUE FULL]
[SAMPLE QUEUE FULL]
[SAMPLE QUEUE FULL]
[SAMPLE QUEUE FULL]
[SAMPLE QUEUE FULL]
[SAMPLE QUEUE FULL]
[SAMPLE QUEUE FULL]
[SAMPLE QUEUE FULL]
[SEU] addr=200031A0 bit=00000005
[SAMPLE QUEUE FULL]
[SAMPLE QUEUE FULL]
[SAMPLE QUEUE FULL]
[SAMPLE QUEUE FULL]
[SAMPLE QUEUE FULL]
[SAMPLE QUEUE FULL]
[SAMPLE QUEUE FULL]
[SAMPLE QUEUE FULL]
[SAMPLE QUEUE FULL]
[SEU] addr=200031B0 bit=00000002
[SAMPLE QUEUE FULL]
[SAMPLE QUEUE FULL]
[SAMPLE QUEUE FULL]
[SAMPLE QUEUE FULL]
[SAMPLE QUEUE FULL]
[SAMPLE QUEUE FULL]
[SEU] addr=20003147 bit=00000006
[SAMPLE QUEUE FULL]
[SAMPLE QUEUE FULL]
[SAMPLE QUEUE FULL]
[SAMPLE QUEUE FULL]
[SAMPLE QUEUE FULL]
[SAMPLE QUEUE FULL]
[SEU] addr=20003176 bit=00000005
[SAMPLE QUEUE FULL]
[SAMPLE QUEUE FULL]
[SAMPLE QUEUE FULL]
[SAMPLE QUEUE FULL]
[SEU] addr=20003145 bit=00000001
[SAMPLE QUEUE FULL]
[SAMPLE QUEUE FULL]
[SAMPLE QUEUE FULL]
[SEU] addr=200031BE bit=00000001
[SAMPLE QUEUE FULL]
[SAMPLE QUEUE FULL]
[SAMPLE QUEUE FULL]
[SAMPLE QUEUE FULL]
[SAMPLE QUEUE FULL]
[SAMPLE QUEUE FULL]
[SEU] addr=200031B4 bit=00000002
[SAMPLE QUEUE FULL]
[SAMPLE QUEUE FULL]
[SAMPLE QUEUE FULL]
[SEU] addr=2000317E bit=00000005
[SAMPLE QUEUE FULL]
[SAMPLE QUEUE FULL]
[SAMPLE QUEUE FULL]
[SAMPLE QUEUE FULL]
[SAMPLE QUEUE FULL]
[SAMPLE QUEUE FULL]
[SAMPLE QUEUE FULL]
[SAMPLE QUEUE FULL]
[SAMPLE QUEUE FULL]
[SEU] addr=20003193 bit=00000003
[SAMPLE QUEUE FULL]
[SAMPLE QUEUE FULL]
[SAMPLE QUEUE FULL]
[SEU] addr=20003191 bit=00000006
[SAMPLE QUEUE FULL]
[SAMPLE QUEUE FULL]
[SAMPLE QUEUE FULL]
[SAMPLE QUEUE FULL]
[SAMPLE QUEUE FULL]
[SAMPLE QUEUE FULL]
[SAMPLE QUEUE FULL]
[SAMPLE QUEUE FULL]
[SAMPLE QUEUE FULL]
[SEU] addr=2000319B bit=00000001
[SAMPLE QUEUE FULL]
[SAMPLE QUEUE FULL]
[SAMPLE QUEUE FULL]
[SAMPLE QUEUE FULL]
[SAMPLE QUEUE FULL]
[SAMPLE QUEUE FULL]
[SAMPLE QUEUE FULL]
[SEU] addr=20003189 bit=00000007
[SAMPLE QUEUE FULL]
[SEU] addr=2000315D bit=00000007
[SAMPLE QUEUE FULL]
[SAMPLE QUEUE FULL]
[SAMPLE QUEUE FULL]
[SEU] addr=2000318C bit=00000001
[SAMPLE QUEUE FULL]
[SAMPLE QUEUE FULL]
[SAMPLE QUEUE FULL]
[SAMPLE QUEUE FULL]
[SAMPLE QUEUE FULL]
[SAMPLE QUEUE FULL]
[SAMPLE QUEUE FULL]
[SAMPLE QUEUE FULL]
[SAMPLE QUEUE FULL]
[SAMPLE QUEUE FULL]
[SEU] addr=20003155 bit=00000002
[SAMPLE QUEUE FULL]
[SAMPLE QUEUE FULL]
[SAMPLE QUEUE FULL]
[SAMPLE QUEUE FULL]
[SEU] addr=200031A6 bit=00000002
[SAMPLE QUEUE FULL]
[SAMPLE QUEUE FULL]
[SAMPLE QUEUE FULL]
[SAMPLE QUEUE FULL]
[SAMPLE QUEUE FULL]
[SAMPLE QUEUE FULL]
[SEU] addr=20003184 bit=00000001
[SAMPLE QUEUE FULL]
[SAMPLE QUEUE FULL]
[SAMPLE QUEUE FULL]
[SAMPLE QUEUE FULL]
[SAMPLE QUEUE FULL]
[SAMPLE QUEUE FULL]
[SAMPLE QUEUE FULL]
[SEU] addr=20003194 bit=00000002
[SAMPLE QUEUE FULL]
[SAMPLE QUEUE FULL]
[SAMPLE QUEUE FULL]
[SAMPLE QUEUE FULL]
[SAMPLE QUEUE FULL]
[SAMPLE QUEUE FULL]
[SAMPLE QUEUE FULL]
[SAMPLE QUEUE FULL]
[SAMPLE QUEUE FULL]
[SEU] addr=20003167 bit=00000007
[SAMPLE QUEUE FULL]
[SAMPLE QUEUE FULL]
[SAMPLE QUEUE FULL]
[SEU] addr=20003199 bit=00000007
[SAMPLE QUEUE FULL]
[SAMPLE QUEUE FULL]
[SAMPLE QUEUE FULL]
[SAMPLE QUEUE FULL]
[SAMPLE QUEUE FULL]
[SAMPLE QUEUE FULL]
[SAMPLE QUEUE FULL]
[SAMPLE QUEUE FULL]
[SEU] addr=20003163 bit=00000000
[SAMPLE QUEUE FULL]
[SAMPLE QUEUE FULL]
[SAMPLE QUEUE FULL]
[SAMPLE QUEUE FULL]
[SAMPLE QUEUE FULL]
[SAMPLE QUEUE FULL]
[SAMPLE QUEUE FULL]
[SAMPLE QUEUE FULL]
[SEU] addr=200031BD bit=00000000
[SAMPLE QUEUE FULL]
[SAMPLE QUEUE FULL]
[SAMPLE QUEUE FULL]
[SAMPLE QUEUE FULL]
[SAMPLE QUEUE FULL]
[SAMPLE QUEUE FULL]
[SAMPLE QUEUE FULL]
[SAMPLE QUEUE FULL]
[SEU] addr=20003150 bit=00000002
[SAMPLE QUEUE FULL]
[SAMPLE QUEUE FULL]
[SAMPLE QUEUE FULL]
[SEU] addr=20003192 bit=00000006
[SAMPLE QUEUE FULL]
[SAMPLE QUEUE FULL]
[SEU] addr=20003153 bit=00000000
[SAMPLE QUEUE FULL]
[SAMPLE QUEUE FULL]
[SEU] addr=200031A0 bit=00000003
[SAMPLE QUEUE FULL]
[SAMPLE QUEUE FULL]
[SAMPLE QUEUE FULL]
[SEU] addr=20003183 bit=00000006
[SAMPLE QUEUE FULL]
[SAMPLE QUEUE FULL]
[SEU] addr=2000319E bit=00000004
[SAMPLE QUEUE FULL]
[SAMPLE QUEUE FULL]
[SAMPLE QUEUE FULL]
[SEU] addr=2000318E bit=00000005
[SAMPLE QUEUE FULL]
[SAMPLE QUEUE FULL]
[SAMPLE QUEUE FULL]
[SAMPLE QUEUE FULL]
[SAMPLE QUEUE FULL]
[SAMPLE QUEUE FULL]
[SAMPLE QUEUE FULL]
[SAMPLE QUEUE FULL]
[SAMPLE QUEUE FULL]
[SEU] addr=2000317D bit=00000007
[SAMPLE QUEUE FULL]
[SAMPLE QUEUE FULL]
[SAMPLE QUEUE FULL]
[SAMPLE QUEUE FULL]
[SAMPLE QUEUE FULL]
[SAMPLE QUEUE FULL]
[SAMPLE QUEUE FULL]
[SAMPLE QUEUE FULL]
[SEU] addr=200031BE bit=00000000
[SAMPLE QUEUE FULL]
[SAMPLE QUEUE FULL]
[SAMPLE QUEUE FULL]
[SEU] addr=2000318A bit=00000003
[SAMPLE QUEUE FULL]
[SAMPLE QUEUE FULL]
[SAMPLE QUEUE FULL]
[SAMPLE QUEUE FULL]
[SAMPLE QUEUE FULL]
[SAMPLE QUEUE FULL]
[SEU] addr=2000314D bit=00000004
[SAMPLE QUEUE FULL]
[SAMPLE QUEUE FULL]
[SAMPLE QUEUE FULL]
[SAMPLE QUEUE FULL]
[SAMPLE QUEUE FULL]
[SAMPLE QUEUE FULL]
[SAMPLE QUEUE FULL]
[SAMPLE QUEUE FULL]
[SEU] addr=2000314E bit=00000001
[SAMPLE QUEUE FULL]
[SEU] addr=200031A9 bit=00000003
[SAMPLE QUEUE FULL]
[SAMPLE QUEUE FULL]
[SAMPLE QUEUE FULL]
[SAMPLE QUEUE FULL]
[SAMPLE QUEUE FULL]
[SAMPLE QUEUE FULL]
[SAMPLE QUEUE FULL]
[SAMPLE QUEUE FULL]
[SAMPLE QUEUE FULL]
[SAMPLE QUEUE FULL]
[SEU] addr=200031A3 bit=00000000
[SAMPLE QUEUE FULL]
[SAMPLE QUEUE FULL]
[SAMPLE QUEUE FULL]
[SAMPLE QUEUE FULL]
[SEU] addr=20003180 bit=00000001
[SAMPLE QUEUE FULL]
[SAMPLE QUEUE FULL]
[SAMPLE QUEUE FULL]
[SAMPLE QUEUE FULL]
[SAMPLE QUEUE FULL]
[SAMPLE QUEUE FULL]
[SAMPLE QUEUE FULL]
[SEU] addr=20003181 bit=00000004
[SAMPLE QUEUE FULL]
[SAMPLE QUEUE FULL]
[SAMPLE QUEUE FULL]
[SAMPLE QUEUE FULL]
[SAMPLE QUEUE FULL]
[SAMPLE QUEUE FULL]
[SAMPLE QUEUE FULL]
[SAMPLE QUEUE FULL]
[SEU] addr=2000317A bit=00000000
[SAMPLE QUEUE FULL]
[SAMPLE QUEUE FULL]
[SAMPLE QUEUE FULL]
[SAMPLE QUEUE FULL]
[SEU] addr=2000316A bit=00000001
[SAMPLE QUEUE FULL]
[SEU] addr=200031A7 bit=00000007
[SAMPLE QUEUE FULL]
[SAMPLE QUEUE FULL]
[SEU] addr=2000316D bit=00000006
[SAMPLE QUEUE FULL]
[SAMPLE QUEUE FULL]
[SAMPLE QUEUE FULL]
[SAMPLE QUEUE FULL]
[SAMPLE QUEUE FULL]
[SAMPLE QUEUE FULL]
[SAMPLE QUEUE FULL]
[SAMPLE QUEUE FULL]
[SAMPLE QUEUE FULL]
[SEU] addr=20003152 bit=00000006
[SAMPLE QUEUE FULL]
[SAMPLE QUEUE FULL]
[SAMPLE QUEUE FULL]
[SAMPLE QUEUE FULL]
[SAMPLE QUEUE FULL]
[SAMPLE QUEUE FULL]
[SEU] addr=200031AF bit=00000001
[SAMPLE QUEUE FULL]
[SAMPLE QUEUE FULL]
[SAMPLE QUEUE FULL]
[SAMPLE QUEUE FULL]
[SAMPLE QUEUE FULL]
[SAMPLE QUEUE FULL]
[SAMPLE QUEUE FULL]
[SEU] addr=20003145 bit=00000000
[SAMPLE QUEUE FULL]
[SAMPLE QUEUE FULL]
[SEU] addr=2000316A bit=00000006
[SAMPLE QUEUE FULL]
[SAMPLE QUEUE FULL]
[SEU] addr=2000314C bit=00000000
[SAMPLE QUEUE FULL]
[SAMPLE QUEUE FULL]
[SAMPLE QUEUE FULL]
[SAMPLE QUEUE FULL]
[SAMPLE QUEUE FULL]
[SAMPLE QUEUE FULL]
[SEU] addr=200031A1 bit=00000000
[SAMPLE QUEUE FULL]
[SAMPLE QUEUE FULL]
[SAMPLE QUEUE FULL]
[SEU] addr=20003197 bit=00000006
[SAMPLE QUEUE FULL]
[SAMPLE QUEUE FULL]
[SAMPLE QUEUE FULL]
[SAMPLE QUEUE FULL]
[SAMPLE QUEUE FULL]
[SAMPLE QUEUE FULL]
[SAMPLE QUEUE FULL]
[SAMPLE QUEUE FULL]
[SAMPLE QUEUE FULL]
[SAMPLE QUEUE FULL]
[SEU] addr=200031A9 bit=00000006
[SAMPLE QUEUE FULL]
[SAMPLE QUEUE FULL]
[SAMPLE QUEUE FULL]
[SAMPLE QUEUE FULL]
[SAMPLE QUEUE FULL]
[SEU] addr=20003181 bit=00000002
[SAMPLE QUEUE FULL]
[SAMPLE QUEUE FULL]
[SAMPLE QUEUE FULL]
[SAMPLE QUEUE FULL]
[SEU] addr=2000315C bit=00000001
[SAMPLE QUEUE FULL]
[SAMPLE QUEUE FULL]
[SAMPLE QUEUE FULL]
[SAMPLE QUEUE FULL]
[SAMPLE QUEUE FULL]
[SAMPLE QUEUE FULL]
[SAMPLE QUEUE FULL]
[SAMPLE QUEUE FULL]
[SAMPLE QUEUE FULL]
[SAMPLE QUEUE FULL]
[SEU] addr=2000314F bit=00000007
[SAMPLE QUEUE FULL]
[SAMPLE QUEUE FULL]
[SEU] addr=2000316E bit=00000002
[SAMPLE QUEUE FULL]
[SAMPLE QUEUE FULL]
[SEU] addr=20003152 bit=00000006
[SAMPLE QUEUE FULL]
[SAMPLE QUEUE FULL]
[SAMPLE QUEUE FULL]
[SAMPLE QUEUE FULL]
[SAMPLE QUEUE FULL]
[SAMPLE QUEUE FULL]
[SAMPLE QUEUE FULL]
[SEU] addr=20003197 bit=00000004
[SAMPLE QUEUE FULL]
[SAMPLE QUEUE FULL]
[SAMPLE QUEUE FULL]
[SAMPLE QUEUE FULL]
[SAMPLE QUEUE FULL]
[SAMPLE QUEUE FULL]
[SAMPLE QUEUE FULL]
[SAMPLE QUEUE FULL]
[SEU] addr=2000318F bit=00000000
[SAMPLE QUEUE FULL]
[SAMPLE QUEUE FULL]
[SAMPLE QUEUE FULL]
[SAMPLE QUEUE FULL]
[SAMPLE QUEUE FULL]
[SEU] addr=20003191 bit=00000002
[SAMPLE QUEUE FULL]
[SAMPLE QUEUE FULL]
[SAMPLE QUEUE FULL]
[SAMPLE QUEUE FULL]
[SAMPLE QUEUE FULL]
[SEU] addr=2000318D bit=00000007
[SAMPLE QUEUE FULL]
[SAMPLE QUEUE FULL]
[SAMPLE QUEUE FULL]
[SAMPLE QUEUE FULL]
[SAMPLE QUEUE FULL]
[SAMPLE QUEUE FULL]
[SAMPLE QUEUE FULL]
[SAMPLE QUEUE FULL]
[SAMPLE QUEUE FULL]
[SAMPLE QUEUE FULL]
[SEU] addr=20003147 bit=00000001
[SAMPLE QUEUE FULL]
[SAMPLE QUEUE FULL]
[SAMPLE QUEUE FULL]
[SAMPLE QUEUE FULL]
[SAMPLE QUEUE FULL]
[SAMPLE QUEUE FULL]
[SAMPLE QUEUE FULL]
[SEU] addr=20003174 bit=00000002
[SAMPLE QUEUE FULL]
[SAMPLE QUEUE FULL]
[SAMPLE QUEUE FULL]
[SAMPLE QUEUE FULL]
[SAMPLE QUEUE FULL]
[SAMPLE QUEUE FULL]
[SAMPLE QUEUE FULL]
[SAMPLE QUEUE FULL]
[SAMPLE QUEUE FULL]
[SAMPLE QUEUE FULL]
[SEU] addr=20003163 bit=00000003
[SAMPLE QUEUE FULL]
[SAMPLE QUEUE FULL]
[SAMPLE QUEUE FULL]
[SAMPLE QUEUE FULL]
[SEU] addr=20003173 bit=00000005
[SAMPLE QUEUE FULL]
[SAMPLE QUEUE FULL]
[SAMPLE QUEUE FULL]
[SEU] addr=20003169 bit=00000005
[SAMPLE QUEUE FULL]
[SAMPLE QUEUE FULL]
[SEU] addr=2000315C bit=00000006
[SAMPLE QUEUE FULL]
[SAMPLE QUEUE FULL]
[SAMPLE QUEUE FULL]
[SAMPLE QUEUE FULL]
[SEU] addr=20003157 bit=00000004
[SAMPLE QUEUE FULL]
[SAMPLE QUEUE FULL]
[SAMPLE QUEUE FULL]
[SAMPLE QUEUE FULL]
[SAMPLE QUEUE FULL]
[SAMPLE QUEUE FULL]
[SAMPLE QUEUE FULL]
[SAMPLE QUEUE FULL]
[SAMPLE QUEUE FULL]
[SAMPLE QUEUE FULL]
[SEU] addr=200031B7 bit=00000007
[SAMPLE QUEUE FULL]
[SAMPLE QUEUE FULL]
[SAMPLE QUEUE FULL]
[SAMPLE QUEUE FULL]
[SAMPLE QUEUE FULL]
[SEU] addr=200031BA bit=00000000
[SAMPLE QUEUE FULL]
[SAMPLE QUEUE FULL]
[SAMPLE QUEUE FULL]
[SAMPLE QUEUE FULL]
[SAMPLE QUEUE FULL]
[SAMPLE QUEUE FULL]
[SAMPLE QUEUE FULL]
[SAMPLE QUEUE FULL]
[SAMPLE QUEUE FULL]
[SEU] addr=20003153 bit=00000007
[SAMPLE QUEUE FULL]
[SAMPLE QUEUE FULL]
[SAMPLE QUEUE FULL]
[SAMPLE QUEUE FULL]
[SAMPLE QUEUE FULL]
[SEU] addr=20003185 bit=00000003
[SAMPLE QUEUE FULL]
[SAMPLE QUEUE FULL]
[SAMPLE QUEUE FULL]
[SAMPLE QUEUE FULL]
[SAMPLE QUEUE FULL]
[SEU] addr=200031B3 bit=00000003
[SAMPLE QUEUE FULL]
[SAMPLE QUEUE FULL]
[SAMPLE QUEUE FULL]
[SAMPLE QUEUE FULL]
[SEU] addr=20003189 bit=00000002
[SAMPLE QUEUE FULL]
[SAMPLE QUEUE FULL]
[SAMPLE QUEUE FULL]
[SAMPLE QUEUE FULL]
[SAMPLE QUEUE FULL]
[SAMPLE QUEUE FULL]
[SAMPLE QUEUE FULL]
[SAMPLE QUEUE FULL]
[SEU] addr=20003149 bit=00000004
[SAMPLE QUEUE FULL]
[SAMPLE QUEUE FULL]
[SAMPLE QUEUE FULL]
[SAMPLE QUEUE FULL]
[SAMPLE QUEUE FULL]
[SAMPLE QUEUE FULL]
[SAMPLE QUEUE FULL]
[SAMPLE QUEUE FULL]
[SAMPLE QUEUE FULL]
[SEU] addr=20003163 bit=00000005
[SAMPLE QUEUE FULL]
[SAMPLE QUEUE FULL]
[SAMPLE QUEUE FULL]
[SEU] addr=2000315A bit=00000005
[SAMPLE QUEUE FULL]
[SAMPLE QUEUE FULL]
[SEU] addr=2000316E bit=00000004
[SAMPLE QUEUE FULL]
[SAMPLE QUEUE FULL]
[SAMPLE QUEUE FULL]
[SAMPLE QUEUE FULL]
[SAMPLE QUEUE FULL]
[SEU] addr=20003171 bit=00000006
[SAMPLE QUEUE FULL]
[SAMPLE QUEUE FULL]
[SAMPLE QUEUE FULL]
[SEU] addr=20003161 bit=00000000
[SAMPLE QUEUE FULL]
[SAMPLE QUEUE FULL]
[SEU] addr=20003152 bit=00000000
[SAMPLE QUEUE FULL]
[SAMPLE QUEUE FULL]
[SAMPLE QUEUE FULL]
[SAMPLE QUEUE FULL]
[SAMPLE QUEUE FULL]
[SAMPLE QUEUE FULL]
[SAMPLE QUEUE FULL]
[SAMPLE QUEUE FULL]
[SAMPLE QUEUE FULL]
[SEU] addr=20003178 bit=00000004
[SAMPLE QUEUE FULL]
[SAMPLE QUEUE FULL]
[SAMPLE QUEUE FULL]
[SEU] addr=20003148 bit=00000002
[SAMPLE QUEUE FULL]
[SAMPLE QUEUE FULL]
[SAMPLE QUEUE FULL]
[SAMPLE QUEUE FULL]
[SAMPLE QUEUE FULL]
[SAMPLE QUEUE FULL]
[SAMPLE QUEUE FULL]
[SEU] addr=200031BC bit=00000005
[SAMPLE QUEUE FULL]
[SAMPLE QUEUE FULL]
[SAMPLE QUEUE FULL]
[SAMPLE QUEUE FULL]
[SAMPLE QUEUE FULL]
[SEU] addr=20003153 bit=00000002
[SAMPLE QUEUE FULL]
[SAMPLE QUEUE FULL]
[SAMPLE QUEUE FULL]
[SAMPLE QUEUE FULL]
[SAMPLE QUEUE FULL]
[SAMPLE QUEUE FULL]
[SEU] addr=2000316C bit=00000007
[SAMPLE QUEUE FULL]
[SAMPLE QUEUE FULL]
[SAMPLE QUEUE FULL]
[SAMPLE QUEUE FULL]
[SAMPLE QUEUE FULL]
[SAMPLE QUEUE FULL]
[SAMPLE QUEUE FULL]
[SAMPLE QUEUE FULL]
[SAMPLE QUEUE FULL]
[SAMPLE QUEUE FULL]
[SEU] addr=2000316F bit=00000002
[SAMPLE QUEUE FULL]
[SAMPLE QUEUE FULL]
[SEU] addr=2000318D bit=00000002
[SAMPLE QUEUE FULL]
[SAMPLE QUEUE FULL]
[SAMPLE QUEUE FULL]
[SEU] addr=20003188 bit=00000006
[SAMPLE QUEUE FULL]
[SAMPLE QUEUE FULL]
[SAMPLE QUEUE FULL]
[SAMPLE QUEUE FULL]
[SAMPLE QUEUE FULL]
[SAMPLE QUEUE FULL]
[SEU] addr=200031A6 bit=00000000
[SAMPLE QUEUE FULL]
[SAMPLE QUEUE FULL]
[SAMPLE QUEUE FULL]
[SAMPLE QUEUE FULL]
[SEU] addr=200031B4 bit=00000001
[SAMPLE QUEUE FULL]
[SAMPLE QUEUE FULL]
[SAMPLE QUEUE FULL]
[SAMPLE QUEUE FULL]
[SAMPLE QUEUE FULL]
[SAMPLE QUEUE FULL]
[SAMPLE QUEUE FULL]
[SAMPLE QUEUE FULL]
[SAMPLE QUEUE FULL]
[SEU] addr=20003165 bit=00000001
[SAMPLE QUEUE FULL]
[SAMPLE QUEUE FULL]
[SAMPLE QUEUE FULL]
[SAMPLE QUEUE FULL]
[SAMPLE QUEUE FULL]
[SEU] addr=2000319F bit=00000006
[SAMPLE QUEUE FULL]
[SAMPLE QUEUE FULL]
[SAMPLE QUEUE FULL]
[SAMPLE QUEUE FULL]
[SAMPLE QUEUE FULL]
[SAMPLE QUEUE FULL]
[SAMPLE QUEUE FULL]
[SEU] addr=20003176 bit=00000005
[SAMPLE QUEUE FULL]
[SAMPLE QUEUE FULL]
[SAMPLE QUEUE FULL]
[SAMPLE QUEUE FULL]
[SEU] addr=200031B7 bit=00000000
[SAMPLE QUEUE FULL]
[SAMPLE QUEUE FULL]
[SAMPLE QUEUE FULL]
[SAMPLE QUEUE FULL]
[SAMPLE QUEUE FULL]
[SEU] addr=20003182 bit=00000001
[SAMPLE QUEUE FULL]
[SEU] addr=20003186 bit=00000007
[SAMPLE QUEUE FULL]
[SAMPLE QUEUE FULL]
[SAMPLE QUEUE FULL]
[SAMPLE QUEUE FULL]
[SAMPLE QUEUE FULL]
[SAMPLE QUEUE FULL]
[SAMPLE QUEUE FULL]
[SAMPLE QUEUE FULL]
[SAMPLE QUEUE FULL]
[SEU] addr=20003169 bit=00000004
[SAMPLE QUEUE FULL]
[SAMPLE QUEUE FULL]
[SEU] addr=20003183 bit=00000003
[SAMPLE QUEUE FULL]
[SAMPLE QUEUE FULL]
[SAMPLE QUEUE FULL]
[SEU] addr=2000319D bit=00000005
[SAMPLE QUEUE FULL]
[SAMPLE QUEUE FULL]
[SAMPLE QUEUE FULL]
[SAMPLE QUEUE FULL]
[SAMPLE QUEUE FULL]
[SAMPLE QUEUE FULL]
[SAMPLE QUEUE FULL]
[SAMPLE QUEUE FULL]
[SAMPLE QUEUE FULL]
[SEU] addr=20003160 bit=00000000
[SAMPLE QUEUE FULL]
[SAMPLE QUEUE FULL]
[SAMPLE QUEUE FULL]
[SAMPLE QUEUE FULL]
[SAMPLE QUEUE FULL]
[SAMPLE QUEUE FULL]
[SEU] addr=20003183 bit=00000001
[SAMPLE QUEUE FULL]
[SAMPLE QUEUE FULL]
[SAMPLE QUEUE FULL]
[SEU] addr=200031A3 bit=00000002
[SAMPLE QUEUE FULL]
[SAMPLE QUEUE FULL]
[SAMPLE QUEUE FULL]
[SAMPLE QUEUE FULL]
[SAMPLE QUEUE FULL]
[SAMPLE QUEUE FULL]
[SAMPLE QUEUE FULL]
[SEU] addr=20003172 bit=00000004
[SAMPLE QUEUE FULL]
[SAMPLE QUEUE FULL]
[SAMPLE QUEUE FULL]
[SEU] addr=200031B6 bit=00000005
[SAMPLE QUEUE FULL]
[SAMPLE QUEUE FULL]
[SAMPLE QUEUE FULL]
[SEU] addr=20003182 bit=00000003
[SAMPLE QUEUE FULL]
[SAMPLE QUEUE FULL]
[SEU] addr=200031BA bit=00000002
[SAMPLE QUEUE FULL]
[SAMPLE QUEUE FULL]
[SAMPLE QUEUE FULL]
[SAMPLE QUEUE FULL]
[SAMPLE QUEUE FULL]
[SAMPLE QUEUE FULL]
[SAMPLE QUEUE FULL]
[SAMPLE QUEUE FULL]
[SAMPLE QUEUE FULL]
[SEU] addr=200031A3 bit=00000001
[SAMPLE QUEUE FULL]
[SAMPLE QUEUE FULL]
[SAMPLE QUEUE FULL]
[SEU] addr=2000318E bit=00000004
[SAMPLE QUEUE FULL]
[SAMPLE QUEUE FULL]
[SEU] addr=200031A2 bit=00000003
[SAMPLE QUEUE FULL]
[SAMPLE QUEUE FULL]
[SAMPLE QUEUE FULL]
[SEU] addr=200031BC bit=00000000
[SAMPLE QUEUE FULL]
[SAMPLE QUEUE FULL]
[SEU] addr=200031B6 bit=00000003
[SAMPLE QUEUE FULL]
[SAMPLE QUEUE FULL]
[SAMPLE QUEUE FULL]
[SAMPLE QUEUE FULL]
[SAMPLE QUEUE FULL]
[SAMPLE QUEUE FULL]
[SAMPLE QUEUE FULL]
[SEU] addr=20003188 bit=00000005
[SAMPLE QUEUE FULL]
[SAMPLE QUEUE FULL]
[SAMPLE QUEUE FULL]
[SAMPLE QUEUE FULL]
[SEU] addr=2000317A bit=00000007
[SAMPLE QUEUE FULL]
[SAMPLE QUEUE FULL]
[SEU] addr=200031B5 bit=00000000
[SAMPLE QUEUE FULL]
[SAMPLE QUEUE FULL]
[SAMPLE QUEUE FULL]
[SAMPLE QUEUE FULL]
[SAMPLE QUEUE FULL]
[SEU] addr=20003171 bit=00000003
[SAMPLE QUEUE FULL]
[SAMPLE QUEUE FULL]
[SAMPLE QUEUE FULL]
[SAMPLE QUEUE FULL]
[SAMPLE QUEUE FULL]
[SAMPLE QUEUE FULL]
[SAMPLE QUEUE FULL]
[SAMPLE QUEUE FULL]
[SEU] addr=200031A4 bit=00000000
[SAMPLE QUEUE FULL]
[SAMPLE QUEUE FULL]
[SAMPLE QUEUE FULL]
[SAMPLE QUEUE FULL]
[SAMPLE QUEUE FULL]
[SAMPLE QUEUE FULL]
[SAMPLE QUEUE FULL]
[SAMPLE QUEUE FULL]
[SEU] addr=20003188 bit=00000007
[SAMPLE QUEUE FULL]
[SAMPLE QUEUE FULL]
[SAMPLE QUEUE FULL]
[SEU] addr=20003176 bit=00000002
[SAMPLE QUEUE FULL]
[SAMPLE QUEUE FULL]
[SAMPLE QUEUE FULL]
[SAMPLE QUEUE FULL]
[SEU] addr=20003179 bit=00000006
[SAMPLE QUEUE FULL]
[SAMPLE QUEUE FULL]
[SAMPLE QUEUE FULL]
[SAMPLE QUEUE FULL]
[SAMPLE QUEUE FULL]
[SAMPLE QUEUE FULL]
[SAMPLE QUEUE FULL]
[SEU] addr=2000318E bit=00000004
[SAMPLE QUEUE FULL]
[SAMPLE QUEUE FULL]
[SAMPLE QUEUE FULL]
[SAMPLE QUEUE FULL]
[SEU] addr=20003181 bit=00000002
[SAMPLE QUEUE FULL]
[SAMPLE QUEUE FULL]
[SEU] addr=20003191 bit=00000003
[SAMPLE QUEUE FULL]
[SAMPLE QUEUE FULL]
[SAMPLE QUEUE FULL]
[SAMPLE QUEUE FULL]
[SAMPLE QUEUE FULL]
[SAMPLE QUEUE FULL]
[SAMPLE QUEUE FULL]
[SAMPLE QUEUE FULL]
[SEU] addr=20003179 bit=00000001
[SAMPLE QUEUE FULL]
[SAMPLE QUEUE FULL]
[SAMPLE QUEUE FULL]
[SAMPLE QUEUE FULL]
[SAMPLE QUEUE FULL]
[SAMPLE QUEUE FULL]
[SAMPLE QUEUE FULL]
[SAMPLE QUEUE FULL]
[SAMPLE QUEUE FULL]
[SAMPLE QUEUE FULL]
[SEU] addr=20003183 bit=00000001
[SAMPLE QUEUE FULL]
[SAMPLE QUEUE FULL]
[SAMPLE QUEUE FULL]
[SAMPLE QUEUE FULL]
[SAMPLE QUEUE FULL]
[SAMPLE QUEUE FULL]
[SAMPLE QUEUE FULL]
[SAMPLE QUEUE FULL]
[SAMPLE QUEUE FULL]
[SEU] addr=2000318C bit=00000002
[SAMPLE QUEUE FULL]
[SEU] addr=20003145 bit=00000006
[SAMPLE QUEUE FULL]
[SAMPLE QUEUE FULL]
[SAMPLE QUEUE FULL]
[SAMPLE QUEUE FULL]
[SAMPLE QUEUE FULL]
[SAMPLE QUEUE FULL]
[SAMPLE QUEUE FULL]
[SAMPLE QUEUE FULL]
[SEU] addr=2000314F bit=00000003
[SAMPLE QUEUE FULL]
[SAMPLE QUEUE FULL]
[SAMPLE QUEUE FULL]
[SAMPLE QUEUE FULL]
[SAMPLE QUEUE FULL]
[SAMPLE QUEUE FULL]
[SAMPLE QUEUE FULL]
[SAMPLE QUEUE FULL]
[SAMPLE QUEUE FULL]
[SEU] addr=20003162 bit=00000003
[SAMPLE QUEUE FULL]
[SAMPLE QUEUE FULL]
[SAMPLE QUEUE FULL]
[SAMPLE QUEUE FULL]
[SAMPLE QUEUE FULL]
[SAMPLE QUEUE FULL]
[SAMPLE QUEUE FULL]
[SEU] addr=2000317F bit=00000004
[SAMPLE QUEUE FULL]
[SAMPLE QUEUE FULL]
[SAMPLE QUEUE FULL]
[SAMPLE QUEUE FULL]
[SAMPLE QUEUE FULL]
[SEU] addr=2000318C bit=00000005
[SAMPLE QUEUE FULL]
[SAMPLE QUEUE FULL]
[SAMPLE QUEUE FULL]
[SAMPLE QUEUE FULL]
[SAMPLE QUEUE FULL]
[SAMPLE QUEUE FULL]
[SEU] addr=200031BD bit=00000006
[SAMPLE QUEUE FULL]
[SAMPLE QUEUE FULL]
[SAMPLE QUEUE FULL]
[SAMPLE QUEUE FULL]
[SAMPLE QUEUE FULL]
[SAMPLE QUEUE FULL]
[SAMPLE QUEUE FULL]
[SEU] addr=20003190 bit=00000006
[SAMPLE QUEUE FULL]
[SAMPLE QUEUE FULL]
[SAMPLE QUEUE FULL]
[SAMPLE QUEUE FULL]
[SAMPLE QUEUE FULL]
[SAMPLE QUEUE FULL]
[SAMPLE QUEUE FULL]
[SEU] addr=2000315E bit=00000007
[SAMPLE QUEUE FULL]
[SAMPLE QUEUE FULL]
[SAMPLE QUEUE FULL]
[SAMPLE QUEUE FULL]
[SAMPLE QUEUE FULL]
[SAMPLE QUEUE FULL]
[SAMPLE QUEUE FULL]
[SAMPLE QUEUE FULL]
[SEU] addr=20003173 bit=00000005
[SAMPLE QUEUE FULL]
[SAMPLE QUEUE FULL]
[SAMPLE QUEUE FULL]
[SAMPLE QUEUE FULL]
[SAMPLE QUEUE FULL]
[SAMPLE QUEUE FULL]
[SAMPLE QUEUE FULL]
[SAMPLE QUEUE FULL]
[SEU] addr=2000317E bit=00000003
[SAMPLE QUEUE FULL]
[SEU] addr=20003150 bit=00000005
[SAMPLE QUEUE FULL]
[SAMPLE QUEUE FULL]
[SAMPLE QUEUE FULL]
[SAMPLE QUEUE FULL]
[SAMPLE QUEUE FULL]
[SAMPLE QUEUE FULL]
[SAMPLE QUEUE FULL]
[SAMPLE QUEUE FULL]
[SAMPLE QUEUE FULL]
[SEU] addr=20003184 bit=00000001
[SAMPLE QUEUE FULL]
[SAMPLE QUEUE FULL]
[SAMPLE QUEUE FULL]
[SAMPLE QUEUE FULL]
[SAMPLE QUEUE FULL]
[SAMPLE QUEUE FULL]
[SAMPLE QUEUE FULL]
[SAMPLE QUEUE FULL]
[SEU] addr=200031B3 bit=00000004
[SAMPLE QUEUE FULL]
[SAMPLE QUEUE FULL]
[SAMPLE QUEUE FULL]
[SAMPLE QUEUE FULL]
[SAMPLE QUEUE FULL]
[SAMPLE QUEUE FULL]
[SEU] addr=2000315A bit=00000000
[SAMPLE QUEUE FULL]
[SAMPLE QUEUE FULL]
[SEU] addr=20003170 bit=00000002
[SAMPLE QUEUE FULL]
[SAMPLE QUEUE FULL]
[SAMPLE QUEUE FULL]
[SAMPLE QUEUE FULL]
[SAMPLE QUEUE FULL]
[SEU] addr=20003194 bit=00000007
[SAMPLE QUEUE FULL]
[SAMPLE QUEUE FULL]
[SAMPLE QUEUE FULL]
[SAMPLE QUEUE FULL]
[SAMPLE QUEUE FULL]
[SEU] addr=2000316A bit=00000001
[SAMPLE QUEUE FULL]
[SAMPLE QUEUE FULL]
[SEU] addr=20003180 bit=00000007
[SAMPLE QUEUE FULL]
[SAMPLE QUEUE FULL]
[SAMPLE QUEUE FULL]
[SAMPLE QUEUE FULL]
[SEU] addr=20003184 bit=00000005
[SAMPLE QUEUE FULL]
[SAMPLE QUEUE FULL]
[SAMPLE QUEUE FULL]
[SAMPLE QUEUE FULL]
[SEU] addr=2000314C bit=00000005
[SAMPLE QUEUE FULL]
[SAMPLE QUEUE FULL]
[SAMPLE QUEUE FULL]
[SAMPLE QUEUE FULL]
[SAMPLE QUEUE FULL]
[SAMPLE QUEUE FULL]
[SAMPLE QUEUE FULL]
[SAMPLE QUEUE FULL]
[SEU] addr=20003144 bit=00000003
[SAMPLE QUEUE FULL]
[SAMPLE QUEUE FULL]
[SAMPLE QUEUE FULL]
[SEU] addr=200031AE bit=00000000
[SAMPLE QUEUE FULL]
[SAMPLE QUEUE FULL]
[SAMPLE QUEUE FULL]
[SAMPLE QUEUE FULL]
[SAMPLE QUEUE FULL]
[SAMPLE QUEUE FULL]
[SAMPLE QUEUE FULL]
[SEU] addr=20003144 bit=00000003
[SAMPLE QUEUE FULL]
[SAMPLE QUEUE FULL]
[SAMPLE QUEUE FULL]
[SAMPLE QUEUE FULL]
[SAMPLE QUEUE FULL]
[SAMPLE QUEUE FULL]
[SAMPLE QUEUE FULL]
[SAMPLE QUEUE FULL]
[SAMPLE QUEUE FULL]
[SEU] addr=20003199 bit=00000004
[SAMPLE QUEUE FULL]
[SEU] addr=2000318D bit=00000006
[SAMPLE QUEUE FULL]
[SAMPLE QUEUE FULL]
[SAMPLE QUEUE FULL]
[SAMPLE QUEUE FULL]
[SAMPLE QUEUE FULL]
[SEU] addr=2000314C bit=00000005
[SAMPLE QUEUE FULL]
[SAMPLE QUEUE FULL]
[SAMPLE QUEUE FULL]
[SAMPLE QUEUE FULL]
[SAMPLE QUEUE FULL]
[SEU] addr=2000318A bit=00000003
[SAMPLE QUEUE FULL]
[SAMPLE QUEUE FULL]
[SAMPLE QUEUE FULL]
[SAMPLE QUEUE FULL]
[SAMPLE QUEUE FULL]
[SAMPLE QUEUE FULL]
[SAMPLE QUEUE FULL]
[SEU] addr=2000314E bit=00000003
[SAMPLE QUEUE FULL]
[SAMPLE QUEUE FULL]
[SAMPLE QUEUE FULL]
[SAMPLE QUEUE FULL]
[SEU] addr=20003198 bit=00000005
[SAMPLE QUEUE FULL]
[SAMPLE QUEUE FULL]
[SAMPLE QUEUE FULL]
[SEU] addr=20003199 bit=00000002
[SAMPLE QUEUE FULL]
[SEU] addr=200031A6 bit=00000007
[SAMPLE QUEUE FULL]
[SAMPLE QUEUE FULL]
[SAMPLE QUEUE FULL]
[SAMPLE QUEUE FULL]
[SAMPLE QUEUE FULL]
[SAMPLE QUEUE FULL]
[SAMPLE QUEUE FULL]
[SEU] addr=200031BD bit=00000001
[SAMPLE QUEUE FULL]
[SAMPLE QUEUE FULL]
[SAMPLE QUEUE FULL]
[SAMPLE QUEUE FULL]
[SAMPLE QUEUE FULL]
[SAMPLE QUEUE FULL]
[SAMPLE QUEUE FULL]
[SAMPLE QUEUE FULL]
[SAMPLE QUEUE FULL]
[SEU] addr=200031A1 bit=00000005
[SAMPLE QUEUE FULL]
[SAMPLE QUEUE FULL]
[SAMPLE QUEUE FULL]
[SAMPLE QUEUE FULL]
[SAMPLE QUEUE FULL]
[SAMPLE QUEUE FULL]
[SAMPLE QUEUE FULL]
[SAMPLE QUEUE FULL]
[SAMPLE QUEUE FULL]
[SEU] addr=20003168 bit=00000003
[SAMPLE QUEUE FULL]
[SEU] addr=20003162 bit=00000000
[SAMPLE QUEUE FULL]
[SAMPLE QUEUE FULL]
[SAMPLE QUEUE FULL]
[SAMPLE QUEUE FULL]
[SAMPLE QUEUE FULL]
[SAMPLE QUEUE FULL]
[SAMPLE QUEUE FULL]
[SAMPLE QUEUE FULL]
[SAMPLE QUEUE FULL]
[SEU] addr=2000314D bit=00000001
[SAMPLE QUEUE FULL]
[SAMPLE QUEUE FULL]
[SAMPLE QUEUE FULL]
[SAMPLE QUEUE FULL]
[SEU] addr=200031A2 bit=00000003
[SAMPLE QUEUE FULL]
[SAMPLE QUEUE FULL]
[SEU] addr=20003169 bit=00000005
[SAMPLE QUEUE FULL]
[SAMPLE QUEUE FULL]
[SAMPLE QUEUE FULL]
[SAMPLE QUEUE FULL]
[SAMPLE QUEUE FULL]
[SAMPLE QUEUE FULL]
[SEU] addr=20003183 bit=00000003
[SAMPLE QUEUE FULL]
[SAMPLE QUEUE FULL]
[SAMPLE QUEUE FULL]
[SAMPLE QUEUE FULL]
[SAMPLE QUEUE FULL]
[SAMPLE QUEUE FULL]
[SAMPLE QUEUE FULL]
[SEU] addr=2000319F bit=00000003
[SAMPLE QUEUE FULL]
[SAMPLE QUEUE FULL]
[SAMPLE QUEUE FULL]
[SAMPLE QUEUE FULL]
[SAMPLE QUEUE FULL]
[SAMPLE QUEUE FULL]
[SEU] addr=20003156 bit=00000006
[SAMPLE QUEUE FULL]
[SAMPLE QUEUE FULL]
[SAMPLE QUEUE FULL]
[SAMPLE QUEUE FULL]
[SEU] addr=2000319D bit=00000004
[SAMPLE QUEUE FULL]
[SAMPLE QUEUE FULL]
[SAMPLE QUEUE FULL]
[SAMPLE QUEUE FULL]
[SAMPLE QUEUE FULL]
[SAMPLE QUEUE FULL]
[SAMPLE QUEUE FULL]
[SAMPLE QUEUE FULL]
[SAMPLE QUEUE FULL]
[SAMPLE QUEUE FULL]
[SEU] addr=200031A8 bit=00000002
[SAMPLE QUEUE FULL]
[SAMPLE QUEUE FULL]
[SAMPLE QUEUE FULL]
[SAMPLE QUEUE FULL]
[SEU] addr=200031BB bit=00000001
[SAMPLE QUEUE FULL]
[SAMPLE QUEUE FULL]
[SAMPLE QUEUE FULL]
[SAMPLE QUEUE FULL]
[SEU] addr=20003156 bit=00000007
[SAMPLE QUEUE FULL]
[SAMPLE QUEUE FULL]
[SAMPLE QUEUE FULL]
[SAMPLE QUEUE FULL]
[SAMPLE QUEUE FULL]
[SAMPLE QUEUE FULL]
[SAMPLE QUEUE FULL]
[SAMPLE QUEUE FULL]
[SEU] addr=2000316E bit=00000002
[SAMPLE QUEUE FULL]
[SAMPLE QUEUE FULL]
[SAMPLE QUEUE FULL]
[SAMPLE QUEUE FULL]
[SAMPLE QUEUE FULL]
[SAMPLE QUEUE FULL]
[SAMPLE QUEUE FULL]
[SAMPLE QUEUE FULL]
[SEU] addr=200031AB bit=00000000
[SAMPLE QUEUE FULL]
[SAMPLE QUEUE FULL]
[SAMPLE QUEUE FULL]
[SAMPLE QUEUE FULL]
[SAMPLE QUEUE FULL]
[SAMPLE QUEUE FULL]
[SAMPLE QUEUE FULL]
[SAMPLE QUEUE FULL]
[SEU] addr=20003157 bit=00000002
[SAMPLE QUEUE FULL]
[SAMPLE QUEUE FULL]
[SAMPLE QUEUE FULL]
[SAMPLE QUEUE FULL]
[SEU] addr=2000318C bit=00000001
[SAMPLE QUEUE FULL]
[SAMPLE QUEUE FULL]
[SAMPLE QUEUE FULL]
[SAMPLE QUEUE FULL]
[SAMPLE QUEUE FULL]
[SEU] addr=20003184 bit=00000005
[SAMPLE QUEUE FULL]
[SAMPLE QUEUE FULL]
[SAMPLE QUEUE FULL]
[SAMPLE QUEUE FULL]
[SAMPLE QUEUE FULL]
[SAMPLE QUEUE FULL]
[SAMPLE QUEUE FULL]
[SEU] addr=20003166 bit=00000005
[SAMPLE QUEUE FULL]
[SAMPLE QUEUE FULL]
[SEU] addr=2000317E bit=00000001
[SAMPLE QUEUE FULL]
[SAMPLE QUEUE FULL]
[SAMPLE QUEUE FULL]
[SAMPLE QUEUE FULL]
[SEU] addr=20003146 bit=00000007
[SAMPLE QUEUE FULL]
[SAMPLE QUEUE FULL]
[SAMPLE QUEUE FULL]
[SAMPLE QUEUE FULL]
[SAMPLE QUEUE FULL]
[SAMPLE QUEUE FULL]
[SAMPLE QUEUE FULL]
[SAMPLE QUEUE FULL]
[SAMPLE QUEUE FULL]
[SAMPLE QUEUE FULL]
[SEU] addr=200031BC bit=00000000
[SAMPLE QUEUE FULL]
[SAMPLE QUEUE FULL]
[SAMPLE QUEUE FULL]
[SAMPLE QUEUE FULL]
[SAMPLE QUEUE FULL]
[SAMPLE QUEUE FULL]
[SAMPLE QUEUE FULL]
[SAMPLE QUEUE FULL]
[SEU] addr=20003185 bit=00000000
[SAMPLE QUEUE FULL]
[SEU] addr=2000317D bit=00000002
[SAMPLE QUEUE FULL]
[SAMPLE QUEUE FULL]
[SAMPLE QUEUE FULL]
[SAMPLE QUEUE FULL]
[SAMPLE QUEUE FULL]
[SAMPLE QUEUE FULL]
[SAMPLE QUEUE FULL]
[SAMPLE QUEUE FULL]
[SEU] addr=2000318D bit=00000003
[SAMPLE QUEUE FULL]
[SAMPLE QUEUE FULL]
[SAMPLE QUEUE FULL]
[SAMPLE QUEUE FULL]
[SAMPLE QUEUE FULL]
[SEU] addr=200031BC bit=00000002
[SAMPLE QUEUE FULL]
[SAMPLE QUEUE FULL]
[SAMPLE QUEUE FULL]
[SAMPLE QUEUE FULL]
[SAMPLE QUEUE FULL]
[SEU] addr=2000319F bit=00000003
[SAMPLE QUEUE FULL]
[SAMPLE QUEUE FULL]
[SAMPLE QUEUE FULL]
[SAMPLE QUEUE FULL]
[SAMPLE QUEUE FULL]
[SEU] addr=20003176 bit=00000006
[SAMPLE QUEUE FULL]
[SAMPLE QUEUE FULL]
[SAMPLE QUEUE FULL]
[SAMPLE QUEUE FULL]
[SEU] addr=20003158 bit=00000002
[SAMPLE QUEUE FULL]
[SAMPLE QUEUE FULL]
[SAMPLE QUEUE FULL]
[SAMPLE QUEUE FULL]
[SAMPLE QUEUE FULL]
[SAMPLE QUEUE FULL]
[SAMPLE QUEUE FULL]
[SAMPLE QUEUE FULL]
[SAMPLE QUEUE FULL]
[SEU] addr=200031A3 bit=00000004
[SAMPLE QUEUE FULL]
[SEU] addr=2000314D bit=00000000
[SAMPLE QUEUE FULL]
[SAMPLE QUEUE FULL]
[SAMPLE QUEUE FULL]
[SEU] addr=20003159 bit=00000003
[SAMPLE QUEUE FULL]
[SAMPLE QUEUE FULL]
[SAMPLE QUEUE FULL]
[SAMPLE QUEUE FULL]
[SAMPLE QUEUE FULL]
[SAMPLE QUEUE FULL]
[SAMPLE QUEUE FULL]
[SAMPLE QUEUE FULL]
[SAMPLE QUEUE FULL]
[SEU] addr=2000318F bit=00000002
[SAMPLE QUEUE FULL]
[SAMPLE QUEUE FULL]
[SAMPLE QUEUE FULL]
[SEU] addr=2000319F bit=00000005
[SAMPLE QUEUE FULL]
[SAMPLE QUEUE FULL]
[SAMPLE QUEUE FULL]
[SEU] addr=200031AD bit=00000003
[SAMPLE QUEUE FULL]
[SAMPLE QUEUE FULL]
[SAMPLE QUEUE FULL]
[SAMPLE QUEUE FULL]
[SAMPLE QUEUE FULL]
[SAMPLE QUEUE FULL]
[SAMPLE QUEUE FULL]
[SAMPLE QUEUE FULL]
[SEU] addr=200031BA bit=00000005
[SAMPLE QUEUE FULL]
[SAMPLE QUEUE FULL]
[SAMPLE QUEUE FULL]
[SAMPLE QUEUE FULL]
[SAMPLE QUEUE FULL]
[SEU] addr=20003169 bit=00000006
[SAMPLE QUEUE FULL]
[SAMPLE QUEUE FULL]
[SAMPLE QUEUE FULL]
[SAMPLE QUEUE FULL]
[SEU] addr=2000315A bit=00000006
[SAMPLE QUEUE FULL]
[SAMPLE QUEUE FULL]
[SAMPLE QUEUE FULL]
[SAMPLE QUEUE FULL]
[SAMPLE QUEUE FULL]
[SAMPLE QUEUE FULL]
[SAMPLE QUEUE FULL]
[SAMPLE QUEUE FULL]
[SAMPLE QUEUE FULL]
[SEU] addr=200031A2 bit=00000002
[SAMPLE QUEUE FULL]
[SAMPLE QUEUE FULL]
[SAMPLE QUEUE FULL]
[SAMPLE QUEUE FULL]
[SAMPLE QUEUE FULL]
[SEU] addr=20003184 bit=00000001
[SAMPLE QUEUE FULL]
[SEU] addr=20003152 bit=00000003
[SAMPLE QUEUE FULL]
[SAMPLE QUEUE FULL]
[SAMPLE QUEUE FULL]
[SAMPLE QUEUE FULL]
[SEU] addr=200031A3 bit=00000003
[SAMPLE QUEUE FULL]
[SAMPLE QUEUE FULL]
[SAMPLE QUEUE FULL]
[SAMPLE QUEUE FULL]
[SAMPLE QUEUE FULL]
[SAMPLE QUEUE FULL]
[SAMPLE QUEUE FULL]
[SAMPLE QUEUE FULL]
[SAMPLE QUEUE FULL]
[SEU] addr=20003150 bit=00000006
[SAMPLE QUEUE FULL]
[SAMPLE QUEUE FULL]
[SAMPLE QUEUE FULL]
[SAMPLE QUEUE FULL]
[SAMPLE QUEUE FULL]
[SAMPLE QUEUE FULL]
[SAMPLE QUEUE FULL]
[SAMPLE QUEUE FULL]
[SAMPLE QUEUE FULL]
[SEU] addr=20003167 bit=00000000
[SAMPLE QUEUE FULL]
[SAMPLE QUEUE FULL]
[SAMPLE QUEUE FULL]
[SAMPLE QUEUE FULL]
[SAMPLE QUEUE FULL]
[SAMPLE QUEUE FULL]
[SAMPLE QUEUE FULL]
[SAMPLE QUEUE FULL]
[SAMPLE QUEUE FULL]
[SEU] addr=200031BE bit=00000001
[SAMPLE QUEUE FULL]
[SAMPLE QUEUE FULL]
[SAMPLE QUEUE FULL]
[SAMPLE QUEUE FULL]
[SAMPLE QUEUE FULL]
[SAMPLE QUEUE FULL]
[SAMPLE QUEUE FULL]
[SAMPLE QUEUE FULL]
[SEU] addr=20003182 bit=00000004
[SAMPLE QUEUE FULL]
[SAMPLE QUEUE FULL]
[SAMPLE QUEUE FULL]
[SAMPLE QUEUE FULL]
[SAMPLE QUEUE FULL]
[SAMPLE QUEUE FULL]
[SAMPLE QUEUE FULL]
[SAMPLE QUEUE FULL]
[SAMPLE QUEUE FULL]
[SEU] addr=20003155 bit=00000003
[SAMPLE QUEUE FULL]
[SAMPLE QUEUE FULL]
[SAMPLE QUEUE FULL]
[SAMPLE QUEUE FULL]
[SAMPLE QUEUE FULL]
[SAMPLE QUEUE FULL]
[SAMPLE QUEUE FULL]
[SAMPLE QUEUE FULL]
[SEU] addr=200031B6 bit=00000004
[SAMPLE QUEUE FULL]
[SAMPLE QUEUE FULL]
[SAMPLE QUEUE FULL]
[SAMPLE QUEUE FULL]
[SAMPLE QUEUE FULL]
[SAMPLE QUEUE FULL]
[SAMPLE QUEUE FULL]
[SEU] addr=200031AF bit=00000002
[SAMPLE QUEUE FULL]
[SAMPLE QUEUE FULL]
[SAMPLE QUEUE FULL]
[SAMPLE QUEUE FULL]
[SAMPLE QUEUE FULL]
[SEU] addr=200031AF bit=00000007
[SAMPLE QUEUE FULL]
[SAMPLE QUEUE FULL]
[SAMPLE QUEUE FULL]
[SAMPLE QUEUE FULL]
[SAMPLE QUEUE FULL]
[SEU] addr=2000316D bit=00000006
[SAMPLE QUEUE FULL]
[SAMPLE QUEUE FULL]
[SAMPLE QUEUE FULL]
[SAMPLE QUEUE FULL]
[SAMPLE QUEUE FULL]
[SAMPLE QUEUE FULL]
[SEU] addr=200031AA bit=00000001
[SAMPLE QUEUE FULL]
[SAMPLE QUEUE FULL]
[SAMPLE QUEUE FULL]
[SAMPLE QUEUE FULL]
[SAMPLE QUEUE FULL]
[SAMPLE QUEUE FULL]
[SAMPLE QUEUE FULL]
[SAMPLE QUEUE FULL]
[SEU] addr=2000315A bit=00000002
[SAMPLE QUEUE FULL]
[SAMPLE QUEUE FULL]
[SAMPLE QUEUE FULL]
[SEU] addr=20003165 bit=00000007
[SAMPLE QUEUE FULL]
[SAMPLE QUEUE FULL]
[SEU] addr=200031AB bit=00000000
[SAMPLE QUEUE FULL]
[SAMPLE QUEUE FULL]
[SAMPLE QUEUE FULL]
[SAMPLE QUEUE FULL]
[SAMPLE QUEUE FULL]
[SAMPLE QUEUE FULL]
[SAMPLE QUEUE FULL]
[SAMPLE QUEUE FULL]
[SEU] addr=200031B9 bit=00000000
[SAMPLE QUEUE FULL]
[SAMPLE QUEUE FULL]
[SAMPLE QUEUE FULL]
[SAMPLE QUEUE FULL]
[SAMPLE QUEUE FULL]
[SAMPLE QUEUE FULL]
[SAMPLE QUEUE FULL]
[SAMPLE QUEUE FULL]
[SAMPLE QUEUE FULL]
[SEU] addr=2000319A bit=00000003
[SAMPLE QUEUE FULL]
[SAMPLE QUEUE FULL]
[SEU] addr=2000319A bit=00000006
[SAMPLE QUEUE FULL]
[SEU] addr=20003188 bit=00000000
[SAMPLE QUEUE FULL]
[SAMPLE QUEUE FULL]
[SAMPLE QUEUE FULL]
[SAMPLE QUEUE FULL]
[SEU] addr=2000314A bit=00000001
[SAMPLE QUEUE FULL]
[SAMPLE QUEUE FULL]
[SAMPLE QUEUE FULL]
[SAMPLE QUEUE FULL]
[SAMPLE QUEUE FULL]
[SAMPLE QUEUE FULL]
[SEU] addr=200031B9 bit=00000003
[SAMPLE QUEUE FULL]
[SAMPLE QUEUE FULL]
[SAMPLE QUEUE FULL]
[SAMPLE QUEUE FULL]
[SAMPLE QUEUE FULL]
[SEU] addr=20003177 bit=00000005
[SAMPLE QUEUE FULL]
[SAMPLE QUEUE FULL]
[SAMPLE QUEUE FULL]
[SAMPLE QUEUE FULL]
[SAMPLE QUEUE FULL]
[SAMPLE QUEUE FULL]
[SAMPLE QUEUE FULL]
[SAMPLE QUEUE FULL]
[SAMPLE QUEUE FULL]
[SEU] addr=2000316D bit=00000005
[SAMPLE QUEUE FULL]
[SAMPLE QUEUE FULL]
[SAMPLE QUEUE FULL]
[SAMPLE QUEUE FULL]
[SAMPLE QUEUE FULL]
[SAMPLE QUEUE FULL]
[SAMPLE QUEUE FULL]
[SAMPLE QUEUE FULL]
[SEU] addr=20003194 bit=00000000
[SAMPLE QUEUE FULL]
[SAMPLE QUEUE FULL]
[SAMPLE QUEUE FULL]
[SAMPLE QUEUE FULL]
[SAMPLE QUEUE FULL]
[SAMPLE QUEUE FULL]
[SAMPLE QUEUE FULL]
[SAMPLE QUEUE FULL]
[SAMPLE QUEUE FULL]
[SEU] addr=20003147 bit=00000003
[SAMPLE QUEUE FULL]
[SAMPLE QUEUE FULL]
[SEU] addr=20003197 bit=00000000
[SAMPLE QUEUE FULL]
[SAMPLE QUEUE FULL]
[SAMPLE QUEUE FULL]
[SEU] addr=20003184 bit=00000007
[SAMPLE QUEUE FULL]
[SAMPLE QUEUE FULL]
[SAMPLE QUEUE FULL]
[SAMPLE QUEUE FULL]
[SAMPLE QUEUE FULL]
[SAMPLE QUEUE FULL]
[SEU] addr=20003153 bit=00000003
[SAMPLE QUEUE FULL]
[SAMPLE QUEUE FULL]
[SAMPLE QUEUE FULL]
[SAMPLE QUEUE FULL]
[SAMPLE QUEUE FULL]
[SEU] addr=20003165 bit=00000004
[SAMPLE QUEUE FULL]
[SAMPLE QUEUE FULL]
[SAMPLE QUEUE FULL]
[SEU] addr=2000315B bit=00000001
[SAMPLE QUEUE FULL]
[SAMPLE QUEUE FULL]
[SEU] addr=20003191 bit=00000002
[SAMPLE QUEUE FULL]
[SEU] addr=20003191 bit=00000004
[SAMPLE QUEUE FULL]
[SAMPLE QUEUE FULL]
[SAMPLE QUEUE FULL]
[SAMPLE QUEUE FULL]
[SAMPLE QUEUE FULL]
[SEU] addr=20003153 bit=00000001
[SAMPLE QUEUE FULL]
[SAMPLE QUEUE FULL]
[SAMPLE QUEUE FULL]
[SEU] addr=20003184 bit=00000001
[SAMPLE QUEUE FULL]
[SAMPLE QUEUE FULL]
[SAMPLE QUEUE FULL]
[SAMPLE QUEUE FULL]
[SAMPLE QUEUE FULL]
[SEU] addr=200031B4 bit=00000004
[SAMPLE QUEUE FULL]
[SAMPLE QUEUE FULL]
[SAMPLE QUEUE FULL]
[SAMPLE QUEUE FULL]
[SAMPLE QUEUE FULL]
[SEU] addr=2000319D bit=00000004
[SAMPLE QUEUE FULL]
[SAMPLE QUEUE FULL]
[SEU] addr=2000317A bit=00000004
[SAMPLE QUEUE FULL]
[SAMPLE QUEUE FULL]
[SAMPLE QUEUE FULL]
[SEU] addr=20003199 bit=00000005
[SAMPLE QUEUE FULL]
[SAMPLE QUEUE FULL]
[SAMPLE QUEUE FULL]
[SAMPLE QUEUE FULL]
[SAMPLE QUEUE FULL]
[SAMPLE QUEUE FULL]
[SAMPLE QUEUE FULL]
[SEU] addr=20003197 bit=00000002
[SAMPLE QUEUE FULL]
[SAMPLE QUEUE FULL]
[SAMPLE QUEUE FULL]
[SAMPLE QUEUE FULL]
[SAMPLE QUEUE FULL]
[SAMPLE QUEUE FULL]
[SAMPLE QUEUE FULL]
[SAMPLE QUEUE FULL]
[SEU] addr=20003153 bit=00000001
[SAMPLE QUEUE FULL]
[SEU] addr=2000317D bit=00000001
[SAMPLE QUEUE FULL]
[SAMPLE QUEUE FULL]
[SAMPLE QUEUE FULL]
[SAMPLE QUEUE FULL]
[SEU] addr=20003152 bit=00000001
[SAMPLE QUEUE FULL]
[SAMPLE QUEUE FULL]
[SEU] addr=20003149 bit=00000000
[SAMPLE QUEUE FULL]
[SAMPLE QUEUE FULL]
[SAMPLE QUEUE FULL]
[SAMPLE QUEUE FULL]
[SAMPLE QUEUE FULL]
[SEU] addr=2000314E bit=00000001
[SAMPLE QUEUE FULL]
[SAMPLE QUEUE FULL]
[SAMPLE QUEUE FULL]
[SAMPLE QUEUE FULL]
[SAMPLE QUEUE FULL]
[SAMPLE QUEUE FULL]
[SAMPLE QUEUE FULL]
[SAMPLE QUEUE FULL]
[SAMPLE QUEUE FULL]
[SEU] addr=200031AF bit=00000003
[SAMPLE QUEUE FULL]
[SAMPLE QUEUE FULL]
[SEU] addr=20003168 bit=00000001
[SAMPLE QUEUE FULL]
[SAMPLE QUEUE FULL]
[SAMPLE QUEUE FULL]
[SAMPLE QUEUE FULL]
[SAMPLE QUEUE FULL]
[SEU] addr=20003193 bit=00000007
[SAMPLE QUEUE FULL]
[SAMPLE QUEUE FULL]
[SAMPLE QUEUE FULL]
[SEU] addr=2000318B bit=00000002
[SAMPLE QUEUE FULL]
[SAMPLE QUEUE FULL]
[SAMPLE QUEUE FULL]
[SEU] addr=200031BA bit=00000000
[SAMPLE QUEUE FULL]
[SAMPLE QUEUE FULL]
[SAMPLE QUEUE FULL]
[SAMPLE QUEUE FULL]
[SAMPLE QUEUE FULL]
[SAMPLE QUEUE FULL]
[SAMPLE QUEUE FULL]
[SAMPLE QUEUE FULL]
[SAMPLE QUEUE FULL]
[SAMPLE QUEUE FULL]
[SEU] addr=200031BB bit=00000000
[SAMPLE QUEUE FULL]
[SAMPLE QUEUE FULL]
[SAMPLE QUEUE FULL]
[SAMPLE QUEUE FULL]
[SAMPLE QUEUE FULL]
[SAMPLE QUEUE FULL]
[SAMPLE QUEUE FULL]
[SAMPLE QUEUE FULL]
[SEU] addr=200031B2 bit=00000000
[SAMPLE QUEUE FULL]
[SAMPLE QUEUE FULL]
[SAMPLE QUEUE FULL]
[SAMPLE QUEUE FULL]
[SEU] addr=20003188 bit=00000004
[SAMPLE QUEUE FULL]
[SAMPLE QUEUE FULL]
[SAMPLE QUEUE FULL]
[SAMPLE QUEUE FULL]
[SAMPLE QUEUE FULL]
[SAMPLE QUEUE FULL]
[SEU] addr=20003190 bit=00000002
[SAMPLE QUEUE FULL]
[SAMPLE QUEUE FULL]
[SAMPLE QUEUE FULL]
[SAMPLE QUEUE FULL]
[SAMPLE QUEUE FULL]
[SEU] addr=2000315F bit=00000001
[SAMPLE QUEUE FULL]
[SAMPLE QUEUE FULL]
[SAMPLE QUEUE FULL]
[SAMPLE QUEUE FULL]
[SAMPLE QUEUE FULL]
[SAMPLE QUEUE FULL]
[SEU] addr=200031B4 bit=00000004
[SAMPLE QUEUE FULL]
[SAMPLE QUEUE FULL]
[SAMPLE QUEUE FULL]
[SAMPLE QUEUE FULL]
[SAMPLE QUEUE FULL]
[SAMPLE QUEUE FULL]
[SEU] addr=200031B2 bit=00000006
[SAMPLE QUEUE FULL]
[SAMPLE QUEUE FULL]
[SEU] addr=20003197 bit=00000000
[SAMPLE QUEUE FULL]
[SAMPLE QUEUE FULL]
[SAMPLE QUEUE FULL]
[SAMPLE QUEUE FULL]
[SAMPLE QUEUE FULL]
[SEU] addr=20003182 bit=00000007
[SAMPLE QUEUE FULL]
[SAMPLE QUEUE FULL]
[SAMPLE QUEUE FULL]
[SAMPLE QUEUE FULL]
[SAMPLE QUEUE FULL]
[SAMPLE QUEUE FULL]
[SEU] addr=20003195 bit=00000006
[SAMPLE QUEUE FULL]
[SAMPLE QUEUE FULL]
[SAMPLE QUEUE FULL]
[SAMPLE QUEUE FULL]
[SAMPLE QUEUE FULL]
[SAMPLE QUEUE FULL]
[SAMPLE QUEUE FULL]
[SAMPLE QUEUE FULL]
[SAMPLE QUEUE FULL]
[SEU] addr=200031BC bit=00000006
[SAMPLE QUEUE FULL]
[SAMPLE QUEUE FULL]
[SAMPLE QUEUE FULL]
[SAMPLE QUEUE FULL]
[SAMPLE QUEUE FULL]
[SAMPLE QUEUE FULL]
[SEU] addr=20003183 bit=00000007
[SAMPLE QUEUE FULL]
[SAMPLE QUEUE FULL]
[SAMPLE QUEUE FULL]
[SAMPLE QUEUE FULL]
[SAMPLE QUEUE FULL]
[SAMPLE QUEUE FULL]
[SAMPLE QUEUE FULL]
[SEU] addr=20003182 bit=00000007
[SAMPLE QUEUE FULL]
[SAMPLE QUEUE FULL]
[SAMPLE QUEUE FULL]
[SAMPLE QUEUE FULL]
[SEU] addr=200031AE bit=00000001
[SAMPLE QUEUE FULL]
[SAMPLE QUEUE FULL]
[SAMPLE QUEUE FULL]
[SAMPLE QUEUE FULL]
[SAMPLE QUEUE FULL]
[SAMPLE QUEUE FULL]
[SAMPLE QUEUE FULL]
[SAMPLE QUEUE FULL]
[SEU] addr=20003165 bit=00000006
[SAMPLE QUEUE FULL]
[SAMPLE QUEUE FULL]
[SAMPLE QUEUE FULL]
[SAMPLE QUEUE FULL]
[SEU] addr=2000317D bit=00000001
[SAMPLE QUEUE FULL]
[SAMPLE QUEUE FULL]
[SAMPLE QUEUE FULL]
[SEU] addr=200031A1 bit=00000006
[SAMPLE QUEUE FULL]
[SAMPLE QUEUE FULL]
[SAMPLE QUEUE FULL]
[SEU] addr=2000319E bit=00000007
[SAMPLE QUEUE FULL]
[SAMPLE QUEUE FULL]
[SAMPLE QUEUE FULL]
[SAMPLE QUEUE FULL]
[SAMPLE QUEUE FULL]
[SEU] addr=20003172 bit=00000002
[SAMPLE QUEUE FULL]
[SAMPLE QUEUE FULL]
[SAMPLE QUEUE FULL]
[SAMPLE QUEUE FULL]
[SAMPLE QUEUE FULL]
[SEU] addr=200031A4 bit=00000002
[SAMPLE QUEUE FULL]
[SAMPLE QUEUE FULL]
[SAMPLE QUEUE FULL]
[SAMPLE QUEUE FULL]
[SEU] addr=20003186 bit=00000001
[SAMPLE QUEUE FULL]
[SAMPLE QUEUE FULL]
[SAMPLE QUEUE FULL]
[SAMPLE QUEUE FULL]
[SAMPLE QUEUE FULL]
[SAMPLE QUEUE FULL]
[SAMPLE QUEUE FULL]
[SEU] addr=20003192 bit=00000002
[SAMPLE QUEUE FULL]
[SAMPLE QUEUE FULL]
[SAMPLE QUEUE FULL]
[SAMPLE QUEUE FULL]
[SAMPLE QUEUE FULL]
[SAMPLE QUEUE FULL]
[SEU] addr=20003149 bit=00000001
[SAMPLE QUEUE FULL]
[SAMPLE QUEUE FULL]
[SAMPLE QUEUE FULL]
[SAMPLE QUEUE FULL]
[SAMPLE QUEUE FULL]
[SEU] addr=200031A8 bit=00000003
[SAMPLE QUEUE FULL]
[SAMPLE QUEUE FULL]
[SAMPLE QUEUE FULL]
[SAMPLE QUEUE FULL]
[SAMPLE QUEUE FULL]
[SAMPLE QUEUE FULL]
[SEU] addr=200031BE bit=00000004
[SAMPLE QUEUE FULL]
[SAMPLE QUEUE FULL]
[SAMPLE QUEUE FULL]
[SAMPLE QUEUE FULL]
[SAMPLE QUEUE FULL]
[SAMPLE QUEUE FULL]
[SAMPLE QUEUE FULL]
[SAMPLE QUEUE FULL]
[SAMPLE QUEUE FULL]
[SAMPLE QUEUE FULL]
[SEU] addr=200031B8 bit=00000000
[SAMPLE QUEUE FULL]
[SAMPLE QUEUE FULL]
[SAMPLE QUEUE FULL]
[SEU] addr=200031BE bit=00000000
[SAMPLE QUEUE FULL]
[SAMPLE QUEUE FULL]
[SAMPLE QUEUE FULL]
[SAMPLE QUEUE FULL]
[SAMPLE QUEUE FULL]
[SAMPLE QUEUE FULL]
[SAMPLE QUEUE FULL]
[SEU] addr=20003171 bit=00000006
[SAMPLE QUEUE FULL]
[SAMPLE QUEUE FULL]
[SAMPLE QUEUE FULL]
[SAMPLE QUEUE FULL]
[SAMPLE QUEUE FULL]
[SAMPLE QUEUE FULL]
[SAMPLE QUEUE FULL]
[SAMPLE QUEUE FULL]
[SEU] addr=20003168 bit=00000002
[SAMPLE QUEUE FULL]
[SAMPLE QUEUE FULL]
[SAMPLE QUEUE FULL]
[SAMPLE QUEUE FULL]
[SAMPLE QUEUE FULL]
[SAMPLE QUEUE FULL]
[SAMPLE QUEUE FULL]
[SEU] addr=200031A3 bit=00000001
[SAMPLE QUEUE FULL]
[SAMPLE QUEUE FULL]
[SAMPLE QUEUE FULL]
[SAMPLE QUEUE FULL]
[SAMPLE QUEUE FULL]
[SAMPLE QUEUE FULL]
[SAMPLE QUEUE FULL]
[SAMPLE QUEUE FULL]
[SAMPLE QUEUE FULL]
[SEU] addr=20003149 bit=00000003
[SAMPLE QUEUE FULL]
[SAMPLE QUEUE FULL]
[SAMPLE QUEUE FULL]
[SAMPLE QUEUE FULL]
[SAMPLE QUEUE FULL]
[SAMPLE QUEUE FULL]
[SEU] addr=20003194 bit=00000002
[SAMPLE QUEUE FULL]
[SAMPLE QUEUE FULL]
[SAMPLE QUEUE FULL]
[SAMPLE QUEUE FULL]
[SAMPLE QUEUE FULL]
[SAMPLE QUEUE FULL]
[SEU] addr=2000316A bit=00000003
[SAMPLE QUEUE FULL]
[SAMPLE QUEUE FULL]
[SEU] addr=200031A8 bit=00000006
[SAMPLE QUEUE FULL]
[SAMPLE QUEUE FULL]
[SEU] addr=200031BC bit=00000004
[SAMPLE QUEUE FULL]
[SAMPLE QUEUE FULL]
[SAMPLE QUEUE FULL]
[SAMPLE QUEUE FULL]
[SAMPLE QUEUE FULL]
[SAMPLE QUEUE FULL]
[SAMPLE QUEUE FULL]
[SAMPLE QUEUE FULL]
[SAMPLE QUEUE FULL]
[SEU] addr=2000317D bit=00000002
[SAMPLE QUEUE FULL]
[SAMPLE QUEUE FULL]
[SAMPLE QUEUE FULL]
[SAMPLE QUEUE FULL]
[SAMPLE QUEUE FULL]
[SEU] addr=200031A6 bit=00000007
[SAMPLE QUEUE FULL]
[SAMPLE QUEUE FULL]
[SAMPLE QUEUE FULL]
[SAMPLE QUEUE FULL]
[SAMPLE QUEUE FULL]
[SAMPLE QUEUE FULL]
[SAMPLE QUEUE FULL]
[SEU] addr=20003165 bit=00000000
[SAMPLE QUEUE FULL]
[SAMPLE QUEUE FULL]
[SAMPLE QUEUE FULL]
[SAMPLE QUEUE FULL]
[SEU] addr=2000318D bit=00000006
[SAMPLE QUEUE FULL]
[SAMPLE QUEUE FULL]
[SEU] addr=20003154 bit=00000002
[SAMPLE QUEUE FULL]
[SAMPLE QUEUE FULL]
[SAMPLE QUEUE FULL]
[SAMPLE QUEUE FULL]
[SAMPLE QUEUE FULL]
[SAMPLE QUEUE FULL]
[SAMPLE QUEUE FULL]
[SAMPLE QUEUE FULL]
[SAMPLE QUEUE FULL]
[SEU] addr=20003181 bit=00000006
[SAMPLE QUEUE FULL]
[SAMPLE QUEUE FULL]
[SAMPLE QUEUE FULL]
[SAMPLE QUEUE FULL]
[SAMPLE QUEUE FULL]
[SAMPLE QUEUE FULL]
[SAMPLE QUEUE FULL]
[SAMPLE QUEUE FULL]
[SEU] addr=20003168 bit=00000007
[SAMPLE QUEUE FULL]
[SEU] addr=2000317E bit=00000004
[SAMPLE QUEUE FULL]
[SAMPLE QUEUE FULL]
[SAMPLE QUEUE FULL]
[SAMPLE QUEUE FULL]
[SAMPLE QUEUE FULL]
[SAMPLE QUEUE FULL]
[SAMPLE QUEUE FULL]
[SEU] addr=200031BE bit=00000003
[SAMPLE QUEUE FULL]
[SAMPLE QUEUE FULL]
[SAMPLE QUEUE FULL]
[SEU] addr=200031BE bit=00000001
[SAMPLE QUEUE FULL]
[SAMPLE QUEUE FULL]
[SAMPLE QUEUE FULL]
[SAMPLE QUEUE FULL]
[SAMPLE QUEUE FULL]
[SAMPLE QUEUE FULL]
[SEU] addr=20003187 bit=00000005
[SAMPLE QUEUE FULL]
[SAMPLE QUEUE FULL]
[SEU] addr=20003197 bit=00000003
[SAMPLE QUEUE FULL]
[SAMPLE QUEUE FULL]
[SAMPLE QUEUE FULL]
[SAMPLE QUEUE FULL]
[SAMPLE QUEUE FULL]
[SAMPLE QUEUE FULL]
[SAMPLE QUEUE FULL]
[SAMPLE QUEUE FULL]
[SEU] addr=20003145 bit=00000000
[SAMPLE QUEUE FULL]
[SAMPLE QUEUE FULL]
[SAMPLE QUEUE FULL]
[SAMPLE QUEUE FULL]
[SAMPLE QUEUE FULL]
[SAMPLE QUEUE FULL]
[SAMPLE QUEUE FULL]
[SEU] addr=20003150 bit=00000000
[SAMPLE QUEUE FULL]
[SAMPLE QUEUE FULL]
[SAMPLE QUEUE FULL]
[SEU] addr=200031B5 bit=00000003
[SAMPLE QUEUE FULL]
[SAMPLE QUEUE FULL]
[SAMPLE QUEUE FULL]
[SAMPLE QUEUE FULL]
[SAMPLE QUEUE FULL]
[SAMPLE QUEUE FULL]
[SAMPLE QUEUE FULL]
[SAMPLE QUEUE FULL]
[SAMPLE QUEUE FULL]
[SEU] addr=2000315D bit=00000005
[SAMPLE QUEUE FULL]
[SEU] addr=20003168 bit=00000006
[SAMPLE QUEUE FULL]
[SEU] addr=20003156 bit=00000002
[SAMPLE QUEUE FULL]
[SAMPLE QUEUE FULL]
[SAMPLE QUEUE FULL]
[SAMPLE QUEUE FULL]
[SAMPLE QUEUE FULL]
[SEU] addr=2000318D bit=00000005
[SAMPLE QUEUE FULL]
[SAMPLE QUEUE FULL]
[SAMPLE QUEUE FULL]
[SAMPLE QUEUE FULL]
[SAMPLE QUEUE FULL]
[SAMPLE QUEUE FULL]
[SAMPLE QUEUE FULL]
[SAMPLE QUEUE FULL]
[SEU] addr=20003169 bit=00000002
[SAMPLE QUEUE FULL]
[SAMPLE QUEUE FULL]
[SAMPLE QUEUE FULL]
[SAMPLE QUEUE FULL]
[SAMPLE QUEUE FULL]
[SAMPLE QUEUE FULL]
[SAMPLE QUEUE FULL]
[SEU] addr=2000315C bit=00000005
[SAMPLE QUEUE FULL]
[SAMPLE QUEUE FULL]
[SAMPLE QUEUE FULL]
[SAMPLE QUEUE FULL]
[SAMPLE QUEUE FULL]
[SAMPLE QUEUE FULL]
[SAMPLE QUEUE FULL]
[SEU] addr=200031B8 bit=00000006
[SAMPLE QUEUE FULL]
[SAMPLE QUEUE FULL]
[SAMPLE QUEUE FULL]
[SAMPLE QUEUE FULL]
[SAMPLE QUEUE FULL]
[SAMPLE QUEUE FULL]
[SEU] addr=20003193 bit=00000003
[SAMPLE QUEUE FULL]
[SAMPLE QUEUE FULL]
[SAMPLE QUEUE FULL]
[SAMPLE QUEUE FULL]
[SAMPLE QUEUE FULL]
[SAMPLE QUEUE FULL]
[SAMPLE QUEUE FULL]
[SAMPLE QUEUE FULL]
[SAMPLE QUEUE FULL]
[SEU] addr=20003192 bit=00000007
[SAMPLE QUEUE FULL]
[SAMPLE QUEUE FULL]
[SAMPLE QUEUE FULL]
[SAMPLE QUEUE FULL]
[SAMPLE QUEUE FULL]
[SAMPLE QUEUE FULL]
[SAMPLE QUEUE FULL]
[SAMPLE QUEUE FULL]
[SAMPLE QUEUE FULL]
[SEU] addr=2000316A bit=00000001
[SAMPLE QUEUE FULL]
[SAMPLE QUEUE FULL]
[SAMPLE QUEUE FULL]
[SAMPLE QUEUE FULL]
[SAMPLE QUEUE FULL]
[SAMPLE QUEUE FULL]
[SAMPLE QUEUE FULL]
[SAMPLE QUEUE FULL]
[SAMPLE QUEUE FULL]
[SEU] addr=2000315F bit=00000001
[SAMPLE QUEUE FULL]
[SAMPLE QUEUE FULL]
[SEU] addr=200031AE bit=00000003
[SAMPLE QUEUE FULL]
[SAMPLE QUEUE FULL]
[SAMPLE QUEUE FULL]
[SAMPLE QUEUE FULL]
[SAMPLE QUEUE FULL]
[SAMPLE QUEUE FULL]
[SEU] addr=200031B5 bit=00000005
[SAMPLE QUEUE FULL]
[SAMPLE QUEUE FULL]
[SAMPLE QUEUE FULL]
[SAMPLE QUEUE FULL]
[SEU] addr=20003151 bit=00000003
[SAMPLE QUEUE FULL]
[SAMPLE QUEUE FULL]
[SAMPLE QUEUE FULL]
[SAMPLE QUEUE FULL]
[SAMPLE QUEUE FULL]
[SAMPLE QUEUE FULL]
[SAMPLE QUEUE FULL]
[SAMPLE QUEUE FULL]
[SAMPLE QUEUE FULL]
[SAMPLE QUEUE FULL]
[SEU] addr=20003155 bit=00000002
[SAMPLE QUEUE FULL]
[SAMPLE QUEUE FULL]
[SAMPLE QUEUE FULL]
[SAMPLE QUEUE FULL]
[SAMPLE QUEUE FULL]
[SAMPLE QUEUE FULL]
[SAMPLE QUEUE FULL]
[SEU] addr=200031A8 bit=00000004
[SAMPLE QUEUE FULL]
[SAMPLE QUEUE FULL]
[SAMPLE QUEUE FULL]
[SAMPLE QUEUE FULL]
[SAMPLE QUEUE FULL]
[SAMPLE QUEUE FULL]
[SEU] addr=200031A4 bit=00000003
[SAMPLE QUEUE FULL]
[SAMPLE QUEUE FULL]
[SEU] addr=200031A2 bit=00000000
[SAMPLE QUEUE FULL]
[SAMPLE QUEUE FULL]
[SAMPLE QUEUE FULL]
[SAMPLE QUEUE FULL]
[SAMPLE QUEUE FULL]
[SAMPLE QUEUE FULL]
[SAMPLE QUEUE FULL]
[SAMPLE QUEUE FULL]
[SAMPLE QUEUE FULL]
[SEU] addr=2000319F bit=00000004
[SAMPLE QUEUE FULL]
[SAMPLE QUEUE FULL]
[SAMPLE QUEUE FULL]
[SAMPLE QUEUE FULL]
[SAMPLE QUEUE FULL]
[SAMPLE QUEUE FULL]
[SAMPLE QUEUE FULL]
[SEU] addr=2000317A bit=00000001
[SAMPLE QUEUE FULL]
[SAMPLE QUEUE FULL]
[SEU] addr=2000318B bit=00000000
[SAMPLE QUEUE FULL]
[SAMPLE QUEUE FULL]
[SAMPLE QUEUE FULL]
[SAMPLE QUEUE FULL]
[SAMPLE QUEUE FULL]
[SAMPLE QUEUE FULL]
[SAMPLE QUEUE FULL]
[SAMPLE QUEUE FULL]
[SAMPLE QUEUE FULL]
[SAMPLE QUEUE FULL]
[SEU] addr=2000315D bit=00000007
[SAMPLE QUEUE FULL]
[SAMPLE QUEUE FULL]
[SAMPLE QUEUE FULL]
[SAMPLE QUEUE FULL]
[SAMPLE QUEUE FULL]
[SAMPLE QUEUE FULL]
[SAMPLE QUEUE FULL]
[SAMPLE QUEUE FULL]
[SEU] addr=200031B2 bit=00000003
[SAMPLE QUEUE FULL]
[SAMPLE QUEUE FULL]
[SAMPLE QUEUE FULL]
[SAMPLE QUEUE FULL]
[SAMPLE QUEUE FULL]
[SEU] addr=2000319E bit=00000006
[SAMPLE QUEUE FULL]
[SAMPLE QUEUE FULL]
[SAMPLE QUEUE FULL]
[SAMPLE QUEUE FULL]
[SAMPLE QUEUE FULL]
[SAMPLE QUEUE FULL]
[SAMPLE QUEUE FULL]
[SEU] addr=20003160 bit=00000003
[SAMPLE QUEUE FULL]
[SAMPLE QUEUE FULL]
[SAMPLE QUEUE FULL]
[SAMPLE QUEUE FULL]
[SAMPLE QUEUE FULL]
[SAMPLE QUEUE FULL]
[SEU] addr=200031B0 bit=00000006
[SAMPLE QUEUE FULL]
[SAMPLE QUEUE FULL]
[SAMPLE QUEUE FULL]
[SAMPLE QUEUE FULL]
[SAMPLE QUEUE FULL]
[SAMPLE QUEUE FULL]
[SAMPLE QUEUE FULL]
[SAMPLE QUEUE FULL]
[SAMPLE QUEUE FULL]
[SAMPLE QUEUE FULL]
[SEU] addr=200031B2 bit=00000007
[SAMPLE QUEUE FULL]
[SAMPLE QUEUE FULL]
[SAMPLE QUEUE FULL]
[SAMPLE QUEUE FULL]
[SAMPLE QUEUE FULL]
[SAMPLE QUEUE FULL]
[SAMPLE QUEUE FULL]
[SAMPLE QUEUE FULL]
[SAMPLE QUEUE FULL]
[SEU] addr=20003160 bit=00000000
[SAMPLE QUEUE FULL]
[SAMPLE QUEUE FULL]
[SAMPLE QUEUE FULL]
[SAMPLE QUEUE FULL]
[SAMPLE QUEUE FULL]
[SAMPLE QUEUE FULL]
[SAMPLE QUEUE FULL]
[SEU] addr=200031B3 bit=00000001
[SAMPLE QUEUE FULL]
[SAMPLE QUEUE FULL]
[SAMPLE QUEUE FULL]
[SAMPLE QUEUE FULL]
[SAMPLE QUEUE FULL]
[SAMPLE QUEUE FULL]
[SAMPLE QUEUE FULL]
[SAMPLE QUEUE FULL]
[SAMPLE QUEUE FULL]
[SAMPLE QUEUE FULL]
[SEU] addr=20003146 bit=00000005
[SAMPLE QUEUE FULL]
[SAMPLE QUEUE FULL]
[SAMPLE QUEUE FULL]
[SEU] addr=20003171 bit=00000003
[SAMPLE QUEUE FULL]
[SAMPLE QUEUE FULL]
[SAMPLE QUEUE FULL]
[SAMPLE QUEUE FULL]
[SAMPLE QUEUE FULL]
[SAMPLE QUEUE FULL]
[SEU] addr=20003181 bit=00000002
[SAMPLE QUEUE FULL]
[SAMPLE QUEUE FULL]
[SAMPLE QUEUE FULL]
[SAMPLE QUEUE FULL]
[SAMPLE QUEUE FULL]
[SAMPLE QUEUE FULL]
[SAMPLE QUEUE FULL]
[SEU] addr=20003163 bit=00000007
[SAMPLE QUEUE FULL]
[SAMPLE QUEUE FULL]
[SAMPLE QUEUE FULL]
[SAMPLE QUEUE FULL]
[SAMPLE QUEUE FULL]
[SAMPLE QUEUE FULL]
[SAMPLE QUEUE FULL]
[SAMPLE QUEUE FULL]
[SAMPLE QUEUE FULL]
[SEU] addr=20003186 bit=00000005
[SAMPLE QUEUE FULL]
[SAMPLE QUEUE FULL]
[SAMPLE QUEUE FULL]
[SEU] addr=200031B5 bit=00000004
[SAMPLE QUEUE FULL]
[SAMPLE QUEUE FULL]
[SEU] addr=2000314F bit=00000003
[SAMPLE QUEUE FULL]
[SAMPLE QUEUE FULL]
[SAMPLE QUEUE FULL]
[SAMPLE QUEUE FULL]
[SAMPLE QUEUE FULL]
[SAMPLE QUEUE FULL]
[SAMPLE QUEUE FULL]
[SEU] addr=20003151 bit=00000006
[SAMPLE QUEUE FULL]
[SAMPLE QUEUE FULL]
[SAMPLE QUEUE FULL]
[SAMPLE QUEUE FULL]
[SAMPLE QUEUE FULL]
[SAMPLE QUEUE FULL]
[SAMPLE QUEUE FULL]
[SAMPLE QUEUE FULL]
[SAMPLE QUEUE FULL]
[SAMPLE QUEUE FULL]
[SEU] addr=20003161 bit=00000003
[SAMPLE QUEUE FULL]
[SAMPLE QUEUE FULL]
[SAMPLE QUEUE FULL]
[SAMPLE QUEUE FULL]
[SAMPLE QUEUE FULL]
[SAMPLE QUEUE FULL]
[SAMPLE QUEUE FULL]
[SEU] addr=200031B7 bit=00000006
[SAMPLE QUEUE FULL]
[SAMPLE QUEUE FULL]
[SAMPLE QUEUE FULL]
[SAMPLE QUEUE FULL]
[SAMPLE QUEUE FULL]
[SAMPLE QUEUE FULL]
[SAMPLE QUEUE FULL]
[SEU] addr=200031A0 bit=00000006
[SAMPLE QUEUE FULL]
[SAMPLE QUEUE FULL]
[SAMPLE QUEUE FULL]
[SAMPLE QUEUE FULL]
[SAMPLE QUEUE FULL]
[SAMPLE QUEUE FULL]
[SAMPLE QUEUE FULL]
[SAMPLE QUEUE FULL]
[SAMPLE QUEUE FULL]
[SEU] addr=20003187 bit=00000007
[SAMPLE QUEUE FULL]
[SAMPLE QUEUE FULL]
[SAMPLE QUEUE FULL]
[SAMPLE QUEUE FULL]
[SAMPLE QUEUE FULL]
[SAMPLE QUEUE FULL]
[SEU] addr=200031A8 bit=00000006
[SAMPLE QUEUE FULL]
[SAMPLE QUEUE FULL]
[SAMPLE QUEUE FULL]
[SAMPLE QUEUE FULL]
[SAMPLE QUEUE FULL]
[SAMPLE QUEUE FULL]
[SAMPLE QUEUE FULL]
[SEU] addr=2000314B bit=00000006
[SAMPLE QUEUE FULL]
[SAMPLE QUEUE FULL]
[SAMPLE QUEUE FULL]
[SEU] addr=20003171 bit=00000006
[SAMPLE QUEUE FULL]
[SEU] addr=200031BF bit=00000004
[SAMPLE QUEUE FULL]
[SAMPLE QUEUE FULL]
[SAMPLE QUEUE FULL]
[SAMPLE QUEUE FULL]
[SAMPLE QUEUE FULL]
[SAMPLE QUEUE FULL]
[SEU] addr=2000319F bit=00000000
[SAMPLE QUEUE FULL]
[SAMPLE QUEUE FULL]
[SAMPLE QUEUE FULL]
[SAMPLE QUEUE FULL]
[SAMPLE QUEUE FULL]
[SAMPLE QUEUE FULL]
[SEU] addr=20003152 bit=00000001
[SAMPLE QUEUE FULL]
[SAMPLE QUEUE FULL]
[SAMPLE QUEUE FULL]
[SAMPLE QUEUE FULL]
[SEU] addr=2000316B bit=00000007
[SAMPLE QUEUE FULL]
[SAMPLE QUEUE FULL]
[SAMPLE QUEUE FULL]
[SAMPLE QUEUE FULL]
[SAMPLE QUEUE FULL]
[SAMPLE QUEUE FULL]
[SAMPLE QUEUE FULL]
[SAMPLE QUEUE FULL]
[SEU] addr=200031A9 bit=00000001
[SAMPLE QUEUE FULL]
[SAMPLE QUEUE FULL]
[SAMPLE QUEUE FULL]
[SAMPLE QUEUE FULL]
[SAMPLE QUEUE FULL]
[SEU] addr=200031AB bit=00000003
[SAMPLE QUEUE FULL]
[SAMPLE QUEUE FULL]
[SAMPLE QUEUE FULL]
[SAMPLE QUEUE FULL]
[SAMPLE QUEUE FULL]
[SAMPLE QUEUE FULL]
[SEU] addr=2000319F bit=00000006
[SAMPLE QUEUE FULL]
[SAMPLE QUEUE FULL]
[SAMPLE QUEUE FULL]
[SAMPLE QUEUE FULL]
[SAMPLE QUEUE FULL]
[SAMPLE QUEUE FULL]
[SAMPLE QUEUE FULL]
[SEU] addr=200031B5 bit=00000005
[SAMPLE QUEUE FULL]
[SAMPLE QUEUE FULL]
[SAMPLE QUEUE FULL]
[SAMPLE QUEUE FULL]
[SAMPLE QUEUE FULL]
[SAMPLE QUEUE FULL]
[SAMPLE QUEUE FULL]
[SEU] addr=2000318E bit=00000006
[SAMPLE QUEUE FULL]
[SEU] addr=2000318B bit=00000004
[SAMPLE QUEUE FULL]
[SAMPLE QUEUE FULL]
[SAMPLE QUEUE FULL]
[SAMPLE QUEUE FULL]
[SAMPLE QUEUE FULL]
[SAMPLE QUEUE FULL]
[SEU] addr=20003158 bit=00000007
[SAMPLE QUEUE FULL]
[SAMPLE QUEUE FULL]
[SAMPLE QUEUE FULL]
[SAMPLE QUEUE FULL]
[SEU] addr=2000314A bit=00000002
[SAMPLE QUEUE FULL]
[SAMPLE QUEUE FULL]
[SAMPLE QUEUE FULL]
[SAMPLE QUEUE FULL]
[SAMPLE QUEUE FULL]
[SAMPLE QUEUE FULL]
[SAMPLE QUEUE FULL]
[SAMPLE QUEUE FULL]
[SAMPLE QUEUE FULL]
[SEU] addr=2000319B bit=00000001
[SAMPLE QUEUE FULL]
[SAMPLE QUEUE FULL]
[SAMPLE QUEUE FULL]
[SAMPLE QUEUE FULL]
[SAMPLE QUEUE FULL]
[SAMPLE QUEUE FULL]
[SAMPLE QUEUE FULL]
[SEU] addr=200031B5 bit=00000004
[SAMPLE QUEUE FULL]
[SAMPLE QUEUE FULL]
[SAMPLE QUEUE FULL]
[SEU] addr=200031B2 bit=00000005
[SAMPLE QUEUE FULL]
[SAMPLE QUEUE FULL]
[SAMPLE QUEUE FULL]
[SAMPLE QUEUE FULL]
[SEU] addr=20003181 bit=00000007
[SAMPLE QUEUE FULL]
[SAMPLE QUEUE FULL]
[SAMPLE QUEUE FULL]
[SAMPLE QUEUE FULL]
[SEU] addr=20003152 bit=00000002
[SAMPLE QUEUE FULL]
[SEU] addr=20003191 bit=00000000
[SAMPLE QUEUE FULL]
[SAMPLE QUEUE FULL]
[SEU] addr=2000319D bit=00000007
[SAMPLE QUEUE FULL]
[SAMPLE QUEUE FULL]
[SAMPLE QUEUE FULL]
[SAMPLE QUEUE FULL]
[SAMPLE QUEUE FULL]
[SAMPLE QUEUE FULL]
[SAMPLE QUEUE FULL]
[SAMPLE QUEUE FULL]
[SAMPLE QUEUE FULL]
[SAMPLE QUEUE FULL]
[SEU] addr=2000314C bit=00000001
[SAMPLE QUEUE FULL]
[SAMPLE QUEUE FULL]
[SAMPLE QUEUE FULL]
[SAMPLE QUEUE FULL]
[SAMPLE QUEUE FULL]
[SEU] addr=20003159 bit=00000002
[SAMPLE QUEUE FULL]
[SAMPLE QUEUE FULL]
[SAMPLE QUEUE FULL]
[SAMPLE QUEUE FULL]
[SAMPLE QUEUE FULL]
[SAMPLE QUEUE FULL]
[SAMPLE QUEUE FULL]
[SEU] addr=200031AC bit=00000000
[SAMPLE QUEUE FULL]
[SAMPLE QUEUE FULL]
[SEU] addr=200031AC bit=00000007
[SAMPLE QUEUE FULL]
[SAMPLE QUEUE FULL]
[SAMPLE QUEUE FULL]
[SEU] addr=20003198 bit=00000002
[SAMPLE QUEUE FULL]
[SEU] addr=200031B6 bit=00000001
[SAMPLE QUEUE FULL]
[SAMPLE QUEUE FULL]
[SAMPLE QUEUE FULL]
[SAMPLE QUEUE FULL]
[SAMPLE QUEUE FULL]
[SAMPLE QUEUE FULL]
[SAMPLE QUEUE FULL]
[SAMPLE QUEUE FULL]
[SEU] addr=20003146 bit=00000000
[SAMPLE QUEUE FULL]
[SAMPLE QUEUE FULL]
[SAMPLE QUEUE FULL]
[SAMPLE QUEUE FULL]
[SAMPLE QUEUE FULL]
[SAMPLE QUEUE FULL]
[SEU] addr=20003161 bit=00000002
[SAMPLE QUEUE FULL]
[SAMPLE QUEUE FULL]
[SAMPLE QUEUE FULL]
[SAMPLE QUEUE FULL]
[SAMPLE QUEUE FULL]
[SAMPLE QUEUE FULL]
[SEU] addr=200031A2 bit=00000005
[SAMPLE QUEUE FULL]
[SAMPLE QUEUE FULL]
[SAMPLE QUEUE FULL]
[SEU] addr=20003144 bit=00000007
[SAMPLE QUEUE FULL]
[SAMPLE QUEUE FULL]
[SAMPLE QUEUE FULL]
[SAMPLE QUEUE FULL]
[SAMPLE QUEUE FULL]
[SAMPLE QUEUE FULL]
[SAMPLE QUEUE FULL]
[SAMPLE QUEUE FULL]
[SEU] addr=200031A1 bit=00000005
[SAMPLE QUEUE FULL]
[SAMPLE QUEUE FULL]
[SEU] addr=20003169 bit=00000000
[SAMPLE QUEUE FULL]
[SAMPLE QUEUE FULL]
[SAMPLE QUEUE FULL]
[SAMPLE QUEUE FULL]
[SAMPLE QUEUE FULL]
[SAMPLE QUEUE FULL]
[SAMPLE QUEUE FULL]
[SEU] addr=20003148 bit=00000007
[SAMPLE QUEUE FULL]
[SAMPLE QUEUE FULL]
[SEU] addr=20003197 bit=00000001
[SAMPLE QUEUE FULL]
[SAMPLE QUEUE FULL]
[SEU] addr=2000319E bit=00000002
[SAMPLE QUEUE FULL]
[SAMPLE QUEUE FULL]
[SAMPLE QUEUE FULL]
[SAMPLE QUEUE FULL]
[SAMPLE QUEUE FULL]
[SAMPLE QUEUE FULL]
[SAMPLE QUEUE FULL]
[SEU] addr=20003160 bit=00000001
[SAMPLE QUEUE FULL]
[SAMPLE QUEUE FULL]
[SAMPLE QUEUE FULL]
[SAMPLE QUEUE FULL]
[SAMPLE QUEUE FULL]
[SAMPLE QUEUE FULL]
[SAMPLE QUEUE FULL]
[SEU] addr=2000318D bit=00000003
[SAMPLE QUEUE FULL]
[SAMPLE QUEUE FULL]
[SAMPLE QUEUE FULL]
[SAMPLE QUEUE FULL]
[SAMPLE QUEUE FULL]
[SAMPLE QUEUE FULL]
[SAMPLE QUEUE FULL]
[SAMPLE QUEUE FULL]
[SEU] addr=2000314D bit=00000007
[SAMPLE QUEUE FULL]
[SAMPLE QUEUE FULL]
[SAMPLE QUEUE FULL]
[SAMPLE QUEUE FULL]
[SEU] addr=2000316B bit=00000003
[SAMPLE QUEUE FULL]
[SAMPLE QUEUE FULL]
[SAMPLE QUEUE FULL]
[SAMPLE QUEUE FULL]
[SEU] addr=200031A0 bit=00000005
[SAMPLE QUEUE FULL]
[SAMPLE QUEUE FULL]
[SAMPLE QUEUE FULL]
[SAMPLE QUEUE FULL]
[SAMPLE QUEUE FULL]
[SAMPLE QUEUE FULL]
[SAMPLE QUEUE FULL]
[SAMPLE QUEUE FULL]
[SEU] addr=200031A9 bit=00000007
[SAMPLE QUEUE FULL]
[SAMPLE QUEUE FULL]
[SAMPLE QUEUE FULL]
[SAMPLE QUEUE FULL]
[SAMPLE QUEUE FULL]
[SAMPLE QUEUE FULL]
[SAMPLE QUEUE FULL]
[SAMPLE QUEUE FULL]
[SEU] addr=2000319F bit=00000000
[SAMPLE QUEUE FULL]
[SAMPLE QUEUE FULL]
[SAMPLE QUEUE FULL]
[SAMPLE QUEUE FULL]
[SAMPLE QUEUE FULL]
[SAMPLE QUEUE FULL]
[SAMPLE QUEUE FULL]
[SAMPLE QUEUE FULL]
[SAMPLE QUEUE FULL]
[SEU] addr=2000316F bit=00000006
[SAMPLE QUEUE FULL]
[SAMPLE QUEUE FULL]
[SAMPLE QUEUE FULL]
[SAMPLE QUEUE FULL]
[SAMPLE QUEUE FULL]
[SAMPLE QUEUE FULL]
[SAMPLE QUEUE FULL]
[SEU] addr=20003190 bit=00000000
[SAMPLE QUEUE FULL]
[SAMPLE QUEUE FULL]
[SAMPLE QUEUE FULL]
[SAMPLE QUEUE FULL]
[SAMPLE QUEUE FULL]
[SEU] addr=200031A0 bit=00000003
[SAMPLE QUEUE FULL]
[SAMPLE QUEUE FULL]
[SAMPLE QUEUE FULL]
[SAMPLE QUEUE FULL]
[SAMPLE QUEUE FULL]
[SEU] addr=20003163 bit=00000001
[SAMPLE QUEUE FULL]
[SAMPLE QUEUE FULL]
[SAMPLE QUEUE FULL]
[SAMPLE QUEUE FULL]
[SAMPLE QUEUE FULL]
[SEU] addr=2000316A bit=00000000
[SAMPLE QUEUE FULL]
[SAMPLE QUEUE FULL]
[SAMPLE QUEUE FULL]
[SEU] addr=2000314E bit=00000004
[SAMPLE QUEUE FULL]
[SAMPLE QUEUE FULL]
[SAMPLE QUEUE FULL]
[SAMPLE QUEUE FULL]
[SAMPLE QUEUE FULL]
[SAMPLE QUEUE FULL]
[SAMPLE QUEUE FULL]
[SEU] addr=200031A1 bit=00000002
[SAMPLE QUEUE FULL]
[SAMPLE QUEUE FULL]
[SAMPLE QUEUE FULL]
[SAMPLE QUEUE FULL]
[SAMPLE QUEUE FULL]
[SEU] addr=2000319C bit=00000002
[SAMPLE QUEUE FULL]
[SAMPLE QUEUE FULL]
[SAMPLE QUEUE FULL]
[SAMPLE QUEUE FULL]
[SAMPLE QUEUE FULL]
[SAMPLE QUEUE FULL]
[SAMPLE QUEUE FULL]
[SEU] addr=20003195 bit=00000005
[SAMPLE QUEUE FULL]
[SAMPLE QUEUE FULL]
[SAMPLE QUEUE FULL]
[SEU] addr=200031A4 bit=00000004
[SAMPLE QUEUE FULL]
[SAMPLE QUEUE FULL]
[SAMPLE QUEUE FULL]
[SAMPLE QUEUE FULL]
[SAMPLE QUEUE FULL]
[SAMPLE QUEUE FULL]
[SAMPLE QUEUE FULL]
[SAMPLE QUEUE FULL]
[SAMPLE QUEUE FULL]
[SEU] addr=20003157 bit=00000000
[SAMPLE QUEUE FULL]
[SAMPLE QUEUE FULL]
[SAMPLE QUEUE FULL]
[SAMPLE QUEUE FULL]
[SAMPLE QUEUE FULL]
[SEU] addr=2000317C bit=00000003
[SAMPLE QUEUE FULL]
[SAMPLE QUEUE FULL]
[SAMPLE QUEUE FULL]
[SAMPLE QUEUE FULL]
[SAMPLE QUEUE FULL]
[SAMPLE QUEUE FULL]
[SAMPLE QUEUE FULL]
[SAMPLE QUEUE FULL]
[SAMPLE QUEUE FULL]
[SEU] addr=2000318A bit=00000003
[SAMPLE QUEUE FULL]
[SAMPLE QUEUE FULL]
[SAMPLE QUEUE FULL]
[SAMPLE QUEUE FULL]
[SAMPLE QUEUE FULL]
[SAMPLE QUEUE FULL]
[SAMPLE QUEUE FULL]
[SAMPLE QUEUE FULL]
[SAMPLE QUEUE FULL]
[SAMPLE QUEUE FULL]
[SEU] addr=200031A3 bit=00000001
[SAMPLE QUEUE FULL]
[SAMPLE QUEUE FULL]
[SAMPLE QUEUE FULL]
[SAMPLE QUEUE FULL]
[SAMPLE QUEUE FULL]
[SAMPLE QUEUE FULL]
[SEU] addr=2000314B bit=00000000
[SAMPLE QUEUE FULL]
[SAMPLE QUEUE FULL]
[SEU] addr=20003186 bit=00000005
[SAMPLE QUEUE FULL]
[SAMPLE QUEUE FULL]
[SAMPLE QUEUE FULL]
[SAMPLE QUEUE FULL]
[SAMPLE QUEUE FULL]
[SAMPLE QUEUE FULL]
[SEU] addr=20003167 bit=00000005
[SAMPLE QUEUE FULL]
[SAMPLE QUEUE FULL]
[SAMPLE QUEUE FULL]
[SAMPLE QUEUE FULL]
[SAMPLE QUEUE FULL]
[SAMPLE QUEUE FULL]
[SAMPLE QUEUE FULL]
[SAMPLE QUEUE FULL]
[SAMPLE QUEUE FULL]
[SEU] addr=20003148 bit=00000003
[SAMPLE QUEUE FULL]
[SAMPLE QUEUE FULL]
[SAMPLE QUEUE FULL]
[SAMPLE QUEUE FULL]
[SAMPLE QUEUE FULL]
[SAMPLE QUEUE FULL]
[SAMPLE QUEUE FULL]
[SAMPLE QUEUE FULL]
[SAMPLE QUEUE FULL]
[SEU] addr=2000315F bit=00000007
[SAMPLE QUEUE FULL]
[SAMPLE QUEUE FULL]
[SAMPLE QUEUE FULL]
[SAMPLE QUEUE FULL]
[SAMPLE QUEUE FULL]
[SAMPLE QUEUE FULL]
[SAMPLE QUEUE FULL]
[SEU] addr=20003177 bit=00000000
[SAMPLE QUEUE FULL]
[SAMPLE QUEUE FULL]
[SAMPLE QUEUE FULL]
[SAMPLE QUEUE FULL]
[SAMPLE QUEUE FULL]
[SAMPLE QUEUE FULL]
[SAMPLE QUEUE FULL]
[SAMPLE QUEUE FULL]
[SAMPLE QUEUE FULL]
[SEU] addr=2000314F bit=00000006
[SAMPLE QUEUE FULL]
[SEU] addr=2000314A bit=00000007
[SAMPLE QUEUE FULL]
[SAMPLE QUEUE FULL]
[SAMPLE QUEUE FULL]
[SAMPLE QUEUE FULL]
[SEU] addr=20003164 bit=00000005
[SAMPLE QUEUE FULL]
[SAMPLE QUEUE FULL]
[SAMPLE QUEUE FULL]
[SAMPLE QUEUE FULL]
[SEU] addr=20003153 bit=00000006
[SAMPLE QUEUE FULL]
[SAMPLE QUEUE FULL]
[SAMPLE QUEUE FULL]
[SAMPLE QUEUE FULL]
[SEU] addr=200031BD bit=00000001
[SAMPLE QUEUE FULL]
[SAMPLE QUEUE FULL]
[SEU] addr=20003163 bit=00000006
[SAMPLE QUEUE FULL]
[SAMPLE QUEUE FULL]
[SAMPLE QUEUE FULL]
[SAMPLE QUEUE FULL]
[SAMPLE QUEUE FULL]
[SAMPLE QUEUE FULL]
[SEU] addr=200031A7 bit=00000002
[SAMPLE QUEUE FULL]
[SAMPLE QUEUE FULL]
[SAMPLE QUEUE FULL]
[SAMPLE QUEUE FULL]
[SAMPLE QUEUE FULL]
[SAMPLE QUEUE FULL]
[SAMPLE QUEUE FULL]
[SAMPLE QUEUE FULL]
[SEU] addr=2000317F bit=00000004
[SAMPLE QUEUE FULL]
[SAMPLE QUEUE FULL]
[SAMPLE QUEUE FULL]
[SAMPLE QUEUE FULL]
[SAMPLE QUEUE FULL]
[SAMPLE QUEUE FULL]
[SAMPLE QUEUE FULL]
[SAMPLE QUEUE FULL]
[SEU] addr=200031BC bit=00000000
[SAMPLE QUEUE FULL]
[SAMPLE QUEUE FULL]
[SAMPLE QUEUE FULL]
[SAMPLE QUEUE FULL]
[SAMPLE QUEUE FULL]
[SAMPLE QUEUE FULL]
[SAMPLE QUEUE FULL]
[SEU] addr=200031BB bit=00000006
[SAMPLE QUEUE FULL]
[SAMPLE QUEUE FULL]
[SAMPLE QUEUE FULL]
[SAMPLE QUEUE FULL]
[SAMPLE QUEUE FULL]
[SAMPLE QUEUE FULL]
[SAMPLE QUEUE FULL]
[SAMPLE QUEUE FULL]
[SEU] addr=2000316A bit=00000004
[SAMPLE QUEUE FULL]
[SAMPLE QUEUE FULL]
[SAMPLE QUEUE FULL]
[SAMPLE QUEUE FULL]
[SAMPLE QUEUE FULL]
[SAMPLE QUEUE FULL]
[SAMPLE QUEUE FULL]
[SAMPLE QUEUE FULL]
[SAMPLE QUEUE FULL]
[SAMPLE QUEUE FULL]
[SEU] addr=2000319C bit=00000004
[SAMPLE QUEUE FULL]
[SAMPLE QUEUE FULL]
[SAMPLE QUEUE FULL]
[SEU] addr=20003184 bit=00000003
[SAMPLE QUEUE FULL]
[SAMPLE QUEUE FULL]
[SAMPLE QUEUE FULL]
[SAMPLE QUEUE FULL]
[SAMPLE QUEUE FULL]
[SAMPLE QUEUE FULL]
[SAMPLE QUEUE FULL]
[SEU] addr=200031A6 bit=00000002
[SAMPLE QUEUE FULL]
[SAMPLE QUEUE FULL]
[SAMPLE QUEUE FULL]
[SAMPLE QUEUE FULL]
[SAMPLE QUEUE FULL]
[SAMPLE QUEUE FULL]
[SAMPLE QUEUE FULL]
[SAMPLE QUEUE FULL]
[SEU] addr=20003157 bit=00000005
[SAMPLE QUEUE FULL]
[SAMPLE QUEUE FULL]
[SAMPLE QUEUE FULL]
[SAMPLE QUEUE FULL]
[SAMPLE QUEUE FULL]
[SAMPLE QUEUE FULL]
[SAMPLE QUEUE FULL]
[SAMPLE QUEUE FULL]
[SEU] addr=20003176 bit=00000003
[SAMPLE QUEUE FULL]
[SAMPLE QUEUE FULL]
[SAMPLE QUEUE FULL]
[SAMPLE QUEUE FULL]
[SAMPLE QUEUE FULL]
[SAMPLE QUEUE FULL]
[SAMPLE QUEUE FULL]
[SEU] addr=2000317B bit=00000001
[SAMPLE QUEUE FULL]
[SAMPLE QUEUE FULL]
[SAMPLE QUEUE FULL]
[SAMPLE QUEUE FULL]
[SAMPLE QUEUE FULL]
[SAMPLE QUEUE FULL]
[SAMPLE QUEUE FULL]
[SAMPLE QUEUE FULL]
[SAMPLE QUEUE FULL]
[SEU] addr=20003157 bit=00000003
[SAMPLE QUEUE FULL]
[SAMPLE QUEUE FULL]
[SAMPLE QUEUE FULL]
[SAMPLE QUEUE FULL]
[SAMPLE QUEUE FULL]
[SAMPLE QUEUE FULL]
[SAMPLE QUEUE FULL]
[SAMPLE QUEUE FULL]
[SEU] addr=2000315D bit=00000005
[SAMPLE QUEUE FULL]
[SEU] addr=2000319D bit=00000000
[SAMPLE QUEUE FULL]
[SAMPLE QUEUE FULL]
[SAMPLE QUEUE FULL]
[SAMPLE QUEUE FULL]
[SAMPLE QUEUE FULL]
[SAMPLE QUEUE FULL]
[SEU] addr=200031B2 bit=00000005
[SAMPLE QUEUE FULL]
[SAMPLE QUEUE FULL]
[SAMPLE QUEUE FULL]
[SEU] addr=20003151 bit=00000000
[SAMPLE QUEUE FULL]
[SAMPLE QUEUE FULL]
[SAMPLE QUEUE FULL]
[SAMPLE QUEUE FULL]
[SAMPLE QUEUE FULL]
[SAMPLE QUEUE FULL]
[SEU] addr=20003152 bit=00000002
[SAMPLE QUEUE FULL]
[SAMPLE QUEUE FULL]
[SAMPLE QUEUE FULL]
[SAMPLE QUEUE FULL]
[SAMPLE QUEUE FULL]
[SEU] addr=20003158 bit=00000000
[SAMPLE QUEUE FULL]
[SAMPLE QUEUE FULL]
[SAMPLE QUEUE FULL]
[SAMPLE QUEUE FULL]
[SAMPLE QUEUE FULL]
[SEU] addr=20003176 bit=00000001
[SAMPLE QUEUE FULL]
[SAMPLE QUEUE FULL]
[SAMPLE QUEUE FULL]
[SAMPLE QUEUE FULL]
[SAMPLE QUEUE FULL]
[SAMPLE QUEUE FULL]
[SEU] addr=2000316C bit=00000003
[SAMPLE QUEUE FULL]
[SEU] addr=2000314E bit=00000006
[SAMPLE QUEUE FULL]
[SAMPLE QUEUE FULL]
[SAMPLE QUEUE FULL]
[SAMPLE QUEUE FULL]
[SAMPLE QUEUE FULL]
[SAMPLE QUEUE FULL]
[SAMPLE QUEUE FULL]
[SEU] addr=20003152 bit=00000005
[SAMPLE QUEUE FULL]
[SAMPLE QUEUE FULL]
[SEU] addr=2000315F bit=00000003
[SAMPLE QUEUE FULL]
[SAMPLE QUEUE FULL]
[SAMPLE QUEUE FULL]
[SAMPLE QUEUE FULL]
[SAMPLE QUEUE FULL]
[SEU] addr=200031A4 bit=00000005
[SAMPLE QUEUE FULL]
[SAMPLE QUEUE FULL]
[SAMPLE QUEUE FULL]
[SAMPLE QUEUE FULL]
[SAMPLE QUEUE FULL]
[SAMPLE QUEUE FULL]
[SAMPLE QUEUE FULL]
[SAMPLE QUEUE FULL]
[SAMPLE QUEUE FULL]
[SAMPLE QUEUE FULL]
[SEU] addr=200031B6 bit=00000000
[SAMPLE QUEUE FULL]
[SAMPLE QUEUE FULL]
[SAMPLE QUEUE FULL]
[SAMPLE QUEUE FULL]
[SEU] addr=200031A3 bit=00000007
[SAMPLE QUEUE FULL]
[SAMPLE QUEUE FULL]
[SAMPLE QUEUE FULL]
[SAMPLE QUEUE FULL]
[SAMPLE QUEUE FULL]
[SAMPLE QUEUE FULL]
[SAMPLE QUEUE FULL]
[SAMPLE QUEUE FULL]
[SEU] addr=20003152 bit=00000004
[SAMPLE QUEUE FULL]
[SAMPLE QUEUE FULL]
[SAMPLE QUEUE FULL]
[SAMPLE QUEUE FULL]
[SAMPLE QUEUE FULL]
[SAMPLE QUEUE FULL]
[SEU] addr=2000315A bit=00000007
[SAMPLE QUEUE FULL]
[SAMPLE QUEUE FULL]
[SEU] addr=2000314D bit=00000007
[SAMPLE QUEUE FULL]
[SAMPLE QUEUE FULL]
[SAMPLE QUEUE FULL]
[SAMPLE QUEUE FULL]
[SAMPLE QUEUE FULL]
[SAMPLE QUEUE FULL]
[SEU] addr=20003197 bit=00000005
[SAMPLE QUEUE FULL]
[SAMPLE QUEUE FULL]
[SAMPLE QUEUE FULL]
[SAMPLE QUEUE FULL]
[SAMPLE QUEUE FULL]
[SAMPLE QUEUE FULL]
[SEU] addr=200031B8 bit=00000004
[SAMPLE QUEUE FULL]
[SAMPLE QUEUE FULL]
[SAMPLE QUEUE FULL]
[SAMPLE QUEUE FULL]
[SAMPLE QUEUE FULL]
[SAMPLE QUEUE FULL]
[SAMPLE QUEUE FULL]
[SAMPLE QUEUE FULL]
[SEU] addr=20003145 bit=00000003
[SAMPLE QUEUE FULL]
[SEU] addr=20003178 bit=00000005
[SAMPLE QUEUE FULL]
[SAMPLE QUEUE FULL]
[SAMPLE QUEUE FULL]
[SAMPLE QUEUE FULL]
[SAMPLE QUEUE FULL]
[SAMPLE QUEUE FULL]
[SEU] addr=200031AB bit=00000003
[SAMPLE QUEUE FULL]
[SAMPLE QUEUE FULL]
[SEU] addr=2000316B bit=00000006
[SAMPLE QUEUE FULL]
[SAMPLE QUEUE FULL]
[SAMPLE QUEUE FULL]
[SAMPLE QUEUE FULL]
[SAMPLE QUEUE FULL]
[SAMPLE QUEUE FULL]
[SAMPLE QUEUE FULL]
[SAMPLE QUEUE FULL]
[SEU] addr=2000315C bit=00000004
[SAMPLE QUEUE FULL]
[SAMPLE QUEUE FULL]
[SAMPLE QUEUE FULL]
[SAMPLE QUEUE FULL]
[SAMPLE QUEUE FULL]
[SAMPLE QUEUE FULL]
[SAMPLE QUEUE FULL]
[SAMPLE QUEUE FULL]
[SEU] addr=20003174 bit=00000007
[SAMPLE QUEUE FULL]
[SAMPLE QUEUE FULL]
[SAMPLE QUEUE FULL]
[SAMPLE QUEUE FULL]
[SAMPLE QUEUE FULL]
[SEU] addr=2000314D bit=00000007
[SAMPLE QUEUE FULL]
[SAMPLE QUEUE FULL]
[SAMPLE QUEUE FULL]
[SAMPLE QUEUE FULL]
[SAMPLE QUEUE FULL]
[SAMPLE QUEUE FULL]
[SAMPLE QUEUE FULL]
[SAMPLE QUEUE FULL]
[SAMPLE QUEUE FULL]
[SEU] addr=20003162 bit=00000000
[SAMPLE QUEUE FULL]
[SAMPLE QUEUE FULL]
[SAMPLE QUEUE FULL]
[SAMPLE QUEUE FULL]
[SAMPLE QUEUE FULL]
[SAMPLE QUEUE FULL]
[SAMPLE QUEUE FULL]
[SAMPLE QUEUE FULL]
[SAMPLE QUEUE FULL]
[SAMPLE QUEUE FULL]
[SEU] addr=20003181 bit=00000000
[SAMPLE QUEUE FULL]
[SAMPLE QUEUE FULL]
[SAMPLE QUEUE FULL]
[SAMPLE QUEUE FULL]
[SAMPLE QUEUE FULL]
[SAMPLE QUEUE FULL]
[SAMPLE QUEUE FULL]
[SAMPLE QUEUE FULL]
[SAMPLE QUEUE FULL]
[SEU] addr=20003181 bit=00000004
[SAMPLE QUEUE FULL]
[SAMPLE QUEUE FULL]
[SAMPLE QUEUE FULL]
[SAMPLE QUEUE FULL]
[SAMPLE QUEUE FULL]
[SAMPLE QUEUE FULL]
[SAMPLE QUEUE FULL]
[SAMPLE QUEUE FULL]
[SAMPLE QUEUE FULL]
[SEU] addr=2000314F bit=00000000
[SAMPLE QUEUE FULL]
[SAMPLE QUEUE FULL]
[SAMPLE QUEUE FULL]
[SAMPLE QUEUE FULL]
[SEU] addr=200031AB bit=00000006
[SAMPLE QUEUE FULL]
[SAMPLE QUEUE FULL]
[SEU] addr=2000317C bit=00000003
[SAMPLE QUEUE FULL]
[SAMPLE QUEUE FULL]
[SAMPLE QUEUE FULL]
[SEU] addr=20003167 bit=00000003
[SAMPLE QUEUE FULL]
[SAMPLE QUEUE FULL]
[SAMPLE QUEUE FULL]
[SAMPLE QUEUE FULL]
[SAMPLE QUEUE FULL]
[SEU] addr=20003184 bit=00000002
[SAMPLE QUEUE FULL]
[SAMPLE QUEUE FULL]
[SEU] addr=2000318B bit=00000002
[SAMPLE QUEUE FULL]
[SAMPLE QUEUE FULL]
[SAMPLE QUEUE FULL]
[SAMPLE QUEUE FULL]
[SAMPLE QUEUE FULL]
[SAMPLE QUEUE FULL]
[SEU] addr=2000315B bit=00000004
[SAMPLE QUEUE FULL]
[SAMPLE QUEUE FULL]
[SAMPLE QUEUE FULL]
[SAMPLE QUEUE FULL]
[SEU] addr=20003149 bit=00000001
[SAMPLE QUEUE FULL]
[SAMPLE QUEUE FULL]
[SAMPLE QUEUE FULL]
[SAMPLE QUEUE FULL]
[SAMPLE QUEUE FULL]
[SAMPLE QUEUE FULL]
[SAMPLE QUEUE FULL]
[SAMPLE QUEUE FULL]
[SAMPLE QUEUE FULL]
[SEU] addr=200031BA bit=00000000
[SAMPLE QUEUE FULL]
[SAMPLE QUEUE FULL]
[SAMPLE QUEUE FULL]
[SAMPLE QUEUE FULL]
[SAMPLE QUEUE FULL]
[SAMPLE QUEUE FULL]
[SAMPLE QUEUE FULL]
[SAMPLE QUEUE FULL]
[SAMPLE QUEUE FULL]
[SEU] addr=200031BC bit=00000003
[SAMPLE QUEUE FULL]
[SAMPLE QUEUE FULL]
[SEU] addr=20003153 bit=00000000
[SAMPLE QUEUE FULL]
[SAMPLE QUEUE FULL]
[SAMPLE QUEUE FULL]
[SAMPLE QUEUE FULL]
[SAMPLE QUEUE FULL]
[SAMPLE QUEUE FULL]
[SAMPLE QUEUE FULL]
[SEU] addr=200031B2 bit=00000002
[SAMPLE QUEUE FULL]
[SAMPLE QUEUE FULL]
[SAMPLE QUEUE FULL]
[SAMPLE QUEUE FULL]
[SAMPLE QUEUE FULL]
[SEU] addr=20003158 bit=00000003
[SAMPLE QUEUE FULL]
[SAMPLE QUEUE FULL]
[SAMPLE QUEUE FULL]
[SAMPLE QUEUE FULL]
[SAMPLE QUEUE FULL]
[SAMPLE QUEUE FULL]
[SAMPLE QUEUE FULL]
[SEU] addr=20003147 bit=00000002
[SAMPLE QUEUE FULL]
[SAMPLE QUEUE FULL]
[SAMPLE QUEUE FULL]
[SEU] addr=2000316F bit=00000002
[SAMPLE QUEUE FULL]
[SAMPLE QUEUE FULL]
[SAMPLE QUEUE FULL]
[SAMPLE QUEUE FULL]
[SAMPLE QUEUE FULL]
[SAMPLE QUEUE FULL]
[SAMPLE QUEUE FULL]
[SAMPLE QUEUE FULL]
[SAMPLE QUEUE FULL]
[SEU] addr=200031A9 bit=00000003
[SAMPLE QUEUE FULL]
[SAMPLE QUEUE FULL]
[SAMPLE QUEUE FULL]
[SAMPLE QUEUE FULL]
[SAMPLE QUEUE FULL]
[SEU] addr=2000314A bit=00000000
[SAMPLE QUEUE FULL]
[SAMPLE QUEUE FULL]
[SAMPLE QUEUE FULL]
[SAMPLE QUEUE FULL]
[SAMPLE QUEUE FULL]
[SAMPLE QUEUE FULL]
[SAMPLE QUEUE FULL]
[SEU] addr=20003192 bit=00000005
[SAMPLE QUEUE FULL]
[SAMPLE QUEUE FULL]
[SAMPLE QUEUE FULL]
[SAMPLE QUEUE FULL]
[SAMPLE QUEUE FULL]
[SAMPLE QUEUE FULL]
[SAMPLE QUEUE FULL]
[SAMPLE QUEUE FULL]
[SAMPLE QUEUE FULL]
[SEU] addr=20003147 bit=00000005
[SAMPLE QUEUE FULL]
[SAMPLE QUEUE FULL]
[SAMPLE QUEUE FULL]
[SAMPLE QUEUE FULL]
[SAMPLE QUEUE FULL]
[SAMPLE QUEUE FULL]
[SAMPLE QUEUE FULL]
[SEU] addr=20003144 bit=00000006
[SAMPLE QUEUE FULL]
[SAMPLE QUEUE FULL]
[SEU] addr=2000319B bit=00000002
[SAMPLE QUEUE FULL]
[SAMPLE QUEUE FULL]
[SAMPLE QUEUE FULL]
[SAMPLE QUEUE FULL]
[SAMPLE QUEUE FULL]
[SAMPLE QUEUE FULL]
[SAMPLE QUEUE FULL]
[SAMPLE QUEUE FULL]
[SEU] addr=200031B1 bit=00000004
[SAMPLE QUEUE FULL]
[SAMPLE QUEUE FULL]
[SAMPLE QUEUE FULL]
[SAMPLE QUEUE FULL]
[SAMPLE QUEUE FULL]
[SAMPLE QUEUE FULL]
[SAMPLE QUEUE FULL]
[SAMPLE QUEUE FULL]
[SAMPLE QUEUE FULL]
[SEU] addr=200031B1 bit=00000006
[SAMPLE QUEUE FULL]
[SEU] addr=20003154 bit=00000003
[SAMPLE QUEUE FULL]
[SAMPLE QUEUE FULL]
[SAMPLE QUEUE FULL]
[SAMPLE QUEUE FULL]
[SAMPLE QUEUE FULL]
[SAMPLE QUEUE FULL]
[SAMPLE QUEUE FULL]
[SEU] addr=2000316F bit=00000003
[SAMPLE QUEUE FULL]
[SAMPLE QUEUE FULL]
[SEU] addr=20003193 bit=00000004
[SAMPLE QUEUE FULL]
[SAMPLE QUEUE FULL]
[SAMPLE QUEUE FULL]
[SAMPLE QUEUE FULL]
[SAMPLE QUEUE FULL]
[SEU] addr=200031BF bit=00000001
[SAMPLE QUEUE FULL]
[SAMPLE QUEUE FULL]
[SAMPLE QUEUE FULL]
[SAMPLE QUEUE FULL]
[SAMPLE QUEUE FULL]
[SAMPLE QUEUE FULL]
[SEU] addr=200031BE bit=00000007
[SAMPLE QUEUE FULL]
[SAMPLE QUEUE FULL]
[SAMPLE QUEUE FULL]
[SAMPLE QUEUE FULL]
[SAMPLE QUEUE FULL]
[SAMPLE QUEUE FULL]
[SAMPLE QUEUE FULL]
[SAMPLE QUEUE FULL]
[SAMPLE QUEUE FULL]
[SEU] addr=20003185 bit=00000003
[SAMPLE QUEUE FULL]
[SAMPLE QUEUE FULL]
[SEU] addr=200031BC bit=00000005
[SAMPLE QUEUE FULL]
[SAMPLE QUEUE FULL]
[SAMPLE QUEUE FULL]
[SAMPLE QUEUE FULL]
[SAMPLE QUEUE FULL]
[SAMPLE QUEUE FULL]
[SAMPLE QUEUE FULL]
[SEU] addr=2000316C bit=00000005
[SAMPLE QUEUE FULL]
[SAMPLE QUEUE FULL]
[SAMPLE QUEUE FULL]
[SAMPLE QUEUE FULL]
[SAMPLE QUEUE FULL]
[SAMPLE QUEUE FULL]
[SAMPLE QUEUE FULL]
[SAMPLE QUEUE FULL]
[SEU] addr=200031A9 bit=00000006
[SAMPLE QUEUE FULL]
[SAMPLE QUEUE FULL]
[SAMPLE QUEUE FULL]
[SEU] addr=20003146 bit=00000004
[SAMPLE QUEUE FULL]
[SAMPLE QUEUE FULL]
[SAMPLE QUEUE FULL]
[SAMPLE QUEUE FULL]
[SAMPLE QUEUE FULL]
[SAMPLE QUEUE FULL]
[SAMPLE QUEUE FULL]
[SAMPLE QUEUE FULL]
[SAMPLE QUEUE FULL]
[SEU] addr=2000318A bit=00000004
[SAMPLE QUEUE FULL]
[SAMPLE QUEUE FULL]
[SAMPLE QUEUE FULL]
[SEU] addr=20003191 bit=00000001
[SAMPLE QUEUE FULL]
[SAMPLE QUEUE FULL]
[SEU] addr=2000315B bit=00000004
[SAMPLE QUEUE FULL]
[SAMPLE QUEUE FULL]
[SAMPLE QUEUE FULL]
[SAMPLE QUEUE FULL]
[SAMPLE QUEUE FULL]
[SAMPLE QUEUE FULL]
[SAMPLE QUEUE FULL]
[SAMPLE QUEUE FULL]
[SAMPLE QUEUE FULL]
[SEU] addr=200031B5 bit=00000007
[SAMPLE QUEUE FULL]
[SAMPLE QUEUE FULL]
[SAMPLE QUEUE FULL]
[SAMPLE QUEUE FULL]
[SAMPLE QUEUE FULL]
[SAMPLE QUEUE FULL]
[SAMPLE QUEUE FULL]
[SAMPLE QUEUE FULL]
[SEU] addr=20003189 bit=00000001
[SAMPLE QUEUE FULL]
[SAMPLE QUEUE FULL]
[SAMPLE QUEUE FULL]
[SEU] addr=2000317C bit=00000002
[SAMPLE QUEUE FULL]
[SAMPLE QUEUE FULL]
[SAMPLE QUEUE FULL]
[SEU] addr=2000315A bit=00000007
[SAMPLE QUEUE FULL]
[SAMPLE QUEUE FULL]
[SAMPLE QUEUE FULL]
[SAMPLE QUEUE FULL]
[SAMPLE QUEUE FULL]
[SEU] addr=20003196 bit=00000003
[SAMPLE QUEUE FULL]
[SAMPLE QUEUE FULL]
[SAMPLE QUEUE FULL]
[SAMPLE QUEUE FULL]
[SAMPLE QUEUE FULL]
[SAMPLE QUEUE FULL]
[SAMPLE QUEUE FULL]
[SAMPLE QUEUE FULL]
[SAMPLE QUEUE FULL]
[SEU] addr=200031B6 bit=00000002
[SAMPLE QUEUE FULL]
[SAMPLE QUEUE FULL]
[SAMPLE QUEUE FULL]
[SEU] addr=2000319B bit=00000007
[SAMPLE QUEUE FULL]
[SAMPLE QUEUE FULL]
[SAMPLE QUEUE FULL]
[SAMPLE QUEUE FULL]
[SAMPLE QUEUE FULL]
[SAMPLE QUEUE FULL]
[SEU] addr=2000315A bit=00000000
[SAMPLE QUEUE FULL]
[SAMPLE QUEUE FULL]
[SAMPLE QUEUE FULL]
[SAMPLE QUEUE FULL]
[SEU] addr=20003169 bit=00000004
[SAMPLE QUEUE FULL]
[SAMPLE QUEUE FULL]
[SAMPLE QUEUE FULL]
[SAMPLE QUEUE FULL]
[SAMPLE QUEUE FULL]
[SAMPLE QUEUE FULL]
[SAMPLE QUEUE FULL]
[SAMPLE QUEUE FULL]
[SEU] addr=20003162 bit=00000001
[SAMPLE QUEUE FULL]
[SEU] addr=200031BB bit=00000002
[SAMPLE QUEUE FULL]
[SAMPLE QUEUE FULL]
[SEU] addr=20003163 bit=00000000
[SAMPLE QUEUE FULL]
[SAMPLE QUEUE FULL]
[SAMPLE QUEUE FULL]
[SAMPLE QUEUE FULL]
[SAMPLE QUEUE FULL]
[SAMPLE QUEUE FULL]
[SEU] addr=200031BD bit=00000006
[SAMPLE QUEUE FULL]
[SAMPLE QUEUE FULL]
[SAMPLE QUEUE FULL]
[SAMPLE QUEUE FULL]
[SAMPLE QUEUE FULL]
[SAMPLE QUEUE FULL]
[SAMPLE QUEUE FULL]
[SAMPLE QUEUE FULL]
[SEU] addr=200031AE bit=00000006
[SAMPLE QUEUE FULL]
[SAMPLE QUEUE FULL]
[SAMPLE QUEUE FULL]
[SEU] addr=20003172 bit=00000004
[SAMPLE QUEUE FULL]
[SAMPLE QUEUE FULL]
[SAMPLE QUEUE FULL]
[SAMPLE QUEUE FULL]
[SAMPLE QUEUE FULL]
[SAMPLE QUEUE FULL]
[SEU] addr=200031B9 bit=00000002
[SAMPLE QUEUE FULL]
[SAMPLE QUEUE FULL]
[SAMPLE QUEUE FULL]
[SAMPLE QUEUE FULL]
[SAMPLE QUEUE FULL]
[SAMPLE QUEUE FULL]
[SAMPLE QUEUE FULL]
[SAMPLE QUEUE FULL]
[SAMPLE QUEUE FULL]
[SEU] addr=2000319B bit=00000002
[SAMPLE QUEUE FULL]
[SAMPLE QUEUE FULL]
[SAMPLE QUEUE FULL]
[SAMPLE QUEUE FULL]
[SEU] addr=2000316A bit=00000004
[SAMPLE QUEUE FULL]
[SAMPLE QUEUE FULL]
[SAMPLE QUEUE FULL]
[SAMPLE QUEUE FULL]
[SAMPLE QUEUE FULL]
[SEU] addr=200031B9 bit=00000004
[SAMPLE QUEUE FULL]
[SAMPLE QUEUE FULL]
[SAMPLE QUEUE FULL]
[SAMPLE QUEUE FULL]
[SAMPLE QUEUE FULL]
[SAMPLE QUEUE FULL]
[SAMPLE QUEUE FULL]
[SAMPLE QUEUE FULL]
[SAMPLE QUEUE FULL]
[SEU] addr=200031AA bit=00000001
[SAMPLE QUEUE FULL]
[SAMPLE QUEUE FULL]
[SAMPLE QUEUE FULL]
[SAMPLE QUEUE FULL]
[SAMPLE QUEUE FULL]
[SAMPLE QUEUE FULL]
[SAMPLE QUEUE FULL]
[SAMPLE QUEUE FULL]
[SEU] addr=20003174 bit=00000000
[SAMPLE QUEUE FULL]
[SAMPLE QUEUE FULL]
[SAMPLE QUEUE FULL]
[SAMPLE QUEUE FULL]
[SAMPLE QUEUE FULL]
[SAMPLE QUEUE FULL]
[SAMPLE QUEUE FULL]
[SEU] addr=200031A0 bit=00000003
[SAMPLE QUEUE FULL]
[SAMPLE QUEUE FULL]
[SAMPLE QUEUE FULL]
[SAMPLE QUEUE FULL]
[SAMPLE QUEUE FULL]
[SAMPLE QUEUE FULL]
[SAMPLE QUEUE FULL]
[SEU] addr=2000319B bit=00000006
[SAMPLE QUEUE FULL]
[SAMPLE QUEUE FULL]
[SAMPLE QUEUE FULL]
[SEU] addr=20003172 bit=00000007
[SAMPLE QUEUE FULL]
[SAMPLE QUEUE FULL]
[SAMPLE QUEUE FULL]
[SAMPLE QUEUE FULL]
[SAMPLE QUEUE FULL]
[SAMPLE QUEUE FULL]
[SAMPLE QUEUE FULL]
[SAMPLE QUEUE FULL]
[SAMPLE QUEUE FULL]
[SAMPLE QUEUE FULL]
[SEU] addr=20003197 bit=00000000
[SAMPLE QUEUE FULL]
[SAMPLE QUEUE FULL]
[SEU] addr=20003178 bit=00000006
[SAMPLE QUEUE FULL]
[SAMPLE QUEUE FULL]
[SAMPLE QUEUE FULL]
[SAMPLE QUEUE FULL]
[SAMPLE QUEUE FULL]
[SAMPLE QUEUE FULL]
[SAMPLE QUEUE FULL]
[SAMPLE QUEUE FULL]
[SAMPLE QUEUE FULL]
[SAMPLE QUEUE FULL]
[SEU] addr=2000318D bit=00000003
[SAMPLE QUEUE FULL]
[SAMPLE QUEUE FULL]
[SAMPLE QUEUE FULL]
[SAMPLE QUEUE FULL]
[SAMPLE QUEUE FULL]
[SEU] addr=200031AC bit=00000006
[SAMPLE QUEUE FULL]
[SAMPLE QUEUE FULL]
[SAMPLE QUEUE FULL]
[SAMPLE QUEUE FULL]
[SAMPLE QUEUE FULL]
[SAMPLE QUEUE FULL]
[SAMPLE QUEUE FULL]
[SEU] addr=2000317E bit=00000006
[SAMPLE QUEUE FULL]
[SAMPLE QUEUE FULL]
[SAMPLE QUEUE FULL]
[SAMPLE QUEUE FULL]
[SAMPLE QUEUE FULL]
[SEU] addr=2000319D bit=00000004
[SAMPLE QUEUE FULL]
[SAMPLE QUEUE FULL]
[SAMPLE QUEUE FULL]
[SAMPLE QUEUE FULL]
[SAMPLE QUEUE FULL]
[SAMPLE QUEUE FULL]
[SAMPLE QUEUE FULL]
[SAMPLE QUEUE FULL]
[SAMPLE QUEUE FULL]
[SAMPLE QUEUE FULL]
[SEU] addr=200031B9 bit=00000002
[SAMPLE QUEUE FULL]
[SAMPLE QUEUE FULL]
[SAMPLE QUEUE FULL]
[SEU] addr=2000314B bit=00000003
[SAMPLE QUEUE FULL]
[SAMPLE QUEUE FULL]
[SAMPLE QUEUE FULL]
[SAMPLE QUEUE FULL]
[SAMPLE QUEUE FULL]
[SAMPLE QUEUE FULL]
[SEU] addr=2000318C bit=00000004
[SAMPLE QUEUE FULL]
[SAMPLE QUEUE FULL]
[SAMPLE QUEUE FULL]
[SAMPLE QUEUE FULL]
[SEU] addr=20003195 bit=00000002
[SAMPLE QUEUE FULL]
[SAMPLE QUEUE FULL]
[SAMPLE QUEUE FULL]
[SAMPLE QUEUE FULL]
[SAMPLE QUEUE FULL]
[SAMPLE QUEUE FULL]
[SAMPLE QUEUE FULL]
[SEU] addr=2000318D bit=00000007
[SAMPLE QUEUE FULL]
[SAMPLE QUEUE FULL]
[SAMPLE QUEUE FULL]
[SAMPLE QUEUE FULL]
[SAMPLE QUEUE FULL]
[SAMPLE QUEUE FULL]
[SAMPLE QUEUE FULL]
[SAMPLE QUEUE FULL]
[SAMPLE QUEUE FULL]
[SEU] addr=200031A8 bit=00000004
[SAMPLE QUEUE FULL]
[SAMPLE QUEUE FULL]
[SAMPLE QUEUE FULL]
[SAMPLE QUEUE FULL]
[SAMPLE QUEUE FULL]
[SAMPLE QUEUE FULL]
[SAMPLE QUEUE FULL]
[SAMPLE QUEUE FULL]
[SAMPLE QUEUE FULL]
[SEU] addr=2000318B bit=00000003
[SAMPLE QUEUE FULL]
[SAMPLE QUEUE FULL]
[SAMPLE QUEUE FULL]
[SAMPLE QUEUE FULL]
[SEU] addr=20003191 bit=00000000
[SAMPLE QUEUE FULL]
[SAMPLE QUEUE FULL]
[SEU] addr=2000315F bit=00000004
[SAMPLE QUEUE FULL]
[SAMPLE QUEUE FULL]
[SAMPLE QUEUE FULL]
[SAMPLE QUEUE FULL]
[SEU] addr=2000315D bit=00000000
[SAMPLE QUEUE FULL]
[SAMPLE QUEUE FULL]
[SAMPLE QUEUE FULL]
[SAMPLE QUEUE FULL]
[SAMPLE QUEUE FULL]
[SAMPLE QUEUE FULL]
[SAMPLE QUEUE FULL]
[SEU] addr=2000314A bit=00000001
[SAMPLE QUEUE FULL]
[SEU] addr=2000319F bit=00000004
[SAMPLE QUEUE FULL]
[SAMPLE QUEUE FULL]
[SAMPLE QUEUE FULL]
[SAMPLE QUEUE FULL]
[SAMPLE QUEUE FULL]
[SAMPLE QUEUE FULL]
[SAMPLE QUEUE FULL]
[SAMPLE QUEUE FULL]
[SAMPLE QUEUE FULL]
[SEU] addr=20003179 bit=00000001
[SAMPLE QUEUE FULL]
[SAMPLE QUEUE FULL]
[SAMPLE QUEUE FULL]
[SAMPLE QUEUE FULL]
[SAMPLE QUEUE FULL]
[SEU] addr=200031A5 bit=00000004
[SAMPLE QUEUE FULL]
[SAMPLE QUEUE FULL]
[SEU] addr=200031B6 bit=00000000
[SAMPLE QUEUE FULL]
[SAMPLE QUEUE FULL]
[SAMPLE QUEUE FULL]
[SAMPLE QUEUE FULL]
[SAMPLE QUEUE FULL]
[SEU] addr=200031A2 bit=00000001
[SAMPLE QUEUE FULL]
[SAMPLE QUEUE FULL]
[SAMPLE QUEUE FULL]
[SAMPLE QUEUE FULL]
[SEU] addr=2000316A bit=00000003
[SAMPLE QUEUE FULL]
[SEU] addr=200031B1 bit=00000003
[SAMPLE QUEUE FULL]
[SAMPLE QUEUE FULL]
[SAMPLE QUEUE FULL]
[SAMPLE QUEUE FULL]
[SAMPLE QUEUE FULL]
[SAMPLE QUEUE FULL]
[SAMPLE QUEUE FULL]
[SAMPLE QUEUE FULL]
[SAMPLE QUEUE FULL]
[SEU] addr=200031B2 bit=00000005
[SAMPLE QUEUE FULL]
[SAMPLE QUEUE FULL]
[SAMPLE QUEUE FULL]
[SAMPLE QUEUE FULL]
[SEU] addr=20003157 bit=00000004
[SAMPLE QUEUE FULL]
[SEU] addr=20003194 bit=00000001
[SAMPLE QUEUE FULL]
[SAMPLE QUEUE FULL]
[SAMPLE QUEUE FULL]
[SAMPLE QUEUE FULL]
[SAMPLE QUEUE FULL]
[SAMPLE QUEUE FULL]
[SEU] addr=20003152 bit=00000002
[SAMPLE QUEUE FULL]
[SAMPLE QUEUE FULL]
[SAMPLE QUEUE FULL]
[SAMPLE QUEUE FULL]
[SAMPLE QUEUE FULL]
[SAMPLE QUEUE FULL]
[SAMPLE QUEUE FULL]
[SEU] addr=20003152 bit=00000006
[SAMPLE QUEUE FULL]
[SAMPLE QUEUE FULL]
[SAMPLE QUEUE FULL]
[SAMPLE QUEUE FULL]
[SAMPLE QUEUE FULL]
[SEU] addr=20003197 bit=00000002
[SAMPLE QUEUE FULL]
[SAMPLE QUEUE FULL]
[SAMPLE QUEUE FULL]
[SAMPLE QUEUE FULL]
[SAMPLE QUEUE FULL]
[SAMPLE QUEUE FULL]
[SAMPLE QUEUE FULL]
[SEU] addr=2000315C bit=00000000
[SAMPLE QUEUE FULL]
[SAMPLE QUEUE FULL]
[SAMPLE QUEUE FULL]
[SAMPLE QUEUE FULL]
[SAMPLE QUEUE FULL]
[SAMPLE QUEUE FULL]
[SAMPLE QUEUE FULL]
[SAMPLE QUEUE FULL]
[SAMPLE QUEUE FULL]
[SAMPLE QUEUE FULL]
[SEU] addr=200031B7 bit=00000006
[SAMPLE QUEUE FULL]
[SAMPLE QUEUE FULL]
[SAMPLE QUEUE FULL]
[SAMPLE QUEUE FULL]
[SAMPLE QUEUE FULL]
[SAMPLE QUEUE FULL]
[SEU] addr=20003155 bit=00000006
[SAMPLE QUEUE FULL]
[SAMPLE QUEUE FULL]
[SAMPLE QUEUE FULL]
[SAMPLE QUEUE FULL]
[SAMPLE QUEUE FULL]
[SAMPLE QUEUE FULL]
[SEU] addr=20003152 bit=00000003
[SAMPLE QUEUE FULL]
[SAMPLE QUEUE FULL]
[SAMPLE QUEUE FULL]
[SAMPLE QUEUE FULL]
[SAMPLE QUEUE FULL]
[SAMPLE QUEUE FULL]
[SEU] addr=200031BF bit=00000003
[SAMPLE QUEUE FULL]
[SAMPLE QUEUE FULL]
[SAMPLE QUEUE FULL]
[SAMPLE QUEUE FULL]
[SAMPLE QUEUE FULL]
[SAMPLE QUEUE FULL]
[SAMPLE QUEUE FULL]
[SEU] addr=20003180 bit=00000000
[SAMPLE QUEUE FULL]
[SAMPLE QUEUE FULL]
[SAMPLE QUEUE FULL]
[SAMPLE QUEUE FULL]
[SAMPLE QUEUE FULL]
[SAMPLE QUEUE FULL]
[SAMPLE QUEUE FULL]
[SEU] addr=200031AC bit=00000001
[SAMPLE QUEUE FULL]
[SAMPLE QUEUE FULL]
[SEU] addr=2000314F bit=00000001
[SAMPLE QUEUE FULL]
[SAMPLE QUEUE FULL]
[SAMPLE QUEUE FULL]
[SAMPLE QUEUE FULL]
[SAMPLE QUEUE FULL]
[SAMPLE QUEUE FULL]
[SAMPLE QUEUE FULL]
[SEU] addr=20003185 bit=00000005
[SAMPLE QUEUE FULL]
[SAMPLE QUEUE FULL]
[SEU] addr=200031B6 bit=00000002
[SAMPLE QUEUE FULL]
[SAMPLE QUEUE FULL]
[SAMPLE QUEUE FULL]
[SAMPLE QUEUE FULL]
[SAMPLE QUEUE FULL]
[SAMPLE QUEUE FULL]
[SAMPLE QUEUE FULL]
[SAMPLE QUEUE FULL]
[SEU] addr=20003160 bit=00000003
[SAMPLE QUEUE FULL]
[SAMPLE QUEUE FULL]
[SAMPLE QUEUE FULL]
[SAMPLE QUEUE FULL]
[SAMPLE QUEUE FULL]
[SEU] addr=20003174 bit=00000000
[SAMPLE QUEUE FULL]
[SAMPLE QUEUE FULL]
[SAMPLE QUEUE FULL]
[SAMPLE QUEUE FULL]
[SAMPLE QUEUE FULL]
[SEU] addr=2000314B bit=00000000
[SAMPLE QUEUE FULL]
[SAMPLE QUEUE FULL]
[SAMPLE QUEUE FULL]
[SEU] addr=2000318D bit=00000004
[SAMPLE QUEUE FULL]
[SAMPLE QUEUE FULL]
[SAMPLE QUEUE FULL]
[SEU] addr=20003184 bit=00000006
[SAMPLE QUEUE FULL]
[SAMPLE QUEUE FULL]
[SAMPLE QUEUE FULL]
[SAMPLE QUEUE FULL]
[SEU] addr=20003167 bit=00000006
[SAMPLE QUEUE FULL]
[SAMPLE QUEUE FULL]
[SAMPLE QUEUE FULL]
[SAMPLE QUEUE FULL]
[SAMPLE QUEUE FULL]
[SAMPLE QUEUE FULL]
[SAMPLE QUEUE FULL]
[SAMPLE QUEUE FULL]
[SEU] addr=20003166 bit=00000003
[SAMPLE QUEUE FULL]
[SAMPLE QUEUE FULL]
[SAMPLE QUEUE FULL]
[SAMPLE QUEUE FULL]
[SAMPLE QUEUE FULL]
[SAMPLE QUEUE FULL]
[SAMPLE QUEUE FULL]
[SAMPLE QUEUE FULL]
[SEU] addr=20003149 bit=00000005
[SAMPLE QUEUE FULL]
[SAMPLE QUEUE FULL]
[SAMPLE QUEUE FULL]
[SEU] addr=2000318A bit=00000004
[SAMPLE QUEUE FULL]
[SAMPLE QUEUE FULL]
[SAMPLE QUEUE FULL]
[SAMPLE QUEUE FULL]
[SAMPLE QUEUE FULL]
[SAMPLE QUEUE FULL]
[SAMPLE QUEUE FULL]
[SAMPLE QUEUE FULL]
[SEU] addr=20003149 bit=00000002
[SAMPLE QUEUE FULL]
[SAMPLE QUEUE FULL]
[SAMPLE QUEUE FULL]
[SAMPLE QUEUE FULL]
[SAMPLE QUEUE FULL]
[SAMPLE QUEUE FULL]
[SEU] addr=20003181 bit=00000006
[SAMPLE QUEUE FULL]
[SAMPLE QUEUE FULL]
[SAMPLE QUEUE FULL]
[SAMPLE QUEUE FULL]
[SEU] addr=200031A6 bit=00000003
[SAMPLE QUEUE FULL]
[SAMPLE QUEUE FULL]
[SAMPLE QUEUE FULL]
[SEU] addr=200031B3 bit=00000005
[SAMPLE QUEUE FULL]
[SAMPLE QUEUE FULL]
[SEU] addr=20003162 bit=00000006
[SAMPLE QUEUE FULL]
[SAMPLE QUEUE FULL]
[SAMPLE QUEUE FULL]
[SAMPLE QUEUE FULL]
[SAMPLE QUEUE FULL]
[SAMPLE QUEUE FULL]
[SAMPLE QUEUE FULL]
[SAMPLE QUEUE FULL]
[SEU] addr=200031B7 bit=00000004
[SAMPLE QUEUE FULL]
[SAMPLE QUEUE FULL]
[SAMPLE QUEUE FULL]
[SAMPLE QUEUE FULL]
[SAMPLE QUEUE FULL]
[SAMPLE QUEUE FULL]
[SAMPLE QUEUE FULL]
[SAMPLE QUEUE FULL]
[SAMPLE QUEUE FULL]
[SEU] addr=200031BD bit=00000004
[SAMPLE QUEUE FULL]
[SAMPLE QUEUE FULL]
[SAMPLE QUEUE FULL]
[SEU] addr=20003170 bit=00000002
[SAMPLE QUEUE FULL]
[SAMPLE QUEUE FULL]
[SEU] addr=2000319C bit=00000000
[SAMPLE QUEUE FULL]
[SAMPLE QUEUE FULL]
[SAMPLE QUEUE FULL]
[SAMPLE QUEUE FULL]
[SAMPLE QUEUE FULL]
[SAMPLE QUEUE FULL]
[SAMPLE QUEUE FULL]
[SAMPLE QUEUE FULL]
[SAMPLE QUEUE FULL]
[SEU] addr=2000319D bit=00000005
[SAMPLE QUEUE FULL]
[SAMPLE QUEUE FULL]
[SAMPLE QUEUE FULL]
[SEU] addr=2000316F bit=00000002
[SAMPLE QUEUE FULL]
[SAMPLE QUEUE FULL]
[SAMPLE QUEUE FULL]
[SEU] addr=2000315C bit=00000005
[SAMPLE QUEUE FULL]
[SAMPLE QUEUE FULL]
[SAMPLE QUEUE FULL]
[SEU] addr=20003190 bit=00000002
[SAMPLE QUEUE FULL]
[SAMPLE QUEUE FULL]
[SAMPLE QUEUE FULL]
[SAMPLE QUEUE FULL]
[SAMPLE QUEUE FULL]
[SAMPLE QUEUE FULL]
[SAMPLE QUEUE FULL]
[SAMPLE QUEUE FULL]
[SAMPLE QUEUE FULL]
[SEU] addr=2000315A bit=00000001
[SAMPLE QUEUE FULL]
[SAMPLE QUEUE FULL]
[SAMPLE QUEUE FULL]
[SAMPLE QUEUE FULL]
[SAMPLE QUEUE FULL]
[SAMPLE QUEUE FULL]
[SAMPLE QUEUE FULL]
[SAMPLE QUEUE FULL]
[SAMPLE QUEUE FULL]
[SEU] addr=200031BA bit=00000006
[SAMPLE QUEUE FULL]
[SAMPLE QUEUE FULL]
[SAMPLE QUEUE FULL]
[SAMPLE QUEUE FULL]
[SAMPLE QUEUE FULL]
[SAMPLE QUEUE FULL]
[SAMPLE QUEUE FULL]
[SAMPLE QUEUE FULL]
[SAMPLE QUEUE FULL]
[SEU] addr=20003177 bit=00000005
[SAMPLE QUEUE FULL]
[SAMPLE QUEUE FULL]
[SAMPLE QUEUE FULL]
[SAMPLE QUEUE FULL]
[SAMPLE QUEUE FULL]
[SAMPLE QUEUE FULL]
[SEU] addr=20003151 bit=00000005
[SAMPLE QUEUE FULL]
[SAMPLE QUEUE FULL]
[SAMPLE QUEUE FULL]
[SAMPLE QUEUE FULL]
[SAMPLE QUEUE FULL]
[SAMPLE QUEUE FULL]
[SAMPLE QUEUE FULL]
[SAMPLE QUEUE FULL]
[SAMPLE QUEUE FULL]
[SEU] addr=2000316C bit=00000004
[SAMPLE QUEUE FULL]
[SAMPLE QUEUE FULL]
[SAMPLE QUEUE FULL]
[SAMPLE QUEUE FULL]
[SAMPLE QUEUE FULL]
[SAMPLE QUEUE FULL]
[SAMPLE QUEUE FULL]
[SAMPLE QUEUE FULL]
[SAMPLE QUEUE FULL]
[SEU] addr=200031B3 bit=00000001
[SAMPLE QUEUE FULL]
[SAMPLE QUEUE FULL]
[SAMPLE QUEUE FULL]
[SAMPLE QUEUE FULL]
[SAMPLE QUEUE FULL]
[SAMPLE QUEUE FULL]
[SAMPLE QUEUE FULL]
[SEU] addr=20003169 bit=00000003
[SAMPLE QUEUE FULL]
[SAMPLE QUEUE FULL]
[SAMPLE QUEUE FULL]
[SAMPLE QUEUE FULL]
[SAMPLE QUEUE FULL]
[SEU] addr=20003161 bit=00000000
[SAMPLE QUEUE FULL]
[SAMPLE QUEUE FULL]
[SAMPLE QUEUE FULL]
[SAMPLE QUEUE FULL]
[SAMPLE QUEUE FULL]
[SAMPLE QUEUE FULL]
[SAMPLE QUEUE FULL]
[SAMPLE QUEUE FULL]
[SAMPLE QUEUE FULL]
[SAMPLE QUEUE FULL]
[SEU] addr=2000315C bit=00000003
[SAMPLE QUEUE FULL]
[SAMPLE QUEUE FULL]
[SAMPLE QUEUE FULL]
[SAMPLE QUEUE FULL]
[SAMPLE QUEUE FULL]
[SAMPLE QUEUE FULL]
[SEU] addr=2000319C bit=00000006
[SAMPLE QUEUE FULL]
[SAMPLE QUEUE FULL]
[SAMPLE QUEUE FULL]
[SAMPLE QUEUE FULL]
[SAMPLE QUEUE FULL]
[SAMPLE QUEUE FULL]
[SAMPLE QUEUE FULL]
[SAMPLE QUEUE FULL]
[SEU] addr=20003162 bit=00000006
[SAMPLE QUEUE FULL]
[SAMPLE QUEUE FULL]
[SAMPLE QUEUE FULL]
[SAMPLE QUEUE FULL]
[SAMPLE QUEUE FULL]
[SEU] addr=20003175 bit=00000007
[SAMPLE QUEUE FULL]
[SAMPLE QUEUE FULL]
[SAMPLE QUEUE FULL]
[SAMPLE QUEUE FULL]
[SAMPLE QUEUE FULL]
[SEU] addr=20003184 bit=00000002
[SAMPLE QUEUE FULL]
[SAMPLE QUEUE FULL]
[SAMPLE QUEUE FULL]
[SAMPLE QUEUE FULL]
[SAMPLE QUEUE FULL]
[SAMPLE QUEUE FULL]
[SAMPLE QUEUE FULL]
[SAMPLE QUEUE FULL]
[SEU] addr=200031B4 bit=00000006
[SAMPLE QUEUE FULL]
[SAMPLE QUEUE FULL]
[SEU] addr=20003154 bit=00000000
[SAMPLE QUEUE FULL]
[SAMPLE QUEUE FULL]
[SAMPLE QUEUE FULL]
[SEU] addr=20003159 bit=00000002
[SAMPLE QUEUE FULL]
[SAMPLE QUEUE FULL]
[SAMPLE QUEUE FULL]
[SAMPLE QUEUE FULL]
[SAMPLE QUEUE FULL]
[SAMPLE QUEUE FULL]
[SAMPLE QUEUE FULL]
[SEU] addr=20003168 bit=00000003
[SAMPLE QUEUE FULL]
[SAMPLE QUEUE FULL]
[SAMPLE QUEUE FULL]
[SAMPLE QUEUE FULL]
[SEU] addr=2000318C bit=00000000
[SAMPLE QUEUE FULL]
[SAMPLE QUEUE FULL]
[SEU] addr=2000319A bit=00000004
[SAMPLE QUEUE FULL]
[SAMPLE QUEUE FULL]
[SAMPLE QUEUE FULL]
[SEU] addr=200031A2 bit=00000002
[SAMPLE QUEUE FULL]
[SAMPLE QUEUE FULL]
[SEU] addr=2000316F bit=00000002
[SAMPLE QUEUE FULL]
[SAMPLE QUEUE FULL]
[SAMPLE QUEUE FULL]
[SAMPLE QUEUE FULL]
[SAMPLE QUEUE FULL]
[SAMPLE QUEUE FULL]
[SAMPLE QUEUE FULL]
[SAMPLE QUEUE FULL]
[SAMPLE QUEUE FULL]
[SAMPLE QUEUE FULL]
[SEU] addr=20003150 bit=00000006
[SAMPLE QUEUE FULL]
[SAMPLE QUEUE FULL]
[SAMPLE QUEUE FULL]
[SEU] addr=200031AD bit=00000002
[SAMPLE QUEUE FULL]
[SAMPLE QUEUE FULL]
[SAMPLE QUEUE FULL]
[SAMPLE QUEUE FULL]
[SEU] addr=200031B7 bit=00000004
[SAMPLE QUEUE FULL]
[SAMPLE QUEUE FULL]
[SAMPLE QUEUE FULL]
[SAMPLE QUEUE FULL]
[SEU] addr=200031B5 bit=00000000
[SAMPLE QUEUE FULL]
[SEU] addr=2000316F bit=00000002
[SAMPLE QUEUE FULL]
[SAMPLE QUEUE FULL]
[SAMPLE QUEUE FULL]
[SAMPLE QUEUE FULL]
[SAMPLE QUEUE FULL]
[SEU] addr=2000316A bit=00000007
[SAMPLE QUEUE FULL]
[SAMPLE QUEUE FULL]
[SEU] addr=20003190 bit=00000003
[SAMPLE QUEUE FULL]
[SAMPLE QUEUE FULL]
[SAMPLE QUEUE FULL]
[SAMPLE QUEUE FULL]
[SAMPLE QUEUE FULL]
[SAMPLE QUEUE FULL]
[SAMPLE QUEUE FULL]
[SAMPLE QUEUE FULL]
[SEU] addr=200031B4 bit=00000006
[SAMPLE QUEUE FULL]
[SAMPLE QUEUE FULL]
[SAMPLE QUEUE FULL]
[SAMPLE QUEUE FULL]
[SAMPLE QUEUE FULL]
[SEU] addr=20003183 bit=00000003
[SAMPLE QUEUE FULL]
[SEU] addr=2000319A bit=00000000
[SAMPLE QUEUE FULL]
[SAMPLE QUEUE FULL]
[SAMPLE QUEUE FULL]
[SAMPLE QUEUE FULL]
[SAMPLE QUEUE FULL]
[SAMPLE QUEUE FULL]
[SAMPLE QUEUE FULL]
[SAMPLE QUEUE FULL]
[SAMPLE QUEUE FULL]
[SAMPLE QUEUE FULL]
[SEU] addr=20003153 bit=00000002
[SAMPLE QUEUE FULL]
[SAMPLE QUEUE FULL]
[SEU] addr=200031A2 bit=00000001
[SAMPLE QUEUE FULL]
[SAMPLE QUEUE FULL]
[SAMPLE QUEUE FULL]
[SAMPLE QUEUE FULL]
[SAMPLE QUEUE FULL]
[SEU] addr=20003187 bit=00000004
[SAMPLE QUEUE FULL]
[SAMPLE QUEUE FULL]
[SAMPLE QUEUE FULL]
[SAMPLE QUEUE FULL]
[SAMPLE QUEUE FULL]
[SAMPLE QUEUE FULL]
[SAMPLE QUEUE FULL]
[SAMPLE QUEUE FULL]
[SAMPLE QUEUE FULL]
[SEU] addr=20003194 bit=00000006
[SAMPLE QUEUE FULL]
[SEU] addr=20003161 bit=00000003
[SAMPLE QUEUE FULL]
[SAMPLE QUEUE FULL]
[SAMPLE QUEUE FULL]
[SAMPLE QUEUE FULL]
[SAMPLE QUEUE FULL]
[SEU] addr=20003161 bit=00000002
[SAMPLE QUEUE FULL]
[SAMPLE QUEUE FULL]
[SAMPLE QUEUE FULL]
[SEU] addr=2000319B bit=00000006
[SAMPLE QUEUE FULL]
[SAMPLE QUEUE FULL]
[SAMPLE QUEUE FULL]
[SEU] addr=20003179 bit=00000003
[SAMPLE QUEUE FULL]
[SAMPLE QUEUE FULL]
[SAMPLE QUEUE FULL]
[SAMPLE QUEUE FULL]
[SEU] addr=20003157 bit=00000002
[SAMPLE QUEUE FULL]
[SAMPLE QUEUE FULL]
[SEU] addr=20003158 bit=00000000
[SAMPLE QUEUE FULL]
[SAMPLE QUEUE FULL]
[SAMPLE QUEUE FULL]
[SAMPLE QUEUE FULL]
[SAMPLE QUEUE FULL]
[SEU] addr=20003187 bit=00000005
[SAMPLE QUEUE FULL]
[SAMPLE QUEUE FULL]
[SAMPLE QUEUE FULL]
[SAMPLE QUEUE FULL]
[SAMPLE QUEUE FULL]
[SAMPLE QUEUE FULL]
[SAMPLE QUEUE FULL]
[SAMPLE QUEUE FULL]
[SAMPLE QUEUE FULL]
[SAMPLE QUEUE FULL]
[SEU] addr=20003165 bit=00000002
[SAMPLE QUEUE FULL]
[SAMPLE QUEUE FULL]
[SAMPLE QUEUE FULL]
[SAMPLE QUEUE FULL]
[SAMPLE QUEUE FULL]
[SAMPLE QUEUE FULL]
[SAMPLE QUEUE FULL]
[SEU] addr=2000317C bit=00000001
[SAMPLE QUEUE FULL]
[SAMPLE QUEUE FULL]
[SAMPLE QUEUE FULL]
[SAMPLE QUEUE FULL]
[SAMPLE QUEUE FULL]
[SAMPLE QUEUE FULL]
[SAMPLE QUEUE FULL]
[SAMPLE QUEUE FULL]
[SAMPLE QUEUE FULL]
[SEU] addr=2000319B bit=00000003
[SAMPLE QUEUE FULL]
[SAMPLE QUEUE FULL]
[SEU] addr=20003152 bit=00000004
[SAMPLE QUEUE FULL]
[SAMPLE QUEUE FULL]
[SEU] addr=2000319A bit=00000000
[SAMPLE QUEUE FULL]
[SAMPLE QUEUE FULL]
[SAMPLE QUEUE FULL]
[SAMPLE QUEUE FULL]
[SAMPLE QUEUE FULL]
[SAMPLE QUEUE FULL]
[SAMPLE QUEUE FULL]
[SEU] addr=20003183 bit=00000003
[SAMPLE QUEUE FULL]
[SAMPLE QUEUE FULL]
[SAMPLE QUEUE FULL]
[SAMPLE QUEUE FULL]
[SAMPLE QUEUE FULL]
[SAMPLE QUEUE FULL]
[SAMPLE QUEUE FULL]
[SEU] addr=2000316B bit=00000003
[SAMPLE QUEUE FULL]
[SAMPLE QUEUE FULL]
[SAMPLE QUEUE FULL]
[SAMPLE QUEUE FULL]
[SEU] addr=2000317B bit=00000000
[SAMPLE QUEUE FULL]
[SAMPLE QUEUE FULL]
[SAMPLE QUEUE FULL]
[SAMPLE QUEUE FULL]
[SAMPLE QUEUE FULL]
[SAMPLE QUEUE FULL]
[SAMPLE QUEUE FULL]
[SAMPLE QUEUE FULL]
[SAMPLE QUEUE FULL]
[SAMPLE QUEUE FULL]
[SEU] addr=200031A2 bit=00000001
[SAMPLE QUEUE FULL]
[SAMPLE QUEUE FULL]
[SAMPLE QUEUE FULL]
[SAMPLE QUEUE FULL]
[SAMPLE QUEUE FULL]
[SAMPLE QUEUE FULL]
[SAMPLE QUEUE FULL]
[SAMPLE QUEUE FULL]
[SEU] addr=20003182 bit=00000007
[SAMPLE QUEUE FULL]
[SAMPLE QUEUE FULL]
[SEU] addr=2000314A bit=00000000
[SAMPLE QUEUE FULL]
[SAMPLE QUEUE FULL]
[SAMPLE QUEUE FULL]
[SAMPLE QUEUE FULL]
[SAMPLE QUEUE FULL]
[SAMPLE QUEUE FULL]
[SAMPLE QUEUE FULL]
[SEU] addr=200031BD bit=00000000
[SAMPLE QUEUE FULL]
[SAMPLE QUEUE FULL]
[SAMPLE QUEUE FULL]
[SAMPLE QUEUE FULL]
[SEU] addr=200031B7 bit=00000000
[SAMPLE QUEUE FULL]
[SAMPLE QUEUE FULL]
[SAMPLE QUEUE FULL]
[SAMPLE QUEUE FULL]
[SAMPLE QUEUE FULL]
[SAMPLE QUEUE FULL]
[SEU] addr=20003197 bit=00000000
[SAMPLE QUEUE FULL]
[SAMPLE QUEUE FULL]
[SAMPLE QUEUE FULL]
[SAMPLE QUEUE FULL]
[SEU] addr=200031BC bit=00000004
[SAMPLE QUEUE FULL]
[SAMPLE QUEUE FULL]
[SAMPLE QUEUE FULL]
[SAMPLE QUEUE FULL]
[SAMPLE QUEUE FULL]
[SAMPLE QUEUE FULL]
[SAMPLE QUEUE FULL]
[SAMPLE QUEUE FULL]
[SAMPLE QUEUE FULL]
[SAMPLE QUEUE FULL]
[SEU] addr=200031A4 bit=00000003
[SAMPLE QUEUE FULL]
[SAMPLE QUEUE FULL]
[SAMPLE QUEUE FULL]
[SEU] addr=20003162 bit=00000002
[SAMPLE QUEUE FULL]
[SAMPLE QUEUE FULL]
[SAMPLE QUEUE FULL]
[SAMPLE QUEUE FULL]
[SAMPLE QUEUE FULL]
[SAMPLE QUEUE FULL]
[SAMPLE QUEUE FULL]
[SAMPLE QUEUE FULL]
[SEU] addr=200031A7 bit=00000002
[SAMPLE QUEUE FULL]
[SAMPLE QUEUE FULL]
[SAMPLE QUEUE FULL]
[SAMPLE QUEUE FULL]
[SAMPLE QUEUE FULL]
[SAMPLE QUEUE FULL]
[SAMPLE QUEUE FULL]
[SEU] addr=20003184 bit=00000003
[SAMPLE QUEUE FULL]
[SAMPLE QUEUE FULL]
[SAMPLE QUEUE FULL]
[SAMPLE QUEUE FULL]
[SAMPLE QUEUE FULL]
[SAMPLE QUEUE FULL]
[SAMPLE QUEUE FULL]
[SAMPLE QUEUE FULL]
[SAMPLE QUEUE FULL]
[SEU] addr=20003181 bit=00000000
[SAMPLE QUEUE FULL]
[SAMPLE QUEUE FULL]
[SAMPLE QUEUE FULL]
[SAMPLE QUEUE FULL]
[SAMPLE QUEUE FULL]
[SAMPLE QUEUE FULL]
[SAMPLE QUEUE FULL]
[SAMPLE QUEUE FULL]
[SEU] addr=20003183 bit=00000003
[SAMPLE QUEUE FULL]
[SAMPLE QUEUE FULL]
[SAMPLE QUEUE FULL]
[SAMPLE QUEUE FULL]
[SAMPLE QUEUE FULL]
[SAMPLE QUEUE FULL]
[SEU] addr=200031A6 bit=00000005
[SAMPLE QUEUE FULL]
[SAMPLE QUEUE FULL]
[SEU] addr=2000319D bit=00000005
[SAMPLE QUEUE FULL]
[SAMPLE QUEUE FULL]
[SEU] addr=20003156 bit=00000000
[SAMPLE QUEUE FULL]
[SAMPLE QUEUE FULL]
[SAMPLE QUEUE FULL]
[SAMPLE QUEUE FULL]
[SAMPLE QUEUE FULL]
[SAMPLE QUEUE FULL]
[SAMPLE QUEUE FULL]
[SAMPLE QUEUE FULL]
[SAMPLE QUEUE FULL]
[SEU] addr=20003196 bit=00000002
[SAMPLE QUEUE FULL]
[SAMPLE QUEUE FULL]
[SAMPLE QUEUE FULL]
[SAMPLE QUEUE FULL]
[SAMPLE QUEUE FULL]
[SEU] addr=20003198 bit=00000001
[SAMPLE QUEUE FULL]
[SAMPLE QUEUE FULL]
[SAMPLE QUEUE FULL]
[SEU] addr=200031A0 bit=00000004
[SAMPLE QUEUE FULL]
[SAMPLE QUEUE FULL]
[SAMPLE QUEUE FULL]
[SAMPLE QUEUE FULL]
[SAMPLE QUEUE FULL]
[SAMPLE QUEUE FULL]
[SEU] addr=200031AB bit=00000004
[SAMPLE QUEUE FULL]
[SAMPLE QUEUE FULL]
[SAMPLE QUEUE FULL]
[SAMPLE QUEUE FULL]
[SEU] addr=2000318C bit=00000002
[SAMPLE QUEUE FULL]
[SAMPLE QUEUE FULL]
[SAMPLE QUEUE FULL]
[SEU] addr=200031BD bit=00000006
[SAMPLE QUEUE FULL]
[SAMPLE QUEUE FULL]
[SAMPLE QUEUE FULL]
[SAMPLE QUEUE FULL]
[SEU] addr=200031AD bit=00000000
[SAMPLE QUEUE FULL]
[SAMPLE QUEUE FULL]
[SEU] addr=2000314F bit=00000002
[SAMPLE QUEUE FULL]
[SAMPLE QUEUE FULL]
[SAMPLE QUEUE FULL]
[SAMPLE QUEUE FULL]
[SAMPLE QUEUE FULL]
[SAMPLE QUEUE FULL]
[SAMPLE QUEUE FULL]
[SAMPLE QUEUE FULL]
[SAMPLE QUEUE FULL]
[SEU] addr=2000314F bit=00000005
[SAMPLE QUEUE FULL]
[SAMPLE QUEUE FULL]
[SAMPLE QUEUE FULL]
[SAMPLE QUEUE FULL]
[SAMPLE QUEUE FULL]
[SEU] addr=20003178 bit=00000001
[SAMPLE QUEUE FULL]
[SAMPLE QUEUE FULL]
[SAMPLE QUEUE FULL]
[SEU] addr=2000316C bit=00000007
[SAMPLE QUEUE FULL]
[SAMPLE QUEUE FULL]
[SAMPLE QUEUE FULL]
[SAMPLE QUEUE FULL]
[SAMPLE QUEUE FULL]
[SEU] addr=20003182 bit=00000003
[SAMPLE QUEUE FULL]
[SAMPLE QUEUE FULL]
[SAMPLE QUEUE FULL]
[SAMPLE QUEUE FULL]
[SAMPLE QUEUE FULL]
[SAMPLE QUEUE FULL]
[SAMPLE QUEUE FULL]
[SAMPLE QUEUE FULL]
[SAMPLE QUEUE FULL]
[SEU] addr=200031AA bit=00000000
[SAMPLE QUEUE FULL]
[SAMPLE QUEUE FULL]
[SAMPLE QUEUE FULL]
[SAMPLE QUEUE FULL]
[SAMPLE QUEUE FULL]
[SAMPLE QUEUE FULL]
[SAMPLE QUEUE FULL]
[SEU] addr=20003153 bit=00000002
[SAMPLE QUEUE FULL]
[SAMPLE QUEUE FULL]
[SEU] addr=2000314E bit=00000001
[SAMPLE QUEUE FULL]
[SAMPLE QUEUE FULL]
[SAMPLE QUEUE FULL]
[SAMPLE QUEUE FULL]
[SAMPLE QUEUE FULL]
[SAMPLE QUEUE FULL]
[SAMPLE QUEUE FULL]
[SAMPLE QUEUE FULL]
[SEU] addr=20003167 bit=00000002
[SAMPLE QUEUE FULL]
[SAMPLE QUEUE FULL]
[SAMPLE QUEUE FULL]
[SAMPLE QUEUE FULL]
[SAMPLE QUEUE FULL]
[SAMPLE QUEUE FULL]
[SEU] addr=20003154 bit=00000005
[SAMPLE QUEUE FULL]
[SAMPLE QUEUE FULL]
[SAMPLE QUEUE FULL]
[SAMPLE QUEUE FULL]
[SAMPLE QUEUE FULL]
[SAMPLE QUEUE FULL]
[SAMPLE QUEUE FULL]
[SEU] addr=20003193 bit=00000007
[SAMPLE QUEUE FULL]
[SAMPLE QUEUE FULL]
[SEU] addr=2000319F bit=00000002
[SAMPLE QUEUE FULL]
[SAMPLE QUEUE FULL]
[SAMPLE QUEUE FULL]
[SAMPLE QUEUE FULL]
[SEU] addr=20003184 bit=00000004
[SAMPLE QUEUE FULL]
[SAMPLE QUEUE FULL]
[SEU] addr=20003152 bit=00000002
[SAMPLE QUEUE FULL]
[SAMPLE QUEUE FULL]
[SAMPLE QUEUE FULL]
[SAMPLE QUEUE FULL]
[SAMPLE QUEUE FULL]
[SAMPLE QUEUE FULL]
[SAMPLE QUEUE FULL]
[SEU] addr=20003174 bit=00000002
[SAMPLE QUEUE FULL]
[SAMPLE QUEUE FULL]
[SAMPLE QUEUE FULL]
[SEU] addr=20003169 bit=00000001
[SAMPLE QUEUE FULL]
[SAMPLE QUEUE FULL]
[SEU] addr=2000316C bit=00000007
[SAMPLE QUEUE FULL]
[SAMPLE QUEUE FULL]
[SAMPLE QUEUE FULL]
[SAMPLE QUEUE FULL]
[SAMPLE QUEUE FULL]
[SAMPLE QUEUE FULL]
[SAMPLE QUEUE FULL]
[SAMPLE QUEUE FULL]
[SAMPLE QUEUE FULL]
[SAMPLE QUEUE FULL]
[SEU] addr=200031A9 bit=00000000
[SAMPLE QUEUE FULL]
[SAMPLE QUEUE FULL]
[SAMPLE QUEUE FULL]
[SAMPLE QUEUE FULL]
[SEU] addr=200031BD bit=00000000
[SAMPLE QUEUE FULL]
[SAMPLE QUEUE FULL]
[SAMPLE QUEUE FULL]
[SAMPLE QUEUE FULL]
[SAMPLE QUEUE FULL]
[SAMPLE QUEUE FULL]
[SAMPLE QUEUE FULL]
[SAMPLE QUEUE FULL]
[SEU] addr=200031BE bit=00000000
[SAMPLE QUEUE FULL]
[SAMPLE QUEUE FULL]
[SEU] addr=200031A5 bit=00000001
[SAMPLE QUEUE FULL]
[SAMPLE QUEUE FULL]
[SAMPLE QUEUE FULL]
[SAMPLE QUEUE FULL]
[SEU] addr=200031AC bit=00000005
[SAMPLE QUEUE FULL]
[SAMPLE QUEUE FULL]
[SAMPLE QUEUE FULL]
[SEU] addr=20003147 bit=00000002
[SAMPLE QUEUE FULL]
[SAMPLE QUEUE FULL]
[SAMPLE QUEUE FULL]
[SAMPLE QUEUE FULL]
[SEU] addr=20003151 bit=00000006
[SAMPLE QUEUE FULL]
[SAMPLE QUEUE FULL]
[SAMPLE QUEUE FULL]
[SAMPLE QUEUE FULL]
[SEU] addr=2000317C bit=00000002
[SAMPLE QUEUE FULL]
[SAMPLE QUEUE FULL]
[SAMPLE QUEUE FULL]
[SAMPLE QUEUE FULL]
[SAMPLE QUEUE FULL]
[SAMPLE QUEUE FULL]
[SAMPLE QUEUE FULL]
[SAMPLE QUEUE FULL]
[SEU] addr=2000315B bit=00000003
[SAMPLE QUEUE FULL]
[SEU] addr=20003146 bit=00000000
[SAMPLE QUEUE FULL]
[SAMPLE QUEUE FULL]
[SAMPLE QUEUE FULL]
[SAMPLE QUEUE FULL]
[SAMPLE QUEUE FULL]
[SAMPLE QUEUE FULL]
[SAMPLE QUEUE FULL]
[SAMPLE QUEUE FULL]
[SAMPLE QUEUE FULL]
[SEU] addr=2000319A bit=00000001
[SAMPLE QUEUE FULL]
[SAMPLE QUEUE FULL]
[SAMPLE QUEUE FULL]
[SAMPLE QUEUE FULL]
[SAMPLE QUEUE FULL]
[SAMPLE QUEUE FULL]
[SAMPLE QUEUE FULL]
[SAMPLE QUEUE FULL]
[SAMPLE QUEUE FULL]
[SEU] addr=20003145 bit=00000001
[SAMPLE QUEUE FULL]
[SAMPLE QUEUE FULL]
[SAMPLE QUEUE FULL]
[SAMPLE QUEUE FULL]
[SEU] addr=20003168 bit=00000004
[SAMPLE QUEUE FULL]
[SAMPLE QUEUE FULL]
[SAMPLE QUEUE FULL]
[SAMPLE QUEUE FULL]
[SAMPLE QUEUE FULL]
[SEU] addr=2000314C bit=00000000
[SAMPLE QUEUE FULL]
[SAMPLE QUEUE FULL]
[SAMPLE QUEUE FULL]
[SEU] addr=20003177 bit=00000000
[SAMPLE QUEUE FULL]
[SAMPLE QUEUE FULL]
[SAMPLE QUEUE FULL]
[SAMPLE QUEUE FULL]
[SAMPLE QUEUE FULL]
[SAMPLE QUEUE FULL]
[SAMPLE QUEUE FULL]
[SAMPLE QUEUE FULL]
[SAMPLE QUEUE FULL]
[SAMPLE QUEUE FULL]
[SEU] addr=20003157 bit=00000004
[SAMPLE QUEUE FULL]
[SAMPLE QUEUE FULL]
[SAMPLE QUEUE FULL]
[SAMPLE QUEUE FULL]
[SAMPLE QUEUE FULL]
[SAMPLE QUEUE FULL]
[SAMPLE QUEUE FULL]
[SAMPLE QUEUE FULL]
[SAMPLE QUEUE FULL]
[SEU] addr=2000318F bit=00000005
[SAMPLE QUEUE FULL]
[SAMPLE QUEUE FULL]
[SAMPLE QUEUE FULL]
[SEU] addr=20003160 bit=00000006
[SAMPLE QUEUE FULL]
[SEU] addr=200031A9 bit=00000000
[SAMPLE QUEUE FULL]
[SAMPLE QUEUE FULL]
[SAMPLE QUEUE FULL]
[SEU] addr=2000318D bit=00000002
[SAMPLE QUEUE FULL]
[SEU] addr=2000316A bit=00000004
[SAMPLE QUEUE FULL]
[SAMPLE QUEUE FULL]
[SAMPLE QUEUE FULL]
[SAMPLE QUEUE FULL]
[SAMPLE QUEUE FULL]
[SAMPLE QUEUE FULL]
[SAMPLE QUEUE FULL]
[SAMPLE QUEUE FULL]
[SAMPLE QUEUE FULL]
[SAMPLE QUEUE FULL]
[SEU] addr=2000319A bit=00000005
[SAMPLE QUEUE FULL]
[SEU] addr=20003190 bit=00000000
[SAMPLE QUEUE FULL]
[SAMPLE QUEUE FULL]
[SAMPLE QUEUE FULL]
[SAMPLE QUEUE FULL]
[SAMPLE QUEUE FULL]
[SAMPLE QUEUE FULL]
[SEU] addr=20003186 bit=00000003
[SAMPLE QUEUE FULL]
[SAMPLE QUEUE FULL]
[SAMPLE QUEUE FULL]
[SAMPLE QUEUE FULL]
[SEU] addr=2000314B bit=00000000
[SAMPLE QUEUE FULL]
[SAMPLE QUEUE FULL]
[SAMPLE QUEUE FULL]
[SAMPLE QUEUE FULL]
[SAMPLE QUEUE FULL]
[SEU] addr=20003181 bit=00000002
[SAMPLE QUEUE FULL]
[SAMPLE QUEUE FULL]
[SEU] addr=200031BC bit=00000007
[SAMPLE QUEUE FULL]
[SAMPLE QUEUE FULL]
[SAMPLE QUEUE FULL]
[SAMPLE QUEUE FULL]
[SEU] addr=20003157 bit=00000005
[SAMPLE QUEUE FULL]
[SAMPLE QUEUE FULL]
[SAMPLE QUEUE FULL]
[SAMPLE QUEUE FULL]
[SEU] addr=20003176 bit=00000005
[SAMPLE QUEUE FULL]
[SAMPLE QUEUE FULL]
[SAMPLE QUEUE FULL]
[SAMPLE QUEUE FULL]
[SAMPLE QUEUE FULL]
[SAMPLE QUEUE FULL]
[SAMPLE QUEUE FULL]
[SAMPLE QUEUE FULL]
[SEU] addr=200031A9 bit=00000006
[SAMPLE QUEUE FULL]
[SAMPLE QUEUE FULL]
[SAMPLE QUEUE FULL]
[SAMPLE QUEUE FULL]
[SAMPLE QUEUE FULL]
[SEU] addr=2000318E bit=00000007
[SAMPLE QUEUE FULL]
[SAMPLE QUEUE FULL]
[SAMPLE QUEUE FULL]
[SAMPLE QUEUE FULL]
[SAMPLE QUEUE FULL]
[SEU] addr=20003153 bit=00000001
[SAMPLE QUEUE FULL]
[SAMPLE QUEUE FULL]
[SAMPLE QUEUE FULL]
[SAMPLE QUEUE FULL]
[SAMPLE QUEUE FULL]
[SAMPLE QUEUE FULL]
[SAMPLE QUEUE FULL]
[SAMPLE QUEUE FULL]
[SEU] addr=200031B8 bit=00000007
[SAMPLE QUEUE FULL]
[SAMPLE QUEUE FULL]
[SAMPLE QUEUE FULL]
[SAMPLE QUEUE FULL]
[SAMPLE QUEUE FULL]
[SAMPLE QUEUE FULL]
[SAMPLE QUEUE FULL]
[SAMPLE QUEUE FULL]
[SAMPLE QUEUE FULL]
[SEU] addr=20003156 bit=00000000
[SAMPLE QUEUE FULL]
[SAMPLE QUEUE FULL]
[SAMPLE QUEUE FULL]
[SAMPLE QUEUE FULL]
[SAMPLE QUEUE FULL]
[SAMPLE QUEUE FULL]
[SAMPLE QUEUE FULL]
[SAMPLE QUEUE FULL]
[SEU] addr=200031BB bit=00000000
[SAMPLE QUEUE FULL]
[SAMPLE QUEUE FULL]
[SAMPLE QUEUE FULL]
[SAMPLE QUEUE FULL]
[SAMPLE QUEUE FULL]
[SAMPLE QUEUE FULL]
[SAMPLE QUEUE FULL]
[SEU] addr=200031A2 bit=00000003
[SAMPLE QUEUE FULL]
[SAMPLE QUEUE FULL]
[SAMPLE QUEUE FULL]
[SAMPLE QUEUE FULL]
[SAMPLE QUEUE FULL]
[SAMPLE QUEUE FULL]
[SAMPLE QUEUE FULL]
[SEU] addr=200031B9 bit=00000001
[SAMPLE QUEUE FULL]
[SAMPLE QUEUE FULL]
[SAMPLE QUEUE FULL]
[SAMPLE QUEUE FULL]
[SAMPLE QUEUE FULL]
[SAMPLE QUEUE FULL]
[SAMPLE QUEUE FULL]
[SAMPLE QUEUE FULL]
[SEU] addr=2000315C bit=00000006
[SAMPLE QUEUE FULL]
[SAMPLE QUEUE FULL]
[SAMPLE QUEUE FULL]
[SAMPLE QUEUE FULL]
[SAMPLE QUEUE FULL]
[SAMPLE QUEUE FULL]
[SAMPLE QUEUE FULL]
[SAMPLE QUEUE FULL]
[SAMPLE QUEUE FULL]
[SEU] addr=20003150 bit=00000004
[SAMPLE QUEUE FULL]
[SAMPLE QUEUE FULL]
[SAMPLE QUEUE FULL]
[SAMPLE QUEUE FULL]
[SAMPLE QUEUE FULL]
[SAMPLE QUEUE FULL]
[SAMPLE QUEUE FULL]
[SAMPLE QUEUE FULL]
[SAMPLE QUEUE FULL]
[SEU] addr=2000314E bit=00000004
[SAMPLE QUEUE FULL]
[SAMPLE QUEUE FULL]
[SAMPLE QUEUE FULL]
[SEU] addr=20003171 bit=00000004
[SAMPLE QUEUE FULL]
[SAMPLE QUEUE FULL]
[SAMPLE QUEUE FULL]
[SAMPLE QUEUE FULL]
[SAMPLE QUEUE FULL]
[SAMPLE QUEUE FULL]
[SAMPLE QUEUE FULL]
[SAMPLE QUEUE FULL]
[SAMPLE QUEUE FULL]
[SEU] addr=200031A2 bit=00000000
[SAMPLE QUEUE FULL]
[SAMPLE QUEUE FULL]
[SAMPLE QUEUE FULL]
[SAMPLE QUEUE FULL]
[SAMPLE QUEUE FULL]
[SEU] addr=2000318C bit=00000005
[SAMPLE QUEUE FULL]
[SAMPLE QUEUE FULL]
[SAMPLE QUEUE FULL]
[SAMPLE QUEUE FULL]
[SAMPLE QUEUE FULL]
[SAMPLE QUEUE FULL]
[SAMPLE QUEUE FULL]
[SEU] addr=200031B8 bit=00000003
[SAMPLE QUEUE FULL]
[SAMPLE QUEUE FULL]
[SAMPLE QUEUE FULL]
[SAMPLE QUEUE FULL]
[SAMPLE QUEUE FULL]
[SAMPLE QUEUE FULL]
[SEU] addr=20003190 bit=00000001
[SAMPLE QUEUE FULL]
[SAMPLE QUEUE FULL]
[SAMPLE QUEUE FULL]
[SAMPLE QUEUE FULL]
[SAMPLE QUEUE FULL]
[SAMPLE QUEUE FULL]
[SEU] addr=2000319F bit=00000001
[SAMPLE QUEUE FULL]
[SAMPLE QUEUE FULL]
[SAMPLE QUEUE FULL]
[SAMPLE QUEUE FULL]
[SAMPLE QUEUE FULL]
[SAMPLE QUEUE FULL]
[SEU] addr=20003147 bit=00000001
[SAMPLE QUEUE FULL]
[SAMPLE QUEUE FULL]
[SAMPLE QUEUE FULL]
[SAMPLE QUEUE FULL]
[SAMPLE QUEUE FULL]
[SAMPLE QUEUE FULL]
[SAMPLE QUEUE FULL]
[SAMPLE QUEUE FULL]
[SAMPLE QUEUE FULL]
[SAMPLE QUEUE FULL]
[SEU] addr=20003190 bit=00000003
[SAMPLE QUEUE FULL]
[SAMPLE QUEUE FULL]
[SAMPLE QUEUE FULL]
[SAMPLE QUEUE FULL]
[SAMPLE QUEUE FULL]
[SAMPLE QUEUE FULL]
[SAMPLE QUEUE FULL]
[SAMPLE QUEUE FULL]
[SEU] addr=200031BD bit=00000002
[SAMPLE QUEUE FULL]
[SAMPLE QUEUE FULL]
[SAMPLE QUEUE FULL]
[SAMPLE QUEUE FULL]
[SAMPLE QUEUE FULL]
[SAMPLE QUEUE FULL]
[SAMPLE QUEUE FULL]
[SAMPLE QUEUE FULL]
[SEU] addr=2000317B bit=00000003
[SAMPLE QUEUE FULL]
[SAMPLE QUEUE FULL]
[SEU] addr=20003169 bit=00000000
[SAMPLE QUEUE FULL]
[SAMPLE QUEUE FULL]
[SEU] addr=20003159 bit=00000007
[SAMPLE QUEUE FULL]
[SAMPLE QUEUE FULL]
[SAMPLE QUEUE FULL]
[SAMPLE QUEUE FULL]
[SAMPLE QUEUE FULL]
[SAMPLE QUEUE FULL]
[SAMPLE QUEUE FULL]
[SEU] addr=200031AD bit=00000000
[SAMPLE QUEUE FULL]
[SAMPLE QUEUE FULL]
[SAMPLE QUEUE FULL]
[SAMPLE QUEUE FULL]
[SAMPLE QUEUE FULL]
[SAMPLE QUEUE FULL]
[SAMPLE QUEUE FULL]
[SEU] addr=2000316E bit=00000003
[SAMPLE QUEUE FULL]
[SEU] addr=2000317A bit=00000007
[SAMPLE QUEUE FULL]
[SAMPLE QUEUE FULL]
[SAMPLE QUEUE FULL]
[SAMPLE QUEUE FULL]
[SAMPLE QUEUE FULL]
[SAMPLE QUEUE FULL]
[SEU] addr=200031AE bit=00000005
[SAMPLE QUEUE FULL]
[SAMPLE QUEUE FULL]
[SAMPLE QUEUE FULL]
[SAMPLE QUEUE FULL]
[SAMPLE QUEUE FULL]
[SAMPLE QUEUE FULL]
[SAMPLE QUEUE FULL]
[SEU] addr=20003159 bit=00000005
[SAMPLE QUEUE FULL]
[SAMPLE QUEUE FULL]
[SAMPLE QUEUE FULL]
[SAMPLE QUEUE FULL]
[SAMPLE QUEUE FULL]
[SAMPLE QUEUE FULL]
[SEU] addr=2000316F bit=00000001
[SAMPLE QUEUE FULL]
[SAMPLE QUEUE FULL]
[SAMPLE QUEUE FULL]
[SAMPLE QUEUE FULL]
[SAMPLE QUEUE FULL]
[SAMPLE QUEUE FULL]
[SAMPLE QUEUE FULL]
[SEU] addr=200031B8 bit=00000000
[SAMPLE QUEUE FULL]
[SAMPLE QUEUE FULL]
[SAMPLE QUEUE FULL]
[SAMPLE QUEUE FULL]
[SAMPLE QUEUE FULL]
[SAMPLE QUEUE FULL]
[SAMPLE QUEUE FULL]
[SEU] addr=20003144 bit=00000000
[SAMPLE QUEUE FULL]
[SAMPLE QUEUE FULL]
[SAMPLE QUEUE FULL]
[SEU] addr=2000319C bit=00000004
[SAMPLE QUEUE FULL]
[SAMPLE QUEUE FULL]
[SAMPLE QUEUE FULL]
[SAMPLE QUEUE FULL]
[SAMPLE QUEUE FULL]
[SEU] addr=2000319D bit=00000002
[SAMPLE QUEUE FULL]
[SAMPLE QUEUE FULL]
[SAMPLE QUEUE FULL]
[SAMPLE QUEUE FULL]
[SAMPLE QUEUE FULL]
[SAMPLE QUEUE FULL]
[SAMPLE QUEUE FULL]
[SAMPLE QUEUE FULL]
[SEU] addr=2000319A bit=00000006
[SAMPLE QUEUE FULL]
[SAMPLE QUEUE FULL]
[SAMPLE QUEUE FULL]
[SAMPLE QUEUE FULL]
[SAMPLE QUEUE FULL]
[SAMPLE QUEUE FULL]
[SAMPLE QUEUE FULL]
[SAMPLE QUEUE FULL]
[SAMPLE QUEUE FULL]
[SEU] addr=2000319E bit=00000007
[SAMPLE QUEUE FULL]
[SAMPLE QUEUE FULL]
[SAMPLE QUEUE FULL]
[SAMPLE QUEUE FULL]
[SAMPLE QUEUE FULL]
[SAMPLE QUEUE FULL]
[SAMPLE QUEUE FULL]
[SEU] addr=20003179 bit=00000004
[SAMPLE QUEUE FULL]
[SAMPLE QUEUE FULL]
[SAMPLE QUEUE FULL]
[SAMPLE QUEUE FULL]
[SAMPLE QUEUE FULL]
[SEU] addr=200031AC bit=00000003
[SAMPLE QUEUE FULL]
[SAMPLE QUEUE FULL]
[SAMPLE QUEUE FULL]
[SAMPLE QUEUE FULL]
[SAMPLE QUEUE FULL]
[SAMPLE QUEUE FULL]
[SEU] addr=20003193 bit=00000001
[SAMPLE QUEUE FULL]
[SAMPLE QUEUE FULL]
[SAMPLE QUEUE FULL]
[SAMPLE QUEUE FULL]
[SAMPLE QUEUE FULL]
[SAMPLE QUEUE FULL]
[SAMPLE QUEUE FULL]
[SAMPLE QUEUE FULL]
[SEU] addr=2000315B bit=00000004
[SAMPLE QUEUE FULL]
[SAMPLE QUEUE FULL]
[SAMPLE QUEUE FULL]
[SAMPLE QUEUE FULL]
[SAMPLE QUEUE FULL]
[SAMPLE QUEUE FULL]
[SAMPLE QUEUE FULL]
[SAMPLE QUEUE FULL]
[SAMPLE QUEUE FULL]
[SAMPLE QUEUE FULL]
[SEU] addr=2000317B bit=00000002
[SAMPLE QUEUE FULL]
[SAMPLE QUEUE FULL]
[SAMPLE QUEUE FULL]
[SEU] addr=20003198 bit=00000003
[SAMPLE QUEUE FULL]
[SAMPLE QUEUE FULL]
[SAMPLE QUEUE FULL]
[SAMPLE QUEUE FULL]
[SEU] addr=20003196 bit=00000006
[SAMPLE QUEUE FULL]
[SAMPLE QUEUE FULL]
[SEU] addr=200031A5 bit=00000004
[SAMPLE QUEUE FULL]
[SAMPLE QUEUE FULL]
[SAMPLE QUEUE FULL]
[SAMPLE QUEUE FULL]
[SAMPLE QUEUE FULL]
[SAMPLE QUEUE FULL]
[SAMPLE QUEUE FULL]
[SAMPLE QUEUE FULL]
[SAMPLE QUEUE FULL]
[SAMPLE QUEUE FULL]
[SEU] addr=20003186 bit=00000003
[SAMPLE QUEUE FULL]
[SAMPLE QUEUE FULL]
[SAMPLE QUEUE FULL]
[SAMPLE QUEUE FULL]
[SAMPLE QUEUE FULL]
[SAMPLE QUEUE FULL]
[SAMPLE QUEUE FULL]
[SEU] addr=20003149 bit=00000003
[SAMPLE QUEUE FULL]
[SAMPLE QUEUE FULL]
[SAMPLE QUEUE FULL]
[SAMPLE QUEUE FULL]
[SEU] addr=200031AC bit=00000005
[SAMPLE QUEUE FULL]
[SAMPLE QUEUE FULL]
[SEU] addr=2000318F bit=00000001
[SAMPLE QUEUE FULL]
[SAMPLE QUEUE FULL]
[SAMPLE QUEUE FULL]
[SAMPLE QUEUE FULL]
[SAMPLE QUEUE FULL]
[SAMPLE QUEUE FULL]
[SAMPLE QUEUE FULL]
[SAMPLE QUEUE FULL]
[SEU] addr=20003167 bit=00000000
[SAMPLE QUEUE FULL]
[SAMPLE QUEUE FULL]
[SAMPLE QUEUE FULL]
[SAMPLE QUEUE FULL]
[SAMPLE QUEUE FULL]
[SAMPLE QUEUE FULL]
[SAMPLE QUEUE FULL]
[SAMPLE QUEUE FULL]
[SAMPLE QUEUE FULL]
[SAMPLE QUEUE FULL]
[SEU] addr=20003177 bit=00000000
[SAMPLE QUEUE FULL]
[SAMPLE QUEUE FULL]
[SAMPLE QUEUE FULL]
[SAMPLE QUEUE FULL]
[SAMPLE QUEUE FULL]
[SAMPLE QUEUE FULL]
[SAMPLE QUEUE FULL]
[SEU] addr=200031B1 bit=00000000
[SAMPLE QUEUE FULL]
[SEU] addr=20003147 bit=00000007
[SAMPLE QUEUE FULL]
[SAMPLE QUEUE FULL]
[SAMPLE QUEUE FULL]
[SAMPLE QUEUE FULL]
[SAMPLE QUEUE FULL]
[SAMPLE QUEUE FULL]
[SAMPLE QUEUE FULL]
[SEU] addr=2000314C bit=00000003
[SAMPLE QUEUE FULL]
[SAMPLE QUEUE FULL]
[SAMPLE QUEUE FULL]
[SAMPLE QUEUE FULL]
[SAMPLE QUEUE FULL]
[SAMPLE QUEUE FULL]
[SEU] addr=200031AE bit=00000007
[SAMPLE QUEUE FULL]
[SAMPLE QUEUE FULL]
[SAMPLE QUEUE FULL]
[SAMPLE QUEUE FULL]
[SEU] addr=20003163 bit=00000007
[SAMPLE QUEUE FULL]
[SAMPLE QUEUE FULL]
[SAMPLE QUEUE FULL]
[SEU] addr=20003193 bit=00000007
[SAMPLE QUEUE FULL]
[SAMPLE QUEUE FULL]
[SAMPLE QUEUE FULL]
[SAMPLE QUEUE FULL]
[SAMPLE QUEUE FULL]
[SAMPLE QUEUE FULL]
[SAMPLE QUEUE FULL]
[SAMPLE QUEUE FULL]
[SEU] addr=20003192 bit=00000002
[SAMPLE QUEUE FULL]
[SAMPLE QUEUE FULL]
[SAMPLE QUEUE FULL]
[SAMPLE QUEUE FULL]
[SEU] addr=200031B9 bit=00000002
[SAMPLE QUEUE FULL]
[SAMPLE QUEUE FULL]
[SEU] addr=20003194 bit=00000003
[SAMPLE QUEUE FULL]
[SAMPLE QUEUE FULL]
[SAMPLE QUEUE FULL]
[SAMPLE QUEUE FULL]
[SAMPLE QUEUE FULL]
[SAMPLE QUEUE FULL]
[SAMPLE QUEUE FULL]
[SEU] addr=200031A6 bit=00000001
[SAMPLE QUEUE FULL]
[SEU] addr=20003184 bit=00000000
[SAMPLE QUEUE FULL]
[SAMPLE QUEUE FULL]
[SAMPLE QUEUE FULL]
[SAMPLE QUEUE FULL]
[SEU] addr=20003177 bit=00000001
[SAMPLE QUEUE FULL]
[SAMPLE QUEUE FULL]
[SAMPLE QUEUE FULL]
[SEU] addr=2000318F bit=00000003
[SAMPLE QUEUE FULL]
[SAMPLE QUEUE FULL]
[SEU] addr=20003179 bit=00000003
[SAMPLE QUEUE FULL]
[SAMPLE QUEUE FULL]
[SEU] addr=20003170 bit=00000007
[SAMPLE QUEUE FULL]
[SAMPLE QUEUE FULL]
[SAMPLE QUEUE FULL]
[SAMPLE QUEUE FULL]
[SEU] addr=2000316F bit=00000007
[SAMPLE QUEUE FULL]
[SAMPLE QUEUE FULL]
[SAMPLE QUEUE FULL]
[SAMPLE QUEUE FULL]
[SEU] addr=20003147 bit=00000003
[SAMPLE QUEUE FULL]
[SAMPLE QUEUE FULL]
[SAMPLE QUEUE FULL]
[SAMPLE QUEUE FULL]
[SEU] addr=20003149 bit=00000002
[SAMPLE QUEUE FULL]
[SAMPLE QUEUE FULL]
[SAMPLE QUEUE FULL]
[SAMPLE QUEUE FULL]
[SEU] addr=20003145 bit=00000005
[SAMPLE QUEUE FULL]
[SAMPLE QUEUE FULL]
[SAMPLE QUEUE FULL]
[SEU] addr=20003178 bit=00000004
[SAMPLE QUEUE FULL]
[SAMPLE QUEUE FULL]
[SAMPLE QUEUE FULL]
[SAMPLE QUEUE FULL]
[SAMPLE QUEUE FULL]
[SAMPLE QUEUE FULL]
[SEU] addr=20003153 bit=00000005
[SAMPLE QUEUE FULL]
[SAMPLE QUEUE FULL]
[SAMPLE QUEUE FULL]
[SAMPLE QUEUE FULL]
[SEU] addr=20003182 bit=00000001
[SAMPLE QUEUE FULL]
[SAMPLE QUEUE FULL]
[SAMPLE QUEUE FULL]
[SAMPLE QUEUE FULL]
[SAMPLE QUEUE FULL]
[SAMPLE QUEUE FULL]
[SEU] addr=2000318D bit=00000007
[SAMPLE QUEUE FULL]
[SAMPLE QUEUE FULL]
[SAMPLE QUEUE FULL]
[SAMPLE QUEUE FULL]
[SAMPLE QUEUE FULL]
[SAMPLE QUEUE FULL]
[SAMPLE QUEUE FULL]
[SAMPLE QUEUE FULL]
[SEU] addr=20003163 bit=00000000
[SAMPLE QUEUE FULL]
[SAMPLE QUEUE FULL]
[SAMPLE QUEUE FULL]
[SAMPLE QUEUE FULL]
[SAMPLE QUEUE FULL]
[SAMPLE QUEUE FULL]
[SAMPLE QUEUE FULL]
[SAMPLE QUEUE FULL]
[SAMPLE QUEUE FULL]
[SEU] addr=2000314F bit=00000006
[SAMPLE QUEUE FULL]
[SAMPLE QUEUE FULL]
[SAMPLE QUEUE FULL]
[SAMPLE QUEUE FULL]
[SAMPLE QUEUE FULL]
[SAMPLE QUEUE FULL]
[SAMPLE QUEUE FULL]
[SAMPLE QUEUE FULL]
[SAMPLE QUEUE FULL]
[SEU] addr=200031AE bit=00000006
[SAMPLE QUEUE FULL]
[SEU] addr=20003161 bit=00000002
[SAMPLE QUEUE FULL]
[SAMPLE QUEUE FULL]
[SAMPLE QUEUE FULL]
[SAMPLE QUEUE FULL]
[SEU] addr=200031A4 bit=00000002
[SAMPLE QUEUE FULL]
[SAMPLE QUEUE FULL]
[SAMPLE QUEUE FULL]
[SAMPLE QUEUE FULL]
[SAMPLE QUEUE FULL]
[SEU] addr=20003162 bit=00000005
[SAMPLE QUEUE FULL]
[SAMPLE QUEUE FULL]
[SAMPLE QUEUE FULL]
[SAMPLE QUEUE FULL]
[SAMPLE QUEUE FULL]
[SAMPLE QUEUE FULL]
[SEU] addr=20003159 bit=00000002
[SAMPLE QUEUE FULL]
[SAMPLE QUEUE FULL]
[SAMPLE QUEUE FULL]
[SAMPLE QUEUE FULL]
[SAMPLE QUEUE FULL]
[SAMPLE QUEUE FULL]
[SAMPLE QUEUE FULL]
[SAMPLE QUEUE FULL]
[SAMPLE QUEUE FULL]
[SEU] addr=2000319B bit=00000000
[SAMPLE QUEUE FULL]
[SEU] addr=2000316D bit=00000003
[SAMPLE QUEUE FULL]
[SAMPLE QUEUE FULL]
[SAMPLE QUEUE FULL]
[SAMPLE QUEUE FULL]
[SAMPLE QUEUE FULL]
[SEU] addr=2000319D bit=00000003
[SAMPLE QUEUE FULL]
[SAMPLE QUEUE FULL]
[SAMPLE QUEUE FULL]
[SEU] addr=2000317E bit=00000003
[SAMPLE QUEUE FULL]
[SAMPLE QUEUE FULL]
[SAMPLE QUEUE FULL]
[SAMPLE QUEUE FULL]
[SAMPLE QUEUE FULL]
[SEU] addr=2000318A bit=00000001
[SAMPLE QUEUE FULL]
[SEU] addr=2000318F bit=00000004
[SAMPLE QUEUE FULL]
[SAMPLE QUEUE FULL]
[SAMPLE QUEUE FULL]
[SAMPLE QUEUE FULL]
[SAMPLE QUEUE FULL]
[SEU] addr=20003194 bit=00000003
[SAMPLE QUEUE FULL]
[SAMPLE QUEUE FULL]
[SEU] addr=20003177 bit=00000004
[SAMPLE QUEUE FULL]
[SAMPLE QUEUE FULL]
[SAMPLE QUEUE FULL]
[SEU] addr=20003190 bit=00000006
[SAMPLE QUEUE FULL]
[SAMPLE QUEUE FULL]
[SEU] addr=2000316B bit=00000003
[SAMPLE QUEUE FULL]
[SAMPLE QUEUE FULL]
[SAMPLE QUEUE FULL]
[SEU] addr=200031B1 bit=00000003
[SAMPLE QUEUE FULL]
[SEU] addr=200031A6 bit=00000004
[SAMPLE QUEUE FULL]
[SAMPLE QUEUE FULL]
[SEU] addr=20003162 bit=00000006
[SAMPLE QUEUE FULL]
[SAMPLE QUEUE FULL]
[SAMPLE QUEUE FULL]
[SAMPLE QUEUE FULL]
[SAMPLE QUEUE FULL]
[SAMPLE QUEUE FULL]
[SAMPLE QUEUE FULL]
[SEU] addr=200031BE bit=00000001
[SAMPLE QUEUE FULL]
[SAMPLE QUEUE FULL]
[SEU] addr=200031B4 bit=00000001
[SAMPLE QUEUE FULL]
[SAMPLE QUEUE FULL]
[SAMPLE QUEUE FULL]
[SAMPLE QUEUE FULL]
[SAMPLE QUEUE FULL]
[SAMPLE QUEUE FULL]
[SAMPLE QUEUE FULL]
[SEU] addr=20003150 bit=00000002
[SAMPLE QUEUE FULL]
[SAMPLE QUEUE FULL]
[SAMPLE QUEUE FULL]
[SAMPLE QUEUE FULL]
[SAMPLE QUEUE FULL]
[SAMPLE QUEUE FULL]
[SAMPLE QUEUE FULL]
[SAMPLE QUEUE FULL]
[SAMPLE QUEUE FULL]
[SEU] addr=2000317C bit=00000004
[SAMPLE QUEUE FULL]
[SAMPLE QUEUE FULL]
[SEU] addr=20003154 bit=00000000
[SAMPLE QUEUE FULL]
[SAMPLE QUEUE FULL]
[SAMPLE QUEUE FULL]
[SAMPLE QUEUE FULL]
[SAMPLE QUEUE FULL]
[SAMPLE QUEUE FULL]
[SEU] addr=20003192 bit=00000003
[SAMPLE QUEUE FULL]
[SAMPLE QUEUE FULL]
[SEU] addr=20003188 bit=00000007
[SAMPLE QUEUE FULL]
[SAMPLE QUEUE FULL]
[SAMPLE QUEUE FULL]
[SAMPLE QUEUE FULL]
[SAMPLE QUEUE FULL]
[SAMPLE QUEUE FULL]
[SAMPLE QUEUE FULL]
[SAMPLE QUEUE FULL]
[SAMPLE QUEUE FULL]
[SAMPLE QUEUE FULL]
[SEU] addr=200031B7 bit=00000006
[SAMPLE QUEUE FULL]
[SAMPLE QUEUE FULL]
[SAMPLE QUEUE FULL]
[SAMPLE QUEUE FULL]
[SAMPLE QUEUE FULL]
[SAMPLE QUEUE FULL]
[SAMPLE QUEUE FULL]
[SEU] addr=200031BE bit=00000007
[SAMPLE QUEUE FULL]
[SAMPLE QUEUE FULL]
[SAMPLE QUEUE FULL]
[SAMPLE QUEUE FULL]
[SAMPLE QUEUE FULL]
[SAMPLE QUEUE FULL]
[SAMPLE QUEUE FULL]
[SAMPLE QUEUE FULL]
[SEU] addr=2000316C bit=00000005
[SAMPLE QUEUE FULL]
[SAMPLE QUEUE FULL]
[SEU] addr=200031BD bit=00000005
[SAMPLE QUEUE FULL]
[SAMPLE QUEUE FULL]
[SAMPLE QUEUE FULL]
[SAMPLE QUEUE FULL]
[SAMPLE QUEUE FULL]
[SAMPLE QUEUE FULL]
[SAMPLE QUEUE FULL]
[SAMPLE QUEUE FULL]
[SEU] addr=200031B9 bit=00000006
[SAMPLE QUEUE FULL]
[SAMPLE QUEUE FULL]
[SAMPLE QUEUE FULL]
[SAMPLE QUEUE FULL]
[SAMPLE QUEUE FULL]
[SAMPLE QUEUE FULL]
[SAMPLE QUEUE FULL]
[SEU] addr=20003177 bit=00000006
[SAMPLE QUEUE FULL]
[SAMPLE QUEUE FULL]
[SAMPLE QUEUE FULL]
[SAMPLE QUEUE FULL]
[SAMPLE QUEUE FULL]
[SEU] addr=20003186 bit=00000001
[SAMPLE QUEUE FULL]
[SAMPLE QUEUE FULL]
[SAMPLE QUEUE FULL]
[SAMPLE QUEUE FULL]
[SAMPLE QUEUE FULL]
[SAMPLE QUEUE FULL]
[SAMPLE QUEUE FULL]
[SAMPLE QUEUE FULL]
[SAMPLE QUEUE FULL]
[SAMPLE QUEUE FULL]
[SEU] addr=20003190 bit=00000005
[SAMPLE QUEUE FULL]
[SAMPLE QUEUE FULL]
[SAMPLE QUEUE FULL]
[SAMPLE QUEUE FULL]
[SEU] addr=20003195 bit=00000001
[SAMPLE QUEUE FULL]
[SAMPLE QUEUE FULL]
[SAMPLE QUEUE FULL]
[SAMPLE QUEUE FULL]
[SAMPLE QUEUE FULL]
[SEU] addr=2000318D bit=00000006
[SAMPLE QUEUE FULL]
[SAMPLE QUEUE FULL]
[SAMPLE QUEUE FULL]
[SAMPLE QUEUE FULL]
[SAMPLE QUEUE FULL]
[SAMPLE QUEUE FULL]
[SAMPLE QUEUE FULL]
[SAMPLE QUEUE FULL]
[SEU] addr=20003152 bit=00000000
[SAMPLE QUEUE FULL]
[SAMPLE QUEUE FULL]
[SAMPLE QUEUE FULL]
[SAMPLE QUEUE FULL]
[SAMPLE QUEUE FULL]
[SAMPLE QUEUE FULL]
[SAMPLE QUEUE FULL]
[SAMPLE QUEUE FULL]
[SAMPLE QUEUE FULL]
[SEU] addr=20003182 bit=00000002
[SAMPLE QUEUE FULL]
[SAMPLE QUEUE FULL]
[SAMPLE QUEUE FULL]
[SAMPLE QUEUE FULL]
[SAMPLE QUEUE FULL]
[SAMPLE QUEUE FULL]
[SEU] addr=2000318C bit=00000001
[SAMPLE QUEUE FULL]
[SEU] addr=20003162 bit=00000002
[SAMPLE QUEUE FULL]
[SAMPLE QUEUE FULL]
[SAMPLE QUEUE FULL]
[SAMPLE QUEUE FULL]
[SAMPLE QUEUE FULL]
[SAMPLE QUEUE FULL]
[SAMPLE QUEUE FULL]
[SAMPLE QUEUE FULL]
[SAMPLE QUEUE FULL]
[SEU] addr=20003192 bit=00000000
[SAMPLE QUEUE FULL]
[SAMPLE QUEUE FULL]
[SAMPLE QUEUE FULL]
[SAMPLE QUEUE FULL]
[SAMPLE QUEUE FULL]
[SAMPLE QUEUE FULL]
[SEU] addr=20003169 bit=00000006
[SAMPLE QUEUE FULL]
[SAMPLE QUEUE FULL]
[SAMPLE QUEUE FULL]
[SAMPLE QUEUE FULL]
[SAMPLE QUEUE FULL]
[SAMPLE QUEUE FULL]
[SEU] addr=200031AE bit=00000004
[SAMPLE QUEUE FULL]
[SAMPLE QUEUE FULL]
[SAMPLE QUEUE FULL]
[SEU] addr=20003184 bit=00000002
[SAMPLE QUEUE FULL]
[SAMPLE QUEUE FULL]
[SAMPLE QUEUE FULL]
[SAMPLE QUEUE FULL]
[SAMPLE QUEUE FULL]
[SAMPLE QUEUE FULL]
[SAMPLE QUEUE FULL]
[SEU] addr=2000314E bit=00000005
[SAMPLE QUEUE FULL]
[SAMPLE QUEUE FULL]
[SAMPLE QUEUE FULL]
[SEU] addr=20003196 bit=00000003
[SAMPLE QUEUE FULL]
[SAMPLE QUEUE FULL]
[SAMPLE QUEUE FULL]
[SAMPLE QUEUE FULL]
[SAMPLE QUEUE FULL]
[SEU] addr=200031AE bit=00000000
[SAMPLE QUEUE FULL]
[SAMPLE QUEUE FULL]
[SAMPLE QUEUE FULL]
[SAMPLE QUEUE FULL]
[SAMPLE QUEUE FULL]
[SEU] addr=20003151 bit=00000001
[SAMPLE QUEUE FULL]
[SAMPLE QUEUE FULL]
[SEU] addr=20003194 bit=00000007
[SAMPLE QUEUE FULL]
[SAMPLE QUEUE FULL]
[SAMPLE QUEUE FULL]
[SAMPLE QUEUE FULL]
[SAMPLE QUEUE FULL]
[SAMPLE QUEUE FULL]
[SEU] addr=2000314A bit=00000001
[SAMPLE QUEUE FULL]
[SAMPLE QUEUE FULL]
[SAMPLE QUEUE FULL]
[SAMPLE QUEUE FULL]
[SAMPLE QUEUE FULL]
[SEU] addr=20003176 bit=00000002
[SAMPLE QUEUE FULL]
[SAMPLE QUEUE FULL]
[SAMPLE QUEUE FULL]
[SAMPLE QUEUE FULL]
[SEU] addr=200031B3 bit=00000003
[SAMPLE QUEUE FULL]
[SAMPLE QUEUE FULL]
[SAMPLE QUEUE FULL]
[SEU] addr=2000315E bit=00000001
[SAMPLE QUEUE FULL]
[SAMPLE QUEUE FULL]
[SAMPLE QUEUE FULL]
[SAMPLE QUEUE FULL]
[SAMPLE QUEUE FULL]
[SEU] addr=2000314B bit=00000004
[SAMPLE QUEUE FULL]
[SAMPLE QUEUE FULL]
[SAMPLE QUEUE FULL]
[SAMPLE QUEUE FULL]
[SAMPLE QUEUE FULL]
[SEU] addr=200031AD bit=00000000
[SAMPLE QUEUE FULL]
[SAMPLE QUEUE FULL]
[SEU] addr=20003157 bit=00000001
[SAMPLE QUEUE FULL]
[SAMPLE QUEUE FULL]
[SAMPLE QUEUE FULL]
[SAMPLE QUEUE FULL]
[SAMPLE QUEUE FULL]
[SAMPLE QUEUE FULL]
[SAMPLE QUEUE FULL]
[SAMPLE QUEUE FULL]
[SAMPLE QUEUE FULL]
[SEU] addr=20003155 bit=00000003
[SAMPLE QUEUE FULL]
[SAMPLE QUEUE FULL]
[SAMPLE QUEUE FULL]
[SEU] addr=200031A1 bit=00000004
[SAMPLE QUEUE FULL]
[SAMPLE QUEUE FULL]
[SAMPLE QUEUE FULL]
[SAMPLE QUEUE FULL]
[SAMPLE QUEUE FULL]
[SAMPLE QUEUE FULL]
[SAMPLE QUEUE FULL]
[SAMPLE QUEUE FULL]
[SEU] addr=200031B9 bit=00000006
[SAMPLE QUEUE FULL]
[SAMPLE QUEUE FULL]
[SAMPLE QUEUE FULL]
[SAMPLE QUEUE FULL]
[SAMPLE QUEUE FULL]
[SAMPLE QUEUE FULL]
[SEU] addr=20003173 bit=00000007
[SAMPLE QUEUE FULL]
[SAMPLE QUEUE FULL]
[SAMPLE QUEUE FULL]
[SEU] addr=200031B2 bit=00000001
[SAMPLE QUEUE FULL]
[SAMPLE QUEUE FULL]
[SAMPLE QUEUE FULL]
[SAMPLE QUEUE FULL]
[SAMPLE QUEUE FULL]
[SAMPLE QUEUE FULL]
[SAMPLE QUEUE FULL]
[SAMPLE QUEUE FULL]
[SAMPLE QUEUE FULL]
[SEU] addr=20003169 bit=00000006
[SAMPLE QUEUE FULL]
[SAMPLE QUEUE FULL]
[SAMPLE QUEUE FULL]
[SAMPLE QUEUE FULL]
[SEU] addr=20003194 bit=00000000
[SAMPLE QUEUE FULL]
[SAMPLE QUEUE FULL]
[SAMPLE QUEUE FULL]
[SAMPLE QUEUE FULL]
[SAMPLE QUEUE FULL]
[SAMPLE QUEUE FULL]
[SAMPLE QUEUE FULL]
[SAMPLE QUEUE FULL]
[SAMPLE QUEUE FULL]
[SEU] addr=200031BE bit=00000001
[SAMPLE QUEUE FULL]
[SAMPLE QUEUE FULL]
[SAMPLE QUEUE FULL]
[SEU] addr=20003174 bit=00000000
[SAMPLE QUEUE FULL]
[SAMPLE QUEUE FULL]
[SAMPLE QUEUE FULL]
[SAMPLE QUEUE FULL]
[SAMPLE QUEUE FULL]
[SAMPLE QUEUE FULL]
[SAMPLE QUEUE FULL]
[SAMPLE QUEUE FULL]
[SAMPLE QUEUE FULL]
[SEU] addr=200031BA bit=00000003
[SAMPLE QUEUE FULL]
[SAMPLE QUEUE FULL]
[SAMPLE QUEUE FULL]
[SAMPLE QUEUE FULL]
[SAMPLE QUEUE FULL]
[SAMPLE QUEUE FULL]
[SAMPLE QUEUE FULL]
[SAMPLE QUEUE FULL]
[SAMPLE QUEUE FULL]
[SEU] addr=200031B7 bit=00000004
[SAMPLE QUEUE FULL]
[SAMPLE QUEUE FULL]
[SEU] addr=20003193 bit=00000002
[SAMPLE QUEUE FULL]
[SAMPLE QUEUE FULL]
[SAMPLE QUEUE FULL]
[SAMPLE QUEUE FULL]
[SAMPLE QUEUE FULL]
[SAMPLE QUEUE FULL]
[SEU] addr=200031BA bit=00000000
[SAMPLE QUEUE FULL]
[SAMPLE QUEUE FULL]
[SAMPLE QUEUE FULL]
[SAMPLE QUEUE FULL]
[SEU] addr=20003188 bit=00000004
[SAMPLE QUEUE FULL]
[SAMPLE QUEUE FULL]
[SAMPLE QUEUE FULL]
[SAMPLE QUEUE FULL]
[SAMPLE QUEUE FULL]
[SAMPLE QUEUE FULL]
[SAMPLE QUEUE FULL]
[SAMPLE QUEUE FULL]
[SAMPLE QUEUE FULL]
[SAMPLE QUEUE FULL]
[SEU] addr=20003176 bit=00000005
[SAMPLE QUEUE FULL]
[SEU] addr=200031A7 bit=00000005
[SAMPLE QUEUE FULL]
[SAMPLE QUEUE FULL]
[SAMPLE QUEUE FULL]
[SAMPLE QUEUE FULL]
[SAMPLE QUEUE FULL]
[SEU] addr=200031A6 bit=00000006
[SAMPLE QUEUE FULL]
[SAMPLE QUEUE FULL]
[SAMPLE QUEUE FULL]
[SAMPLE QUEUE FULL]
[SAMPLE QUEUE FULL]
[SAMPLE QUEUE FULL]
[SAMPLE QUEUE FULL]
[SAMPLE QUEUE FULL]
[SEU] addr=2000318B bit=00000006
[SAMPLE QUEUE FULL]
[SAMPLE QUEUE FULL]
[SAMPLE QUEUE FULL]
[SAMPLE QUEUE FULL]
[SAMPLE QUEUE FULL]
[SEU] addr=2000315A bit=00000007
[SAMPLE QUEUE FULL]
[SAMPLE QUEUE FULL]
[SAMPLE QUEUE FULL]
[SAMPLE QUEUE FULL]
[SAMPLE QUEUE FULL]
[SAMPLE QUEUE FULL]
[SEU] addr=2000317F bit=00000007
[SAMPLE QUEUE FULL]
[SAMPLE QUEUE FULL]
[SAMPLE QUEUE FULL]
[SAMPLE QUEUE FULL]
[SAMPLE QUEUE FULL]
[SAMPLE QUEUE FULL]
[SAMPLE QUEUE FULL]
[SAMPLE QUEUE FULL]
[SAMPLE QUEUE FULL]
[SEU] addr=20003157 bit=00000001
[SAMPLE QUEUE FULL]
[SAMPLE QUEUE FULL]
[SEU] addr=2000314A bit=00000006
[SAMPLE QUEUE FULL]
[SAMPLE QUEUE FULL]
[SAMPLE QUEUE FULL]
[SAMPLE QUEUE FULL]
[SAMPLE QUEUE FULL]
[SAMPLE QUEUE FULL]
[SAMPLE QUEUE FULL]
[SEU] addr=2000319B bit=00000002
[SAMPLE QUEUE FULL]
[SAMPLE QUEUE FULL]
[SAMPLE QUEUE FULL]
[SAMPLE QUEUE FULL]
[SAMPLE QUEUE FULL]
[SAMPLE QUEUE FULL]
[SAMPLE QUEUE FULL]
[SEU] addr=200031A2 bit=00000000
[SAMPLE QUEUE FULL]
[SAMPLE QUEUE FULL]
[SAMPLE QUEUE FULL]
[SAMPLE QUEUE FULL]
[SAMPLE QUEUE FULL]
[SAMPLE QUEUE FULL]
[SAMPLE QUEUE FULL]
[SAMPLE QUEUE FULL]
[SAMPLE QUEUE FULL]
[SAMPLE QUEUE FULL]
[SEU] addr=200031BF bit=00000007
[SAMPLE QUEUE FULL]
[SAMPLE QUEUE FULL]
[SAMPLE QUEUE FULL]
[SAMPLE QUEUE FULL]
[SAMPLE QUEUE FULL]
[SAMPLE QUEUE FULL]
[SEU] addr=20003160 bit=00000001
[SAMPLE QUEUE FULL]
[SAMPLE QUEUE FULL]
[SAMPLE QUEUE FULL]
[SAMPLE QUEUE FULL]
[SAMPLE QUEUE FULL]
[SEU] addr=20003161 bit=00000003
[SAMPLE QUEUE FULL]
[SAMPLE QUEUE FULL]
[SAMPLE QUEUE FULL]
[SAMPLE QUEUE FULL]
[SAMPLE QUEUE FULL]
[SEU] addr=20003150 bit=00000004
[SAMPLE QUEUE FULL]
[SAMPLE QUEUE FULL]
[SAMPLE QUEUE FULL]
[SEU] addr=200031B2 bit=00000004
[SAMPLE QUEUE FULL]
[SAMPLE QUEUE FULL]
[SAMPLE QUEUE FULL]
[SAMPLE QUEUE FULL]
[SAMPLE QUEUE FULL]
[SAMPLE QUEUE FULL]
[SAMPLE QUEUE FULL]
[SEU] addr=20003195 bit=00000002
[SAMPLE QUEUE FULL]
[SAMPLE QUEUE FULL]
[SAMPLE QUEUE FULL]
[SAMPLE QUEUE FULL]
[SAMPLE QUEUE FULL]
[SAMPLE QUEUE FULL]
[SAMPLE QUEUE FULL]
[SEU] addr=20003184 bit=00000000
[SAMPLE QUEUE FULL]
[SAMPLE QUEUE FULL]
[SAMPLE QUEUE FULL]
[SEU] addr=20003162 bit=00000004
[SAMPLE QUEUE FULL]
[SAMPLE QUEUE FULL]
[SAMPLE QUEUE FULL]
[SAMPLE QUEUE FULL]
[SAMPLE QUEUE FULL]
[SAMPLE QUEUE FULL]
[SEU] addr=20003166 bit=00000002
[SAMPLE QUEUE FULL]
[SAMPLE QUEUE FULL]
[SAMPLE QUEUE FULL]
[SAMPLE QUEUE FULL]
[SAMPLE QUEUE FULL]
[SAMPLE QUEUE FULL]
[SEU] addr=2000318A bit=00000002
[SAMPLE QUEUE FULL]
[SAMPLE QUEUE FULL]
[SEU] addr=200031B1 bit=00000004
[SAMPLE QUEUE FULL]
[SAMPLE QUEUE FULL]
[SAMPLE QUEUE FULL]
[SAMPLE QUEUE FULL]
[SAMPLE QUEUE FULL]
[SAMPLE QUEUE FULL]
[SAMPLE QUEUE FULL]
[SAMPLE QUEUE FULL]
[SAMPLE QUEUE FULL]
[SEU] addr=20003165 bit=00000004
[SAMPLE QUEUE FULL]
[SAMPLE QUEUE FULL]
[SAMPLE QUEUE FULL]
[SEU] addr=2000318A bit=00000000
[SAMPLE QUEUE FULL]
[SAMPLE QUEUE FULL]
[SAMPLE QUEUE FULL]
[SAMPLE QUEUE FULL]
[SAMPLE QUEUE FULL]
[SAMPLE QUEUE FULL]
[SAMPLE QUEUE FULL]
[SAMPLE QUEUE FULL]
[SAMPLE QUEUE FULL]
[SEU] addr=2000317A bit=00000001
[SAMPLE QUEUE FULL]
[SAMPLE QUEUE FULL]
[SAMPLE QUEUE FULL]
[SAMPLE QUEUE FULL]
[SEU] addr=20003153 bit=00000001
[SAMPLE QUEUE FULL]
[SEU] addr=20003168 bit=00000000
[SAMPLE QUEUE FULL]
[SAMPLE QUEUE FULL]
[SAMPLE QUEUE FULL]
[SAMPLE QUEUE FULL]
[SAMPLE QUEUE FULL]
[SEU] addr=2000319B bit=00000003
[SAMPLE QUEUE FULL]
[SAMPLE QUEUE FULL]
[SEU] addr=2000315A bit=00000007
[SAMPLE QUEUE FULL]
[SAMPLE QUEUE FULL]
[SAMPLE QUEUE FULL]
[SAMPLE QUEUE FULL]
[SAMPLE QUEUE FULL]
[SEU] addr=200031B3 bit=00000001
[SAMPLE QUEUE FULL]
[SAMPLE QUEUE FULL]
[SAMPLE QUEUE FULL]
[SAMPLE QUEUE FULL]
[SAMPLE QUEUE FULL]
[SAMPLE QUEUE FULL]
[SAMPLE QUEUE FULL]
[SAMPLE QUEUE FULL]
[SEU] addr=20003158 bit=00000007
[SAMPLE QUEUE FULL]
[SAMPLE QUEUE FULL]
[SAMPLE QUEUE FULL]
[SEU] addr=2000315A bit=00000001
[SAMPLE QUEUE FULL]
[SAMPLE QUEUE FULL]
[SAMPLE QUEUE FULL]
[SAMPLE QUEUE FULL]
[SAMPLE QUEUE FULL]
[SAMPLE QUEUE FULL]
[SAMPLE QUEUE FULL]
[SEU] addr=20003172 bit=00000000
[SAMPLE QUEUE FULL]
[SAMPLE QUEUE FULL]
[SAMPLE QUEUE FULL]
[SAMPLE QUEUE FULL]
[SEU] addr=20003161 bit=00000003
[SAMPLE QUEUE FULL]
[SAMPLE QUEUE FULL]
[SAMPLE QUEUE FULL]
[SAMPLE QUEUE FULL]
[SAMPLE QUEUE FULL]
[SAMPLE QUEUE FULL]
[SAMPLE QUEUE FULL]
[SAMPLE QUEUE FULL]
[SAMPLE QUEUE FULL]
[SEU] addr=200031A4 bit=00000007
[SAMPLE QUEUE FULL]
[SAMPLE QUEUE FULL]
[SAMPLE QUEUE FULL]
[SAMPLE QUEUE FULL]
[SAMPLE QUEUE FULL]
[SAMPLE QUEUE FULL]
[SAMPLE QUEUE FULL]
[SAMPLE QUEUE FULL]
[SEU] addr=200031AA bit=00000004
[SAMPLE QUEUE FULL]
[SAMPLE QUEUE FULL]
[SAMPLE QUEUE FULL]
[SAMPLE QUEUE FULL]
[SEU] addr=200031A3 bit=00000006
[SAMPLE QUEUE FULL]
[SAMPLE QUEUE FULL]
[SAMPLE QUEUE FULL]
[SAMPLE QUEUE FULL]
[SAMPLE QUEUE FULL]
[SAMPLE QUEUE FULL]
[SAMPLE QUEUE FULL]
[SAMPLE QUEUE FULL]
[SAMPLE QUEUE FULL]
[SEU] addr=2000314E bit=00000005
[SAMPLE QUEUE FULL]
[SAMPLE QUEUE FULL]
[SAMPLE QUEUE FULL]
[SAMPLE QUEUE FULL]
[SAMPLE QUEUE FULL]
[SAMPLE QUEUE FULL]
[SAMPLE QUEUE FULL]
[SEU] addr=200031BE bit=00000000
[SAMPLE QUEUE FULL]
[SAMPLE QUEUE FULL]
[SAMPLE QUEUE FULL]
[SAMPLE QUEUE FULL]
[SAMPLE QUEUE FULL]
[SAMPLE QUEUE FULL]
[SAMPLE QUEUE FULL]
[SEU] addr=20003174 bit=00000004
[SAMPLE QUEUE FULL]
[SEU] addr=20003180 bit=00000003
[SAMPLE QUEUE FULL]
[SAMPLE QUEUE FULL]
[SAMPLE QUEUE FULL]
[SEU] addr=20003171 bit=00000002
[SAMPLE QUEUE FULL]
[SAMPLE QUEUE FULL]
[SAMPLE QUEUE FULL]
[SAMPLE QUEUE FULL]
[SAMPLE QUEUE FULL]
[SAMPLE QUEUE FULL]
[SAMPLE QUEUE FULL]
[SEU] addr=20003146 bit=00000004
[SAMPLE QUEUE FULL]
[SAMPLE QUEUE FULL]
[SAMPLE QUEUE FULL]
[SEU] addr=200031BF bit=00000006
[SAMPLE QUEUE FULL]
[SAMPLE QUEUE FULL]
[SAMPLE QUEUE FULL]
[SAMPLE QUEUE FULL]
[SAMPLE QUEUE FULL]
[SAMPLE QUEUE FULL]
[SAMPLE QUEUE FULL]
[SAMPLE QUEUE FULL]
[SEU] addr=20003158 bit=00000006
[SAMPLE QUEUE FULL]
[SAMPLE QUEUE FULL]
[SEU] addr=200031A1 bit=00000002
[SAMPLE QUEUE FULL]
[SAMPLE QUEUE FULL]
[SAMPLE QUEUE FULL]
[SAMPLE QUEUE FULL]
[SAMPLE QUEUE FULL]
[SAMPLE QUEUE FULL]
[SAMPLE QUEUE FULL]
[SAMPLE QUEUE FULL]
[SAMPLE QUEUE FULL]
[SEU] addr=20003150 bit=00000000
[SAMPLE QUEUE FULL]
[SAMPLE QUEUE FULL]
[SAMPLE QUEUE FULL]
[SAMPLE QUEUE FULL]
[SEU] addr=20003169 bit=00000007
[SAMPLE QUEUE FULL]
[SAMPLE QUEUE FULL]
[SAMPLE QUEUE FULL]
[SEU] addr=20003147 bit=00000006
[SAMPLE QUEUE FULL]
[SAMPLE QUEUE FULL]
[SAMPLE QUEUE FULL]
[SAMPLE QUEUE FULL]
[SAMPLE QUEUE FULL]
[SAMPLE QUEUE FULL]
[SAMPLE QUEUE FULL]
[SAMPLE QUEUE FULL]
[SAMPLE QUEUE FULL]
[SEU] addr=20003166 bit=00000002
[SAMPLE QUEUE FULL]
[SAMPLE QUEUE FULL]
[SAMPLE QUEUE FULL]
[SAMPLE QUEUE FULL]
[SEU] addr=200031BE bit=00000006
[SAMPLE QUEUE FULL]
[SAMPLE QUEUE FULL]
[SAMPLE QUEUE FULL]
[SAMPLE QUEUE FULL]
[SAMPLE QUEUE FULL]
[SEU] addr=20003160 bit=00000002
[SAMPLE QUEUE FULL]
[SAMPLE QUEUE FULL]
[SAMPLE QUEUE FULL]
[SAMPLE QUEUE FULL]
[SAMPLE QUEUE FULL]
[SAMPLE QUEUE FULL]
[SEU] addr=20003194 bit=00000004
[SAMPLE QUEUE FULL]
[SAMPLE QUEUE FULL]
[SAMPLE QUEUE FULL]
[SAMPLE QUEUE FULL]
[SAMPLE QUEUE FULL]
[SAMPLE QUEUE FULL]
[SAMPLE QUEUE FULL]
[SEU] addr=20003160 bit=00000004
[SAMPLE QUEUE FULL]
[SAMPLE QUEUE FULL]
[SAMPLE QUEUE FULL]
[SAMPLE QUEUE FULL]
[SAMPLE QUEUE FULL]
[SAMPLE QUEUE FULL]
[SAMPLE QUEUE FULL]
[SAMPLE QUEUE FULL]
[SEU] addr=20003173 bit=00000003
[SAMPLE QUEUE FULL]
[SAMPLE QUEUE FULL]
[SAMPLE QUEUE FULL]
[SAMPLE QUEUE FULL]
[SAMPLE QUEUE FULL]
[SEU] addr=20003158 bit=00000006
[SAMPLE QUEUE FULL]
[SAMPLE QUEUE FULL]
[SEU] addr=20003146 bit=00000004
[SAMPLE QUEUE FULL]
[SAMPLE QUEUE FULL]
[SAMPLE QUEUE FULL]
[SAMPLE QUEUE FULL]
[SAMPLE QUEUE FULL]
[SAMPLE QUEUE FULL]
[SAMPLE QUEUE FULL]
[SAMPLE QUEUE FULL]
[SAMPLE QUEUE FULL]
[SAMPLE QUEUE FULL]
[SEU] addr=20003181 bit=00000004
[SAMPLE QUEUE FULL]
[SEU] addr=2000314C bit=00000001
[SAMPLE QUEUE FULL]
[SAMPLE QUEUE FULL]
[SAMPLE QUEUE FULL]
[SEU] addr=20003181 bit=00000005
[SAMPLE QUEUE FULL]
[SAMPLE QUEUE FULL]
[SAMPLE QUEUE FULL]
[SAMPLE QUEUE FULL]
[SEU] addr=200031B1 bit=00000007
[SAMPLE QUEUE FULL]
[SAMPLE QUEUE FULL]
[SAMPLE QUEUE FULL]
[SAMPLE QUEUE FULL]
[SEU] addr=20003171 bit=00000006
[SAMPLE QUEUE FULL]
[SAMPLE QUEUE FULL]
[SAMPLE QUEUE FULL]
[SEU] addr=20003182 bit=00000003
[SAMPLE QUEUE FULL]
[SAMPLE QUEUE FULL]
[SAMPLE QUEUE FULL]
[SAMPLE QUEUE FULL]
[SAMPLE QUEUE FULL]
[SAMPLE QUEUE FULL]
[SAMPLE QUEUE FULL]
[SEU] addr=2000318D bit=00000005
[SAMPLE QUEUE FULL]
[SAMPLE QUEUE FULL]
[SAMPLE QUEUE FULL]
[SAMPLE QUEUE FULL]
[SAMPLE QUEUE FULL]
[SAMPLE QUEUE FULL]
[SAMPLE QUEUE FULL]
[SAMPLE QUEUE FULL]
[SAMPLE QUEUE FULL]
[SEU] addr=200031AF bit=00000007
[SAMPLE QUEUE FULL]
[SAMPLE QUEUE FULL]
[SAMPLE QUEUE FULL]
[SAMPLE QUEUE FULL]
[SAMPLE QUEUE FULL]
[SAMPLE QUEUE FULL]
[SAMPLE QUEUE FULL]
[SAMPLE QUEUE FULL]
[SAMPLE QUEUE FULL]
[SEU] addr=20003161 bit=00000000
[SAMPLE QUEUE FULL]
[SAMPLE QUEUE FULL]
[SAMPLE QUEUE FULL]
[SAMPLE QUEUE FULL]
[SAMPLE QUEUE FULL]
[SAMPLE QUEUE FULL]
[SAMPLE QUEUE FULL]
[SAMPLE QUEUE FULL]
[SEU] addr=20003149 bit=00000004
[SAMPLE QUEUE FULL]
[SAMPLE QUEUE FULL]
[SAMPLE QUEUE FULL]
[SAMPLE QUEUE FULL]
[SAMPLE QUEUE FULL]
[SAMPLE QUEUE FULL]
[SAMPLE QUEUE FULL]
[SEU] addr=2000317F bit=00000002
[SAMPLE QUEUE FULL]
[SAMPLE QUEUE FULL]
[SAMPLE QUEUE FULL]
[SEU] addr=200031BB bit=00000004
[SAMPLE QUEUE FULL]
[SAMPLE QUEUE FULL]
[SAMPLE QUEUE FULL]
[SAMPLE QUEUE FULL]
[SEU] addr=20003172 bit=00000007
[SAMPLE QUEUE FULL]
[SAMPLE QUEUE FULL]
[SAMPLE QUEUE FULL]
[SAMPLE QUEUE FULL]
[SEU] addr=20003196 bit=00000004
[SAMPLE QUEUE FULL]
[SAMPLE QUEUE FULL]
[SAMPLE QUEUE FULL]
[SAMPLE QUEUE FULL]
[SEU] addr=2000318A bit=00000004
[SAMPLE QUEUE FULL]
[SAMPLE QUEUE FULL]
[SAMPLE QUEUE FULL]
[SAMPLE QUEUE FULL]
[SAMPLE QUEUE FULL]
[SAMPLE QUEUE FULL]
[SAMPLE QUEUE FULL]
[SAMPLE QUEUE FULL]
[SAMPLE QUEUE FULL]
[SAMPLE QUEUE FULL]
[SEU] addr=20003168 bit=00000003
[SAMPLE QUEUE FULL]
[SAMPLE QUEUE FULL]
[SEU] addr=20003171 bit=00000006
[SAMPLE QUEUE FULL]
[SAMPLE QUEUE FULL]
[SAMPLE QUEUE FULL]
[SEU] addr=20003165 bit=00000001
[SAMPLE QUEUE FULL]
[SAMPLE QUEUE FULL]
[SAMPLE QUEUE FULL]
[SAMPLE QUEUE FULL]
[SAMPLE QUEUE FULL]
[SAMPLE QUEUE FULL]
[SEU] addr=2000315E bit=00000006
[SAMPLE QUEUE FULL]
[SAMPLE QUEUE FULL]
[SAMPLE QUEUE FULL]
[SAMPLE QUEUE FULL]
[SAMPLE QUEUE FULL]
[SAMPLE QUEUE FULL]
[SAMPLE QUEUE FULL]
[SAMPLE QUEUE FULL]
[SEU] addr=200031A6 bit=00000000
[SAMPLE QUEUE FULL]
[SAMPLE QUEUE FULL]
[SAMPLE QUEUE FULL]
[SEU] addr=20003154 bit=00000002
[SAMPLE QUEUE FULL]
[SAMPLE QUEUE FULL]
[SAMPLE QUEUE FULL]
[SAMPLE QUEUE FULL]
[SAMPLE QUEUE FULL]
[SEU] addr=20003189 bit=00000002
[SAMPLE QUEUE FULL]
[SAMPLE QUEUE FULL]
[SAMPLE QUEUE FULL]
[SAMPLE QUEUE FULL]
[SAMPLE QUEUE FULL]
[SAMPLE QUEUE FULL]
[SEU] addr=20003160 bit=00000003
[SAMPLE QUEUE FULL]
[SEU] addr=200031AA bit=00000004
[SAMPLE QUEUE FULL]
[SAMPLE QUEUE FULL]
[SAMPLE QUEUE FULL]
[SAMPLE QUEUE FULL]
[SAMPLE QUEUE FULL]
[SAMPLE QUEUE FULL]
[SAMPLE QUEUE FULL]
[SEU] addr=200031AD bit=00000000
[SAMPLE QUEUE FULL]
[SAMPLE QUEUE FULL]
[SAMPLE QUEUE FULL]
[SAMPLE QUEUE FULL]
[SAMPLE QUEUE FULL]
[SEU] addr=200031BB bit=00000004
[SAMPLE QUEUE FULL]
[SAMPLE QUEUE FULL]
[SAMPLE QUEUE FULL]
[SAMPLE QUEUE FULL]
[SAMPLE QUEUE FULL]
[SAMPLE QUEUE FULL]
[SEU] addr=20003160 bit=00000004
[SAMPLE QUEUE FULL]
[SAMPLE QUEUE FULL]
[SAMPLE QUEUE FULL]
[SAMPLE QUEUE FULL]
[SAMPLE QUEUE FULL]
[SAMPLE QUEUE FULL]
[SAMPLE QUEUE FULL]
[SAMPLE QUEUE FULL]
[SAMPLE QUEUE FULL]
[SAMPLE QUEUE FULL]
[SEU] addr=2000315E bit=00000001
[SAMPLE QUEUE FULL]
[SAMPLE QUEUE FULL]
[SAMPLE QUEUE FULL]
[SAMPLE QUEUE FULL]
[SAMPLE QUEUE FULL]
[SAMPLE QUEUE FULL]
[SAMPLE QUEUE FULL]
[SAMPLE QUEUE FULL]
[SEU] addr=2000316B bit=00000006
[SAMPLE QUEUE FULL]
[SAMPLE QUEUE FULL]
[SAMPLE QUEUE FULL]
[SAMPLE QUEUE FULL]
[SAMPLE QUEUE FULL]
[SAMPLE QUEUE FULL]
[SAMPLE QUEUE FULL]
[SAMPLE QUEUE FULL]
[SAMPLE QUEUE FULL]
[SEU] addr=20003156 bit=00000007
[SAMPLE QUEUE FULL]
[SAMPLE QUEUE FULL]
[SAMPLE QUEUE FULL]
[SAMPLE QUEUE FULL]
[SAMPLE QUEUE FULL]
[SAMPLE QUEUE FULL]
[SAMPLE QUEUE FULL]
[SAMPLE QUEUE FULL]
[SAMPLE QUEUE FULL]
[SEU] addr=2000319A bit=00000003
[SAMPLE QUEUE FULL]
[SAMPLE QUEUE FULL]
[SAMPLE QUEUE FULL]
[SAMPLE QUEUE FULL]
[SAMPLE QUEUE FULL]
[SAMPLE QUEUE FULL]
[SEU] addr=20003191 bit=00000007
[SAMPLE QUEUE FULL]
[SAMPLE QUEUE FULL]
[SAMPLE QUEUE FULL]
[SAMPLE QUEUE FULL]
[SAMPLE QUEUE FULL]
[SEU] addr=2000318E bit=00000003
[SAMPLE QUEUE FULL]
[SEU] addr=20003157 bit=00000002
[SAMPLE QUEUE FULL]
[SAMPLE QUEUE FULL]
[SAMPLE QUEUE FULL]
[SEU] addr=200031BD bit=00000000
[SAMPLE QUEUE FULL]
[SAMPLE QUEUE FULL]
[SAMPLE QUEUE FULL]
[SAMPLE QUEUE FULL]
[SAMPLE QUEUE FULL]
[SAMPLE QUEUE FULL]
[SAMPLE QUEUE FULL]
[SAMPLE QUEUE FULL]
[SAMPLE QUEUE FULL]
[SEU] addr=20003145 bit=00000007
[SAMPLE QUEUE FULL]
[SAMPLE QUEUE FULL]
[SEU] addr=2000314C bit=00000004
[SAMPLE QUEUE FULL]
[SAMPLE QUEUE FULL]
[SAMPLE QUEUE FULL]
[SAMPLE QUEUE FULL]
[SAMPLE QUEUE FULL]
[SAMPLE QUEUE FULL]
[SAMPLE QUEUE FULL]
[SEU] addr=20003169 bit=00000005
[SAMPLE QUEUE FULL]
[SAMPLE QUEUE FULL]
[SAMPLE QUEUE FULL]
[SAMPLE QUEUE FULL]
[SAMPLE QUEUE FULL]
[SEU] addr=20003198 bit=00000006
[SAMPLE QUEUE FULL]
[SAMPLE QUEUE FULL]
[SAMPLE QUEUE FULL]
[SAMPLE QUEUE FULL]
[SAMPLE QUEUE FULL]
[SAMPLE QUEUE FULL]
[SAMPLE QUEUE FULL]
[SAMPLE QUEUE FULL]
[SAMPLE QUEUE FULL]
[SAMPLE QUEUE FULL]
[SEU] addr=20003154 bit=00000007
[SAMPLE QUEUE FULL]
[SAMPLE QUEUE FULL]
[SAMPLE QUEUE FULL]
[SAMPLE QUEUE FULL]
[SEU] addr=20003157 bit=00000000
[SAMPLE QUEUE FULL]
[SAMPLE QUEUE FULL]
[SAMPLE QUEUE FULL]
[SAMPLE QUEUE FULL]
[SAMPLE QUEUE FULL]
[SEU] addr=20003173 bit=00000000
[SAMPLE QUEUE FULL]
[SAMPLE QUEUE FULL]
[SAMPLE QUEUE FULL]
[SAMPLE QUEUE FULL]
[SAMPLE QUEUE FULL]
[SAMPLE QUEUE FULL]
[SAMPLE QUEUE FULL]
[SAMPLE QUEUE FULL]
[SAMPLE QUEUE FULL]
[SAMPLE QUEUE FULL]
[SEU] addr=200031A0 bit=00000007
[SAMPLE QUEUE FULL]
[SAMPLE QUEUE FULL]
[SAMPLE QUEUE FULL]
[SAMPLE QUEUE FULL]
[SAMPLE QUEUE FULL]
[SAMPLE QUEUE FULL]
[SAMPLE QUEUE FULL]
[SAMPLE QUEUE FULL]
[SAMPLE QUEUE FULL]
[SEU] addr=20003158 bit=00000006
[SAMPLE QUEUE FULL]
[SAMPLE QUEUE FULL]
[SAMPLE QUEUE FULL]
[SAMPLE QUEUE FULL]
[SAMPLE QUEUE FULL]
[SAMPLE QUEUE FULL]
[SAMPLE QUEUE FULL]
[SAMPLE QUEUE FULL]
[SAMPLE QUEUE FULL]
[SEU] addr=200031A6 bit=00000005
[SAMPLE QUEUE FULL]
[SAMPLE QUEUE FULL]
[SEU] addr=2000314D bit=00000002
[SAMPLE QUEUE FULL]
[SAMPLE QUEUE FULL]
[SEU] addr=200031BF bit=00000001
[SAMPLE QUEUE FULL]
[SAMPLE QUEUE FULL]
[SAMPLE QUEUE FULL]
[SAMPLE QUEUE FULL]
[SAMPLE QUEUE FULL]
[SAMPLE QUEUE FULL]
[SAMPLE QUEUE FULL]
[SAMPLE QUEUE FULL]
[SAMPLE QUEUE FULL]
[SEU] addr=200031A7 bit=00000007
[SAMPLE QUEUE FULL]
[SAMPLE QUEUE FULL]
[SAMPLE QUEUE FULL]
[SAMPLE QUEUE FULL]
[SAMPLE QUEUE FULL]
[SAMPLE QUEUE FULL]
[SAMPLE QUEUE FULL]
[SAMPLE QUEUE FULL]
[SAMPLE QUEUE FULL]
[SAMPLE QUEUE FULL]
[SEU] addr=20003159 bit=00000001
[SAMPLE QUEUE FULL]
[SAMPLE QUEUE FULL]
[SAMPLE QUEUE FULL]
[SAMPLE QUEUE FULL]
[SAMPLE QUEUE FULL]
[SEU] addr=2000318F bit=00000006
[SAMPLE QUEUE FULL]
[SEU] addr=2000316C bit=00000006
[SAMPLE QUEUE FULL]
[SAMPLE QUEUE FULL]
[SAMPLE QUEUE FULL]
[SEU] addr=20003183 bit=00000007
[SAMPLE QUEUE FULL]
[SEU] addr=20003166 bit=00000000
[SAMPLE QUEUE FULL]
[SAMPLE QUEUE FULL]
[SEU] addr=20003199 bit=00000004
[SAMPLE QUEUE FULL]
[SAMPLE QUEUE FULL]
[SAMPLE QUEUE FULL]
[SAMPLE QUEUE FULL]
[SAMPLE QUEUE FULL]
[SAMPLE QUEUE FULL]
[SAMPLE QUEUE FULL]
[SAMPLE QUEUE FULL]
[SEU] addr=20003157 bit=00000001
[SAMPLE QUEUE FULL]
[SAMPLE QUEUE FULL]
[SAMPLE QUEUE FULL]
[SAMPLE QUEUE FULL]
[SAMPLE QUEUE FULL]
[SAMPLE QUEUE FULL]
[SAMPLE QUEUE FULL]
[SAMPLE QUEUE FULL]
[SEU] addr=20003179 bit=00000002
[SAMPLE QUEUE FULL]
[SAMPLE QUEUE FULL]
[SAMPLE QUEUE FULL]
[SAMPLE QUEUE FULL]
[SAMPLE QUEUE FULL]
[SAMPLE QUEUE FULL]
[SEU] addr=20003149 bit=00000005
[SAMPLE QUEUE FULL]
[SAMPLE QUEUE FULL]
[SEU] addr=2000317A bit=00000002
[SAMPLE QUEUE FULL]
[SAMPLE QUEUE FULL]
[SAMPLE QUEUE FULL]
[SAMPLE QUEUE FULL]
[SAMPLE QUEUE FULL]
[SAMPLE QUEUE FULL]
[SAMPLE QUEUE FULL]
[SAMPLE QUEUE FULL]
[SEU] addr=2000314E bit=00000006
[SAMPLE QUEUE FULL]
[SAMPLE QUEUE FULL]
[SAMPLE QUEUE FULL]
[SAMPLE QUEUE FULL]
[SAMPLE QUEUE FULL]
[SAMPLE QUEUE FULL]
[SAMPLE QUEUE FULL]
[SAMPLE QUEUE FULL]
[SEU] addr=20003178 bit=00000006
[SAMPLE QUEUE FULL]
[SAMPLE QUEUE FULL]
[SAMPLE QUEUE FULL]
[SAMPLE QUEUE FULL]
[SAMPLE QUEUE FULL]
[SEU] addr=200031B8 bit=00000002
[SAMPLE QUEUE FULL]
[SAMPLE QUEUE FULL]
[SAMPLE QUEUE FULL]
[SAMPLE QUEUE FULL]
[SAMPLE QUEUE FULL]
[SAMPLE QUEUE FULL]
[SEU] addr=200031BB bit=00000005
[SAMPLE QUEUE FULL]
[SAMPLE QUEUE FULL]
[SAMPLE QUEUE FULL]
[SAMPLE QUEUE FULL]
[SAMPLE QUEUE FULL]
[SEU] addr=20003154 bit=00000005
[SAMPLE QUEUE FULL]
[SAMPLE QUEUE FULL]
[SAMPLE QUEUE FULL]
[SAMPLE QUEUE FULL]
[SAMPLE QUEUE FULL]
[SAMPLE QUEUE FULL]
[SAMPLE QUEUE FULL]
[SEU] addr=2000319E bit=00000003
[SAMPLE QUEUE FULL]
[SAMPLE QUEUE FULL]
[SAMPLE QUEUE FULL]
[SAMPLE QUEUE FULL]
[SAMPLE QUEUE FULL]
[SEU] addr=200031A0 bit=00000006
[SAMPLE QUEUE FULL]
[SAMPLE QUEUE FULL]
[SAMPLE QUEUE FULL]
[SAMPLE QUEUE FULL]
[SAMPLE QUEUE FULL]
[SAMPLE QUEUE FULL]
[SEU] addr=200031B2 bit=00000001
[SAMPLE QUEUE FULL]
[SAMPLE QUEUE FULL]
[SAMPLE QUEUE FULL]
[SAMPLE QUEUE FULL]
[SAMPLE QUEUE FULL]
[SAMPLE QUEUE FULL]
[SAMPLE QUEUE FULL]
[SAMPLE QUEUE FULL]
[SEU] addr=20003155 bit=00000002
[SAMPLE QUEUE FULL]
[SAMPLE QUEUE FULL]
[SAMPLE QUEUE FULL]
[SAMPLE QUEUE FULL]
[SAMPLE QUEUE FULL]
[SAMPLE QUEUE FULL]
[SAMPLE QUEUE FULL]
[SAMPLE QUEUE FULL]
[SAMPLE QUEUE FULL]
[SEU] addr=200031BE bit=00000007
[SAMPLE QUEUE FULL]
[SAMPLE QUEUE FULL]
[SAMPLE QUEUE FULL]
[SAMPLE QUEUE FULL]
[SAMPLE QUEUE FULL]
[SAMPLE QUEUE FULL]
[SAMPLE QUEUE FULL]
[SAMPLE QUEUE FULL]
[SEU] addr=200031AB bit=00000006
[SAMPLE QUEUE FULL]
[SAMPLE QUEUE FULL]
[SAMPLE QUEUE FULL]
[SAMPLE QUEUE FULL]
[SAMPLE QUEUE FULL]
[SAMPLE QUEUE FULL]
[SAMPLE QUEUE FULL]
[SAMPLE QUEUE FULL]
[SAMPLE QUEUE FULL]
[SEU] addr=20003196 bit=00000001
[SAMPLE QUEUE FULL]
[SAMPLE QUEUE FULL]
[SAMPLE QUEUE FULL]
[SEU] addr=200031A8 bit=00000001
[SAMPLE QUEUE FULL]
[SAMPLE QUEUE FULL]
[SAMPLE QUEUE FULL]
[SAMPLE QUEUE FULL]
[SAMPLE QUEUE FULL]
[SEU] addr=2000319F bit=00000003
[SAMPLE QUEUE FULL]
[SAMPLE QUEUE FULL]
[SAMPLE QUEUE FULL]
[SAMPLE QUEUE FULL]
[SAMPLE QUEUE FULL]
[SEU] addr=200031BC bit=00000001
[SAMPLE QUEUE FULL]
[SEU] addr=200031B3 bit=00000004
[SAMPLE QUEUE FULL]
[SAMPLE QUEUE FULL]
[SAMPLE QUEUE FULL]
[SAMPLE QUEUE FULL]
[SAMPLE QUEUE FULL]
[SAMPLE QUEUE FULL]
[SAMPLE QUEUE FULL]
[SAMPLE QUEUE FULL]
[SAMPLE QUEUE FULL]
[SEU] addr=2000319A bit=00000000
[SAMPLE QUEUE FULL]
[SAMPLE QUEUE FULL]
[SAMPLE QUEUE FULL]
[SAMPLE QUEUE FULL]
[SAMPLE QUEUE FULL]
[SAMPLE QUEUE FULL]
[SAMPLE QUEUE FULL]
[SAMPLE QUEUE FULL]
[SAMPLE QUEUE FULL]
[SEU] addr=20003185 bit=00000004
[SAMPLE QUEUE FULL]
[SAMPLE QUEUE FULL]
[SAMPLE QUEUE FULL]
[SAMPLE QUEUE FULL]
[SEU] addr=20003153 bit=00000005
[SAMPLE QUEUE FULL]
[SAMPLE QUEUE FULL]
[SAMPLE QUEUE FULL]
[SEU] addr=20003193 bit=00000006
[SAMPLE QUEUE FULL]
[SAMPLE QUEUE FULL]
[SAMPLE QUEUE FULL]
[SEU] addr=20003162 bit=00000000
[SAMPLE QUEUE FULL]
[SAMPLE QUEUE FULL]
[SAMPLE QUEUE FULL]
[SAMPLE QUEUE FULL]
[SAMPLE QUEUE FULL]
[SAMPLE QUEUE FULL]
[SEU] addr=2000318C bit=00000004
[SAMPLE QUEUE FULL]
[SAMPLE QUEUE FULL]
[SAMPLE QUEUE FULL]
[SAMPLE QUEUE FULL]
[SAMPLE QUEUE FULL]
[SAMPLE QUEUE FULL]
[SAMPLE QUEUE FULL]
[SAMPLE QUEUE FULL]
[SAMPLE QUEUE FULL]
[SEU] addr=200031A7 bit=00000003
[SAMPLE QUEUE FULL]
[SAMPLE QUEUE FULL]
[SAMPLE QUEUE FULL]
[SEU] addr=200031B4 bit=00000001
[SAMPLE QUEUE FULL]
[SAMPLE QUEUE FULL]
[SAMPLE QUEUE FULL]
[SAMPLE QUEUE FULL]
[SAMPLE QUEUE FULL]
[SAMPLE QUEUE FULL]
[SAMPLE QUEUE FULL]
[SEU] addr=20003169 bit=00000003
[SAMPLE QUEUE FULL]
[SAMPLE QUEUE FULL]
[SAMPLE QUEUE FULL]
[SAMPLE QUEUE FULL]
[SAMPLE QUEUE FULL]
[SAMPLE QUEUE FULL]
[SAMPLE QUEUE FULL]
[SAMPLE QUEUE FULL]
[SAMPLE QUEUE FULL]
[SEU] addr=20003173 bit=00000000
[SAMPLE QUEUE FULL]
[SAMPLE QUEUE FULL]
[SAMPLE QUEUE FULL]
[SAMPLE QUEUE FULL]
[SAMPLE QUEUE FULL]
[SAMPLE QUEUE FULL]
[SAMPLE QUEUE FULL]
[SAMPLE QUEUE FULL]
[SEU] addr=2000316A bit=00000002
[SAMPLE QUEUE FULL]
[SAMPLE QUEUE FULL]
[SAMPLE QUEUE FULL]
[SAMPLE QUEUE FULL]
[SAMPLE QUEUE FULL]
[SAMPLE QUEUE FULL]
[SAMPLE QUEUE FULL]
[SAMPLE QUEUE FULL]
[SAMPLE QUEUE FULL]
[SAMPLE QUEUE FULL]
[SEU] addr=20003182 bit=00000004
[SAMPLE QUEUE FULL]
[SAMPLE QUEUE FULL]
[SAMPLE QUEUE FULL]
[SAMPLE QUEUE FULL]
[SAMPLE QUEUE FULL]
[SAMPLE QUEUE FULL]
[SAMPLE QUEUE FULL]
[SAMPLE QUEUE FULL]
[SEU] addr=200031AB bit=00000003
[SAMPLE QUEUE FULL]
[SAMPLE QUEUE FULL]
[SAMPLE QUEUE FULL]
[SEU] addr=20003157 bit=00000004
[SAMPLE QUEUE FULL]
[SAMPLE QUEUE FULL]
[SAMPLE QUEUE FULL]
[SAMPLE QUEUE FULL]
[SAMPLE QUEUE FULL]
[SAMPLE QUEUE FULL]
[SEU] addr=2000316B bit=00000002
[SAMPLE QUEUE FULL]
[SAMPLE QUEUE FULL]
[SAMPLE QUEUE FULL]
[SAMPLE QUEUE FULL]
[SAMPLE QUEUE FULL]
[SEU] addr=20003169 bit=00000006
[SAMPLE QUEUE FULL]
[SAMPLE QUEUE FULL]
[SAMPLE QUEUE FULL]
[SAMPLE QUEUE FULL]
[SAMPLE QUEUE FULL]
[SAMPLE QUEUE FULL]
[SAMPLE QUEUE FULL]
[SAMPLE QUEUE FULL]
[SAMPLE QUEUE FULL]
[SEU] addr=20003144 bit=00000005
[SAMPLE QUEUE FULL]
[SAMPLE QUEUE FULL]
[SAMPLE QUEUE FULL]
[SAMPLE QUEUE FULL]
[SAMPLE QUEUE FULL]
[SAMPLE QUEUE FULL]
[SAMPLE QUEUE FULL]
[SAMPLE QUEUE FULL]
[SAMPLE QUEUE FULL]
[SAMPLE QUEUE FULL]
[SEU] addr=20003165 bit=00000002
[SAMPLE QUEUE FULL]
[SAMPLE QUEUE FULL]
[SAMPLE QUEUE FULL]
[SEU] addr=20003162 bit=00000005
[SAMPLE QUEUE FULL]
[SAMPLE QUEUE FULL]
[SAMPLE QUEUE FULL]
[SAMPLE QUEUE FULL]
[SAMPLE QUEUE FULL]
[SAMPLE QUEUE FULL]
[SAMPLE QUEUE FULL]
[SAMPLE QUEUE FULL]
[SEU] addr=200031B3 bit=00000006
[SAMPLE QUEUE FULL]
[SAMPLE QUEUE FULL]
[SAMPLE QUEUE FULL]
[SAMPLE QUEUE FULL]
[SAMPLE QUEUE FULL]
[SAMPLE QUEUE FULL]
[SEU] addr=200031A7 bit=00000004
[SAMPLE QUEUE FULL]
[SAMPLE QUEUE FULL]
[SAMPLE QUEUE FULL]
[SAMPLE QUEUE FULL]
[SAMPLE QUEUE FULL]
[SAMPLE QUEUE FULL]
[SAMPLE QUEUE FULL]
[SAMPLE QUEUE FULL]
[SAMPLE QUEUE FULL]
[SEU] addr=200031B6 bit=00000005
[SAMPLE QUEUE FULL]
[SAMPLE QUEUE FULL]
[SAMPLE QUEUE FULL]
[SEU] addr=2000316E bit=00000005
[SAMPLE QUEUE FULL]
[SAMPLE QUEUE FULL]
[SAMPLE QUEUE FULL]
[SAMPLE QUEUE FULL]
[SAMPLE QUEUE FULL]
[SAMPLE QUEUE FULL]
[SAMPLE QUEUE FULL]
[SEU] addr=2000318C bit=00000000
[SAMPLE QUEUE FULL]
[SAMPLE QUEUE FULL]
[SAMPLE QUEUE FULL]
[SAMPLE QUEUE FULL]
[SAMPLE QUEUE FULL]
[SAMPLE QUEUE FULL]
[SAMPLE QUEUE FULL]
[SAMPLE QUEUE FULL]
[SAMPLE QUEUE FULL]
[SEU] addr=200031BF bit=00000000
[SAMPLE QUEUE FULL]
[SAMPLE QUEUE FULL]
[SAMPLE QUEUE FULL]
[SAMPLE QUEUE FULL]
[SAMPLE QUEUE FULL]
[SAMPLE QUEUE FULL]
[SAMPLE QUEUE FULL]
[SAMPLE QUEUE FULL]
[SEU] addr=20003165 bit=00000002
[SAMPLE QUEUE FULL]
[SEU] addr=20003145 bit=00000001
[SAMPLE QUEUE FULL]
[SAMPLE QUEUE FULL]
[SAMPLE QUEUE FULL]
[SAMPLE QUEUE FULL]
[SAMPLE QUEUE FULL]
[SAMPLE QUEUE FULL]
[SEU] addr=2000319F bit=00000003
[SAMPLE QUEUE FULL]
[SAMPLE QUEUE FULL]
[SAMPLE QUEUE FULL]
[SAMPLE QUEUE FULL]
[SAMPLE QUEUE FULL]
[SAMPLE QUEUE FULL]
[SAMPLE QUEUE FULL]
[SEU] addr=20003178 bit=00000004
[SAMPLE QUEUE FULL]
[SAMPLE QUEUE FULL]
[SAMPLE QUEUE FULL]
[SEU] addr=2000314A bit=00000006
[SAMPLE QUEUE FULL]
[SAMPLE QUEUE FULL]
[SAMPLE QUEUE FULL]
[SAMPLE QUEUE FULL]
[SAMPLE QUEUE FULL]
[SAMPLE QUEUE FULL]
[SAMPLE QUEUE FULL]
[SAMPLE QUEUE FULL]
[SAMPLE QUEUE FULL]
[SEU] addr=20003151 bit=00000003
[SAMPLE QUEUE FULL]
[SAMPLE QUEUE FULL]
[SAMPLE QUEUE FULL]
[SAMPLE QUEUE FULL]
[SAMPLE QUEUE FULL]
[SAMPLE QUEUE FULL]
[SAMPLE QUEUE FULL]
[SAMPLE QUEUE FULL]
[SEU] addr=200031A9 bit=00000005
[SAMPLE QUEUE FULL]
[SAMPLE QUEUE FULL]
[SAMPLE QUEUE FULL]
[SAMPLE QUEUE FULL]
[SEU] addr=2000315B bit=00000004
[SAMPLE QUEUE FULL]
[SAMPLE QUEUE FULL]
[SAMPLE QUEUE FULL]
[SAMPLE QUEUE FULL]
[SAMPLE QUEUE FULL]
[SAMPLE QUEUE FULL]
[SAMPLE QUEUE FULL]
[SAMPLE QUEUE FULL]
[SEU] addr=20003149 bit=00000004
[SAMPLE QUEUE FULL]
[SAMPLE QUEUE FULL]
[SAMPLE QUEUE FULL]
[SAMPLE QUEUE FULL]
[SAMPLE QUEUE FULL]
[SEU] addr=20003166 bit=00000004
[SAMPLE QUEUE FULL]
[SAMPLE QUEUE FULL]
[SAMPLE QUEUE FULL]
[SEU] addr=20003151 bit=00000002
[SAMPLE QUEUE FULL]
[SAMPLE QUEUE FULL]
[SAMPLE QUEUE FULL]
[SAMPLE QUEUE FULL]
[SAMPLE QUEUE FULL]
[SAMPLE QUEUE FULL]
[SAMPLE QUEUE FULL]
[SAMPLE QUEUE FULL]
[SEU] addr=20003182 bit=00000003
[SAMPLE QUEUE FULL]
[SAMPLE QUEUE FULL]
[SAMPLE QUEUE FULL]
[SAMPLE QUEUE FULL]
[SAMPLE QUEUE FULL]
[SEU] addr=200031AF bit=00000004
[SAMPLE QUEUE FULL]
[SAMPLE QUEUE FULL]
[SAMPLE QUEUE FULL]
[SAMPLE QUEUE FULL]
[SAMPLE QUEUE FULL]
[SAMPLE QUEUE FULL]
[SAMPLE QUEUE FULL]
[SAMPLE QUEUE FULL]
[SAMPLE QUEUE FULL]
[SEU] addr=200031BC bit=00000006
[SAMPLE QUEUE FULL]
[SAMPLE QUEUE FULL]
[SAMPLE QUEUE FULL]
[SAMPLE QUEUE FULL]
[SAMPLE QUEUE FULL]
[SAMPLE QUEUE FULL]
[SAMPLE QUEUE FULL]
[SAMPLE QUEUE FULL]
[SAMPLE QUEUE FULL]
[SEU] addr=20003152 bit=00000004
[SAMPLE QUEUE FULL]
[SAMPLE QUEUE FULL]
[SAMPLE QUEUE FULL]
[SAMPLE QUEUE FULL]
[SAMPLE QUEUE FULL]
[SAMPLE QUEUE FULL]
[SAMPLE QUEUE FULL]
[SAMPLE QUEUE FULL]
[SEU] addr=20003167 bit=00000005
[SAMPLE QUEUE FULL]
[SAMPLE QUEUE FULL]
[SEU] addr=20003173 bit=00000000
[SAMPLE QUEUE FULL]
[SAMPLE QUEUE FULL]
[SAMPLE QUEUE FULL]
[SAMPLE QUEUE FULL]
[SAMPLE QUEUE FULL]
[SAMPLE QUEUE FULL]
[SEU] addr=200031BB bit=00000000
[SAMPLE QUEUE FULL]
[SAMPLE QUEUE FULL]
[SAMPLE QUEUE FULL]
[SAMPLE QUEUE FULL]
[SAMPLE QUEUE FULL]
[SAMPLE QUEUE FULL]
[SAMPLE QUEUE FULL]
[SAMPLE QUEUE FULL]
[SAMPLE QUEUE FULL]
[SAMPLE QUEUE FULL]
[SEU] addr=2000318B bit=00000007
[SAMPLE QUEUE FULL]
[SAMPLE QUEUE FULL]
[SAMPLE QUEUE FULL]
[SAMPLE QUEUE FULL]
[SAMPLE QUEUE FULL]
[SAMPLE QUEUE FULL]
[SAMPLE QUEUE FULL]
[SAMPLE QUEUE FULL]
[SEU] addr=20003186 bit=00000005
[SAMPLE QUEUE FULL]
[SAMPLE QUEUE FULL]
[SAMPLE QUEUE FULL]
[SAMPLE QUEUE FULL]
[SAMPLE QUEUE FULL]
[SAMPLE QUEUE FULL]
[SAMPLE QUEUE FULL]
[SEU] addr=2000314D bit=00000001
[SAMPLE QUEUE FULL]
[SAMPLE QUEUE FULL]
[SAMPLE QUEUE FULL]
[SAMPLE QUEUE FULL]
[SAMPLE QUEUE FULL]
[SAMPLE QUEUE FULL]
[SAMPLE QUEUE FULL]
[SAMPLE QUEUE FULL]
[SAMPLE QUEUE FULL]
[SEU] addr=20003182 bit=00000001
[SAMPLE QUEUE FULL]
[SAMPLE QUEUE FULL]
[SAMPLE QUEUE FULL]
[SEU] addr=20003187 bit=00000002
[SAMPLE QUEUE FULL]
[SAMPLE QUEUE FULL]
[SAMPLE QUEUE FULL]
[SAMPLE QUEUE FULL]
[SAMPLE QUEUE FULL]
[SAMPLE QUEUE FULL]
[SAMPLE QUEUE FULL]
[SAMPLE QUEUE FULL]
[SEU] addr=20003153 bit=00000000
[SAMPLE QUEUE FULL]
[SAMPLE QUEUE FULL]
[SAMPLE QUEUE FULL]
[SAMPLE QUEUE FULL]
[SAMPLE QUEUE FULL]
[SAMPLE QUEUE FULL]
[SAMPLE QUEUE FULL]
[SAMPLE QUEUE FULL]
[SAMPLE QUEUE FULL]
[SAMPLE QUEUE FULL]
[SEU] addr=2000316E bit=00000004
[SAMPLE QUEUE FULL]
[SAMPLE QUEUE FULL]
[SAMPLE QUEUE FULL]
[SAMPLE QUEUE FULL]
[SAMPLE QUEUE FULL]
[SAMPLE QUEUE FULL]
[SAMPLE QUEUE FULL]
[SAMPLE QUEUE FULL]
[SEU] addr=20003195 bit=00000007
[SAMPLE QUEUE FULL]
[SAMPLE QUEUE FULL]
[SAMPLE QUEUE FULL]
[SAMPLE QUEUE FULL]
[SAMPLE QUEUE FULL]
[SEU] addr=200031A0 bit=00000002
[SAMPLE QUEUE FULL]
[SAMPLE QUEUE FULL]
[SAMPLE QUEUE FULL]
[SAMPLE QUEUE FULL]
[SEU] addr=2000317C bit=00000004
[SAMPLE QUEUE FULL]
[SAMPLE QUEUE FULL]
[SAMPLE QUEUE FULL]
[SAMPLE QUEUE FULL]
[SEU] addr=20003147 bit=00000006
[SAMPLE QUEUE FULL]
[SAMPLE QUEUE FULL]
[SEU] addr=20003163 bit=00000000
[SAMPLE QUEUE FULL]
[SAMPLE QUEUE FULL]
[SAMPLE QUEUE FULL]
[SAMPLE QUEUE FULL]
[SAMPLE QUEUE FULL]
[SEU] addr=200031B1 bit=00000006
[SAMPLE QUEUE FULL]
[SAMPLE QUEUE FULL]
[SAMPLE QUEUE FULL]
[SAMPLE QUEUE FULL]
[SAMPLE QUEUE FULL]
[SAMPLE QUEUE FULL]
[SAMPLE QUEUE FULL]
[SEU] addr=200031B3 bit=00000007
[SAMPLE QUEUE FULL]
[SAMPLE QUEUE FULL]
[SAMPLE QUEUE FULL]
[SAMPLE QUEUE FULL]
[SEU] addr=200031B0 bit=00000006
[SAMPLE QUEUE FULL]
[SAMPLE QUEUE FULL]
[SAMPLE QUEUE FULL]
[SAMPLE QUEUE FULL]
[SAMPLE QUEUE FULL]
[SAMPLE QUEUE FULL]
[SEU] addr=2000319C bit=00000007
[SAMPLE QUEUE FULL]
[SAMPLE QUEUE FULL]
[SEU] addr=200031B6 bit=00000006
[SAMPLE QUEUE FULL]
[SAMPLE QUEUE FULL]
[SEU] addr=200031AA bit=00000002
[SAMPLE QUEUE FULL]
[SAMPLE QUEUE FULL]
[SAMPLE QUEUE FULL]
[SEU] addr=2000315B bit=00000007
[SAMPLE QUEUE FULL]
[SAMPLE QUEUE FULL]
[SAMPLE QUEUE FULL]
[SAMPLE QUEUE FULL]
[SAMPLE QUEUE FULL]
[SAMPLE QUEUE FULL]
[SAMPLE QUEUE FULL]
[SAMPLE QUEUE FULL]
[SEU] addr=200031B2 bit=00000007
[SAMPLE QUEUE FULL]
[SAMPLE QUEUE FULL]
[SEU] addr=20003183 bit=00000002
[SAMPLE QUEUE FULL]
[SAMPLE QUEUE FULL]
[SAMPLE QUEUE FULL]
[SAMPLE QUEUE FULL]
[SEU] addr=200031BC bit=00000003
[SAMPLE QUEUE FULL]
[SAMPLE QUEUE FULL]
[SAMPLE QUEUE FULL]
[SAMPLE QUEUE FULL]
[SEU] addr=2000316B bit=00000005
[SAMPLE QUEUE FULL]
[SAMPLE QUEUE FULL]
[SAMPLE QUEUE FULL]
[SAMPLE QUEUE FULL]
[SAMPLE QUEUE FULL]
[SAMPLE QUEUE FULL]
[SEU] addr=200031A7 bit=00000007
[SAMPLE QUEUE FULL]
[SAMPLE QUEUE FULL]
[SAMPLE QUEUE FULL]
[SAMPLE QUEUE FULL]
[SAMPLE QUEUE FULL]
[SAMPLE QUEUE FULL]
[SAMPLE QUEUE FULL]
[SAMPLE QUEUE FULL]
[SEU] addr=200031B5 bit=00000004
[SAMPLE QUEUE FULL]
[SAMPLE QUEUE FULL]
[SAMPLE QUEUE FULL]
[SAMPLE QUEUE FULL]
[SAMPLE QUEUE FULL]
[SAMPLE QUEUE FULL]
[SAMPLE QUEUE FULL]
[SEU] addr=200031B1 bit=00000007
[SAMPLE QUEUE FULL]
[SAMPLE QUEUE FULL]
[SEU] addr=20003149 bit=00000005
[SAMPLE QUEUE FULL]
[SAMPLE QUEUE FULL]
[SAMPLE QUEUE FULL]
[SAMPLE QUEUE FULL]
[SAMPLE QUEUE FULL]
[SAMPLE QUEUE FULL]
[SEU] addr=20003179 bit=00000001
[SAMPLE QUEUE FULL]
[SAMPLE QUEUE FULL]
[SAMPLE QUEUE FULL]
[SAMPLE QUEUE FULL]
[SAMPLE QUEUE FULL]
[SAMPLE QUEUE FULL]
[SAMPLE QUEUE FULL]
[SAMPLE QUEUE FULL]
[SAMPLE QUEUE FULL]
[SAMPLE QUEUE FULL]
[SEU] addr=200031B8 bit=00000001
[SAMPLE QUEUE FULL]
[SEU] addr=2000317C bit=00000000
[SAMPLE QUEUE FULL]
[SAMPLE QUEUE FULL]
[SAMPLE QUEUE FULL]
[SAMPLE QUEUE FULL]
[SAMPLE QUEUE FULL]
[SEU] addr=200031B8 bit=00000001
[SAMPLE QUEUE FULL]
[SAMPLE QUEUE FULL]
[SEU] addr=200031B9 bit=00000005
[SAMPLE QUEUE FULL]
[SAMPLE QUEUE FULL]
[SAMPLE QUEUE FULL]
[SAMPLE QUEUE FULL]
[SAMPLE QUEUE FULL]
[SAMPLE QUEUE FULL]
[SAMPLE QUEUE FULL]
[SAMPLE QUEUE FULL]
[SAMPLE QUEUE FULL]
[SAMPLE QUEUE FULL]
[SEU] addr=2000314D bit=00000004
[SAMPLE QUEUE FULL]
[SAMPLE QUEUE FULL]
[SAMPLE QUEUE FULL]
[SAMPLE QUEUE FULL]
[SAMPLE QUEUE FULL]
[SEU] addr=20003187 bit=00000001
[SAMPLE QUEUE FULL]
[SAMPLE QUEUE FULL]
[SAMPLE QUEUE FULL]
[SEU] addr=2000316D bit=00000006
[SAMPLE QUEUE FULL]
[SAMPLE QUEUE FULL]
[SAMPLE QUEUE FULL]
[SAMPLE QUEUE FULL]
[SAMPLE QUEUE FULL]
[SEU] addr=200031A2 bit=00000002
[SAMPLE QUEUE FULL]
[SAMPLE QUEUE FULL]
[SAMPLE QUEUE FULL]
[SAMPLE QUEUE FULL]
[SAMPLE QUEUE FULL]
[SEU] addr=200031AD bit=00000006
[SAMPLE QUEUE FULL]
[SAMPLE QUEUE FULL]
[SAMPLE QUEUE FULL]
[SAMPLE QUEUE FULL]
[SEU] addr=2000314B bit=00000001
[SAMPLE QUEUE FULL]
[SAMPLE QUEUE FULL]
[SAMPLE QUEUE FULL]
[SAMPLE QUEUE FULL]
[SEU] addr=2000318B bit=00000000
[SAMPLE QUEUE FULL]
[SAMPLE QUEUE FULL]
[SAMPLE QUEUE FULL]
[SAMPLE QUEUE FULL]
[SAMPLE QUEUE FULL]
[SEU] addr=20003156 bit=00000007
[SAMPLE QUEUE FULL]
[SAMPLE QUEUE FULL]
[SAMPLE QUEUE FULL]
[SAMPLE QUEUE FULL]
[SEU] addr=2000317D bit=00000000
[SAMPLE QUEUE FULL]
[SAMPLE QUEUE FULL]
[SEU] addr=200031A2 bit=00000003
[SAMPLE QUEUE FULL]
[SAMPLE QUEUE FULL]
[SAMPLE QUEUE FULL]
[SAMPLE QUEUE FULL]
[SAMPLE QUEUE FULL]
[SEU] addr=200031B2 bit=00000004
[SAMPLE QUEUE FULL]
[SAMPLE QUEUE FULL]
[SAMPLE QUEUE FULL]
[SAMPLE QUEUE FULL]
[SAMPLE QUEUE FULL]
[SEU] addr=200031AE bit=00000003
[SAMPLE QUEUE FULL]
[SAMPLE QUEUE FULL]
[SAMPLE QUEUE FULL]
[SAMPLE QUEUE FULL]
[SAMPLE QUEUE FULL]
[SAMPLE QUEUE FULL]
[SAMPLE QUEUE FULL]
[SAMPLE QUEUE FULL]
[SEU] addr=200031B3 bit=00000000
[SAMPLE QUEUE FULL]
[SAMPLE QUEUE FULL]
[SAMPLE QUEUE FULL]
[SAMPLE QUEUE FULL]
[SAMPLE QUEUE FULL]
[SAMPLE QUEUE FULL]
[SAMPLE QUEUE FULL]
[SAMPLE QUEUE FULL]
[SAMPLE QUEUE FULL]
[SEU] addr=200031B1 bit=00000003
[SAMPLE QUEUE FULL]
[SAMPLE QUEUE FULL]
[SAMPLE QUEUE FULL]
[SAMPLE QUEUE FULL]
[SEU] addr=2000314B bit=00000005
[SAMPLE QUEUE FULL]
[SAMPLE QUEUE FULL]
[SAMPLE QUEUE FULL]
[SAMPLE QUEUE FULL]
[SEU] addr=200031B0 bit=00000005
[SAMPLE QUEUE FULL]
[SAMPLE QUEUE FULL]
[SAMPLE QUEUE FULL]
[SAMPLE QUEUE FULL]
[SAMPLE QUEUE FULL]
[SAMPLE QUEUE FULL]
[SAMPLE QUEUE FULL]
[SAMPLE QUEUE FULL]
[SEU] addr=200031B0 bit=00000007
[SAMPLE QUEUE FULL]
[SEU] addr=2000318B bit=00000000
[SAMPLE QUEUE FULL]
[SAMPLE QUEUE FULL]
[SAMPLE QUEUE FULL]
[SAMPLE QUEUE FULL]
[SAMPLE QUEUE FULL]
[SAMPLE QUEUE FULL]
[SAMPLE QUEUE FULL]
[SAMPLE QUEUE FULL]
[SAMPLE QUEUE FULL]
[SEU] addr=200031A1 bit=00000001
[SAMPLE QUEUE FULL]
[SAMPLE QUEUE FULL]
[SAMPLE QUEUE FULL]
[SAMPLE QUEUE FULL]
[SAMPLE QUEUE FULL]
[SAMPLE QUEUE FULL]
[SAMPLE QUEUE FULL]
[SAMPLE QUEUE FULL]
[SEU] addr=200031A4 bit=00000004
[SAMPLE QUEUE FULL]
[SAMPLE QUEUE FULL]
[SAMPLE QUEUE FULL]
[SAMPLE QUEUE FULL]
[SAMPLE QUEUE FULL]
[SAMPLE QUEUE FULL]
[SEU] addr=20003187 bit=00000007
[SAMPLE QUEUE FULL]
[SAMPLE QUEUE FULL]
[SAMPLE QUEUE FULL]
[SAMPLE QUEUE FULL]
[SAMPLE QUEUE FULL]
[SEU] addr=20003147 bit=00000006
[SAMPLE QUEUE FULL]
[SEU] addr=20003199 bit=00000002
[SAMPLE QUEUE FULL]
[SAMPLE QUEUE FULL]
[SAMPLE QUEUE FULL]
[SAMPLE QUEUE FULL]
[SAMPLE QUEUE FULL]
[SAMPLE QUEUE FULL]
[SAMPLE QUEUE FULL]
[SAMPLE QUEUE FULL]
[SAMPLE QUEUE FULL]
[SAMPLE QUEUE FULL]
[SEU] addr=2000318D bit=00000000
[SAMPLE QUEUE FULL]
[SAMPLE QUEUE FULL]
[SAMPLE QUEUE FULL]
[SAMPLE QUEUE FULL]
[SAMPLE QUEUE FULL]
[SAMPLE QUEUE FULL]
[SAMPLE QUEUE FULL]
[SAMPLE QUEUE FULL]
[SAMPLE QUEUE FULL]
[SEU] addr=200031BB bit=00000005
[SAMPLE QUEUE FULL]
[SAMPLE QUEUE FULL]
[SAMPLE QUEUE FULL]
[SAMPLE QUEUE FULL]
[SAMPLE QUEUE FULL]
[SEU] addr=200031A3 bit=00000003
[SAMPLE QUEUE FULL]
[SAMPLE QUEUE FULL]
[SEU] addr=2000314E bit=00000003
[SAMPLE QUEUE FULL]
[SAMPLE QUEUE FULL]
[SEU] addr=200031B5 bit=00000007
[SAMPLE QUEUE FULL]
[SAMPLE QUEUE FULL]
[SAMPLE QUEUE FULL]
[SEU] addr=20003174 bit=00000002
[SAMPLE QUEUE FULL]
[SEU] addr=20003190 bit=00000004
[SAMPLE QUEUE FULL]
[SAMPLE QUEUE FULL]
[SEU] addr=20003148 bit=00000005
[SAMPLE QUEUE FULL]
[SAMPLE QUEUE FULL]
[SAMPLE QUEUE FULL]
[SAMPLE QUEUE FULL]
[SAMPLE QUEUE FULL]
[SAMPLE QUEUE FULL]
[SAMPLE QUEUE FULL]
[SAMPLE QUEUE FULL]
[SEU] addr=2000316E bit=00000002
[SAMPLE QUEUE FULL]
[SAMPLE QUEUE FULL]
[SAMPLE QUEUE FULL]
[SAMPLE QUEUE FULL]
[SAMPLE QUEUE FULL]
[SAMPLE QUEUE FULL]
[SAMPLE QUEUE FULL]
[SEU] addr=2000317A bit=00000007
[SAMPLE QUEUE FULL]
[SAMPLE QUEUE FULL]
[SEU] addr=200031A9 bit=00000004
[SAMPLE QUEUE FULL]
[SAMPLE QUEUE FULL]
[SAMPLE QUEUE FULL]
[SAMPLE QUEUE FULL]
[SEU] addr=2000317F bit=00000006
[SAMPLE QUEUE FULL]
[SEU] addr=20003188 bit=00000000
[SAMPLE QUEUE FULL]
[SAMPLE QUEUE FULL]
[SAMPLE QUEUE FULL]
[SAMPLE QUEUE FULL]
[SAMPLE QUEUE FULL]
[SAMPLE QUEUE FULL]
[SEU] addr=200031A4 bit=00000001
[SAMPLE QUEUE FULL]
[SAMPLE QUEUE FULL]
[SAMPLE QUEUE FULL]
[SAMPLE QUEUE FULL]
[SAMPLE QUEUE FULL]
[SAMPLE QUEUE FULL]
[SAMPLE QUEUE FULL]
[SAMPLE QUEUE FULL]
[SEU] addr=2000319E bit=00000001
[SAMPLE QUEUE FULL]
[SAMPLE QUEUE FULL]
[SAMPLE QUEUE FULL]
[SAMPLE QUEUE FULL]
[SAMPLE QUEUE FULL]
[SAMPLE QUEUE FULL]
[SAMPLE QUEUE FULL]
[SAMPLE QUEUE FULL]
[SAMPLE QUEUE FULL]
[SEU] addr=200031BA bit=00000006
[SAMPLE QUEUE FULL]
[SAMPLE QUEUE FULL]
[SAMPLE QUEUE FULL]
[SAMPLE QUEUE FULL]
[SEU] addr=20003193 bit=00000004
[SAMPLE QUEUE FULL]
[SAMPLE QUEUE FULL]
[SEU] addr=20003167 bit=00000007
[SAMPLE QUEUE FULL]
[SAMPLE QUEUE FULL]
[SAMPLE QUEUE FULL]
[SEU] addr=200031A5 bit=00000006
[SAMPLE QUEUE FULL]
[SEU] addr=2000314B bit=00000007
[SAMPLE QUEUE FULL]
[SAMPLE QUEUE FULL]
[SAMPLE QUEUE FULL]
[SAMPLE QUEUE FULL]
[SAMPLE QUEUE FULL]
[SAMPLE QUEUE FULL]
[SAMPLE QUEUE FULL]
[SEU] addr=2000317F bit=00000006
[SAMPLE QUEUE FULL]
[SAMPLE QUEUE FULL]
[SEU] addr=20003178 bit=00000005
[SAMPLE QUEUE FULL]
[SAMPLE QUEUE FULL]
[SAMPLE QUEUE FULL]
[SAMPLE QUEUE FULL]
[SAMPLE QUEUE FULL]
[SAMPLE QUEUE FULL]
[SEU] addr=2000316F bit=00000006
[SAMPLE QUEUE FULL]
[SAMPLE QUEUE FULL]
[SAMPLE QUEUE FULL]
[SAMPLE QUEUE FULL]
[SAMPLE QUEUE FULL]
[SAMPLE QUEUE FULL]
[SAMPLE QUEUE FULL]
[SAMPLE QUEUE FULL]
[SAMPLE QUEUE FULL]
[SEU] addr=2000318B bit=00000000
[SAMPLE QUEUE FULL]
[SAMPLE QUEUE FULL]
[SAMPLE QUEUE FULL]
[SAMPLE QUEUE FULL]
[SAMPLE QUEUE FULL]
[SAMPLE QUEUE FULL]
[SAMPLE QUEUE FULL]
[SEU] addr=200031BF bit=00000002
[SAMPLE QUEUE FULL]
[SAMPLE QUEUE FULL]
[SAMPLE QUEUE FULL]
[SAMPLE QUEUE FULL]
[SAMPLE QUEUE FULL]
[SAMPLE QUEUE FULL]
[SEU] addr=20003154 bit=00000000
[SAMPLE QUEUE FULL]
[SAMPLE QUEUE FULL]
[SAMPLE QUEUE FULL]
[SAMPLE QUEUE FULL]
[SAMPLE QUEUE FULL]
[SAMPLE QUEUE FULL]
[SAMPLE QUEUE FULL]
[SAMPLE QUEUE FULL]
[SAMPLE QUEUE FULL]
[SAMPLE QUEUE FULL]
[SEU] addr=20003144 bit=00000001
[SAMPLE QUEUE FULL]
[SAMPLE QUEUE FULL]
[SAMPLE QUEUE FULL]
[SAMPLE QUEUE FULL]
[SAMPLE QUEUE FULL]
[SAMPLE QUEUE FULL]
[SAMPLE QUEUE FULL]
[SAMPLE QUEUE FULL]
[SAMPLE QUEUE FULL]
[SEU] addr=20003161 bit=00000005
[SAMPLE QUEUE FULL]
[SAMPLE QUEUE FULL]
[SAMPLE QUEUE FULL]
[SAMPLE QUEUE FULL]
[SAMPLE QUEUE FULL]
[SAMPLE QUEUE FULL]
[SAMPLE QUEUE FULL]
[SAMPLE QUEUE FULL]
[SEU] addr=20003156 bit=00000001
[SAMPLE QUEUE FULL]
[SAMPLE QUEUE FULL]
[SEU] addr=200031B0 bit=00000006
[SAMPLE QUEUE FULL]
[SAMPLE QUEUE FULL]
[SAMPLE QUEUE FULL]
[SAMPLE QUEUE FULL]
[SAMPLE QUEUE FULL]
[SEU] addr=20003173 bit=00000000
[SAMPLE QUEUE FULL]
[SAMPLE QUEUE FULL]
[SAMPLE QUEUE FULL]
[SAMPLE QUEUE FULL]
[SAMPLE QUEUE FULL]
[SAMPLE QUEUE FULL]
[SEU] addr=2000316D bit=00000002
[SAMPLE QUEUE FULL]
[SAMPLE QUEUE FULL]
[SAMPLE QUEUE FULL]
[SAMPLE QUEUE FULL]
[SAMPLE QUEUE FULL]
[SAMPLE QUEUE FULL]
[SAMPLE QUEUE FULL]
[SEU] addr=2000317F bit=00000004
[SAMPLE QUEUE FULL]
[SAMPLE QUEUE FULL]
[SAMPLE QUEUE FULL]
[SAMPLE QUEUE FULL]
[SAMPLE QUEUE FULL]
[SAMPLE QUEUE FULL]
[SAMPLE QUEUE FULL]
[SAMPLE QUEUE FULL]
[SAMPLE QUEUE FULL]
[SAMPLE QUEUE FULL]
[SEU] addr=200031AE bit=00000004
[SAMPLE QUEUE FULL]
[SAMPLE QUEUE FULL]
[SEU] addr=2000317B bit=00000000
[SAMPLE QUEUE FULL]
[SEU] addr=20003163 bit=00000004
[SAMPLE QUEUE FULL]
[SAMPLE QUEUE FULL]
[SAMPLE QUEUE FULL]
[SEU] addr=200031A8 bit=00000004
[SAMPLE QUEUE FULL]
[SAMPLE QUEUE FULL]
[SAMPLE QUEUE FULL]
[SAMPLE QUEUE FULL]
[SAMPLE QUEUE FULL]
[SAMPLE QUEUE FULL]
[SAMPLE QUEUE FULL]
[SAMPLE QUEUE FULL]
[SEU] addr=2000319F bit=00000002
[SAMPLE QUEUE FULL]
[SAMPLE QUEUE FULL]
[SAMPLE QUEUE FULL]
[SAMPLE QUEUE FULL]
[SAMPLE QUEUE FULL]
[SAMPLE QUEUE FULL]
[SAMPLE QUEUE FULL]
[SEU] addr=20003150 bit=00000004
[SAMPLE QUEUE FULL]
[SAMPLE QUEUE FULL]
[SAMPLE QUEUE FULL]
[SAMPLE QUEUE FULL]
[SAMPLE QUEUE FULL]
[SAMPLE QUEUE FULL]
[SAMPLE QUEUE FULL]
[SEU] addr=20003181 bit=00000005
[SAMPLE QUEUE FULL]
[SAMPLE QUEUE FULL]
[SAMPLE QUEUE FULL]
[SAMPLE QUEUE FULL]
[SAMPLE QUEUE FULL]
[SAMPLE QUEUE FULL]
[SEU] addr=2000316C bit=00000005
[SAMPLE QUEUE FULL]
[SAMPLE QUEUE FULL]
[SAMPLE QUEUE FULL]
[SAMPLE QUEUE FULL]
[SAMPLE QUEUE FULL]
[SAMPLE QUEUE FULL]
[SAMPLE QUEUE FULL]
[SAMPLE QUEUE FULL]
[SAMPLE QUEUE FULL]
[SEU] addr=20003193 bit=00000004
[SAMPLE QUEUE FULL]
[SAMPLE QUEUE FULL]
[SAMPLE QUEUE FULL]
[SAMPLE QUEUE FULL]
[SAMPLE QUEUE FULL]
[SEU] addr=2000315E bit=00000000
[SAMPLE QUEUE FULL]
[SAMPLE QUEUE FULL]
[SAMPLE QUEUE FULL]
[SAMPLE QUEUE FULL]
[SAMPLE QUEUE FULL]
[SAMPLE QUEUE FULL]
[SAMPLE QUEUE FULL]
[SAMPLE QUEUE FULL]
[SEU] addr=20003161 bit=00000007
[SAMPLE QUEUE FULL]
[SAMPLE QUEUE FULL]
[SAMPLE QUEUE FULL]
[SAMPLE QUEUE FULL]
[SAMPLE QUEUE FULL]
[SAMPLE QUEUE FULL]
[SAMPLE QUEUE FULL]
[SEU] addr=2000317A bit=00000004
[SAMPLE QUEUE FULL]
[SAMPLE QUEUE FULL]
[SAMPLE QUEUE FULL]
[SAMPLE QUEUE FULL]
[SEU] addr=20003197 bit=00000006
[SAMPLE QUEUE FULL]
[SAMPLE QUEUE FULL]
[SAMPLE QUEUE FULL]
[SAMPLE QUEUE FULL]
[SAMPLE QUEUE FULL]
[SEU] addr=2000317F bit=00000005
[SAMPLE QUEUE FULL]
[SAMPLE QUEUE FULL]
[SAMPLE QUEUE FULL]
[SAMPLE QUEUE FULL]
[SEU] addr=2000315F bit=00000007
[SAMPLE QUEUE FULL]
[SEU] addr=200031AB bit=00000005
[SAMPLE QUEUE FULL]
[SAMPLE QUEUE FULL]
[SAMPLE QUEUE FULL]
[SAMPLE QUEUE FULL]
[SAMPLE QUEUE FULL]
[SAMPLE QUEUE FULL]
[SAMPLE QUEUE FULL]
[SAMPLE QUEUE FULL]
[SEU] addr=200031BF bit=00000000
[SAMPLE QUEUE FULL]
[SAMPLE QUEUE FULL]
[SAMPLE QUEUE FULL]
[SAMPLE QUEUE FULL]
[SAMPLE QUEUE FULL]
[SAMPLE QUEUE FULL]
[SAMPLE QUEUE FULL]
[SAMPLE QUEUE FULL]
[SEU] addr=200031A4 bit=00000002
[SAMPLE QUEUE FULL]
[SAMPLE QUEUE FULL]
[SEU] addr=200031B7 bit=00000003
[SAMPLE QUEUE FULL]
[SAMPLE QUEUE FULL]
[SAMPLE QUEUE FULL]
[SAMPLE QUEUE FULL]
[SAMPLE QUEUE FULL]
[SAMPLE QUEUE FULL]
[SAMPLE QUEUE FULL]
[SEU] addr=20003198 bit=00000002
[SAMPLE QUEUE FULL]
[SAMPLE QUEUE FULL]
[SAMPLE QUEUE FULL]
[SAMPLE QUEUE FULL]
[SEU] addr=2000317D bit=00000002
[SAMPLE QUEUE FULL]
[SAMPLE QUEUE FULL]
[SAMPLE QUEUE FULL]
[SAMPLE QUEUE FULL]
[SAMPLE QUEUE FULL]
[SAMPLE QUEUE FULL]
[SAMPLE QUEUE FULL]
[SEU] addr=2000314B bit=00000004
[SAMPLE QUEUE FULL]
[SAMPLE QUEUE FULL]
[SAMPLE QUEUE FULL]
[SAMPLE QUEUE FULL]
[SAMPLE QUEUE FULL]
[SAMPLE QUEUE FULL]
[SAMPLE QUEUE FULL]
[SAMPLE QUEUE FULL]
[SAMPLE QUEUE FULL]
[SEU] addr=20003167 bit=00000005
[SAMPLE QUEUE FULL]
[SAMPLE QUEUE FULL]
[SAMPLE QUEUE FULL]
[SAMPLE QUEUE FULL]
[SAMPLE QUEUE FULL]
[SAMPLE QUEUE FULL]
[SAMPLE QUEUE FULL]
[SAMPLE QUEUE FULL]
[SEU] addr=20003189 bit=00000005
[SAMPLE QUEUE FULL]
[SAMPLE QUEUE FULL]
[SAMPLE QUEUE FULL]
[SAMPLE QUEUE FULL]
[SAMPLE QUEUE FULL]
[SAMPLE QUEUE FULL]
[SAMPLE QUEUE FULL]
[SEU] addr=2000319B bit=00000001
[SAMPLE QUEUE FULL]
[SAMPLE QUEUE FULL]
[SAMPLE QUEUE FULL]
[SAMPLE QUEUE FULL]
[SAMPLE QUEUE FULL]
[SAMPLE QUEUE FULL]
[SAMPLE QUEUE FULL]
[SAMPLE QUEUE FULL]
[SAMPLE QUEUE FULL]
[SEU] addr=2000314B bit=00000004
[SAMPLE QUEUE FULL]
[SAMPLE QUEUE FULL]
[SAMPLE QUEUE FULL]
[SAMPLE QUEUE FULL]
[SAMPLE QUEUE FULL]
[SAMPLE QUEUE FULL]
[SAMPLE QUEUE FULL]
[SAMPLE QUEUE FULL]
[SEU] addr=20003144 bit=00000007
[SAMPLE QUEUE FULL]
[SAMPLE QUEUE FULL]
[SAMPLE QUEUE FULL]
[SAMPLE QUEUE FULL]
[SEU] addr=20003196 bit=00000006
[SAMPLE QUEUE FULL]
[SAMPLE QUEUE FULL]
[SEU] addr=2000314A bit=00000005
[SAMPLE QUEUE FULL]
[SAMPLE QUEUE FULL]
[SAMPLE QUEUE FULL]
[SAMPLE QUEUE FULL]
[SAMPLE QUEUE FULL]
[SAMPLE QUEUE FULL]
[SAMPLE QUEUE FULL]
[SAMPLE QUEUE FULL]
[SEU] addr=20003197 bit=00000006
[SAMPLE QUEUE FULL]
[SAMPLE QUEUE FULL]
[SEU] addr=200031AC bit=00000002
[SAMPLE QUEUE FULL]
[SAMPLE QUEUE FULL]
[SAMPLE QUEUE FULL]
[SAMPLE QUEUE FULL]
[SAMPLE QUEUE FULL]
[SAMPLE QUEUE FULL]
[SAMPLE QUEUE FULL]
[SEU] addr=2000316E bit=00000001
[SAMPLE QUEUE FULL]
[SAMPLE QUEUE FULL]
[SAMPLE QUEUE FULL]
[SAMPLE QUEUE FULL]
[SAMPLE QUEUE FULL]
[SAMPLE QUEUE FULL]
[SAMPLE QUEUE FULL]
[SEU] addr=200031BD bit=00000002
[SAMPLE QUEUE FULL]
[SAMPLE QUEUE FULL]
[SAMPLE QUEUE FULL]
[SAMPLE QUEUE FULL]
[SAMPLE QUEUE FULL]
[SAMPLE QUEUE FULL]
[SEU] addr=2000317E bit=00000005
[SAMPLE QUEUE FULL]
[SAMPLE QUEUE FULL]
[SAMPLE QUEUE FULL]
[SAMPLE QUEUE FULL]
[SEU] addr=200031B4 bit=00000005
[SAMPLE QUEUE FULL]
[SAMPLE QUEUE FULL]
[SAMPLE QUEUE FULL]
[SAMPLE QUEUE FULL]
[SAMPLE QUEUE FULL]
[SAMPLE QUEUE FULL]
[SAMPLE QUEUE FULL]
[SAMPLE QUEUE FULL]
[SEU] addr=20003167 bit=00000007
[SAMPLE QUEUE FULL]
[SAMPLE QUEUE FULL]
[SAMPLE QUEUE FULL]
[SEU] addr=20003146 bit=00000000
[SAMPLE QUEUE FULL]
[SAMPLE QUEUE FULL]
[SAMPLE QUEUE FULL]
[SAMPLE QUEUE FULL]
[SAMPLE QUEUE FULL]
[SAMPLE QUEUE FULL]
[SAMPLE QUEUE FULL]
[SAMPLE QUEUE FULL]
[SAMPLE QUEUE FULL]
[SEU] addr=2000319B bit=00000007
[SAMPLE QUEUE FULL]
[SEU] addr=20003171 bit=00000003
[SAMPLE QUEUE FULL]
[SAMPLE QUEUE FULL]
[SAMPLE QUEUE FULL]
[SAMPLE QUEUE FULL]
[SAMPLE QUEUE FULL]
[SEU] addr=2000316F bit=00000002
[SAMPLE QUEUE FULL]
[SAMPLE QUEUE FULL]
[SAMPLE QUEUE FULL]
[SAMPLE QUEUE FULL]
[SAMPLE QUEUE FULL]
[SAMPLE QUEUE FULL]
[SAMPLE QUEUE FULL]
[SEU] addr=20003171 bit=00000003
[SAMPLE QUEUE FULL]
[SAMPLE QUEUE FULL]
[SEU] addr=20003189 bit=00000005
[SAMPLE QUEUE FULL]
[SAMPLE QUEUE FULL]
[SAMPLE QUEUE FULL]
[SAMPLE QUEUE FULL]
[SEU] addr=2000316B bit=00000006
[SAMPLE QUEUE FULL]
[SAMPLE QUEUE FULL]
[SAMPLE QUEUE FULL]
[SEU] addr=20003186 bit=00000002
[SAMPLE QUEUE FULL]
[SAMPLE QUEUE FULL]
[SEU] addr=2000314F bit=00000006
[SAMPLE QUEUE FULL]
[SAMPLE QUEUE FULL]
[SAMPLE QUEUE FULL]
[SAMPLE QUEUE FULL]
[SAMPLE QUEUE FULL]
[SAMPLE QUEUE FULL]
[SEU] addr=20003196 bit=00000001
[SAMPLE QUEUE FULL]
[SAMPLE QUEUE FULL]
[SAMPLE QUEUE FULL]
[SAMPLE QUEUE FULL]
[SAMPLE QUEUE FULL]
[SAMPLE QUEUE FULL]
[SAMPLE QUEUE FULL]
[SAMPLE QUEUE FULL]
[SEU] addr=20003160 bit=00000005
[SAMPLE QUEUE FULL]
[SAMPLE QUEUE FULL]
[SAMPLE QUEUE FULL]
[SAMPLE QUEUE FULL]
[SAMPLE QUEUE FULL]
[SAMPLE QUEUE FULL]
[SAMPLE QUEUE FULL]
[SAMPLE QUEUE FULL]
[SEU] addr=200031B1 bit=00000004
[SAMPLE QUEUE FULL]
[SAMPLE QUEUE FULL]
[SAMPLE QUEUE FULL]
[SAMPLE QUEUE FULL]
[SAMPLE QUEUE FULL]
[SAMPLE QUEUE FULL]
[SAMPLE QUEUE FULL]
[SAMPLE QUEUE FULL]
[SAMPLE QUEUE FULL]
[SEU] addr=200031BF bit=00000003
[SAMPLE QUEUE FULL]
[SAMPLE QUEUE FULL]
[SAMPLE QUEUE FULL]
[SAMPLE QUEUE FULL]
[SAMPLE QUEUE FULL]
[SEU] addr=200031A8 bit=00000003
[SAMPLE QUEUE FULL]
[SAMPLE QUEUE FULL]
[SAMPLE QUEUE FULL]
[SAMPLE QUEUE FULL]
[SAMPLE QUEUE FULL]
[SAMPLE QUEUE FULL]
[SEU] addr=2000314E bit=00000004
[SAMPLE QUEUE FULL]
[SAMPLE QUEUE FULL]
[SAMPLE QUEUE FULL]
[SAMPLE QUEUE FULL]
[SAMPLE QUEUE FULL]
[SAMPLE QUEUE FULL]
[SAMPLE QUEUE FULL]
[SAMPLE QUEUE FULL]
[SAMPLE QUEUE FULL]
[SEU] addr=2000319C bit=00000003
[SAMPLE QUEUE FULL]
[SAMPLE QUEUE FULL]
[SAMPLE QUEUE FULL]
[SAMPLE QUEUE FULL]
[SAMPLE QUEUE FULL]
[SAMPLE QUEUE FULL]
[SAMPLE QUEUE FULL]
[SEU] addr=20003184 bit=00000005
[SAMPLE QUEUE FULL]
[SAMPLE QUEUE FULL]
[SAMPLE QUEUE FULL]
[SAMPLE QUEUE FULL]
[SAMPLE QUEUE FULL]
[SAMPLE QUEUE FULL]
[SAMPLE QUEUE FULL]
[SAMPLE QUEUE FULL]
[SEU] addr=200031BC bit=00000007
[SAMPLE QUEUE FULL]
[SAMPLE QUEUE FULL]
[SEU] addr=200031B0 bit=00000002
[SAMPLE QUEUE FULL]
[SAMPLE QUEUE FULL]
[SAMPLE QUEUE FULL]
[SAMPLE QUEUE FULL]
[SAMPLE QUEUE FULL]
[SAMPLE QUEUE FULL]
[SAMPLE QUEUE FULL]
[SEU] addr=200031B8 bit=00000003
[SAMPLE QUEUE FULL]
[SAMPLE QUEUE FULL]
[SAMPLE QUEUE FULL]
[SAMPLE QUEUE FULL]
[SAMPLE QUEUE FULL]
[SEU] addr=2000319D bit=00000003
[SAMPLE QUEUE FULL]
[SAMPLE QUEUE FULL]
[SAMPLE QUEUE FULL]
[SAMPLE QUEUE FULL]
[SAMPLE QUEUE FULL]
[SAMPLE QUEUE FULL]
[SAMPLE QUEUE FULL]
[SAMPLE QUEUE FULL]
[SEU] addr=2000317D bit=00000000
[SAMPLE QUEUE FULL]
[SAMPLE QUEUE FULL]
[SAMPLE QUEUE FULL]
[SAMPLE QUEUE FULL]
[SAMPLE QUEUE FULL]
[SAMPLE QUEUE FULL]
[SAMPLE QUEUE FULL]
[SAMPLE QUEUE FULL]
[SEU] addr=2000315C bit=00000000
[SAMPLE QUEUE FULL]
[SAMPLE QUEUE FULL]
[SEU] addr=200031A7 bit=00000005
[SAMPLE QUEUE FULL]
[SAMPLE QUEUE FULL]
[SEU] addr=2000319A bit=00000006
[SAMPLE QUEUE FULL]
[SAMPLE QUEUE FULL]
[SAMPLE QUEUE FULL]
[SAMPLE QUEUE FULL]
[SAMPLE QUEUE FULL]
[SAMPLE QUEUE FULL]
[SAMPLE QUEUE FULL]
[SAMPLE QUEUE FULL]
[SAMPLE QUEUE FULL]
[SEU] addr=2000316B bit=00000006
[SAMPLE QUEUE FULL]
[SAMPLE QUEUE FULL]
[SAMPLE QUEUE FULL]
[SAMPLE QUEUE FULL]
[SAMPLE QUEUE FULL]
[SAMPLE QUEUE FULL]
[SAMPLE QUEUE FULL]
[SAMPLE QUEUE FULL]
[SEU] addr=20003144 bit=00000002
[SAMPLE QUEUE FULL]
[SAMPLE QUEUE FULL]
[SAMPLE QUEUE FULL]
[SEU] addr=2000317B bit=00000007
[SAMPLE QUEUE FULL]
[SAMPLE QUEUE FULL]
[SAMPLE QUEUE FULL]
[SAMPLE QUEUE FULL]
[SAMPLE QUEUE FULL]
[SAMPLE QUEUE FULL]
[SAMPLE QUEUE FULL]
[SAMPLE QUEUE FULL]
[SEU] addr=20003195 bit=00000006
[SAMPLE QUEUE FULL]
[SAMPLE QUEUE FULL]
[SAMPLE QUEUE FULL]
[SAMPLE QUEUE FULL]
[SAMPLE QUEUE FULL]
[SAMPLE QUEUE FULL]
[SAMPLE QUEUE FULL]
[SAMPLE QUEUE FULL]
[SAMPLE QUEUE FULL]
[SEU] addr=2000314F bit=00000002
[SAMPLE QUEUE FULL]
[SAMPLE QUEUE FULL]
[SEU] addr=200031A8 bit=00000000
[SAMPLE QUEUE FULL]
[SAMPLE QUEUE FULL]
[SAMPLE QUEUE FULL]
[SAMPLE QUEUE FULL]
[SAMPLE QUEUE FULL]
[SEU] addr=20003187 bit=00000003
[SAMPLE QUEUE FULL]
[SAMPLE QUEUE FULL]
[SAMPLE QUEUE FULL]
[SAMPLE QUEUE FULL]
[SAMPLE QUEUE FULL]
[SAMPLE QUEUE FULL]
[SEU] addr=2000314A bit=00000005
[SAMPLE QUEUE FULL]
[SAMPLE QUEUE FULL]
[SAMPLE QUEUE FULL]
[SAMPLE QUEUE FULL]
[SAMPLE QUEUE FULL]
[SAMPLE QUEUE FULL]
[SEU] addr=2000319B bit=00000007
[SAMPLE QUEUE FULL]
[SAMPLE QUEUE FULL]
[SAMPLE QUEUE FULL]
[SEU] addr=200031A0 bit=00000007
[SAMPLE QUEUE FULL]
[SAMPLE QUEUE FULL]
[SAMPLE QUEUE FULL]
[SAMPLE QUEUE FULL]
[SEU] addr=200031B9 bit=00000002
[SAMPLE QUEUE FULL]
[SAMPLE QUEUE FULL]
[SAMPLE QUEUE FULL]
[SAMPLE QUEUE FULL]
[SAMPLE QUEUE FULL]
[SAMPLE QUEUE FULL]
[SEU] addr=2000316F bit=00000000
[SAMPLE QUEUE FULL]
[SAMPLE QUEUE FULL]
[SAMPLE QUEUE FULL]
[SEU] addr=20003168 bit=00000002
[SAMPLE QUEUE FULL]
[SEU] addr=2000319B bit=00000002
[SAMPLE QUEUE FULL]
[SAMPLE QUEUE FULL]
[SAMPLE QUEUE FULL]
[SAMPLE QUEUE FULL]
[SAMPLE QUEUE FULL]
[SAMPLE QUEUE FULL]
[SAMPLE QUEUE FULL]
[SEU] addr=200031BD bit=00000004
[SAMPLE QUEUE FULL]
[SAMPLE QUEUE FULL]
[SAMPLE QUEUE FULL]
[SAMPLE QUEUE FULL]
[SAMPLE QUEUE FULL]
[SAMPLE QUEUE FULL]
[SAMPLE QUEUE FULL]
[SEU] addr=20003167 bit=00000003
[SAMPLE QUEUE FULL]
[SEU] addr=2000314C bit=00000006
[SAMPLE QUEUE FULL]
[SAMPLE QUEUE FULL]
[SAMPLE QUEUE FULL]
[SAMPLE QUEUE FULL]
[SAMPLE QUEUE FULL]
[SEU] addr=20003145 bit=00000004
[SAMPLE QUEUE FULL]
[SAMPLE QUEUE FULL]
[SAMPLE QUEUE FULL]
[SAMPLE QUEUE FULL]
[SAMPLE QUEUE FULL]
[SAMPLE QUEUE FULL]
[SAMPLE QUEUE FULL]
[SAMPLE QUEUE FULL]
[SAMPLE QUEUE FULL]
[SAMPLE QUEUE FULL]
[SEU] addr=20003192 bit=00000006
[SAMPLE QUEUE FULL]
[SAMPLE QUEUE FULL]
[SAMPLE QUEUE FULL]
[SAMPLE QUEUE FULL]
[SAMPLE QUEUE FULL]
[SAMPLE QUEUE FULL]
[SEU] addr=200031B9 bit=00000003
[SAMPLE QUEUE FULL]
[SAMPLE QUEUE FULL]
[SAMPLE QUEUE FULL]
[SAMPLE QUEUE FULL]
[SAMPLE QUEUE FULL]
[SAMPLE QUEUE FULL]
[SAMPLE QUEUE FULL]
[SEU] addr=20003189 bit=00000000
[SAMPLE QUEUE FULL]
[SAMPLE QUEUE FULL]
[SAMPLE QUEUE FULL]
[SEU] addr=20003149 bit=00000004
[SAMPLE QUEUE FULL]
[SAMPLE QUEUE FULL]
[SAMPLE QUEUE FULL]
[SAMPLE QUEUE FULL]
[SAMPLE QUEUE FULL]
[SAMPLE QUEUE FULL]
[SAMPLE QUEUE FULL]
[SEU] addr=20003198 bit=00000005
[SAMPLE QUEUE FULL]
[SAMPLE QUEUE FULL]
[SAMPLE QUEUE FULL]
[SAMPLE QUEUE FULL]
[SEU] addr=20003144 bit=00000007
[SAMPLE QUEUE FULL]
[SAMPLE QUEUE FULL]
[SAMPLE QUEUE FULL]
[SAMPLE QUEUE FULL]
[SAMPLE QUEUE FULL]
[SAMPLE QUEUE FULL]
[SAMPLE QUEUE FULL]
[SAMPLE QUEUE FULL]
[SAMPLE QUEUE FULL]
[SAMPLE QUEUE FULL]
[SEU] addr=200031B1 bit=00000005
[SAMPLE QUEUE FULL]
[SAMPLE QUEUE FULL]
[SEU] addr=200031A9 bit=00000007
[SAMPLE QUEUE FULL]
[SEU] addr=20003148 bit=00000001
[SAMPLE QUEUE FULL]
[SAMPLE QUEUE FULL]
[SAMPLE QUEUE FULL]
[SAMPLE QUEUE FULL]
[SAMPLE QUEUE FULL]
[SEU] addr=20003145 bit=00000007
[SAMPLE QUEUE FULL]
[SAMPLE QUEUE FULL]
[SAMPLE QUEUE FULL]
[SAMPLE QUEUE FULL]
[SAMPLE QUEUE FULL]
[SAMPLE QUEUE FULL]
[SAMPLE QUEUE FULL]
[SAMPLE QUEUE FULL]
[SEU] addr=200031A2 bit=00000002
[SAMPLE QUEUE FULL]
[SAMPLE QUEUE FULL]
[SAMPLE QUEUE FULL]
[SAMPLE QUEUE FULL]
[SAMPLE QUEUE FULL]
[SAMPLE QUEUE FULL]
[SAMPLE QUEUE FULL]
[SEU] addr=20003144 bit=00000003
[SAMPLE QUEUE FULL]
[SAMPLE QUEUE FULL]
[SAMPLE QUEUE FULL]
[SAMPLE QUEUE FULL]
[SAMPLE QUEUE FULL]
[SAMPLE QUEUE FULL]
[SEU] addr=2000318D bit=00000003
[SAMPLE QUEUE FULL]
[SAMPLE QUEUE FULL]
[SAMPLE QUEUE FULL]
[SEU] addr=20003198 bit=00000001
[SAMPLE QUEUE FULL]
[SAMPLE QUEUE FULL]
[SAMPLE QUEUE FULL]
[SEU] addr=20003154 bit=00000006
[SAMPLE QUEUE FULL]
[SAMPLE QUEUE FULL]
[SAMPLE QUEUE FULL]
[SAMPLE QUEUE FULL]
[SEU] addr=200031B8 bit=00000004
[SAMPLE QUEUE FULL]
[SAMPLE QUEUE FULL]
[SAMPLE QUEUE FULL]
[SAMPLE QUEUE FULL]
[SAMPLE QUEUE FULL]
[SAMPLE QUEUE FULL]
[SEU] addr=200031B7 bit=00000006
[SAMPLE QUEUE FULL]
[SAMPLE QUEUE FULL]
[SAMPLE QUEUE FULL]
[SAMPLE QUEUE FULL]
[SAMPLE QUEUE FULL]
[SAMPLE QUEUE FULL]
[SAMPLE QUEUE FULL]
[SAMPLE QUEUE FULL]
[SEU] addr=200031A3 bit=00000001
[SAMPLE QUEUE FULL]
[SAMPLE QUEUE FULL]
[SEU] addr=20003145 bit=00000000
[SAMPLE QUEUE FULL]
[SAMPLE QUEUE FULL]
[SEU] addr=20003182 bit=00000007
[SAMPLE QUEUE FULL]
[SAMPLE QUEUE FULL]
[SAMPLE QUEUE FULL]
[SAMPLE QUEUE FULL]
[SAMPLE QUEUE FULL]
[SAMPLE QUEUE FULL]
[SEU] addr=20003191 bit=00000006
[SAMPLE QUEUE FULL]
[SAMPLE QUEUE FULL]
[SEU] addr=200031A8 bit=00000005
[SAMPLE QUEUE FULL]
[SAMPLE QUEUE FULL]
[SAMPLE QUEUE FULL]
[SAMPLE QUEUE FULL]
[SAMPLE QUEUE FULL]
[SAMPLE QUEUE FULL]
[SAMPLE QUEUE FULL]
[SAMPLE QUEUE FULL]
[SEU] addr=20003175 bit=00000001
[SAMPLE QUEUE FULL]
[SAMPLE QUEUE FULL]
[SAMPLE QUEUE FULL]
[SAMPLE QUEUE FULL]
[SEU] addr=20003144 bit=00000005
[SAMPLE QUEUE FULL]
[SAMPLE QUEUE FULL]
[SEU] addr=200031B9 bit=00000000
[SAMPLE QUEUE FULL]
[SAMPLE QUEUE FULL]
[SAMPLE QUEUE FULL]
[SAMPLE QUEUE FULL]
[SAMPLE QUEUE FULL]
[SEU] addr=200031B4 bit=00000003
[END]
samples=10000
SEUs=1815
good samples=5
errors=0
samples omitted=0
max_error=0x00000000
propagations=0
detected_errors=0
tmr_corrections=0
dmr_corrections=0
crc detections=0
clamp_activations=0
rate limit activations=0
[HARDFAULT]
