START
SEED=09322003
[SEU] addr=200031A2 bit=00000000
[SEU] addr=20003192 bit=00000006
[ERR] seq=11 err=33554432
[ERR] seq=12 err=2684352
[ERR] seq=13 err=2899096
[ERR] seq=14 err=446664
[ERR] seq=15 err=267648
[ERR] seq=16 err=57136
[SEU] addr=200031A9 bit=00000004
[ERR] seq=17 err=25976
[ERR] seq=18 err=6640
[ERR] seq=19 err=2600
[ERR] seq=20 err=736
[ERR] seq=21 err=264
[SEU] addr=20003145 bit=00000002
[SAMPLE QUEUE CORRUPTED] primary repaired
[ERR] seq=22 err=72
[ERR] seq=23 err=16
[SEU] addr=20003195 bit=00000004
[SEU] addr=2000317F bit=00000007
[SEU] addr=200031DF bit=00000002
[SEU] addr=20003181 bit=00000003
[SEU] addr=200031A5 bit=00000002
[SEU] addr=20003145 bit=00000001
[SAMPLE QUEUE CORRUPTED] primary repaired
[SEU] addr=20003190 bit=00000002
[ERR] seq=55 err=32
[SEU] addr=20003180 bit=00000003
[SEU] addr=200031B2 bit=00000004
[SEU] addr=200031C1 bit=00000006
[SEU] addr=200031D0 bit=00000001
[SEU] addr=200031DA bit=00000000
[SEU] addr=200031A2 bit=00000005
[SEU] addr=2000315B bit=00000000
[SEU] addr=20003187 bit=00000005
[ERR] seq=100 err=1656
[ERR] seq=101 err=120
[ERR] seq=102 err=120
[SEU] addr=20003160 bit=00000006
[CMD QUEUE backup CORRUPTED] backup repaired
[SEU] addr=200031D3 bit=00000000
[SEU] addr=200031B7 bit=00000002
[SEU] addr=2000315B bit=00000003
[SEU] addr=200031AD bit=00000005
[SEU] addr=200031DA bit=00000004
[SEU] addr=200031A2 bit=00000006
[SEU] addr=20003175 bit=00000007
[SEU] addr=20003165 bit=00000006
[SEU] addr=200031BB bit=00000002
[SEU] addr=20003167 bit=00000006
[SEU] addr=200031AA bit=00000004
[SEU] addr=2000316E bit=00000007
[SEU] addr=20003161 bit=00000005
[SEU] addr=20003183 bit=00000004
[SEU] addr=2000317D bit=00000001
[SEU] addr=20003185 bit=00000000
[ERR] seq=208 err=10576
[ERR] seq=209 err=832
[SEU] addr=200031A6 bit=00000006
[ERR] seq=210 err=880
[ERR] seq=211 err=104
[ERR] seq=212 err=56
[SEU] addr=200031C3 bit=00000001
[SEU] addr=20003185 bit=00000003
[ERR] seq=227 err=10288
[ERR] seq=228 err=816
[ERR] seq=229 err=872
[ERR] seq=230 err=112
[ERR] seq=231 err=56
[SEU] addr=2000316E bit=00000003
[SEU] addr=200031BD bit=00000001
[SEU] addr=20003149 bit=00000005
[SEU] addr=20003166 bit=00000002
[SEU] addr=200031AD bit=00000001
[SEU] addr=20003158 bit=00000000
[CMD QUEUE CORRUPTED] primary repaired
[SEU] addr=20003177 bit=00000007
[SEU] addr=2000317C bit=00000003
[SEU] addr=2000319B bit=00000006
[SEU] addr=20003197 bit=00000005
[SEU] addr=20003195 bit=00000006
[SEU] addr=20003168 bit=00000005
[SEU] addr=2000317E bit=00000000
[SEU] addr=2000316D bit=00000000
[SEU] addr=2000318D bit=00000001
[ERR] seq=309 err=4096
[ERR] seq=310 err=320
[ERR] seq=311 err=344
[ERR] seq=312 err=48
[ERR] seq=313 err=24
[SEU] addr=200031B9 bit=00000001
[SEU] addr=2000316B bit=00000000
[SEU] addr=20003150 bit=00000000
[SAMPLE QUEUE backup CORRUPTED] backup repaired
[SEU] addr=200031BD bit=00000005
[SEU] addr=200031DF bit=00000004
[SEU] addr=20003144 bit=00000003
[SAMPLE QUEUE CORRUPTED] primary repaired
[SEU] addr=20003175 bit=00000004
[SEU] addr=200031C1 bit=00000000
[SEU] addr=2000318E bit=00000006
[ERR] seq=360 err=33554432
[ERR] seq=361 err=2684352
[ERR] seq=362 err=2899096
[ERR] seq=363 err=446664
[ERR] seq=364 err=267648
[SEU] addr=20003190 bit=00000003
[ERR] seq=365 err=57200
[ERR] seq=366 err=25976
[ERR] seq=367 err=6640
[SEU] addr=20003148 bit=00000001
[SAMPLE QUEUE CORRUPTED] primary repaired
[ERR] seq=368 err=2600
[ERR] seq=369 err=736
[ERR] seq=370 err=264
[SEU] addr=2000314C bit=00000007
[SAMPLE QUEUE backup CORRUPTED] backup repaired
[ERR] seq=371 err=72
[ERR] seq=372 err=16
[SEU] addr=20003153 bit=00000006
[SEU] addr=200031D6 bit=00000004
[SEU] addr=2000317B bit=00000000
[SEU] addr=200031B3 bit=00000006
[SEU] addr=20003174 bit=00000002
[SEU] addr=20003161 bit=00000001
[SEU] addr=2000315D bit=00000001
[CMD QUEUE backup CORRUPTED] backup repaired
[SEU] addr=20003150 bit=00000005
[SAMPLE QUEUE backup CORRUPTED] backup repaired
[SEU] addr=2000316E bit=00000001
[SEU] addr=20003154 bit=00000003
[CMD QUEUE CORRUPTED] primary repaired
[SEU] addr=200031C7 bit=00000007
[SEU] addr=2000316A bit=00000002
[SEU] addr=20003168 bit=00000000
[SEU] addr=2000316F bit=00000000
[SEU] addr=20003190 bit=00000007
[ERR] seq=428 err=1024
[ERR] seq=429 err=80
[ERR] seq=430 err=80
[SEU] addr=200031AE bit=00000000
[SEU] addr=20003175 bit=00000006
[SEU] addr=20003155 bit=00000000
[CMD QUEUE CORRUPTED] primary repaired
[SEU] addr=200031D5 bit=00000002
[SEU] addr=20003155 bit=00000001
[CMD QUEUE CORRUPTED] primary repaired
[SEU] addr=2000319E bit=00000005
[SEU] addr=200031CB bit=00000005
[SEU] addr=200031A5 bit=00000004
[SEU] addr=20003172 bit=00000000
[SEU] addr=2000319D bit=00000007
[SEU] addr=20003156 bit=00000005
[CMD QUEUE CORRUPTED] primary repaired
[SEU] addr=200031BE bit=00000003
[SEU] addr=20003197 bit=00000006
[SEU] addr=200031D7 bit=00000004
[SEU] addr=200031D6 bit=00000006
[SEU] addr=20003192 bit=00000002
[ERR] seq=525 err=2097152
[ERR] seq=526 err=167768
[ERR] seq=527 err=181184
[ERR] seq=528 err=27904
[ERR] seq=529 err=16720
[ERR] seq=530 err=3568
[SEU] addr=200031CE bit=00000007
[ERR] seq=531 err=1616
[ERR] seq=532 err=408
[ERR] seq=533 err=160
[ERR] seq=534 err=40
[ERR] seq=535 err=8
[SEU] addr=2000317C bit=00000006
[SEU] addr=20003178 bit=00000005
[SEU] addr=20003159 bit=00000002
[SEU] addr=200031AB bit=00000000
[SEU] addr=200031AF bit=00000002
[SEU] addr=2000315E bit=00000004
[CMD QUEUE backup CORRUPTED] backup repaired
[SEU] addr=20003158 bit=00000006
[CMD QUEUE CORRUPTED] primary repaired
[SEU] addr=200031B4 bit=00000003
[SEU] addr=20003194 bit=00000006
[SEU] addr=2000319C bit=00000007
[SEU] addr=200031B6 bit=00000003
[SEU] addr=20003167 bit=00000004
[SEU] addr=20003155 bit=00000002
[CMD QUEUE CORRUPTED] primary repaired
[SEU] addr=2000315B bit=00000006
[SEU] addr=200031C4 bit=00000002
[SEU] addr=2000318A bit=00000004
[ERR] seq=619 err=8388608
[ERR] seq=620 err=671088
[ERR] seq=621 err=724768
[ERR] seq=622 err=111656
[ERR] seq=623 err=66904
[SEU] addr=200031C9 bit=00000000
[ERR] seq=624 err=14280
[ERR] seq=625 err=6488
[ERR] seq=626 err=1648
[ERR] seq=627 err=640
[ERR] seq=628 err=176
[ERR] seq=629 err=56
[ERR] seq=630 err=8
[SEU] addr=200031D4 bit=00000001
[SEU] addr=20003181 bit=00000007
[SEU] addr=200031C2 bit=00000003
[SEU] addr=20003175 bit=00000005
[SEU] addr=20003151 bit=00000003
[SEU] addr=200031A5 bit=00000005
[SEU] addr=200031CA bit=00000001
[SEU] addr=20003181 bit=00000003
[SEU] addr=2000317C bit=00000006
[SEU] addr=200031A3 bit=00000003
[SEU] addr=20003145 bit=00000000
[SAMPLE QUEUE CORRUPTED] primary repaired
[SEU] addr=200031D0 bit=00000001
[SEU] addr=20003180 bit=00000001
[SEU] addr=20003177 bit=00000000
[SEU] addr=20003178 bit=00000003
[SEU] addr=2000318C bit=00000007
[ERR] seq=735 err=1024
[ERR] seq=736 err=80
[ERR] seq=737 err=80
[SEU] addr=2000319C bit=00000000
[SEU] addr=20003193 bit=00000001
[ERR] seq=747 err=268435456
[ERR] seq=748 err=21474832
[ERR] seq=749 err=23192816
[ERR] seq=750 err=3573408
[ERR] seq=751 err=2141296
[ERR] seq=752 err=457168
[SEU] addr=20003170 bit=00000003
[ERR] seq=753 err=207864
[ERR] seq=754 err=53192
[ERR] seq=755 err=20872
[ERR] seq=756 err=5912
[ERR] seq=757 err=2136
[ERR] seq=758 err=640
[ERR] seq=759 err=216
[ERR] seq=760 err=64
[ERR] seq=761 err=16
[SEU] addr=200031C9 bit=00000004
[SEU] addr=20003151 bit=00000007
[SEU] addr=2000314F bit=00000004
[SAMPLE QUEUE backup CORRUPTED] backup repaired
[SEU] addr=20003197 bit=00000001
[SEU] addr=2000318C bit=00000003
[ERR] seq=782 err=64
[SEU] addr=200031D5 bit=00000003
[SEU] addr=200031BF bit=00000005
[SEU] addr=200031DA bit=00000000
[SEU] addr=200031CE bit=00000005
[SEU] addr=200031CD bit=00000005
[SEU] addr=20003146 bit=00000002
[SAMPLE QUEUE CORRUPTED] primary repaired
[SEU] addr=200031DA bit=00000007
[SEU] addr=20003150 bit=00000006
[SAMPLE QUEUE backup CORRUPTED] backup repaired
[SEU] addr=20003190 bit=00000006
[ERR] seq=820 err=512
[ERR] seq=821 err=40
[ERR] seq=822 err=40
[SEU] addr=20003151 bit=00000003
[SEU] addr=20003147 bit=00000007
[SAMPLE QUEUE CORRUPTED] primary repaired
[SEU] addr=2000316E bit=00000002
[SEU] addr=20003150 bit=00000006
[SAMPLE QUEUE backup CORRUPTED] backup repaired
[SEU] addr=20003152 bit=00000000
[SEU] addr=200031BE bit=00000006
[SEU] addr=200031BA bit=00000003
[SEU] addr=20003173 bit=00000001
[SEU] addr=2000318C bit=00000003
[ERR] seq=872 err=64
[SEU] addr=200031CC bit=00000001
[SEU] addr=20003165 bit=00000004
[SEU] addr=200031D8 bit=00000001
[SEU] addr=200031B1 bit=00000004
[SEU] addr=20003165 bit=00000002
[SEU] addr=200031BC bit=00000001
[SEU] addr=200031BB bit=00000002
[SEU] addr=200031A1 bit=00000003
[SEU] addr=20003145 bit=00000005
[SAMPLE QUEUE CORRUPTED] primary repaired
[SEU] addr=2000318A bit=00000006
[ERR] seq=925 err=33554432
[ERR] seq=926 err=2684352
[ERR] seq=927 err=2899096
[ERR] seq=928 err=446664
[SEU] addr=20003192 bit=00000001
[ERR] seq=929 err=1316224
[ERR] seq=930 err=141016
[ERR] seq=931 err=116560
[ERR] seq=932 err=20584
[ERR] seq=933 err=10952
[ERR] seq=934 err=2512
[ERR] seq=935 err=1064
[SEU] addr=2000319E bit=00000000
[ERR] seq=936 err=272
[ERR] seq=937 err=96
[ERR] seq=938 err=16
[SEU] addr=200031C4 bit=00000000
[SEU] addr=20003156 bit=00000004
[CMD QUEUE CORRUPTED] primary repaired
[SEU] addr=200031D3 bit=00000006
[SEU] addr=20003181 bit=00000002
[SEU] addr=200031A9 bit=00000004
[SEU] addr=2000317C bit=00000004
[SEU] addr=2000318A bit=00000006
[ERR] seq=981 err=33554432
[ERR] seq=982 err=2684352
[ERR] seq=983 err=2899096
[ERR] seq=984 err=446664
[ERR] seq=985 err=267648
[ERR] seq=986 err=57136
[SEU] addr=200031C2 bit=00000007
[ERR] seq=987 err=25976
[ERR] seq=988 err=6640
[ERR] seq=989 err=2600
[ERR] seq=990 err=736
[ERR] seq=991 err=264
[ERR] seq=992 err=72
[ERR] seq=993 err=16
[SEU] addr=200031BE bit=00000000
[SEU] addr=20003146 bit=00000000
[SAMPLE QUEUE CORRUPTED] primary repaired
[SEU] addr=200031D4 bit=00000003
[SEU] addr=200031B8 bit=00000004
[SEU] addr=2000316C bit=00000000
[SEU] addr=200031B3 bit=00000005
[SEU] addr=200031A2 bit=00000004
[SEU] addr=200031CF bit=00000004
[SEU] addr=20003164 bit=00000006
[SEU] addr=200031B4 bit=00000005
[SEU] addr=20003193 bit=00000005
[SEU] addr=200031AE bit=00000002
[SEU] addr=2000318D bit=00000005
[ERR] seq=1070 err=65536
[ERR] seq=1071 err=5240
[ERR] seq=1072 err=5656
[ERR] seq=1073 err=864
[ERR] seq=1074 err=512
[ERR] seq=1075 err=104
[ERR] seq=1076 err=48
[ERR] seq=1077 err=8
[SEU] addr=20003188 bit=00000000
[ERR] seq=1080 err=8
[SEU] addr=200031AF bit=00000000
[SEU] addr=2000318A bit=00000002
[ERR] seq=1089 err=2097152
[ERR] seq=1090 err=167768
[ERR] seq=1091 err=181184
[ERR] seq=1092 err=27904
[ERR] seq=1093 err=16720
[ERR] seq=1094 err=3568
[ERR] seq=1095 err=1616
[ERR] seq=1096 err=408
[ERR] seq=1097 err=160
[SEU] addr=20003165 bit=00000005
[ERR] seq=1098 err=40
[ERR] seq=1099 err=8
[SEU] addr=2000319B bit=00000004
[SEU] addr=2000315B bit=00000003
[SEU] addr=200031AB bit=00000006
[SEU] addr=200031D9 bit=00000005
[SEU] addr=20003192 bit=00000002
[ERR] seq=1128 err=2097152
[ERR] seq=1129 err=167768
[ERR] seq=1130 err=181184
[SEU] addr=200031C3 bit=00000002
[ERR] seq=1131 err=27904
[ERR] seq=1132 err=16720
[ERR] seq=1133 err=3568
[ERR] seq=1134 err=1616
[ERR] seq=1135 err=408
[ERR] seq=1136 err=160
[ERR] seq=1137 err=40
[ERR] seq=1138 err=8
[SEU] addr=200031D4 bit=00000000
[SEU] addr=2000316E bit=00000006
[SEU] addr=2000315B bit=00000001
[SEU] addr=20003147 bit=00000003
[SAMPLE QUEUE CORRUPTED] primary repaired
[SEU] addr=20003147 bit=00000006
[SAMPLE QUEUE CORRUPTED] primary repaired
[SEU] addr=20003195 bit=00000004
[SEU] addr=20003160 bit=00000000
[CMD QUEUE backup CORRUPTED] backup repaired
[SEU] addr=20003198 bit=00000000
[SEU] addr=20003150 bit=00000007
[SAMPLE QUEUE backup CORRUPTED] backup repaired
[SEU] addr=2000314E bit=00000004
[SAMPLE QUEUE backup CORRUPTED] backup repaired
[SEU] addr=200031CD bit=00000004
[SEU] addr=200031C3 bit=00000007
[SEU] addr=200031B4 bit=00000002
[SEU] addr=200031A3 bit=00000004
[SEU] addr=200031AD bit=00000006
[SEU] addr=200031DE bit=00000005
[SEU] addr=20003196 bit=00000004
[SEU] addr=20003193 bit=00000000
[ERR] seq=1237 err=134217728
[ERR] seq=1238 err=10737416
[ERR] seq=1239 err=11596408
[ERR] seq=1240 err=1786704
[SEU] addr=2000315C bit=00000004
[CMD QUEUE backup CORRUPTED] backup repaired
[ERR] seq=1241 err=1070648
[ERR] seq=1242 err=228584
[ERR] seq=1243 err=103928
[ERR] seq=1244 err=26592
[ERR] seq=1245 err=10432
[ERR] seq=1246 err=2952
[SEU] addr=200031B0 bit=00000003
[ERR] seq=1247 err=1064
[ERR] seq=1248 err=312
[SEU] addr=200031D8 bit=00000000
[ERR] seq=1249 err=104
[ERR] seq=1250 err=32
[ERR] seq=1251 err=8
[SEU] addr=20003190 bit=00000001
[ERR] seq=1258 err=16
[SEU] addr=200031A8 bit=00000003
[SEU] addr=2000314D bit=00000001
[SAMPLE QUEUE backup CORRUPTED] backup repaired
[SEU] addr=200031D1 bit=00000000
[SEU] addr=20003151 bit=00000000
[SEU] addr=2000319C bit=00000003
[SEU] addr=20003195 bit=00000001
[SEU] addr=200031BE bit=00000000
[SEU] addr=200031B3 bit=00000002
[SEU] addr=2000314B bit=00000002
[SEU] addr=2000317A bit=00000000
[SEU] addr=20003163 bit=00000002
[SEU] addr=2000317C bit=00000005
[SEU] addr=2000317C bit=00000000
[SEU] addr=2000316F bit=00000000
[SEU] addr=20003164 bit=00000000
[SEU] addr=20003147 bit=00000000
[SAMPLE QUEUE CORRUPTED] primary repaired
[SEU] addr=200031DB bit=00000003
[SEU] addr=200031AB bit=00000007
[SEU] addr=200031A3 bit=00000002
[SEU] addr=200031C7 bit=00000006
[SEU] addr=200031A4 bit=00000007
[SEU] addr=20003188 bit=00000003
[ERR] seq=1390 err=64
[SEU] addr=20003164 bit=00000001
[SEU] addr=200031B5 bit=00000004
[SEU] addr=2000315E bit=00000002
[CMD QUEUE backup CORRUPTED] backup repaired
[SEU] addr=200031CC bit=00000002
[SEU] addr=200031A8 bit=00000005
[SEU] addr=20003156 bit=00000005
[CMD QUEUE CORRUPTED] primary repaired
[SEU] addr=20003198 bit=00000004
[SEU] addr=20003197 bit=00000003
[SEU] addr=2000319C bit=00000004
[SEU] addr=200031B6 bit=00000001
[SEU] addr=200031D4 bit=00000003
[SEU] addr=200031A6 bit=00000005
[SEU] addr=20003157 bit=00000005
[CMD QUEUE CORRUPTED] primary repaired
[SEU] addr=2000318E bit=00000002
[ERR] seq=1462 err=2097152
[ERR] seq=1463 err=167768
[ERR] seq=1464 err=181184
[ERR] seq=1465 err=27904
[ERR] seq=1466 err=16720
[ERR] seq=1467 err=3568
[ERR] seq=1468 err=1616
[ERR] seq=1469 err=408
[ERR] seq=1470 err=160
[SEU] addr=200031AB bit=00000001
[ERR] seq=1471 err=40
[ERR] seq=1472 err=8
[SEU] addr=20003161 bit=00000003
[SEU] addr=20003146 bit=00000000
[SAMPLE QUEUE CORRUPTED] primary repaired
[SEU] addr=2000315E bit=00000005
[CMD QUEUE backup CORRUPTED] backup repaired
[SEU] addr=20003163 bit=00000002
[SEU] addr=200031D9 bit=00000006
[SEU] addr=20003164 bit=00000004
[SEU] addr=20003173 bit=00000000
[SEU] addr=200031A1 bit=00000004
[SEU] addr=2000316E bit=00000007
[SEU] addr=20003195 bit=00000003
[SEU] addr=200031D4 bit=00000006
[SEU] addr=20003153 bit=00000000
[SEU] addr=2000318F bit=00000002
[ERR] seq=1551 err=536870912
[ERR] seq=1552 err=42949672
[ERR] seq=1553 err=46385640
[ERR] seq=1554 err=7146816
[ERR] seq=1555 err=4282592
[ERR] seq=1556 err=914344
[SEU] addr=200031C1 bit=00000003
[ERR] seq=1557 err=415744
[ERR] seq=1558 err=106400
[ERR] seq=1559 err=41768
[ERR] seq=1560 err=11848
[ERR] seq=1561 err=4280
[ERR] seq=1562 err=1280
[SEU] addr=20003198 bit=00000001
[ERR] seq=1563 err=432
[ERR] seq=1564 err=128
[ERR] seq=1565 err=40
[ERR] seq=1566 err=8
[SEU] addr=2000315C bit=00000002
[CMD QUEUE backup CORRUPTED] backup repaired
[SEU] addr=200031BE bit=00000004
[SEU] addr=200031AF bit=00000007
[SEU] addr=200031B0 bit=00000007
[SEU] addr=200031B9 bit=00000006
[SEU] addr=20003168 bit=00000005
[SEU] addr=20003183 bit=00000007
[SEU] addr=2000316F bit=00000003
[SEU] addr=20003181 bit=00000006
[SEU] addr=20003173 bit=00000002
[SEU] addr=200031DE bit=00000007
[SEU] addr=2000314F bit=00000002
[SAMPLE QUEUE backup CORRUPTED] backup repaired
[SEU] addr=20003180 bit=00000001
[SEU] addr=20003161 bit=00000007
[SEU] addr=200031B9 bit=00000002
[SEU] addr=2000317E bit=00000006
[SEU] addr=200031D4 bit=00000003
[SEU] addr=2000317D bit=00000003
[SEU] addr=20003155 bit=00000003
[CMD QUEUE CORRUPTED] primary repaired
[SEU] addr=200031BF bit=00000002
[SEU] addr=2000316F bit=00000000
[SEU] addr=200031CE bit=00000002
[SEU] addr=200031BB bit=00000006
[SEU] addr=2000317E bit=00000006
[SEU] addr=20003193 bit=00000000
[ERR] seq=1717 err=134217728
[ERR] seq=1718 err=10737416
[ERR] seq=1719 err=11596408
[SEU] addr=200031B2 bit=00000006
[ERR] seq=1720 err=1786704
[ERR] seq=1721 err=1070648
[ERR] seq=1722 err=228584
[ERR] seq=1723 err=103928
[SEU] addr=2000318F bit=00000001
[ERR] seq=1724 err=268462048
[SEU] addr=200031DF bit=00000002
[ERR] seq=1725 err=21485264
[ERR] seq=1726 err=23195768
[ERR] seq=1727 err=3574472
[ERR] seq=1728 err=2141608
[ERR] seq=1729 err=457272
[ERR] seq=1730 err=207896
[SEU] addr=2000319B bit=00000000
[ERR] seq=1731 err=53200
[ERR] seq=1732 err=20872
[ERR] seq=1733 err=5912
[ERR] seq=1734 err=2136
[SEU] addr=20003179 bit=00000004
[ERR] seq=1735 err=640
[ERR] seq=1736 err=216
[ERR] seq=1737 err=64
[SEU] addr=20003191 bit=00000001
[ERR] seq=1738 err=4112
[ERR] seq=1739 err=320
[SEU] addr=20003169 bit=00000006
[ERR] seq=1740 err=344
[ERR] seq=1741 err=48
[SEU] addr=200031DE bit=00000000
[ERR] seq=1742 err=24
[SEU] addr=200031C7 bit=00000003
[SEU] addr=20003178 bit=00000005
[SEU] addr=200031C7 bit=00000000
[SEU] addr=200031D9 bit=00000000
[SEU] addr=200031BB bit=00000005
[SEU] addr=200031A9 bit=00000005
[SEU] addr=20003193 bit=00000007
[SEU] addr=20003182 bit=00000005
[SEU] addr=200031AE bit=00000006
[SEU] addr=20003188 bit=00000003
[ERR] seq=1804 err=64
[SEU] addr=20003175 bit=00000007
[SEU] addr=20003164 bit=00000005
[SEU] addr=20003173 bit=00000003
[SEU] addr=20003154 bit=00000002
[CMD QUEUE CORRUPTED] primary repaired
[SEU] addr=200031CF bit=00000006
[SEU] addr=20003184 bit=00000003
[ERR] seq=1837 err=960
[ERR] seq=1838 err=64
[ERR] seq=1839 err=64
[SEU] addr=2000315B bit=00000002
[SEU] addr=20003186 bit=00000002
[ERR] seq=1844 err=1344
[SEU] addr=20003171 bit=00000000
[ERR] seq=1845 err=96
[ERR] seq=1846 err=96
[SEU] addr=200031C7 bit=00000005
[SEU] addr=200031AD bit=00000002
[SEU] addr=2000318F bit=00000001
[ERR] seq=1864 err=268435456
[ERR] seq=1865 err=21474832
[ERR] seq=1866 err=23192816
[SEU] addr=20003186 bit=00000002
[ERR] seq=1867 err=3574832
[ERR] seq=1868 err=2141392
[ERR] seq=1869 err=457272
[ERR] seq=1870 err=207880
[ERR] seq=1871 err=53200
[ERR] seq=1872 err=20880
[ERR] seq=1873 err=5920
[ERR] seq=1874 err=2136
[ERR] seq=1875 err=640
[SEU] addr=2000315C bit=00000002
[CMD QUEUE backup CORRUPTED] backup repaired
[ERR] seq=1876 err=216
[ERR] seq=1877 err=64
[ERR] seq=1878 err=16
[SEU] addr=200031D0 bit=00000005
[SEU] addr=20003153 bit=00000005
[SEU] addr=200031A6 bit=00000003
[SEU] addr=2000319E bit=00000007
[SEU] addr=2000316E bit=00000007
[SEU] addr=20003153 bit=00000004
[SEU] addr=20003175 bit=00000006
[SEU] addr=200031B3 bit=00000005
[SEU] addr=200031C0 bit=00000007
[SEU] addr=20003158 bit=00000006
[CMD QUEUE CORRUPTED] primary repaired
[SEU] addr=200031D7 bit=00000005
[SEU] addr=200031A3 bit=00000000
[SEU] addr=200031AC bit=00000000
[SEU] addr=200031BB bit=00000002
[SEU] addr=20003183 bit=00000007
[SEU] addr=200031C3 bit=00000006
[SEU] addr=20003196 bit=00000005
[SEU] addr=200031AD bit=00000006
[SEU] addr=2000314C bit=00000003
[SAMPLE QUEUE backup CORRUPTED] backup repaired
[SEU] addr=200031C6 bit=00000006
[SEU] addr=20003180 bit=00000006
[SEU] addr=200031D2 bit=00000007
[SEU] addr=20003172 bit=00000001
[SEU] addr=200031AA bit=00000002
[SEU] addr=200031BC bit=00000006
[SEU] addr=200031BA bit=00000006
[SEU] addr=200031B5 bit=00000005
[SEU] addr=20003165 bit=00000005
[SEU] addr=200031D6 bit=00000002
[SEU] addr=20003148 bit=00000007
[SAMPLE QUEUE CORRUPTED] primary repaired
[SEU] addr=200031DC bit=00000004
[SEU] addr=20003162 bit=00000004
[SEU] addr=2000319A bit=00000003
[SEU] addr=200031C4 bit=00000002
[SEU] addr=200031A6 bit=00000005
[SEU] addr=200031A9 bit=00000002
[SEU] addr=200031D1 bit=00000000
[SEU] addr=200031C4 bit=00000001
[SEU] addr=20003169 bit=00000005
[SEU] addr=200031A2 bit=00000002
[SEU] addr=200031DD bit=00000002
[SEU] addr=200031AE bit=00000005
[SEU] addr=200031D1 bit=00000003
[SEU] addr=200031C7 bit=00000006
[SEU] addr=200031C6 bit=00000000
[SEU] addr=2000316C bit=00000001
[SEU] addr=200031A7 bit=00000001
[SEU] addr=200031D8 bit=00000001
[SEU] addr=2000318D bit=00000005
[ERR] seq=2124 err=65536
[ERR] seq=2125 err=5240
[ERR] seq=2126 err=5656
[ERR] seq=2127 err=864
[ERR] seq=2128 err=512
[ERR] seq=2129 err=104
[ERR] seq=2130 err=48
[ERR] seq=2131 err=8
[SEU] addr=20003177 bit=00000005
[SEU] addr=200031B0 bit=00000005
[SEU] addr=200031BC bit=00000003
[SEU] addr=200031AC bit=00000006
[SEU] addr=200031CF bit=00000003
[SEU] addr=200031BB bit=00000002
[SEU] addr=20003146 bit=00000001
[SAMPLE QUEUE CORRUPTED] primary repaired
[SEU] addr=20003185 bit=00000002
[ERR] seq=2175 err=6864
[ERR] seq=2176 err=536
[ERR] seq=2177 err=560
[ERR] seq=2178 err=56
[ERR] seq=2179 err=32
[SEU] addr=200031A7 bit=00000004
[SEU] addr=20003159 bit=00000005
[SEU] addr=20003160 bit=00000002
[CMD QUEUE backup CORRUPTED] backup repaired
[SEU] addr=200031CB bit=00000003
[SEU] addr=20003156 bit=00000005
[CMD QUEUE CORRUPTED] primary repaired
[SEU] addr=200031C2 bit=00000001
[SEU] addr=200031BC bit=00000005
[SEU] addr=2000319C bit=00000002
[SEU] addr=20003186 bit=00000003
[ERR] seq=2227 err=7672
[ERR] seq=2228 err=592
[ERR] seq=2229 err=632
[ERR] seq=2230 err=80
[ERR] seq=2231 err=40
[SEU] addr=2000319C bit=00000003
[SEU] addr=2000317F bit=00000007
[SEU] addr=2000315F bit=00000004
[CMD QUEUE backup CORRUPTED] backup repaired
[SEU] addr=2000314B bit=00000006
[SEU] addr=20003155 bit=00000003
[CMD QUEUE CORRUPTED] primary repaired
[SEU] addr=20003160 bit=00000006
[CMD QUEUE backup CORRUPTED] backup repaired
[SEU] addr=200031A4 bit=00000007
[SEU] addr=20003171 bit=00000007
[SEU] addr=200031DF bit=00000006
[SEU] addr=20003198 bit=00000002
[SEU] addr=2000315E bit=00000001
[CMD QUEUE backup CORRUPTED] backup repaired
[SEU] addr=20003185 bit=00000007
[ERR] seq=2287 err=568
[ERR] seq=2288 err=40
[ERR] seq=2289 err=40
[SEU] addr=20003150 bit=00000003
[SAMPLE QUEUE backup CORRUPTED] backup repaired
[SEU] addr=200031A4 bit=00000005
[SEU] addr=2000319A bit=00000005
[SEU] addr=200031AF bit=00000001
[SEU] addr=20003165 bit=00000006
[SEU] addr=200031D0 bit=00000007
[SEU] addr=2000316A bit=00000005
[SEU] addr=200031AC bit=00000002
[SEU] addr=20003190 bit=00000000
[ERR] seq=2340 err=8
[SEU] addr=20003184 bit=00000006
[ERR] seq=2346 err=4680
[ERR] seq=2347 err=360
[ERR] seq=2348 err=376
[ERR] seq=2349 err=32
[ERR] seq=2350 err=16
[SEU] addr=200031C8 bit=00000000
[SEU] addr=200031A9 bit=00000004
[SEU] addr=20003158 bit=00000005
[CMD QUEUE CORRUPTED] primary repaired
[SEU] addr=200031BF bit=00000007
[SEU] addr=200031C7 bit=00000004
[SEU] addr=2000315D bit=00000001
[CMD QUEUE backup CORRUPTED] backup repaired
[SEU] addr=200031D4 bit=00000004
[SEU] addr=200031DC bit=00000003
[SEU] addr=200031BF bit=00000005
[SEU] addr=200031DB bit=00000006
[SEU] addr=20003169 bit=00000000
[SEU] addr=200031A1 bit=00000002
[SEU] addr=200031BE bit=00000007
[SEU] addr=200031C2 bit=00000001
[SEU] addr=200031C2 bit=00000001
[SEU] addr=2000316F bit=00000004
[SEU] addr=20003150 bit=00000002
[SAMPLE QUEUE backup CORRUPTED] backup repaired
[SEU] addr=2000318B bit=00000002
[ERR] seq=2433 err=536870912
[ERR] seq=2434 err=42949672
[ERR] seq=2435 err=46385640
[ERR] seq=2436 err=7146816
[ERR] seq=2437 err=4282592
[ERR] seq=2438 err=914344
[SEU] addr=200031A5 bit=00000003
[ERR] seq=2439 err=415744
[ERR] seq=2440 err=106400
[ERR] seq=2441 err=41768
[ERR] seq=2442 err=11848
[ERR] seq=2443 err=4280
[ERR] seq=2444 err=1280
[ERR] seq=2445 err=432
[ERR] seq=2446 err=128
[ERR] seq=2447 err=40
[ERR] seq=2448 err=8
[SEU] addr=200031AB bit=00000003
[SEU] addr=2000314E bit=00000000
[SAMPLE QUEUE backup CORRUPTED] backup repaired
[SEU] addr=2000318E bit=00000002
[ERR] seq=2456 err=2097152
[ERR] seq=2457 err=167768
[ERR] seq=2458 err=181184
[ERR] seq=2459 err=27904
[ERR] seq=2460 err=16720
[SEU] addr=2000317A bit=00000007
[ERR] seq=2461 err=3568
[ERR] seq=2462 err=1616
[ERR] seq=2463 err=408
[SEU] addr=200031CB bit=00000007
[ERR] seq=2464 err=160
[ERR] seq=2465 err=40
[ERR] seq=2466 err=8
[SEU] addr=2000319F bit=00000005
[SEU] addr=200031A0 bit=00000005
[SEU] addr=20003181 bit=00000001
[SEU] addr=200031DD bit=00000003
[SEU] addr=200031D7 bit=00000004
[SEU] addr=2000317D bit=00000006
[SEU] addr=200031C4 bit=00000003
[SEU] addr=200031B3 bit=00000004
[SEU] addr=2000314E bit=00000003
[SAMPLE QUEUE backup CORRUPTED] backup repaired
[SEU] addr=20003175 bit=00000004
[SEU] addr=200031BF bit=00000006
[SEU] addr=20003198 bit=00000005
[SEU] addr=20003163 bit=00000001
[SEU] addr=200031D5 bit=00000002
[SEU] addr=20003191 bit=00000004
[ERR] seq=2537 err=32768
[ERR] seq=2538 err=2616
[SEU] addr=200031B3 bit=00000004
[ERR] seq=2539 err=2824
[ERR] seq=2540 err=432
[ERR] seq=2541 err=256
[ERR] seq=2542 err=48
[ERR] seq=2543 err=16
[SEU] addr=2000315B bit=00000003
[SEU] addr=200031CD bit=00000002
[SEU] addr=20003185 bit=00000001
[ERR] seq=2556 err=4024
[ERR] seq=2557 err=304
[ERR] seq=2558 err=320
[ERR] seq=2559 err=32
[SEU] addr=20003147 bit=00000002
[SAMPLE QUEUE CORRUPTED] primary repaired
[ERR] seq=2560 err=16
[SEU] addr=200031D4 bit=00000007
[SEU] addr=2000316D bit=00000003
[SEU] addr=2000319A bit=00000000
[SEU] addr=20003175 bit=00000003
[SEU] addr=200031BF bit=00000004
[SEU] addr=20003146 bit=00000001
[SAMPLE QUEUE CORRUPTED] primary repaired
[SEU] addr=2000316D bit=00000005
[SEU] addr=20003161 bit=00000000
[SEU] addr=20003145 bit=00000000
[SAMPLE QUEUE CORRUPTED] primary repaired
[SEU] addr=200031C8 bit=00000003
[SEU] addr=2000316C bit=00000003
[SEU] addr=20003150 bit=00000005
[SAMPLE QUEUE backup CORRUPTED] backup repaired
[SEU] addr=20003172 bit=00000002
[SEU] addr=2000314F bit=00000003
[SAMPLE QUEUE backup CORRUPTED] backup repaired
[SEU] addr=20003184 bit=00000001
[ERR] seq=2653 err=120
[SEU] addr=20003188 bit=00000007
[ERR] seq=2662 err=1024
[ERR] seq=2663 err=80
[ERR] seq=2664 err=80
[SEU] addr=200031DC bit=00000005
[SEU] addr=200031C9 bit=00000006
[SEU] addr=2000316C bit=00000000
[SEU] addr=20003153 bit=00000001
[SEU] addr=200031A7 bit=00000001
[SEU] addr=200031A9 bit=00000003
[SEU] addr=20003182 bit=00000004
[SEU] addr=200031CE bit=00000002
[SEU] addr=200031D2 bit=00000000
[SEU] addr=200031D8 bit=00000006
[SEU] addr=2000319E bit=00000003
[SEU] addr=20003176 bit=00000003
[SEU] addr=200031A7 bit=00000006
[SEU] addr=2000318F bit=00000006
[SEU] addr=20003197 bit=00000003
[SEU] addr=200031B8 bit=00000001
[SEU] addr=200031C3 bit=00000006
[SEU] addr=20003183 bit=00000006
[SEU] addr=2000314D bit=00000002
[SAMPLE QUEUE backup CORRUPTED] backup repaired
[SEU] addr=20003168 bit=00000006
[SEU] addr=200031DC bit=00000005
[SEU] addr=20003160 bit=00000004
[CMD QUEUE backup CORRUPTED] backup repaired
[SEU] addr=2000318D bit=00000007
[ERR] seq=2824 err=262144
[ERR] seq=2825 err=20968
[ERR] seq=2826 err=22640
[ERR] seq=2827 err=3480
[ERR] seq=2828 err=2080
[ERR] seq=2829 err=432
[ERR] seq=2830 err=192
[ERR] seq=2831 err=40
[SEU] addr=20003183 bit=00000003
[ERR] seq=2832 err=8
[SEU] addr=20003170 bit=00000001
[SEU] addr=20003151 bit=00000005
[SEU] addr=20003156 bit=00000003
[CMD QUEUE CORRUPTED] primary repaired
[SEU] addr=20003195 bit=00000003
[SEU] addr=2000315F bit=00000000
[CMD QUEUE backup CORRUPTED] backup repaired
[SEU] addr=200031B7 bit=00000003
[SEU] addr=20003152 bit=00000000
[SEU] addr=2000316D bit=00000003
[SEU] addr=20003190 bit=00000001
[ERR] seq=2896 err=16
[SEU] addr=20003165 bit=00000001
[SEU] addr=200031CC bit=00000001
[SEU] addr=20003157 bit=00000005
[CMD QUEUE CORRUPTED] primary repaired
[SEU] addr=2000317D bit=00000003
[SEU] addr=20003154 bit=00000007
[CMD QUEUE CORRUPTED] primary repaired
[SEU] addr=200031B8 bit=00000004
[SEU] addr=20003172 bit=00000000
[SEU] addr=20003163 bit=00000006
[SEU] addr=200031AB bit=00000006
[SEU] addr=200031CB bit=00000007
[SEU] addr=200031AA bit=00000000
[SEU] addr=20003160 bit=00000007
[CMD QUEUE backup CORRUPTED] backup repaired
[SEU] addr=200031BC bit=00000007
[SEU] addr=20003192 bit=00000005
[ERR] seq=2970 err=16777216
[ERR] seq=2971 err=1342176
[ERR] seq=2972 err=1449544
[ERR] seq=2973 err=223328
[ERR] seq=2974 err=133824
[ERR] seq=2975 err=28568
[ERR] seq=2976 err=12984
[ERR] seq=2977 err=3312
[ERR] seq=2978 err=1296
[SEU] addr=2000317E bit=00000002
[ERR] seq=2979 err=360
[ERR] seq=2980 err=120
[ERR] seq=2981 err=32
[ERR] seq=2982 err=8
[SEU] addr=200031AD bit=00000005
[SEU] addr=20003162 bit=00000005
[SEU] addr=20003157 bit=00000003
[CMD QUEUE CORRUPTED] primary repaired
[SEU] addr=200031A6 bit=00000007
[SEU] addr=200031D5 bit=00000004
[SEU] addr=200031C2 bit=00000001
[SEU] addr=200031C6 bit=00000003
[SEU] addr=2000318F bit=00000006
[SEU] addr=200031BF bit=00000006
[SEU] addr=2000318F bit=00000007
[SEU] addr=200031B8 bit=00000007
[SEU] addr=20003146 bit=00000001
[SAMPLE QUEUE CORRUPTED] primary repaired
[SEU] addr=2000318E bit=00000007
[ERR] seq=3050 err=67108864
[ERR] seq=3051 err=5368704
[ERR] seq=3052 err=5798200
[ERR] seq=3053 err=893352
[ERR] seq=3054 err=535320
[ERR] seq=3055 err=114288
[SEU] addr=20003149 bit=00000007
[ERR] seq=3056 err=51960
[ERR] seq=3057 err=13288
[ERR] seq=3058 err=5208
[ERR] seq=3059 err=1472
[ERR] seq=3060 err=528
[ERR] seq=3061 err=152
[ERR] seq=3062 err=48
[SEU] addr=200031D9 bit=00000001
[ERR] seq=3063 err=8
[SEU] addr=20003163 bit=00000000
[SEU] addr=20003197 bit=00000004
[SEU] addr=200031BD bit=00000000
[SEU] addr=20003170 bit=00000002
[SEU] addr=200031AC bit=00000003
[SEU] addr=2000318D bit=00000003
[ERR] seq=3100 err=16384
[ERR] seq=3101 err=1304
[ERR] seq=3102 err=1408
[ERR] seq=3103 err=216
[ERR] seq=3104 err=128
[SEU] addr=200031C0 bit=00000007
[ERR] seq=3105 err=24
[ERR] seq=3106 err=8
[SEU] addr=200031A7 bit=00000007
[SEU] addr=200031B6 bit=00000005
[SEU] addr=200031A6 bit=00000007
[SEU] addr=200031D2 bit=00000005
[SEU] addr=200031B1 bit=00000002
[SEU] addr=200031A0 bit=00000001
[SEU] addr=200031DF bit=00000002
[SEU] addr=2000316D bit=00000003
[SEU] addr=20003144 bit=00000007
[SAMPLE QUEUE CORRUPTED] primary repaired
[SEU] addr=20003153 bit=00000006
[SEU] addr=2000317A bit=00000002
[SEU] addr=200031D5 bit=00000000
[SEU] addr=2000315C bit=00000004
[CMD QUEUE backup CORRUPTED] backup repaired
[SEU] addr=2000319A bit=00000006
[SEU] addr=200031D6 bit=00000003
[SEU] addr=20003169 bit=00000002
[SEU] addr=20003148 bit=00000000
[SAMPLE QUEUE CORRUPTED] primary repaired
[SEU] addr=200031AE bit=00000006
[SEU] addr=20003146 bit=00000006
[SAMPLE QUEUE CORRUPTED] primary repaired
[SEU] addr=200031A8 bit=00000007
[SEU] addr=2000318A bit=00000007
[ERR] seq=3216 err=67108864
[ERR] seq=3217 err=5368704
[ERR] seq=3218 err=5798200
[ERR] seq=3219 err=893352
[ERR] seq=3220 err=535320
[ERR] seq=3221 err=114288
[SEU] addr=2000317E bit=00000001
[ERR] seq=3222 err=51960
[ERR] seq=3223 err=13288
[ERR] seq=3224 err=5208
[ERR] seq=3225 err=1472
[ERR] seq=3226 err=528
[ERR] seq=3227 err=152
[ERR] seq=3228 err=48
[SEU] addr=200031B3 bit=00000004
[ERR] seq=3229 err=8
[SEU] addr=2000318C bit=00000004
[ERR] seq=3234 err=128
[ERR] seq=3235 err=8
[ERR] seq=3236 err=8
[SEU] addr=20003194 bit=00000004
[SEU] addr=2000314B bit=00000004
[SEU] addr=200031CD bit=00000002
[SEU] addr=20003175 bit=00000004
[SEU] addr=20003157 bit=00000001
[CMD QUEUE CORRUPTED] primary repaired
[SEU] addr=200031D7 bit=00000006
[SEU] addr=200031CA bit=00000001
[SEU] addr=20003154 bit=00000007
[CMD QUEUE CORRUPTED] primary repaired
[SEU] addr=200031CA bit=00000006
[SEU] addr=20003165 bit=00000001
[SEU] addr=2000315B bit=00000004
[SEU] addr=20003151 bit=00000006
[SEU] addr=20003191 bit=00000006
[ERR] seq=3305 err=131072
[ERR] seq=3306 err=10480
[ERR] seq=3307 err=11312
[ERR] seq=3308 err=1736
[ERR] seq=3309 err=1040
[ERR] seq=3310 err=216
[ERR] seq=3311 err=96
[ERR] seq=3312 err=16
[SEU] addr=200031D4 bit=00000000
[SEU] addr=200031AF bit=00000005
[SEU] addr=2000314F bit=00000005
[SAMPLE QUEUE backup CORRUPTED] backup repaired
[SEU] addr=20003185 bit=00000007
[ERR] seq=3322 err=16
[SEU] addr=20003156 bit=00000006
[CMD QUEUE CORRUPTED] primary repaired
[SEU] addr=20003173 bit=00000000
[SEU] addr=2000318B bit=00000001
[ERR] seq=3337 err=268435456
[ERR] seq=3338 err=21474832
[ERR] seq=3339 err=23192816
[ERR] seq=3340 err=3573408
[ERR] seq=3341 err=2141296
[ERR] seq=3342 err=457168
[ERR] seq=3343 err=207864
[ERR] seq=3344 err=53192
[ERR] seq=3345 err=20872
[SEU] addr=200031BD bit=00000007
[ERR] seq=3346 err=5912
[ERR] seq=3347 err=2136
[ERR] seq=3348 err=640
[ERR] seq=3349 err=216
[ERR] seq=3350 err=64
[SEU] addr=20003198 bit=00000003
[ERR] seq=3351 err=16
[SEU] addr=200031D7 bit=00000001
[SEU] addr=20003175 bit=00000002
[SEU] addr=20003189 bit=00000007
[ERR] seq=3363 err=262144
[ERR] seq=3364 err=20968
[SEU] addr=200031A9 bit=00000006
[ERR] seq=3365 err=22640
[ERR] seq=3366 err=3480
[ERR] seq=3367 err=2080
[ERR] seq=3368 err=432
[ERR] seq=3369 err=192
[ERR] seq=3370 err=40
[ERR] seq=3371 err=8
[SEU] addr=20003155 bit=00000002
[CMD QUEUE CORRUPTED] primary repaired
[SEU] addr=200031B6 bit=00000007
[SEU] addr=20003156 bit=00000000
[CMD QUEUE CORRUPTED] primary repaired
[SEU] addr=20003147 bit=00000003
[SAMPLE QUEUE CORRUPTED] primary repaired
[SEU] addr=20003191 bit=00000007
[ERR] seq=3402 err=262144
[ERR] seq=3403 err=20968
[ERR] seq=3404 err=22640
[ERR] seq=3405 err=3480
[SEU] addr=2000314A bit=00000004
[ERR] seq=3406 err=2080
[ERR] seq=3407 err=432
[ERR] seq=3408 err=192
[ERR] seq=3409 err=40
[ERR] seq=3410 err=8
[SEU] addr=20003199 bit=00000000
[SEU] addr=20003175 bit=00000002
[SEU] addr=20003179 bit=00000003
[SEU] addr=2000316B bit=00000007
[SEU] addr=200031AA bit=00000002
[SEU] addr=200031C7 bit=00000001
[SEU] addr=20003163 bit=00000006
[SEU] addr=2000316B bit=00000006
[SEU] addr=20003192 bit=00000002
[ERR] seq=3461 err=2097152
[ERR] seq=3462 err=167768
[ERR] seq=3463 err=181184
[ERR] seq=3464 err=27904
[ERR] seq=3465 err=16720
[ERR] seq=3466 err=3568
[SEU] addr=200031A8 bit=00000007
[ERR] seq=3467 err=1616
[ERR] seq=3468 err=408
[ERR] seq=3469 err=160
[ERR] seq=3470 err=40
[ERR] seq=3471 err=8
[SEU] addr=200031B9 bit=00000007
[SEU] addr=20003154 bit=00000002
[CMD QUEUE CORRUPTED] primary repaired
[SEU] addr=20003166 bit=00000007
[SEU] addr=20003152 bit=00000001
[SEU] addr=2000314F bit=00000007
[SAMPLE QUEUE backup CORRUPTED] backup repaired
[SEU] addr=200031C9 bit=00000000
[SEU] addr=20003174 bit=00000002
[SEU] addr=20003197 bit=00000002
[SEU] addr=2000315C bit=00000003
[CMD QUEUE backup CORRUPTED] backup repaired
[SEU] addr=200031D7 bit=00000000
[SEU] addr=20003164 bit=00000002
[SEU] addr=2000318D bit=00000000
[ERR] seq=3530 err=2048
[ERR] seq=3531 err=160
[ERR] seq=3532 err=168
[ERR] seq=3533 err=16
[ERR] seq=3534 err=8
[SEU] addr=20003154 bit=00000005
[CMD QUEUE CORRUPTED] primary repaired
[SEU] addr=2000319F bit=00000004
[SEU] addr=200031AA bit=00000003
[SEU] addr=200031A3 bit=00000003
[SEU] addr=2000314C bit=00000004
[SAMPLE QUEUE backup CORRUPTED] backup repaired
[SEU] addr=200031B1 bit=00000004
[SEU] addr=2000317A bit=00000000
[SEU] addr=20003166 bit=00000005
[SEU] addr=200031C7 bit=00000001
[SEU] addr=2000317A bit=00000003
[SEU] addr=2000317C bit=00000002
[SEU] addr=200031B6 bit=00000002
[SEU] addr=200031DB bit=00000002
[SEU] addr=200031A0 bit=00000004
[SEU] addr=2000314E bit=00000004
[SAMPLE QUEUE backup CORRUPTED] backup repaired
[SEU] addr=2000316D bit=00000004
[SEU] addr=2000315D bit=00000006
[CMD QUEUE backup CORRUPTED] backup repaired
[SEU] addr=20003185 bit=00000002
[ERR] seq=3629 err=3280
[ERR] seq=3630 err=240
[ERR] seq=3631 err=248
[ERR] seq=3632 err=16
[ERR] seq=3633 err=8
[SEU] addr=200031D1 bit=00000006
[SEU] addr=20003170 bit=00000005
[SEU] addr=20003179 bit=00000000
[SEU] addr=2000315A bit=00000004
[SEU] addr=20003146 bit=00000005
[SAMPLE QUEUE CORRUPTED] primary repaired
[SEU] addr=20003147 bit=00000003
[SAMPLE QUEUE CORRUPTED] primary repaired
[SEU] addr=200031AE bit=00000005
[SEU] addr=20003159 bit=00000000
[SEU] addr=20003175 bit=00000006
[SEU] addr=20003186 bit=00000003
[ERR] seq=3668 err=7808
[ERR] seq=3669 err=616
[ERR] seq=3670 err=656
[ERR] seq=3671 err=80
[ERR] seq=3672 err=40
[SEU] addr=2000319E bit=00000000
[SEU] addr=200031D5 bit=00000004
[SEU] addr=200031A4 bit=00000000
[SEU] addr=200031AB bit=00000006
[SEU] addr=20003144 bit=00000003
[SAMPLE QUEUE CORRUPTED] primary repaired
[SEU] addr=20003187 bit=00000004
[ERR] seq=3696 err=528
[ERR] seq=3697 err=24
[ERR] seq=3698 err=24
[SEU] addr=20003145 bit=00000006
[SAMPLE QUEUE CORRUPTED] primary repaired
[SEU] addr=20003172 bit=00000005
[SEU] addr=200031BD bit=00000000
[SEU] addr=200031B6 bit=00000003
[SEU] addr=20003144 bit=00000001
[SAMPLE QUEUE CORRUPTED] primary repaired
[SEU] addr=20003182 bit=00000004
[SEU] addr=20003151 bit=00000004
[SEU] addr=20003176 bit=00000004
[SEU] addr=20003159 bit=00000002
[SEU] addr=20003183 bit=00000001
[SEU] addr=20003178 bit=00000007
[SEU] addr=2000317A bit=00000000
[SEU] addr=200031D1 bit=00000002
[SEU] addr=20003177 bit=00000006
[SEU] addr=20003178 bit=00000006
[SEU] addr=20003181 bit=00000006
[SEU] addr=200031B9 bit=00000006
[SEU] addr=200031A3 bit=00000004
[SEU] addr=200031CA bit=00000004
[SEU] addr=200031BB bit=00000007
[SEU] addr=200031A4 bit=00000007
[SEU] addr=2000317F bit=00000006
[SEU] addr=2000314A bit=00000005
[SEU] addr=20003172 bit=00000003
[SEU] addr=200031BA bit=00000005
[SEU] addr=20003169 bit=00000001
[SEU] addr=20003164 bit=00000006
[SEU] addr=20003156 bit=00000007
[CMD QUEUE CORRUPTED] primary repaired
[SEU] addr=200031A4 bit=00000000
[SEU] addr=200031D5 bit=00000006
[SEU] addr=20003197 bit=00000006
[SEU] addr=20003170 bit=00000003
[SEU] addr=200031C0 bit=00000006
[SEU] addr=200031B5 bit=00000004
[SEU] addr=2000316B bit=00000002
[SEU] addr=2000317A bit=00000003
[SEU] addr=200031BF bit=00000007
[SEU] addr=200031B1 bit=00000002
[SEU] addr=2000319E bit=00000004
[SEU] addr=20003178 bit=00000000
[SEU] addr=200031A7 bit=00000005
[SEU] addr=200031BB bit=00000006
[SEU] addr=20003155 bit=00000002
[CMD QUEUE CORRUPTED] primary repaired
[SEU] addr=2000317D bit=00000006
[SEU] addr=20003183 bit=00000004
[SEU] addr=200031AC bit=00000007
[SEU] addr=2000314D bit=00000007
[SAMPLE QUEUE backup CORRUPTED] backup repaired
[SEU] addr=20003187 bit=00000003
[ERR] seq=3958 err=1384
[ERR] seq=3959 err=96
[ERR] seq=3960 err=96
[SEU] addr=20003160 bit=00000004
[CMD QUEUE backup CORRUPTED] backup repaired
[SEU] addr=200031DC bit=00000003
[SEU] addr=200031C7 bit=00000003
[SEU] addr=200031A1 bit=00000003
[SEU] addr=20003168 bit=00000006
[SEU] addr=200031D3 bit=00000001
[SEU] addr=200031D7 bit=00000006
[SEU] addr=200031CB bit=00000003
[SEU] addr=20003152 bit=00000003
[SEU] addr=20003159 bit=00000005
[SEU] addr=2000317B bit=00000007
[SEU] addr=200031AE bit=00000006
[SEU] addr=200031CE bit=00000000
[SEU] addr=20003157 bit=00000003
[CMD QUEUE CORRUPTED] primary repaired
[SEU] addr=20003198 bit=00000003
[SEU] addr=20003187 bit=00000001
[ERR] seq=4040 err=8200
[ERR] seq=4041 err=640
[ERR] seq=4042 err=680
[ERR] seq=4043 err=80
[ERR] seq=4044 err=40
[SEU] addr=200031BF bit=00000004
[SEU] addr=200031BE bit=00000007
[SEU] addr=2000315F bit=00000006
[CMD QUEUE backup CORRUPTED] backup repaired
[SEU] addr=200031BB bit=00000001
[SEU] addr=2000318B bit=00000001
[ERR] seq=4078 err=268435456
[ERR] seq=4079 err=21474832
[ERR] seq=4080 err=23192816
[ERR] seq=4081 err=3573408
[ERR] seq=4082 err=2141296
[ERR] seq=4083 err=457168
[ERR] seq=4084 err=207864
[SEU] addr=2000316B bit=00000006
[ERR] seq=4085 err=53192
[ERR] seq=4086 err=20872
[SEU] addr=20003159 bit=00000005
[ERR] seq=4087 err=5912
[ERR] seq=4088 err=2136
[ERR] seq=4089 err=640
[SEU] addr=20003197 bit=00000007
[ERR] seq=4090 err=216
[ERR] seq=4091 err=64
[SEU] addr=20003172 bit=00000000
[ERR] seq=4092 err=16
[SEU] addr=20003180 bit=00000007
[SEU] addr=200031B6 bit=00000007
[SEU] addr=200031D7 bit=00000001
[SEU] addr=20003192 bit=00000002
[ERR] seq=4113 err=2097152
[ERR] seq=4114 err=167768
[ERR] seq=4115 err=181184
[ERR] seq=4116 err=27904
[ERR] seq=4117 err=16720
[ERR] seq=4118 err=3568
[ERR] seq=4119 err=1616
[SEU] addr=20003194 bit=00000000
[ERR] seq=4120 err=408
[ERR] seq=4121 err=160
[SEU] addr=200031B6 bit=00000001
[ERR] seq=4122 err=40
[ERR] seq=4123 err=8
[SEU] addr=200031C1 bit=00000005
[SEU] addr=20003160 bit=00000000
[CMD QUEUE backup CORRUPTED] backup repaired
[SEU] addr=20003150 bit=00000005
[SAMPLE QUEUE backup CORRUPTED] backup repaired
[SEU] addr=200031AD bit=00000004
[SEU] addr=200031B4 bit=00000005
[SEU] addr=2000314F bit=00000007
[SAMPLE QUEUE backup CORRUPTED] backup repaired
[SEU] addr=20003170 bit=00000005
[SEU] addr=20003196 bit=00000005
[SEU] addr=200031A6 bit=00000001
[SEU] addr=2000318A bit=00000002
[ERR] seq=4162 err=2097152
[ERR] seq=4163 err=167768
[ERR] seq=4164 err=181184
[ERR] seq=4165 err=27904
[ERR] seq=4166 err=16720
[ERR] seq=4167 err=3568
[ERR] seq=4168 err=1616
[ERR] seq=4169 err=408
[SEU] addr=2000316C bit=00000000
[ERR] seq=4170 err=160
[ERR] seq=4171 err=40
[ERR] seq=4172 err=8
[SEU] addr=200031A5 bit=00000002
[SEU] addr=200031C7 bit=00000003
[SEU] addr=200031A1 bit=00000004
[SEU] addr=200031AD bit=00000007
[SEU] addr=20003192 bit=00000002
[ERR] seq=4204 err=2097152
[ERR] seq=4205 err=167768
[SEU] addr=20003164 bit=00000005
[ERR] seq=4206 err=181184
[ERR] seq=4207 err=27904
[ERR] seq=4208 err=16720
[ERR] seq=4209 err=3568
[ERR] seq=4210 err=1616
[ERR] seq=4211 err=408
[SEU] addr=2000319E bit=00000002
[ERR] seq=4212 err=160
[ERR] seq=4213 err=40
[ERR] seq=4214 err=8
[SEU] addr=2000319D bit=00000002
[SEU] addr=20003187 bit=00000004
[ERR] seq=4224 err=232
[ERR] seq=4225 err=8
[ERR] seq=4226 err=8
[SEU] addr=200031B3 bit=00000000
[SEU] addr=20003148 bit=00000005
[SAMPLE QUEUE CORRUPTED] primary repaired
[SEU] addr=200031D3 bit=00000006
[SEU] addr=200031B0 bit=00000003
[SEU] addr=20003148 bit=00000006
[SAMPLE QUEUE CORRUPTED] primary repaired
[SEU] addr=2000318C bit=00000000
[ERR] seq=4256 err=8
[SEU] addr=20003168 bit=00000003
[SEU] addr=20003196 bit=00000003
[SEU] addr=2000314A bit=00000004
[SEU] addr=20003192 bit=00000007
[ERR] seq=4282 err=67108864
[ERR] seq=4283 err=5368704
[ERR] seq=4284 err=5798200
[ERR] seq=4285 err=893352
[ERR] seq=4286 err=535320
[ERR] seq=4287 err=114288
[ERR] seq=4288 err=51960
[ERR] seq=4289 err=13288
[SEU] addr=200031D2 bit=00000007
[ERR] seq=4290 err=5208
[ERR] seq=4291 err=1472
[SEU] addr=200031DA bit=00000001
[ERR] seq=4292 err=528
[ERR] seq=4293 err=152
[ERR] seq=4294 err=48
[ERR] seq=4295 err=8
[SEU] addr=20003195 bit=00000001
[SEU] addr=200031B0 bit=00000007
[SEU] addr=200031CA bit=00000005
[SEU] addr=2000314D bit=00000004
[SAMPLE QUEUE backup CORRUPTED] backup repaired
[SEU] addr=20003176 bit=00000005
[SEU] addr=2000318B bit=00000006
[SEU] addr=200031D9 bit=00000000
[SEU] addr=200031A2 bit=00000002
[SEU] addr=2000319D bit=00000002
[SEU] addr=2000315C bit=00000004
[CMD QUEUE backup CORRUPTED] backup repaired
[SEU] addr=200031B0 bit=00000000
[SEU] addr=200031C8 bit=00000007
[SEU] addr=20003188 bit=00000004
[ERR] seq=4368 err=128
[ERR] seq=4369 err=8
[ERR] seq=4370 err=8
[SEU] addr=200031BF bit=00000006
[SEU] addr=200031BA bit=00000004
[SEU] addr=20003198 bit=00000005
[SEU] addr=2000316E bit=00000002
[SEU] addr=200031C8 bit=00000003
[SEU] addr=200031B6 bit=00000004
[SEU] addr=200031B3 bit=00000006
[SEU] addr=200031A7 bit=00000002
[SEU] addr=2000318C bit=00000001
[ERR] seq=4422 err=16
[SEU] addr=20003189 bit=00000005
[ERR] seq=4428 err=65536
[ERR] seq=4429 err=5240
[ERR] seq=4430 err=5656
[ERR] seq=4431 err=864
[ERR] seq=4432 err=512
[SEU] addr=2000318A bit=00000006
[ERR] seq=4433 err=33554328
[ERR] seq=4434 err=2684304
[ERR] seq=4435 err=2899088
[ERR] seq=4436 err=446664
[ERR] seq=4437 err=267648
[ERR] seq=4438 err=57136
[ERR] seq=4439 err=25976
[ERR] seq=4440 err=6640
[ERR] seq=4441 err=2600
[SEU] addr=2000317E bit=00000001
[ERR] seq=4442 err=736
[ERR] seq=4443 err=264
[SEU] addr=200031B4 bit=00000005
[ERR] seq=4444 err=72
[ERR] seq=4445 err=16
[SEU] addr=200031C6 bit=00000007
[SEU] addr=20003164 bit=00000005
[SEU] addr=200031AA bit=00000007
[SEU] addr=20003175 bit=00000007
[SEU] addr=20003181 bit=00000005
[SEU] addr=200031CC bit=00000004
[SEU] addr=20003183 bit=00000002
[SEU] addr=20003150 bit=00000003
[SAMPLE QUEUE backup CORRUPTED] backup repaired
[SEU] addr=200031B6 bit=00000005
[SEU] addr=20003188 bit=00000003
[ERR] seq=4512 err=64
[SEU] addr=200031C7 bit=00000007
[SEU] addr=2000317D bit=00000001
[SEU] addr=200031CD bit=00000003
[SEU] addr=20003163 bit=00000002
[SEU] addr=20003188 bit=00000001
[ERR] seq=4536 err=16
[SEU] addr=200031DB bit=00000003
[SEU] addr=200031C0 bit=00000005
[SEU] addr=200031CA bit=00000001
[SEU] addr=200031B9 bit=00000007
[SEU] addr=20003167 bit=00000004
[SEU] addr=200031D4 bit=00000002
[SEU] addr=20003184 bit=00000003
[ERR] seq=4580 err=120
[SEU] addr=20003158 bit=00000004
[CMD QUEUE CORRUPTED] primary repaired
[SEU] addr=2000317F bit=00000002
[SEU] addr=2000319E bit=00000005
[SEU] addr=200031CB bit=00000001
[SEU] addr=20003197 bit=00000002
[SEU] addr=200031BF bit=00000006
[SEU] addr=20003158 bit=00000006
[CMD QUEUE CORRUPTED] primary repaired
[SEU] addr=20003164 bit=00000004
[SEU] addr=200031BA bit=00000002
[SEU] addr=20003173 bit=00000003
[SEU] addr=20003165 bit=00000006
[SEU] addr=20003189 bit=00000007
[ERR] seq=4638 err=262144
[ERR] seq=4639 err=20968
[ERR] seq=4640 err=22640
[ERR] seq=4641 err=3480
[ERR] seq=4642 err=2080
[ERR] seq=4643 err=432
[ERR] seq=4644 err=192
[ERR] seq=4645 err=40
[SEU] addr=200031C9 bit=00000003
[ERR] seq=4646 err=8
[SEU] addr=20003161 bit=00000004
[SEU] addr=20003172 bit=00000002
[SEU] addr=200031DD bit=00000000
[SEU] addr=20003159 bit=00000001
[SEU] addr=2000315B bit=00000001
[SEU] addr=200031D3 bit=00000007
[SEU] addr=20003199 bit=00000007
[SEU] addr=20003147 bit=00000006
[SAMPLE QUEUE CORRUPTED] primary repaired
[SEU] addr=2000319E bit=00000004
[SEU] addr=2000316D bit=00000003
[SEU] addr=20003145 bit=00000003
[SAMPLE QUEUE CORRUPTED] primary repaired
[SEU] addr=20003145 bit=00000006
[SAMPLE QUEUE CORRUPTED] primary repaired
[SEU] addr=2000316F bit=00000001
[SEU] addr=20003172 bit=00000000
[SEU] addr=2000314D bit=00000003
[SAMPLE QUEUE backup CORRUPTED] backup repaired
[SEU] addr=20003149 bit=00000007
[SEU] addr=20003153 bit=00000002
[SEU] addr=2000316C bit=00000002
[SEU] addr=20003199 bit=00000003
[SEU] addr=200031D9 bit=00000006
[SEU] addr=200031B3 bit=00000002
[SEU] addr=20003160 bit=00000006
[CMD QUEUE backup CORRUPTED] backup repaired
[SEU] addr=20003174 bit=00000004
[SEU] addr=200031B1 bit=00000000
[SEU] addr=2000317B bit=00000002
[SEU] addr=200031D4 bit=00000005
[SEU] addr=2000318A bit=00000001
[ERR] seq=4790 err=1048576
[ERR] seq=4791 err=83880
[ERR] seq=4792 err=90584
[ERR] seq=4793 err=13944
[ERR] seq=4794 err=8352
[ERR] seq=4795 err=1776
[ERR] seq=4796 err=800
[ERR] seq=4797 err=200
[ERR] seq=4798 err=80
[SEU] addr=2000314C bit=00000006
[SAMPLE QUEUE backup CORRUPTED] backup repaired
[ERR] seq=4799 err=16
[SEU] addr=200031AE bit=00000004
[SEU] addr=2000318E bit=00000003
[ERR] seq=4813 err=4194304
[ERR] seq=4814 err=335544
[SEU] addr=20003154 bit=00000004
[CMD QUEUE CORRUPTED] primary repaired
[ERR] seq=4815 err=362384
[ERR] seq=4816 err=55824
[ERR] seq=4817 err=33448
[ERR] seq=4818 err=7136
[ERR] seq=4819 err=3240
[ERR] seq=4820 err=824
[ERR] seq=4821 err=320
[SEU] addr=200031AC bit=00000003
[ERR] seq=4822 err=88
[SEU] addr=200031B8 bit=00000001
[ERR] seq=4823 err=24
[SEU] addr=20003190 bit=00000003
[ERR] seq=4827 err=64
[SEU] addr=200031D1 bit=00000002
[SEU] addr=20003167 bit=00000005
[SEU] addr=200031AF bit=00000006
[SEU] addr=20003163 bit=00000002
[SEU] addr=2000319B bit=00000000
[SEU] addr=200031DA bit=00000006
[SEU] addr=20003170 bit=00000005
[SEU] addr=20003165 bit=00000000
[SEU] addr=20003154 bit=00000003
[CMD QUEUE CORRUPTED] primary repaired
[SEU] addr=2000318A bit=00000000
[ERR] seq=4880 err=524288
[SEU] addr=200031C1 bit=00000007
[ERR] seq=4881 err=41936
[ERR] seq=4882 err=45288
[ERR] seq=4883 err=6968
[ERR] seq=4884 err=4168
[ERR] seq=4885 err=880
[SEU] addr=2000319C bit=00000005
[ERR] seq=4886 err=392
[ERR] seq=4887 err=88
[ERR] seq=4888 err=24
[SEU] addr=2000319D bit=00000001
[SEU] addr=200031CE bit=00000001
[SEU] addr=20003175 bit=00000004
[SEU] addr=20003178 bit=00000006
[SEU] addr=200031DC bit=00000003
[SEU] addr=200031CF bit=00000003
[SEU] addr=2000314F bit=00000005
[SAMPLE QUEUE backup CORRUPTED] backup repaired
[SEU] addr=200031C2 bit=00000005
[SEU] addr=20003153 bit=00000002
[SEU] addr=200031B3 bit=00000000
[SEU] addr=200031D3 bit=00000002
[SEU] addr=2000314E bit=00000002
[SAMPLE QUEUE backup CORRUPTED] backup repaired
[SEU] addr=20003146 bit=00000004
[SAMPLE QUEUE CORRUPTED] primary repaired
[SEU] addr=200031AA bit=00000001
[SEU] addr=200031DB bit=00000005
[SEU] addr=2000319D bit=00000000
[SEU] addr=2000315A bit=00000003
[SEU] addr=20003189 bit=00000006
[ERR] seq=4993 err=131072
[ERR] seq=4994 err=10480
[ERR] seq=4995 err=11312
[ERR] seq=4996 err=1736
[ERR] seq=4997 err=1040
[SEU] addr=20003162 bit=00000002
[ERR] seq=4998 err=216
[ERR] seq=4999 err=96
[ERR] seq=5000 err=16
[SEU] addr=200031DC bit=00000001
[SEU] addr=2000315A bit=00000001
[SEU] addr=2000318F bit=00000004
[ERR] seq=5014 err=2147483648
[ERR] seq=5015 err=171798688
[SEU] addr=200031BC bit=00000003
[ERR] seq=5016 err=185542576
[ERR] seq=5017 err=28587288
[SEU] addr=200031DF bit=00000003
[ERR] seq=5018 err=17130376
[ERR] seq=5019 err=3657400
[ERR] seq=5020 err=1663016
[ERR] seq=5021 err=425632
[ERR] seq=5022 err=167088
[ERR] seq=5023 err=47408
[ERR] seq=5024 err=17152
[ERR] seq=5025 err=5160
[ERR] seq=5026 err=1776
[SEU] addr=20003145 bit=00000003
[SAMPLE QUEUE CORRUPTED] primary repaired
[ERR] seq=5027 err=544
[ERR] seq=5028 err=176
[ERR] seq=5029 err=48
[ERR] seq=5030 err=8
[SEU] addr=20003168 bit=00000007
[SEU] addr=200031A2 bit=00000006
[SEU] addr=200031AE bit=00000007
[SEU] addr=200031D2 bit=00000005
[SEU] addr=2000315E bit=00000004
[CMD QUEUE backup CORRUPTED] backup repaired
[SEU] addr=200031B1 bit=00000005
[SEU] addr=2000316A bit=00000001
[SEU] addr=20003172 bit=00000006
[SEU] addr=2000315E bit=00000001
[CMD QUEUE backup CORRUPTED] backup repaired
[SEU] addr=200031B7 bit=00000006
[SEU] addr=2000318F bit=00000000
[ERR] seq=5085 err=134217728
[ERR] seq=5086 err=10737416
[ERR] seq=5087 err=11596408
[ERR] seq=5088 err=1786704
[SEU] addr=20003191 bit=00000002
[ERR] seq=5089 err=1078840
[SEU] addr=2000317D bit=00000004
[ERR] seq=5090 err=229232
[ERR] seq=5091 err=104624
[ERR] seq=5092 err=26688
[ERR] seq=5093 err=10480
[ERR] seq=5094 err=2952
[ERR] seq=5095 err=1064
[SEU] addr=200031BD bit=00000005
[ERR] seq=5096 err=312
[ERR] seq=5097 err=104
[ERR] seq=5098 err=32
[ERR] seq=5099 err=8
[SEU] addr=200031A8 bit=00000000
[SEU] addr=20003179 bit=00000004
[SEU] addr=2000319C bit=00000007
[SEU] addr=200031C3 bit=00000006
[SEU] addr=20003193 bit=00000000
[ERR] seq=5124 err=134217728
[ERR] seq=5125 err=10737416
[ERR] seq=5126 err=11596408
[ERR] seq=5127 err=1786704
[SEU] addr=20003183 bit=00000006
[ERR] seq=5128 err=1070648
[ERR] seq=5129 err=228584
[ERR] seq=5130 err=103928
[ERR] seq=5131 err=26592
[ERR] seq=5132 err=10432
[ERR] seq=5133 err=2952
[ERR] seq=5134 err=1064
[ERR] seq=5135 err=312
[ERR] seq=5136 err=104
[SEU] addr=200031C6 bit=00000007
[ERR] seq=5137 err=32
[ERR] seq=5138 err=8
[SEU] addr=200031C3 bit=00000000
[SEU] addr=200031BB bit=00000002
[SEU] addr=2000319F bit=00000001
[SEU] addr=20003168 bit=00000007
[SEU] addr=200031D4 bit=00000006
[SEU] addr=2000314B bit=00000004
[SEU] addr=200031DE bit=00000005
[SEU] addr=2000318F bit=00000000
[ERR] seq=5179 err=134217728
[ERR] seq=5180 err=10737416
[ERR] seq=5181 err=11596408
[ERR] seq=5182 err=1786704
[SEU] addr=200031B1 bit=00000007
[ERR] seq=5183 err=1070648
[ERR] seq=5184 err=228584
[ERR] seq=5185 err=103928
[ERR] seq=5186 err=26592
[ERR] seq=5187 err=10432
[ERR] seq=5188 err=2952
[ERR] seq=5189 err=1064
[ERR] seq=5190 err=312
[ERR] seq=5191 err=104
[SEU] addr=200031A4 bit=00000003
[ERR] seq=5192 err=32
[ERR] seq=5193 err=8
[SEU] addr=20003168 bit=00000006
[SEU] addr=20003197 bit=00000005
[SEU] addr=200031C9 bit=00000004
[SEU] addr=20003168 bit=00000003
[SEU] addr=2000319B bit=00000001
[SEU] addr=20003175 bit=00000007
[SEU] addr=2000316D bit=00000005
[SEU] addr=2000315F bit=00000002
[CMD QUEUE backup CORRUPTED] backup repaired
[SEU] addr=200031D5 bit=00000006
[SEU] addr=200031B5 bit=00000007
[SEU] addr=20003184 bit=00000000
[ERR] seq=5244 err=96
[SEU] addr=200031BF bit=00000000
[SEU] addr=2000314A bit=00000006
[SEU] addr=200031B7 bit=00000004
[SEU] addr=20003176 bit=00000003
[SEU] addr=20003169 bit=00000001
[SEU] addr=20003171 bit=00000006
[SEU] addr=200031A1 bit=00000000
[SEU] addr=20003164 bit=00000004
[SEU] addr=2000314E bit=00000007
[SAMPLE QUEUE backup CORRUPTED] backup repaired
[SEU] addr=200031A4 bit=00000005
[SEU] addr=200031BF bit=00000000
[SEU] addr=20003147 bit=00000006
[SAMPLE QUEUE CORRUPTED] primary repaired
[SEU] addr=2000315D bit=00000007
[CMD QUEUE backup CORRUPTED] backup repaired
[SEU] addr=2000319E bit=00000001
[SEU] addr=20003192 bit=00000007
[ERR] seq=5335 err=67108864
[ERR] seq=5336 err=5368704
[ERR] seq=5337 err=5798200
[ERR] seq=5338 err=893352
[SEU] addr=200031CA bit=00000006
[ERR] seq=5339 err=535320
[ERR] seq=5340 err=114288
[ERR] seq=5341 err=51960
[ERR] seq=5342 err=13288
[ERR] seq=5343 err=5208
[ERR] seq=5344 err=1472
[SEU] addr=20003193 bit=00000005
[ERR] seq=5345 err=528
[ERR] seq=5346 err=152
[ERR] seq=5347 err=48
[ERR] seq=5348 err=8
[SEU] addr=20003146 bit=00000001
[SAMPLE QUEUE CORRUPTED] primary repaired
[SEU] addr=2000318F bit=00000005
[SEU] addr=20003146 bit=00000000
[SAMPLE QUEUE CORRUPTED] primary repaired
[SEU] addr=20003145 bit=00000000
[SAMPLE QUEUE CORRUPTED] primary repaired
[SEU] addr=20003189 bit=00000001
[ERR] seq=5374 err=4096
[ERR] seq=5375 err=320
[ERR] seq=5376 err=344
[ERR] seq=5377 err=48
[ERR] seq=5378 err=24
[SEU] addr=2000316C bit=00000006
[SEU] addr=20003171 bit=00000004
[SEU] addr=20003155 bit=00000003
[CMD QUEUE CORRUPTED] primary repaired
[SEU] addr=200031C7 bit=00000006
[SEU] addr=200031B2 bit=00000004
[SEU] addr=20003155 bit=00000001
[CMD QUEUE CORRUPTED] primary repaired
[SEU] addr=200031AA bit=00000006
[SEU] addr=200031DA bit=00000000
[SEU] addr=20003186 bit=00000006
[ERR] seq=5435 err=7160
[ERR] seq=5436 err=560
[ERR] seq=5437 err=592
[ERR] seq=5438 err=64
[ERR] seq=5439 err=32
[SEU] addr=2000314B bit=00000001
[SEU] addr=200031AE bit=00000007
[SEU] addr=200031A2 bit=00000001
[SEU] addr=200031AF bit=00000000
[SEU] addr=200031D8 bit=00000004
[SEU] addr=2000318F bit=00000002
[ERR] seq=5453 err=536870912
[ERR] seq=5454 err=42949672
[ERR] seq=5455 err=46385640
[ERR] seq=5456 err=7146816
[ERR] seq=5457 err=4282592
[ERR] seq=5458 err=914344
[ERR] seq=5459 err=415744
[SEU] addr=2000315C bit=00000004
[CMD QUEUE backup CORRUPTED] backup repaired
[ERR] seq=5460 err=106400
[ERR] seq=5461 err=41768
[ERR] seq=5462 err=11848
[SEU] addr=20003146 bit=00000005
[SAMPLE QUEUE CORRUPTED] primary repaired
[ERR] seq=5463 err=4280
[ERR] seq=5464 err=1280
[SEU] addr=20003158 bit=00000006
[CMD QUEUE CORRUPTED] primary repaired
[ERR] seq=5465 err=432
[ERR] seq=5466 err=128
[ERR] seq=5467 err=40
[ERR] seq=5468 err=8
[SEU] addr=2000318E bit=00000001
[ERR] seq=5470 err=1048576
[ERR] seq=5471 err=83880
[ERR] seq=5472 err=90584
[ERR] seq=5473 err=13944
[ERR] seq=5474 err=8352
[ERR] seq=5475 err=1776
[ERR] seq=5476 err=800
[ERR] seq=5477 err=200
[SEU] addr=200031B2 bit=00000003
[ERR] seq=5478 err=80
[ERR] seq=5479 err=16
[SEU] addr=2000316E bit=00000007
[SEU] addr=2000318F bit=00000007
[SEU] addr=200031D1 bit=00000007
[SEU] addr=20003195 bit=00000005
[SEU] addr=20003168 bit=00000005
[SEU] addr=20003165 bit=00000002
[SEU] addr=2000318E bit=00000000
[ERR] seq=5524 err=524288
[ERR] seq=5525 err=41936
[ERR] seq=5526 err=45288
[ERR] seq=5527 err=6968
[SEU] addr=200031C2 bit=00000003
[ERR] seq=5528 err=4168
[ERR] seq=5529 err=880
[SEU] addr=2000315B bit=00000000
[ERR] seq=5530 err=392
[ERR] seq=5531 err=88
[ERR] seq=5532 err=24
[SEU] addr=20003163 bit=00000005
[SEU] addr=200031B2 bit=00000000
[SEU] addr=20003182 bit=00000002
[SEU] addr=200031B5 bit=00000002
[SEU] addr=200031C3 bit=00000004
[SEU] addr=200031A6 bit=00000007
[SEU] addr=20003167 bit=00000005
[SEU] addr=200031C2 bit=00000002
[SEU] addr=20003151 bit=00000001
[SEU] addr=200031B1 bit=00000003
[SEU] addr=200031B1 bit=00000006
[SEU] addr=200031A0 bit=00000004
[SEU] addr=2000316B bit=00000002
[SEU] addr=20003188 bit=00000001
[ERR] seq=5606 err=16
[SEU] addr=200031BA bit=00000005
[SEU] addr=200031C7 bit=00000000
[SEU] addr=20003182 bit=00000003
[SEU] addr=2000318D bit=00000006
[ERR] seq=5624 err=131072
[ERR] seq=5625 err=10480
[SEU] addr=20003151 bit=00000007
[ERR] seq=5626 err=11312
[ERR] seq=5627 err=1736
[ERR] seq=5628 err=1040
[ERR] seq=5629 err=216
[SEU] addr=2000317F bit=00000004
[ERR] seq=5630 err=96
[ERR] seq=5631 err=16
[SEU] addr=200031A5 bit=00000000
[SEU] addr=20003199 bit=00000003
[SEU] addr=20003181 bit=00000001
[SEU] addr=200031C7 bit=00000003
[SEU] addr=2000317E bit=00000001
[SEU] addr=200031D0 bit=00000000
[SEU] addr=200031A1 bit=00000002
[SEU] addr=200031BE bit=00000003
[SEU] addr=2000318C bit=00000001
[ERR] seq=5675 err=16
[SEU] addr=2000315F bit=00000000
[CMD QUEUE backup CORRUPTED] backup repaired
[SEU] addr=2000317C bit=00000002
[SEU] addr=2000319D bit=00000003
[SEU] addr=200031B8 bit=00000001
[SEU] addr=20003147 bit=00000002
[SAMPLE QUEUE CORRUPTED] primary repaired
[SEU] addr=200031C2 bit=00000003
[SEU] addr=2000315A bit=00000000
[SEU] addr=2000319E bit=00000004
[SEU] addr=2000315D bit=00000000
[CMD QUEUE backup CORRUPTED] backup repaired
[SEU] addr=200031AC bit=00000005
[SEU] addr=20003179 bit=00000007
[SEU] addr=200031B8 bit=00000006
[SEU] addr=200031B5 bit=00000001
[SEU] addr=200031A7 bit=00000007
[SEU] addr=200031C6 bit=00000002
[SEU] addr=2000316F bit=00000003
[SEU] addr=20003150 bit=00000001
[SAMPLE QUEUE backup CORRUPTED] backup repaired
[SEU] addr=2000317D bit=00000001
[SEU] addr=200031BF bit=00000002
[SEU] addr=20003175 bit=00000006
[SEU] addr=200031CD bit=00000004
[SEU] addr=200031A5 bit=00000006
[SEU] addr=200031D3 bit=00000001
[SEU] addr=20003161 bit=00000007
[SEU] addr=20003176 bit=00000003
[SEU] addr=200031BC bit=00000002
[SEU] addr=200031B9 bit=00000004
[SEU] addr=200031B9 bit=00000003
[SEU] addr=200031AC bit=00000003
[SEU] addr=200031BB bit=00000005
[SEU] addr=200031AD bit=00000007
[SEU] addr=2000316E bit=00000003
[SEU] addr=200031A0 bit=00000002
[SEU] addr=20003193 bit=00000007
[SEU] addr=2000319E bit=00000003
[SEU] addr=20003167 bit=00000000
[SEU] addr=2000316B bit=00000007
[SEU] addr=200031C6 bit=00000006
[SEU] addr=2000317B bit=00000005
[SEU] addr=20003172 bit=00000004
[SEU] addr=20003181 bit=00000004
[SEU] addr=20003179 bit=00000003
[SEU] addr=2000319A bit=00000005
[SEU] addr=2000317A bit=00000000
[SEU] addr=2000314B bit=00000000
[SEU] addr=2000318C bit=00000000
[ERR] seq=5924 err=8
[SEU] addr=20003180 bit=00000004
[SEU] addr=20003196 bit=00000000
[SEU] addr=20003191 bit=00000005
[ERR] seq=5940 err=65536
[ERR] seq=5941 err=5240
[ERR] seq=5942 err=5656
[ERR] seq=5943 err=864
[SEU] addr=20003184 bit=00000000
[ERR] seq=5944 err=600
[ERR] seq=5945 err=104
[ERR] seq=5946 err=48
[ERR] seq=5947 err=8
[SEU] addr=20003150 bit=00000001
[SAMPLE QUEUE backup CORRUPTED] backup repaired
[SEU] addr=2000319E bit=00000004
[SEU] addr=20003196 bit=00000000
[SEU] addr=200031B8 bit=00000005
[SEU] addr=20003168 bit=00000003
[SEU] addr=20003193 bit=00000007
[SEU] addr=200031A4 bit=00000000
[SEU] addr=200031C2 bit=00000006
[SEU] addr=20003157 bit=00000004
[CMD QUEUE CORRUPTED] primary repaired
[SEU] addr=200031C2 bit=00000005
[SEU] addr=20003155 bit=00000002
[CMD QUEUE CORRUPTED] primary repaired
[SEU] addr=200031D3 bit=00000003
[SEU] addr=200031C4 bit=00000002
[SEU] addr=200031CF bit=00000007
[SEU] addr=20003161 bit=00000000
[SEU] addr=2000319B bit=00000002
[SEU] addr=20003145 bit=00000007
[SAMPLE QUEUE CORRUPTED] primary repaired
[SEU] addr=20003150 bit=00000003
[SAMPLE QUEUE backup CORRUPTED] backup repaired
[SEU] addr=200031D6 bit=00000005
[SEU] addr=200031B8 bit=00000007
[SEU] addr=2000316A bit=00000000
[SEU] addr=20003144 bit=00000002
[SAMPLE QUEUE CORRUPTED] primary repaired
[SEU] addr=20003184 bit=00000004
[ERR] seq=6080 err=1304
[ERR] seq=6081 err=96
[ERR] seq=6082 err=96
[SEU] addr=20003145 bit=00000006
[SAMPLE QUEUE CORRUPTED] primary repaired
[SEU] addr=20003185 bit=00000005
[ERR] seq=6090 err=1360
[ERR] seq=6091 err=96
[ERR] seq=6092 err=96
[SEU] addr=200031CA bit=00000001
[SEU] addr=200031C0 bit=00000005
[SEU] addr=200031D6 bit=00000000
[SEU] addr=2000318C bit=00000001
[ERR] seq=6118 err=16
[SEU] addr=200031A7 bit=00000001
[SEU] addr=2000314E bit=00000006
[SAMPLE QUEUE backup CORRUPTED] backup repaired
[SEU] addr=200031C7 bit=00000003
[SEU] addr=20003186 bit=00000001
[ERR] seq=6144 err=2960
[ERR] seq=6145 err=232
[SEU] addr=2000318B bit=00000007
[ERR] seq=6146 err=240
[ERR] seq=6147 err=16
[ERR] seq=6148 err=8
[SEU] addr=200031A9 bit=00000007
[SEU] addr=20003190 bit=00000006
[ERR] seq=6154 err=512
[ERR] seq=6155 err=40
[ERR] seq=6156 err=40
[SEU] addr=2000319C bit=00000000
[SEU] addr=2000316F bit=00000007
[SEU] addr=20003156 bit=00000001
[CMD QUEUE CORRUPTED] primary repaired
[SEU] addr=2000316B bit=00000007
[SEU] addr=2000317E bit=00000001
[SEU] addr=20003176 bit=00000002
[SEU] addr=200031B2 bit=00000004
[SEU] addr=20003181 bit=00000006
[SEU] addr=2000318A bit=00000007
[ERR] seq=6207 err=67108864
[ERR] seq=6208 err=5368704
[ERR] seq=6209 err=5798200
[ERR] seq=6210 err=893352
[ERR] seq=6211 err=535320
[SEU] addr=200031C1 bit=00000006
[ERR] seq=6212 err=114288
[ERR] seq=6213 err=51960
[ERR] seq=6214 err=13288
[ERR] seq=6215 err=5208
[ERR] seq=6216 err=1472
[ERR] seq=6217 err=528
[SEU] addr=20003195 bit=00000006
[ERR] seq=6218 err=152
[ERR] seq=6219 err=48
[ERR] seq=6220 err=8
[SEU] addr=200031B3 bit=00000004
[SEU] addr=2000314D bit=00000007
[SAMPLE QUEUE backup CORRUPTED] backup repaired
[SEU] addr=200031A0 bit=00000001
[SEU] addr=20003180 bit=00000000
[SEU] addr=200031B6 bit=00000002
[SEU] addr=200031D8 bit=00000000
[SEU] addr=20003159 bit=00000000
[SEU] addr=2000316D bit=00000005
[SEU] addr=20003149 bit=00000001
[SEU] addr=20003154 bit=00000004
[CMD QUEUE CORRUPTED] primary repaired
[SEU] addr=200031C6 bit=00000003
[SEU] addr=200031B8 bit=00000004
[SEU] addr=2000314B bit=00000005
[SEU] addr=20003194 bit=00000006
[SEU] addr=20003195 bit=00000004
[SEU] addr=20003187 bit=00000007
[ERR] seq=6308 err=187096
[ERR] seq=6309 err=14960
[ERR] seq=6310 err=16144
[SEU] addr=20003160 bit=00000003
[CMD QUEUE backup CORRUPTED] backup repaired
[ERR] seq=6311 err=2472
[ERR] seq=6312 err=1472
[ERR] seq=6313 err=296
[SEU] addr=200031A6 bit=00000006
[ERR] seq=6314 err=120
[SEU] addr=200031A1 bit=00000000
[ERR] seq=6315 err=8
[SEU] addr=200031A8 bit=00000003
[SEU] addr=20003184 bit=00000001
[ERR] seq=6320 err=184
[SEU] addr=20003180 bit=00000001
[SEU] addr=20003169 bit=00000007
[SEU] addr=20003175 bit=00000002
[SEU] addr=20003147 bit=00000001
[SAMPLE QUEUE CORRUPTED] primary repaired
[SEU] addr=20003194 bit=00000001
[SEU] addr=2000318E bit=00000003
[ERR] seq=6344 err=4194304
[SEU] addr=2000316D bit=00000006
[ERR] seq=6345 err=335544
[ERR] seq=6346 err=362384
[ERR] seq=6347 err=55824
[ERR] seq=6348 err=33448
[ERR] seq=6349 err=7136
[ERR] seq=6350 err=3240
[ERR] seq=6351 err=824
[SEU] addr=2000317C bit=00000007
[ERR] seq=6352 err=320
[ERR] seq=6353 err=88
[SEU] addr=2000317F bit=00000001
[ERR] seq=6354 err=24
[SEU] addr=200031DE bit=00000001
[SEU] addr=2000319B bit=00000004
[SEU] addr=20003157 bit=00000004
[CMD QUEUE CORRUPTED] primary repaired
[SEU] addr=20003156 bit=00000003
[CMD QUEUE CORRUPTED] primary repaired
[SEU] addr=200031AA bit=00000006
[SEU] addr=20003174 bit=00000004
[SEU] addr=20003189 bit=00000004
[ERR] seq=6390 err=32768
[ERR] seq=6391 err=2616
[ERR] seq=6392 err=2824
[ERR] seq=6393 err=432
[ERR] seq=6394 err=256
[ERR] seq=6395 err=48
[ERR] seq=6396 err=16
[SEU] addr=20003170 bit=00000000
[SEU] addr=2000315C bit=00000003
[CMD QUEUE backup CORRUPTED] backup repaired
[SEU] addr=20003175 bit=00000007
[SEU] addr=20003183 bit=00000007
[SEU] addr=2000318C bit=00000004
[ERR] seq=6420 err=128
[ERR] seq=6421 err=8
[ERR] seq=6422 err=8
[SEU] addr=200031C9 bit=00000007
[SEU] addr=2000317A bit=00000006
[SEU] addr=2000314B bit=00000000
[SEU] addr=200031A0 bit=00000006
[SEU] addr=2000316D bit=00000002
[SEU] addr=2000315D bit=00000007
[CMD QUEUE backup CORRUPTED] backup repaired
[SEU] addr=200031B1 bit=00000000
[SEU] addr=200031CB bit=00000000
[SEU] addr=2000314D bit=00000001
[SAMPLE QUEUE backup CORRUPTED] backup repaired
[SEU] addr=20003146 bit=00000006
[SAMPLE QUEUE CORRUPTED] primary repaired
[SEU] addr=2000314D bit=00000001
[SAMPLE QUEUE backup CORRUPTED] backup repaired
[SEU] addr=2000317A bit=00000003
[SEU] addr=2000317D bit=00000006
[SEU] addr=200031CA bit=00000002
[SEU] addr=200031A1 bit=00000002
[SEU] addr=20003151 bit=00000004
[SEU] addr=20003195 bit=00000000
[SEU] addr=2000315D bit=00000002
[CMD QUEUE backup CORRUPTED] backup repaired
[SEU] addr=200031B2 bit=00000000
[SEU] addr=2000314C bit=00000007
[SAMPLE QUEUE backup CORRUPTED] backup repaired
[SEU] addr=200031A1 bit=00000004
[SEU] addr=200031CC bit=00000003
[SEU] addr=20003187 bit=00000001
[ERR] seq=6542 err=9808
[ERR] seq=6543 err=768
[ERR] seq=6544 err=824
[ERR] seq=6545 err=112
[ERR] seq=6546 err=56
[SEU] addr=20003194 bit=00000006
[SEU] addr=2000318B bit=00000006
[SEU] addr=200031D4 bit=00000001
[SEU] addr=20003170 bit=00000007
[SEU] addr=200031D6 bit=00000000
[SEU] addr=20003149 bit=00000003
[SEU] addr=200031AF bit=00000002
[SEU] addr=20003183 bit=00000002
[SEU] addr=200031D3 bit=00000004
[SEU] addr=2000315B bit=00000000
[SEU] addr=2000319C bit=00000000
[SEU] addr=200031A5 bit=00000004
[SEU] addr=2000316E bit=00000003
[SEU] addr=20003189 bit=00000005
[ERR] seq=6613 err=65536
[ERR] seq=6614 err=5240
[ERR] seq=6615 err=5656
[ERR] seq=6616 err=864
[ERR] seq=6617 err=512
[ERR] seq=6618 err=104
[SEU] addr=200031AD bit=00000005
[ERR] seq=6619 err=48
[ERR] seq=6620 err=8
[SEU] addr=200031BA bit=00000002
[SEU] addr=200031B5 bit=00000001
[SEU] addr=2000317B bit=00000003
[SEU] addr=20003150 bit=00000006
[SAMPLE QUEUE backup CORRUPTED] backup repaired
[SEU] addr=2000316D bit=00000001
[SEU] addr=200031CE bit=00000002
[SEU] addr=20003165 bit=00000002
[SEU] addr=200031D3 bit=00000002
[SEU] addr=2000315C bit=00000000
[CMD QUEUE backup CORRUPTED] backup repaired
[SEU] addr=200031A3 bit=00000002
[SEU] addr=20003169 bit=00000002
[SEU] addr=200031BA bit=00000004
[SEU] addr=200031AD bit=00000000
[SEU] addr=20003188 bit=00000006
[ERR] seq=6692 err=512
[ERR] seq=6693 err=40
[ERR] seq=6694 err=40
[SEU] addr=2000318B bit=00000000
[ERR] seq=6697 err=134217728
[ERR] seq=6698 err=10737416
[ERR] seq=6699 err=11596408
[ERR] seq=6700 err=1786704
[ERR] seq=6701 err=1070648
[ERR] seq=6702 err=228584
[ERR] seq=6703 err=103928
[ERR] seq=6704 err=26592
[ERR] seq=6705 err=10432
[SEU] addr=2000317F bit=00000001
[ERR] seq=6706 err=2952
[ERR] seq=6707 err=1064
[ERR] seq=6708 err=312
[ERR] seq=6709 err=104
[SEU] addr=20003197 bit=00000000
[ERR] seq=6710 err=32
[SEU] addr=2000317F bit=00000006
[ERR] seq=6711 err=8
[SEU] addr=2000314B bit=00000002
[SEU] addr=2000316D bit=00000005
[SEU] addr=200031D9 bit=00000003
[SEU] addr=20003146 bit=00000007
[SAMPLE QUEUE CORRUPTED] primary repaired
[SEU] addr=200031D0 bit=00000002
[SEU] addr=20003161 bit=00000000
[SEU] addr=20003172 bit=00000001
[SEU] addr=20003191 bit=00000004
[ERR] seq=6756 err=32768
[ERR] seq=6757 err=2616
[SEU] addr=200031BA bit=00000005
[ERR] seq=6758 err=2824
[ERR] seq=6759 err=432
[ERR] seq=6760 err=256
[ERR] seq=6761 err=48
[ERR] seq=6762 err=16
[SEU] addr=2000317C bit=00000002
[SEU] addr=200031C9 bit=00000006
[SEU] addr=20003195 bit=00000004
[SEU] addr=200031BA bit=00000003
[SEU] addr=200031AE bit=00000001
[SEU] addr=2000315A bit=00000005
[SEU] addr=200031DC bit=00000002
[SEU] addr=200031AA bit=00000007
[SEU] addr=200031B3 bit=00000005
[SEU] addr=2000319F bit=00000000
[SEU] addr=20003182 bit=00000006
[SEU] addr=2000314C bit=00000003
[SAMPLE QUEUE backup CORRUPTED] backup repaired
[SEU] addr=2000315A bit=00000005
[SEU] addr=200031B3 bit=00000000
[SEU] addr=20003199 bit=00000007
[SEU] addr=2000318D bit=00000006
[ERR] seq=6849 err=131072
[ERR] seq=6850 err=10480
[ERR] seq=6851 err=11312
[ERR] seq=6852 err=1736
[ERR] seq=6853 err=1040
[ERR] seq=6854 err=216
[ERR] seq=6855 err=96
[SEU] addr=20003175 bit=00000005
[ERR] seq=6856 err=16
[SEU] addr=200031CF bit=00000000
[SEU] addr=20003159 bit=00000005
[SEU] addr=2000314F bit=00000000
[SAMPLE QUEUE backup CORRUPTED] backup repaired
[SEU] addr=200031A8 bit=00000006
[SEU] addr=20003153 bit=00000007
[SEU] addr=20003147 bit=00000001
[SAMPLE QUEUE CORRUPTED] primary repaired
[SEU] addr=200031D5 bit=00000004
[SEU] addr=20003178 bit=00000002
[SEU] addr=200031BC bit=00000004
[SEU] addr=200031A1 bit=00000003
[SEU] addr=20003168 bit=00000007
[SEU] addr=200031C9 bit=00000006
[SEU] addr=200031BA bit=00000002
[SEU] addr=20003151 bit=00000000
[SEU] addr=200031A7 bit=00000001
[SEU] addr=200031BE bit=00000003
[SEU] addr=2000318A bit=00000006
[ERR] seq=6953 err=33554432
[ERR] seq=6954 err=2684352
[ERR] seq=6955 err=2899096
[ERR] seq=6956 err=446664
[ERR] seq=6957 err=267648
[ERR] seq=6958 err=57136
[ERR] seq=6959 err=25976
[ERR] seq=6960 err=6640
[ERR] seq=6961 err=2600
[SEU] addr=2000314F bit=00000001
[SAMPLE QUEUE backup CORRUPTED] backup repaired
[ERR] seq=6962 err=736
[ERR] seq=6963 err=264
[SEU] addr=200031A2 bit=00000006
[ERR] seq=6964 err=72
[ERR] seq=6965 err=16
[SEU] addr=200031BD bit=00000001
[SEU] addr=2000316F bit=00000007
[SEU] addr=20003168 bit=00000003
[SEU] addr=200031DC bit=00000003
[SEU] addr=20003171 bit=00000002
[SEU] addr=2000318D bit=00000003
[ERR] seq=7000 err=16384
[ERR] seq=7001 err=1304
[ERR] seq=7002 err=1408
[SEU] addr=200031AC bit=00000004
[ERR] seq=7003 err=216
[ERR] seq=7004 err=128
[ERR] seq=7005 err=24
[SEU] addr=20003169 bit=00000003
[ERR] seq=7006 err=8
[SEU] addr=2000317F bit=00000000
[SEU] addr=200031C3 bit=00000005
[SEU] addr=2000318E bit=00000002
[ERR] seq=7015 err=2097152
[ERR] seq=7016 err=167768
[ERR] seq=7017 err=181184
[ERR] seq=7018 err=27904
[ERR] seq=7019 err=16720
[ERR] seq=7020 err=3568
[SEU] addr=2000317E bit=00000005
[ERR] seq=7021 err=1616
[ERR] seq=7022 err=408
[ERR] seq=7023 err=160
[SEU] addr=2000318D bit=00000006
[ERR] seq=7024 err=131032
[ERR] seq=7025 err=10472
[ERR] seq=7026 err=11312
[ERR] seq=7027 err=1736
[ERR] seq=7028 err=1040
[ERR] seq=7029 err=216
[SEU] addr=200031D4 bit=00000004
[ERR] seq=7030 err=96
[ERR] seq=7031 err=16
[SEU] addr=20003165 bit=00000002
[SEU] addr=200031A5 bit=00000001
[SEU] addr=200031CB bit=00000001
[SEU] addr=200031B8 bit=00000006
[SEU] addr=200031D9 bit=00000007
[SEU] addr=200031D9 bit=00000004
[SEU] addr=200031AE bit=00000005
[SEU] addr=200031B6 bit=00000003
[SEU] addr=200031A6 bit=00000007
[SEU] addr=200031AC bit=00000005
[SEU] addr=200031DB bit=00000003
[SEU] addr=20003180 bit=00000006
[SEU] addr=200031CC bit=00000003
[SEU] addr=20003164 bit=00000004
[SEU] addr=20003177 bit=00000000
[SEU] addr=20003149 bit=00000001
[SEU] addr=2000315A bit=00000007
[SEU] addr=200031BC bit=00000006
[SEU] addr=200031DA bit=00000004
[SEU] addr=200031D4 bit=00000001
[SEU] addr=200031D6 bit=00000001
[SEU] addr=200031AA bit=00000003
[SEU] addr=200031C3 bit=00000004
[SEU] addr=200031C0 bit=00000004
[SEU] addr=200031D1 bit=00000003
[SEU] addr=2000315D bit=00000001
[CMD QUEUE backup CORRUPTED] backup repaired
[SEU] addr=2000318E bit=00000003
[ERR] seq=7177 err=4194304
[ERR] seq=7178 err=335544
[ERR] seq=7179 err=362384
[ERR] seq=7180 err=55824
[ERR] seq=7181 err=33448
[SEU] addr=2000314A bit=00000006
[ERR] seq=7182 err=7136
[ERR] seq=7183 err=3240
[SEU] addr=2000315D bit=00000005
[CMD QUEUE backup CORRUPTED] backup repaired
[ERR] seq=7184 err=824
[ERR] seq=7185 err=320
[ERR] seq=7186 err=88
[ERR] seq=7187 err=24
[SEU] addr=200031C3 bit=00000001
[SEU] addr=200031BA bit=00000002
[SEU] addr=200031B4 bit=00000006
[SEU] addr=20003171 bit=00000002
[SEU] addr=2000317A bit=00000001
[SEU] addr=20003194 bit=00000000
[SEU] addr=200031CD bit=00000006
[SEU] addr=200031A4 bit=00000002
[SEU] addr=2000317D bit=00000006
[SEU] addr=200031A5 bit=00000007
[SEU] addr=200031BA bit=00000000
[SEU] addr=2000317F bit=00000002
[SEU] addr=200031B2 bit=00000000
[SEU] addr=2000315A bit=00000006
[SEU] addr=2000318C bit=00000007
[ERR] seq=7254 err=1024
[ERR] seq=7255 err=80
[SEU] addr=20003179 bit=00000000
[ERR] seq=7256 err=80
[SEU] addr=200031DF bit=00000003
[SEU] addr=200031D4 bit=00000007
[SEU] addr=2000319D bit=00000004
[SEU] addr=200031D9 bit=00000007
[SEU] addr=200031A3 bit=00000000
[SEU] addr=20003199 bit=00000007
[SEU] addr=20003197 bit=00000004
[SEU] addr=20003151 bit=00000002
[SEU] addr=20003189 bit=00000007
[ERR] seq=7300 err=262144
[SEU] addr=20003155 bit=00000003
[CMD QUEUE CORRUPTED] primary repaired
[ERR] seq=7301 err=20968
[ERR] seq=7302 err=22640
[ERR] seq=7303 err=3480
[ERR] seq=7304 err=2080
[ERR] seq=7305 err=432
[ERR] seq=7306 err=192
[ERR] seq=7307 err=40
[ERR] seq=7308 err=8
[SEU] addr=20003172 bit=00000004
[SEU] addr=20003184 bit=00000002
[ERR] seq=7317 err=136
[SEU] addr=2000315A bit=00000002
[SEU] addr=2000316F bit=00000004
[SEU] addr=20003176 bit=00000004
[SEU] addr=20003194 bit=00000000
[SEU] addr=20003168 bit=00000000
[SEU] addr=200031B5 bit=00000005
[SEU] addr=20003169 bit=00000000
[SEU] addr=20003161 bit=00000004
[SEU] addr=20003148 bit=00000000
[SAMPLE QUEUE CORRUPTED] primary repaired
[SEU] addr=200031A4 bit=00000000
[SEU] addr=20003161 bit=00000004
[SEU] addr=2000318C bit=00000000
[ERR] seq=7379 err=8
[SEU] addr=20003154 bit=00000004
[CMD QUEUE CORRUPTED] primary repaired
[SEU] addr=20003168 bit=00000004
[SEU] addr=2000317D bit=00000006
[SEU] addr=200031B2 bit=00000001
[SEU] addr=20003177 bit=00000006
[SEU] addr=20003198 bit=00000000
[SEU] addr=20003187 bit=00000006
[ERR] seq=7417 err=3224
[ERR] seq=7418 err=240
[ERR] seq=7419 err=248
[ERR] seq=7420 err=16
[ERR] seq=7421 err=8
[SEU] addr=200031CF bit=00000006
[SEU] addr=20003161 bit=00000002
[SEU] addr=200031B7 bit=00000007
[SEU] addr=20003160 bit=00000003
[CMD QUEUE backup CORRUPTED] backup repaired
[SEU] addr=200031A0 bit=00000007
[SEU] addr=200031B2 bit=00000003
[SEU] addr=2000317E bit=00000000
[SEU] addr=20003169 bit=00000000
[SEU] addr=2000317B bit=00000005
[SEU] addr=200031B8 bit=00000001
[SEU] addr=20003183 bit=00000002
[SEU] addr=2000317C bit=00000003
[SEU] addr=20003187 bit=00000007
[ERR] seq=7488 err=161192
[ERR] seq=7489 err=12888
[ERR] seq=7490 err=13912
[ERR] seq=7491 err=2120
[ERR] seq=7492 err=1248
[ERR] seq=7493 err=240
[SEU] addr=20003150 bit=00000004
[SAMPLE QUEUE backup CORRUPTED] backup repaired
[ERR] seq=7494 err=96
[ERR] seq=7495 err=8
[SEU] addr=200031B8 bit=00000003
[SEU] addr=200031DC bit=00000006
[SEU] addr=200031CD bit=00000002
[SEU] addr=200031DC bit=00000003
[SEU] addr=20003172 bit=00000002
[SEU] addr=200031A8 bit=00000002
[SEU] addr=200031A7 bit=00000000
[SEU] addr=200031A4 bit=00000000
[SEU] addr=200031C1 bit=00000006
[SEU] addr=200031D0 bit=00000004
[SEU] addr=200031D2 bit=00000007
[SEU] addr=200031AE bit=00000001
[SEU] addr=200031C5 bit=00000004
[SEU] addr=2000318B bit=00000002
[ERR] seq=7575 err=536870912
[ERR] seq=7576 err=42949672
[ERR] seq=7577 err=46385640
[ERR] seq=7578 err=7146816
[ERR] seq=7579 err=4282592
[ERR] seq=7580 err=914344
[ERR] seq=7581 err=415744
[ERR] seq=7582 err=106400
[SEU] addr=200031A4 bit=00000006
[ERR] seq=7583 err=41768
[ERR] seq=7584 err=11848
[ERR] seq=7585 err=4280
[ERR] seq=7586 err=1280
[ERR] seq=7587 err=432
[SEU] addr=2000319B bit=00000000
[ERR] seq=7588 err=128
[ERR] seq=7589 err=40
[SEU] addr=200031B3 bit=00000002
[ERR] seq=7590 err=8
[SEU] addr=2000314C bit=00000002
[SAMPLE QUEUE backup CORRUPTED] backup repaired
[SEU] addr=200031C2 bit=00000000
[SEU] addr=20003198 bit=00000000
[SEU] addr=200031A4 bit=00000004
[SEU] addr=20003155 bit=00000004
[CMD QUEUE CORRUPTED] primary repaired
[SEU] addr=20003160 bit=00000000
[CMD QUEUE backup CORRUPTED] backup repaired
[SEU] addr=20003197 bit=00000002
[SEU] addr=200031A7 bit=00000005
[SEU] addr=200031D0 bit=00000004
[SEU] addr=20003168 bit=00000001
[SEU] addr=2000315B bit=00000002
[SEU] addr=200031B4 bit=00000007
[SEU] addr=200031A6 bit=00000003
[SEU] addr=20003182 bit=00000005
[SEU] addr=20003184 bit=00000001
[ERR] seq=7675 err=64
[SEU] addr=200031A1 bit=00000007
[SEU] addr=200031CD bit=00000004
[SEU] addr=2000316D bit=00000002
[SEU] addr=200031A6 bit=00000003
[SEU] addr=20003173 bit=00000005
[SEU] addr=2000315E bit=00000007
[CMD QUEUE backup CORRUPTED] backup repaired
[SEU] addr=20003165 bit=00000003
[SEU] addr=2000318A bit=00000001
[ERR] seq=7722 err=1048576
[ERR] seq=7723 err=83880
[ERR] seq=7724 err=90584
[ERR] seq=7725 err=13944
[ERR] seq=7726 err=8352
[ERR] seq=7727 err=1776
[ERR] seq=7728 err=800
[ERR] seq=7729 err=200
[SEU] addr=200031B2 bit=00000007
[ERR] seq=7730 err=80
[ERR] seq=7731 err=16
[SEU] addr=20003175 bit=00000002
[SEU] addr=20003166 bit=00000000
[SEU] addr=2000319E bit=00000003
[SEU] addr=2000314E bit=00000000
[SAMPLE QUEUE backup CORRUPTED] backup repaired
[SEU] addr=2000314D bit=00000003
[SAMPLE QUEUE backup CORRUPTED] backup repaired
[SEU] addr=200031D6 bit=00000004
[SEU] addr=200031B2 bit=00000006
[SEU] addr=20003168 bit=00000006
[SEU] addr=200031D1 bit=00000001
[SEU] addr=20003176 bit=00000005
[SEU] addr=200031AD bit=00000007
[SEU] addr=20003172 bit=00000005
[SEU] addr=20003159 bit=00000001
[SEU] addr=2000315B bit=00000007
[SEU] addr=200031D4 bit=00000005
[SEU] addr=200031BF bit=00000002
[SEU] addr=20003164 bit=00000003
[SEU] addr=200031D3 bit=00000006
[SEU] addr=200031D1 bit=00000006
[SEU] addr=20003199 bit=00000000
[SEU] addr=20003155 bit=00000004
[CMD QUEUE CORRUPTED] primary repaired
[SEU] addr=200031B4 bit=00000003
[SEU] addr=2000319C bit=00000005
[SEU] addr=2000316E bit=00000006
[SEU] addr=20003144 bit=00000003
[SAMPLE QUEUE CORRUPTED] primary repaired
[SEU] addr=200031A0 bit=00000001
[SEU] addr=20003167 bit=00000001
[SEU] addr=200031BF bit=00000005
[SEU] addr=200031AD bit=00000007
[SEU] addr=200031C5 bit=00000002
[SEU] addr=20003189 bit=00000004
[ERR] seq=7927 err=32768
[ERR] seq=7928 err=2616
[ERR] seq=7929 err=2824
[ERR] seq=7930 err=432
[ERR] seq=7931 err=256
[ERR] seq=7932 err=48
[ERR] seq=7933 err=16
[SEU] addr=200031D8 bit=00000001
[SEU] addr=20003164 bit=00000007
[SEU] addr=2000316E bit=00000005
[SEU] addr=20003161 bit=00000000
[SEU] addr=2000318D bit=00000002
[ERR] seq=7955 err=8192
[ERR] seq=7956 err=648
[ERR] seq=7957 err=696
[ERR] seq=7958 err=96
[ERR] seq=7959 err=48
[SEU] addr=20003177 bit=00000005
[SEU] addr=200031A5 bit=00000006
[SEU] addr=200031A9 bit=00000006
[SEU] addr=20003197 bit=00000006
[SEU] addr=200031AB bit=00000007
[SEU] addr=200031DC bit=00000000
[SEU] addr=2000319F bit=00000000
[SEU] addr=2000317D bit=00000006
[SEU] addr=2000319C bit=00000007
[SEU] addr=20003190 bit=00000006
[ERR] seq=8010 err=512
[ERR] seq=8011 err=40
[ERR] seq=8012 err=40
[SEU] addr=20003151 bit=00000004
[SEU] addr=20003164 bit=00000004
[SEU] addr=20003187 bit=00000007
[ERR] seq=8024 err=18656
[ERR] seq=8025 err=1472
[SEU] addr=200031D4 bit=00000007
[ERR] seq=8026 err=1584
[ERR] seq=8027 err=224
[ERR] seq=8028 err=120
[ERR] seq=8029 err=8
[SEU] addr=200031D9 bit=00000001
[SEU] addr=20003172 bit=00000002
[SEU] addr=2000317F bit=00000006
[SEU] addr=2000314B bit=00000003
[SEU] addr=200031D7 bit=00000001
[SEU] addr=200031BC bit=00000001
[SEU] addr=200031BB bit=00000005
[SEU] addr=200031B4 bit=00000000
[SEU] addr=200031CE bit=00000004
[SEU] addr=20003155 bit=00000006
[CMD QUEUE CORRUPTED] primary repaired
[SEU] addr=2000319C bit=00000000
[SEU] addr=200031CF bit=00000004
[SEU] addr=200031C8 bit=00000004
[SEU] addr=2000318A bit=00000000
[ERR] seq=8102 err=524288
[ERR] seq=8103 err=41936
[ERR] seq=8104 err=45288
[ERR] seq=8105 err=6968
[ERR] seq=8106 err=4168
[ERR] seq=8107 err=880
[ERR] seq=8108 err=392
[ERR] seq=8109 err=88
[ERR] seq=8110 err=24
[SEU] addr=2000317D bit=00000002
[SEU] addr=200031A3 bit=00000002
[SEU] addr=2000314F bit=00000003
[SAMPLE QUEUE backup CORRUPTED] backup repaired
[SEU] addr=20003184 bit=00000000
[ERR] seq=8132 err=96
[SEU] addr=20003148 bit=00000005
[SAMPLE QUEUE CORRUPTED] primary repaired
[SEU] addr=20003187 bit=00000004
[ERR] seq=8146 err=1168
[ERR] seq=8147 err=88
[ERR] seq=8148 err=88
[SEU] addr=200031C4 bit=00000002
[SEU] addr=2000319C bit=00000004
[SEU] addr=20003161 bit=00000005
[SEU] addr=2000314F bit=00000005
[SAMPLE QUEUE backup CORRUPTED] backup repaired
[SEU] addr=200031C0 bit=00000006
[SEU] addr=200031DB bit=00000000
[SEU] addr=20003189 bit=00000004
[ERR] seq=8175 err=32768
[ERR] seq=8176 err=2616
[ERR] seq=8177 err=2824
[ERR] seq=8178 err=432
[ERR] seq=8179 err=256
[ERR] seq=8180 err=48
[ERR] seq=8181 err=16
[SEU] addr=2000317E bit=00000007
[SEU] addr=200031DD bit=00000007
[SEU] addr=20003180 bit=00000005
[SEU] addr=20003169 bit=00000002
[SEU] addr=2000314F bit=00000004
[SAMPLE QUEUE backup CORRUPTED] backup repaired
[SEU] addr=20003160 bit=00000002
[CMD QUEUE backup CORRUPTED] backup repaired
[SEU] addr=20003156 bit=00000002
[CMD QUEUE CORRUPTED] primary repaired
[SEU] addr=200031C2 bit=00000004
[SEU] addr=200031C8 bit=00000005
[SEU] addr=200031AB bit=00000005
[SEU] addr=20003145 bit=00000006
[SAMPLE QUEUE CORRUPTED] primary repaired
[SEU] addr=20003185 bit=00000004
[ERR] seq=8254 err=9832
[SEU] addr=200031AD bit=00000003
[ERR] seq=8255 err=768
[ERR] seq=8256 err=824
[ERR] seq=8257 err=112
[ERR] seq=8258 err=56
[SEU] addr=200031B2 bit=00000004
[SEU] addr=20003196 bit=00000007
[SEU] addr=200031D5 bit=00000001
[SEU] addr=2000319C bit=00000004
[SEU] addr=20003196 bit=00000001
[SEU] addr=2000319D bit=00000001
[SEU] addr=20003149 bit=00000006
[SEU] addr=20003180 bit=00000003
[SEU] addr=20003187 bit=00000005
[ERR] seq=8296 err=3368
[ERR] seq=8297 err=264
[ERR] seq=8298 err=272
[ERR] seq=8299 err=16
[ERR] seq=8300 err=8
[SEU] addr=200031C0 bit=00000000
[SEU] addr=20003170 bit=00000001
[SEU] addr=20003165 bit=00000006
[SEU] addr=2000318E bit=00000000
[ERR] seq=8310 err=524288
[ERR] seq=8311 err=41936
[ERR] seq=8312 err=45288
[ERR] seq=8313 err=6968
[ERR] seq=8314 err=4168
[ERR] seq=8315 err=880
[SEU] addr=20003165 bit=00000002
[ERR] seq=8316 err=392
[ERR] seq=8317 err=88
[ERR] seq=8318 err=24
[SEU] addr=20003161 bit=00000000
[SEU] addr=200031B2 bit=00000007
[SEU] addr=20003195 bit=00000002
[SEU] addr=200031B2 bit=00000005
[SEU] addr=20003147 bit=00000001
[SAMPLE QUEUE CORRUPTED] primary repaired
[SEU] addr=2000318A bit=00000006
[ERR] seq=8348 err=33554432
[ERR] seq=8349 err=2684352
[ERR] seq=8350 err=2899096
[ERR] seq=8351 err=446664
[ERR] seq=8352 err=267648
[ERR] seq=8353 err=57136
[ERR] seq=8354 err=25976
[ERR] seq=8355 err=6640
[ERR] seq=8356 err=2600
[SEU] addr=20003149 bit=00000002
[ERR] seq=8357 err=736
[ERR] seq=8358 err=264
[ERR] seq=8359 err=72
[ERR] seq=8360 err=16
[SEU] addr=200031A3 bit=00000005
[SEU] addr=2000314A bit=00000005
[SEU] addr=200031B3 bit=00000001
[SEU] addr=200031D2 bit=00000007
[SEU] addr=2000318C bit=00000003
[ERR] seq=8383 err=64
[SEU] addr=20003190 bit=00000005
[ERR] seq=8389 err=256
[ERR] seq=8390 err=16
[ERR] seq=8391 err=16
[SEU] addr=2000316D bit=00000001
[SEU] addr=20003174 bit=00000002
[SEU] addr=200031B1 bit=00000000
[SEU] addr=20003188 bit=00000006
[ERR] seq=8402 err=512
[ERR] seq=8403 err=40
[ERR] seq=8404 err=40
[SEU] addr=200031DF bit=00000004
[SEU] addr=20003164 bit=00000000
[SEU] addr=200031B0 bit=00000004
[SEU] addr=2000319F bit=00000005
[SEU] addr=20003186 bit=00000001
[ERR] seq=8435 err=3352
[ERR] seq=8436 err=264
[ERR] seq=8437 err=272
[ERR] seq=8438 err=16
[SEU] addr=200031C9 bit=00000003
[ERR] seq=8439 err=8
[SEU] addr=200031D7 bit=00000002
[SEU] addr=20003188 bit=00000001
[ERR] seq=8454 err=16
[SEU] addr=20003168 bit=00000007
[SEU] addr=20003161 bit=00000003
[SEU] addr=2000314E bit=00000003
[SAMPLE QUEUE backup CORRUPTED] backup repaired
[SEU] addr=2000314A bit=00000001
[SEU] addr=20003157 bit=00000000
[CMD QUEUE CORRUPTED] primary repaired
[SEU] addr=200031A7 bit=00000002
[SEU] addr=20003148 bit=00000007
[SAMPLE QUEUE CORRUPTED] primary repaired
[SEU] addr=200031A5 bit=00000001
[SEU] addr=2000317A bit=00000004
[SEU] addr=20003166 bit=00000003
[SEU] addr=20003180 bit=00000006
[SEU] addr=20003166 bit=00000006
[SEU] addr=200031DD bit=00000000
[SEU] addr=20003186 bit=00000006
[ERR] seq=8544 err=3864
[ERR] seq=8545 err=304
[ERR] seq=8546 err=312
[ERR] seq=8547 err=16
[ERR] seq=8548 err=8
[SEU] addr=200031B7 bit=00000005
[SEU] addr=200031C4 bit=00000005
[SEU] addr=200031A5 bit=00000007
[SEU] addr=200031A5 bit=00000002
[SEU] addr=200031D5 bit=00000004
[SEU] addr=20003148 bit=00000000
[SAMPLE QUEUE CORRUPTED] primary repaired
[SEU] addr=2000319B bit=00000000
[SEU] addr=20003199 bit=00000002
[SEU] addr=2000317B bit=00000002
[SEU] addr=200031AB bit=00000005
[SEU] addr=200031CE bit=00000007
[SEU] addr=200031C5 bit=00000002
[SEU] addr=200031AE bit=00000006
[SEU] addr=200031D7 bit=00000004
[SEU] addr=20003152 bit=00000002
[SEU] addr=2000314F bit=00000000
[SAMPLE QUEUE backup CORRUPTED] backup repaired
[SEU] addr=200031B4 bit=00000004
[SEU] addr=200031B9 bit=00000007
[SEU] addr=20003168 bit=00000007
[SEU] addr=200031AC bit=00000002
[SEU] addr=200031BA bit=00000007
[SEU] addr=20003158 bit=00000002
[CMD QUEUE CORRUPTED] primary repaired
[SEU] addr=200031CD bit=00000004
[SEU] addr=20003195 bit=00000004
[SEU] addr=20003169 bit=00000002
[SEU] addr=200031C2 bit=00000001
[SEU] addr=2000316C bit=00000005
[SEU] addr=20003190 bit=00000006
[ERR] seq=8725 err=512
[ERR] seq=8726 err=40
[ERR] seq=8727 err=40
[SEU] addr=200031C6 bit=00000003
[SEU] addr=20003164 bit=00000005
[SEU] addr=200031DB bit=00000000
[SEU] addr=20003180 bit=00000001
[SEU] addr=200031AA bit=00000002
[SEU] addr=2000318C bit=00000002
[ERR] seq=8774 err=32
[SEU] addr=200031AA bit=00000004
[SEU] addr=200031B1 bit=00000003
[SEU] addr=20003163 bit=00000005
[SEU] addr=200031D5 bit=00000005
[SEU] addr=200031BC bit=00000003
[SEU] addr=20003189 bit=00000006
[ERR] seq=8805 err=131072
[ERR] seq=8806 err=10480
[ERR] seq=8807 err=11312
[ERR] seq=8808 err=1736
[ERR] seq=8809 err=1040
[SEU] addr=200031BF bit=00000003
[ERR] seq=8810 err=216
[ERR] seq=8811 err=96
[ERR] seq=8812 err=16
[SEU] addr=20003149 bit=00000003
[SEU] addr=200031AC bit=00000006
[SEU] addr=200031A4 bit=00000001
[SEU] addr=20003148 bit=00000001
[SAMPLE QUEUE CORRUPTED] primary repaired
[SEU] addr=20003185 bit=00000000
[ERR] seq=8832 err=9224
[SEU] addr=2000314C bit=00000007
[SAMPLE QUEUE backup CORRUPTED] backup repaired
[ERR] seq=8833 err=736
[ERR] seq=8834 err=784
[ERR] seq=8835 err=96
[ERR] seq=8836 err=48
[SEU] addr=20003199 bit=00000004
[SEU] addr=2000319B bit=00000004
[SEU] addr=200031C3 bit=00000005
[SEU] addr=200031D4 bit=00000006
[SEU] addr=2000315B bit=00000005
[SEU] addr=200031B4 bit=00000001
[SEU] addr=20003165 bit=00000006
[SEU] addr=200031D4 bit=00000000
[SEU] addr=200031A1 bit=00000007
[SEU] addr=2000316C bit=00000006
[SEU] addr=2000317E bit=00000004
[SEU] addr=20003158 bit=00000001
[CMD QUEUE CORRUPTED] primary repaired
[SEU] addr=2000315B bit=00000006
[SEU] addr=200031A9 bit=00000003
[SEU] addr=20003184 bit=00000001
[ERR] seq=8930 err=64
[SEU] addr=20003157 bit=00000004
[CMD QUEUE CORRUPTED] primary repaired
[SEU] addr=20003168 bit=00000006
[SEU] addr=200031D3 bit=00000003
[SEU] addr=2000318A bit=00000005
[ERR] seq=8943 err=16777216
[ERR] seq=8944 err=1342176
[ERR] seq=8945 err=1449544
[ERR] seq=8946 err=223328
[ERR] seq=8947 err=133824
[SEU] addr=20003168 bit=00000003
[ERR] seq=8948 err=28568
[ERR] seq=8949 err=12984
[ERR] seq=8950 err=3312
[ERR] seq=8951 err=1296
[SEU] addr=20003172 bit=00000004
[ERR] seq=8952 err=360
[ERR] seq=8953 err=120
[ERR] seq=8954 err=32
[ERR] seq=8955 err=8
[SEU] addr=20003183 bit=00000004
[SEU] addr=200031A1 bit=00000004
[SEU] addr=20003181 bit=00000000
[SEU] addr=20003180 bit=00000003
[SEU] addr=200031BE bit=00000001
[SEU] addr=200031D6 bit=00000005
[SEU] addr=200031D9 bit=00000002
[SEU] addr=20003144 bit=00000005
[SAMPLE QUEUE CORRUPTED] primary repaired
[SEU] addr=20003197 bit=00000003
[SEU] addr=20003145 bit=00000001
[SAMPLE QUEUE CORRUPTED] primary repaired
[SEU] addr=20003154 bit=00000004
[CMD QUEUE CORRUPTED] primary repaired
[SEU] addr=200031D6 bit=00000004
[SEU] addr=200031DD bit=00000004
[SEU] addr=20003173 bit=00000007
[SEU] addr=200031A3 bit=00000006
[SEU] addr=200031C5 bit=00000007
[SEU] addr=200031B6 bit=00000005
[SEU] addr=20003170 bit=00000004
[SEU] addr=200031B0 bit=00000002
[SEU] addr=20003174 bit=00000000
[SEU] addr=200031DB bit=00000001
[SEU] addr=200031A9 bit=00000007
[SEU] addr=200031CE bit=00000001
[SEU] addr=200031D6 bit=00000007
[SEU] addr=20003146 bit=00000006
[SAMPLE QUEUE CORRUPTED] primary repaired
[SEU] addr=2000317E bit=00000007
[SEU] addr=2000319D bit=00000007
[SEU] addr=200031BA bit=00000003
[SEU] addr=20003194 bit=00000001
[SEU] addr=20003165 bit=00000006
[SEU] addr=200031DA bit=00000001
[SEU] addr=20003168 bit=00000003
[SEU] addr=2000314F bit=00000007
[SAMPLE QUEUE backup CORRUPTED] backup repaired
[SEU] addr=200031DA bit=00000004
[SEU] addr=20003192 bit=00000002
[ERR] seq=9150 err=2097152
[ERR] seq=9151 err=167768
[ERR] seq=9152 err=181184
[ERR] seq=9153 err=27904
[ERR] seq=9154 err=16720
[ERR] seq=9155 err=3568
[SEU] addr=2000317F bit=00000005
[ERR] seq=9156 err=1616
[ERR] seq=9157 err=408
[ERR] seq=9158 err=160
[ERR] seq=9159 err=40
[SEU] addr=200031D1 bit=00000006
[ERR] seq=9160 err=8
[SEU] addr=20003176 bit=00000007
[SEU] addr=200031BC bit=00000003
[SEU] addr=200031B3 bit=00000005
[SEU] addr=20003177 bit=00000004
[SEU] addr=200031BD bit=00000001
[SEU] addr=2000318F bit=00000006
[SEU] addr=200031C2 bit=00000005
[SEU] addr=200031CC bit=00000005
[SEU] addr=200031C8 bit=00000006
[SEU] addr=200031DF bit=00000001
[SEU] addr=20003170 bit=00000007
[SEU] addr=20003158 bit=00000004
[CMD QUEUE CORRUPTED] primary repaired
[SEU] addr=20003163 bit=00000004
[SEU] addr=200031BD bit=00000001
[SEU] addr=20003158 bit=00000006
[CMD QUEUE CORRUPTED] primary repaired
[SEU] addr=20003165 bit=00000004
[SEU] addr=2000315A bit=00000005
[SEU] addr=20003177 bit=00000001
[SEU] addr=20003185 bit=00000006
[ERR] seq=9261 err=13088
[SEU] addr=2000317E bit=00000003
[ERR] seq=9262 err=1032
[ERR] seq=9263 err=1096
[ERR] seq=9264 err=136
[ERR] seq=9265 err=72
[SEU] addr=2000315F bit=00000005
[CMD QUEUE backup CORRUPTED] backup repaired
[SEU] addr=20003189 bit=00000004
[ERR] seq=9272 err=32768
[ERR] seq=9273 err=2616
[ERR] seq=9274 err=2824
[ERR] seq=9275 err=432
[ERR] seq=9276 err=256
[ERR] seq=9277 err=48
[ERR] seq=9278 err=16
[SEU] addr=200031B3 bit=00000001
[SEU] addr=2000316D bit=00000001
[SEU] addr=200031B6 bit=00000006
[SEU] addr=200031B6 bit=00000001
[SEU] addr=20003175 bit=00000003
[SEU] addr=200031D1 bit=00000004
[SEU] addr=20003197 bit=00000005
[SEU] addr=2000314F bit=00000006
[SAMPLE QUEUE backup CORRUPTED] backup repaired
[SEU] addr=20003182 bit=00000000
[SEU] addr=200031CD bit=00000004
[SEU] addr=20003192 bit=00000004
[ERR] seq=9330 err=8388608
[ERR] seq=9331 err=671088
[ERR] seq=9332 err=724768
[ERR] seq=9333 err=111656
[SEU] addr=20003187 bit=00000003
[ERR] seq=9334 err=67480
[ERR] seq=9335 err=14312
[SEU] addr=2000314A bit=00000003
[ERR] seq=9336 err=6520
[ERR] seq=9337 err=1648
[SEU] addr=200031C1 bit=00000002
[ERR] seq=9338 err=640
[ERR] seq=9339 err=176
[ERR] seq=9340 err=56
[SEU] addr=20003199 bit=00000002
[ERR] seq=9341 err=8
[SEU] addr=20003163 bit=00000006
[SEU] addr=200031DC bit=00000006
[SEU] addr=20003184 bit=00000003
[ERR] seq=9362 err=1144
[ERR] seq=9363 err=88
[ERR] seq=9364 err=88
[SEU] addr=200031B4 bit=00000001
[SEU] addr=200031B5 bit=00000003
[SEU] addr=200031C9 bit=00000007
[SEU] addr=20003160 bit=00000006
[CMD QUEUE backup CORRUPTED] backup repaired
[SEU] addr=20003172 bit=00000004
[SEU] addr=200031CA bit=00000000
[SEU] addr=20003176 bit=00000004
[SEU] addr=200031A2 bit=00000006
[SEU] addr=2000316B bit=00000005
[SEU] addr=200031DB bit=00000005
[SEU] addr=20003155 bit=00000001
[CMD QUEUE CORRUPTED] primary repaired
[SEU] addr=2000314D bit=00000007
[SAMPLE QUEUE backup CORRUPTED] backup repaired
[SEU] addr=20003150 bit=00000007
[SAMPLE QUEUE backup CORRUPTED] backup repaired
[SEU] addr=200031B5 bit=00000006
[SEU] addr=20003144 bit=00000003
[SAMPLE QUEUE CORRUPTED] primary repaired
[SEU] addr=20003181 bit=00000000
[SEU] addr=20003154 bit=00000007
[CMD QUEUE CORRUPTED] primary repaired
[SEU] addr=20003146 bit=00000005
[SAMPLE QUEUE CORRUPTED] primary repaired
[SEU] addr=20003178 bit=00000004
[SEU] addr=200031D1 bit=00000006
[SEU] addr=200031B7 bit=00000000
[SEU] addr=200031D5 bit=00000001
[SEU] addr=20003186 bit=00000000
[ERR] seq=9469 err=856
[ERR] seq=9470 err=56
[ERR] seq=9471 err=56
[SEU] addr=200031B6 bit=00000002
[SEU] addr=2000316B bit=00000003
[SEU] addr=200031BD bit=00000007
[SEU] addr=20003174 bit=00000002
[SEU] addr=20003177 bit=00000001
[SEU] addr=2000318D bit=00000005
[ERR] seq=9507 err=65536
[ERR] seq=9508 err=5240
[ERR] seq=9509 err=5656
[ERR] seq=9510 err=864
[ERR] seq=9511 err=512
[SEU] addr=2000315E bit=00000000
[CMD QUEUE backup CORRUPTED] backup repaired
[ERR] seq=9512 err=104
[ERR] seq=9513 err=48
[ERR] seq=9514 err=8
[SEU] addr=2000316B bit=00000001
[SEU] addr=200031DC bit=00000006
[SEU] addr=2000317D bit=00000007
[SEU] addr=200031C0 bit=00000004
[SEU] addr=20003191 bit=00000007
[ERR] seq=9538 err=262144
[ERR] seq=9539 err=20968
[ERR] seq=9540 err=22640
[SEU] addr=2000315C bit=00000005
[CMD QUEUE backup CORRUPTED] backup repaired
[ERR] seq=9541 err=3480
[ERR] seq=9542 err=2080
[ERR] seq=9543 err=432
[ERR] seq=9544 err=192
[ERR] seq=9545 err=40
[ERR] seq=9546 err=8
[SEU] addr=2000315B bit=00000004
[SEU] addr=2000314F bit=00000001
[SAMPLE QUEUE backup CORRUPTED] backup repaired
[SEU] addr=20003150 bit=00000000
[SAMPLE QUEUE backup CORRUPTED] backup repaired
[SEU] addr=20003171 bit=00000003
[SEU] addr=200031C8 bit=00000001
[SEU] addr=20003187 bit=00000005
[ERR] seq=9586 err=2008
[ERR] seq=9587 err=144
[ERR] seq=9588 err=144
[SEU] addr=200031DC bit=00000002
[SEU] addr=20003169 bit=00000003
[SEU] addr=200031BB bit=00000001
[SEU] addr=200031AD bit=00000006
[SEU] addr=200031D1 bit=00000006
[SEU] addr=2000314E bit=00000002
[SAMPLE QUEUE backup CORRUPTED] backup repaired
[SEU] addr=20003191 bit=00000006
[ERR] seq=9627 err=131072
[ERR] seq=9628 err=10480
[ERR] seq=9629 err=11312
[ERR] seq=9630 err=1736
[SEU] addr=20003152 bit=00000004
[ERR] seq=9631 err=1040
[ERR] seq=9632 err=216
[ERR] seq=9633 err=96
[ERR] seq=9634 err=16
[SEU] addr=200031B0 bit=00000006
[SEU] addr=2000316F bit=00000004
[SEU] addr=200031B7 bit=00000002
[SEU] addr=20003147 bit=00000005
[SAMPLE QUEUE CORRUPTED] primary repaired
[SEU] addr=20003158 bit=00000007
[CMD QUEUE CORRUPTED] primary repaired
[SEU] addr=200031DB bit=00000002
[SEU] addr=20003176 bit=00000006
[SEU] addr=20003179 bit=00000000
[SEU] addr=20003179 bit=00000000
[SEU] addr=20003179 bit=00000002
[SEU] addr=2000317B bit=00000001
[SEU] addr=20003162 bit=00000001
[SEU] addr=20003193 bit=00000001
[ERR] seq=9707 err=268435456
[ERR] seq=9708 err=21474832
[ERR] seq=9709 err=23192816
[ERR] seq=9710 err=3573408
[ERR] seq=9711 err=2141296
[ERR] seq=9712 err=457168
[ERR] seq=9713 err=207864
[SEU] addr=200031D4 bit=00000007
[ERR] seq=9714 err=53192
[ERR] seq=9715 err=20872
[ERR] seq=9716 err=5912
[ERR] seq=9717 err=2136
[SEU] addr=2000317B bit=00000000
[ERR] seq=9718 err=640
[SEU] addr=20003178 bit=00000005
[ERR] seq=9719 err=216
[ERR] seq=9720 err=64
[ERR] seq=9721 err=16
[SEU] addr=20003192 bit=00000003
[ERR] seq=9727 err=4194304
[ERR] seq=9728 err=335544
[ERR] seq=9729 err=362384
[ERR] seq=9730 err=55824
[ERR] seq=9731 err=33448
[ERR] seq=9732 err=7136
[ERR] seq=9733 err=3240
[ERR] seq=9734 err=824
[SEU] addr=20003199 bit=00000002
[ERR] seq=9735 err=320
[ERR] seq=9736 err=88
[ERR] seq=9737 err=24
[SEU] addr=20003185 bit=00000005
[ERR] seq=9740 err=3896
[ERR] seq=9741 err=304
[ERR] seq=9742 err=312
[ERR] seq=9743 err=16
[ERR] seq=9744 err=8
[SEU] addr=200031BA bit=00000003
[SEU] addr=20003177 bit=00000006
[SEU] addr=2000315D bit=00000006
[CMD QUEUE backup CORRUPTED] backup repaired
[SEU] addr=20003194 bit=00000007
[SEU] addr=200031D5 bit=00000002
[SEU] addr=20003178 bit=00000002
[SEU] addr=2000314E bit=00000007
[SAMPLE QUEUE backup CORRUPTED] backup repaired
[SEU] addr=20003175 bit=00000005
[SEU] addr=200031DF bit=00000005
[SEU] addr=200031BE bit=00000004
[SEU] addr=20003149 bit=00000004
[SEU] addr=200031D2 bit=00000001
[SEU] addr=2000319D bit=00000007
[SEU] addr=20003149 bit=00000001
[SEU] addr=2000315F bit=00000002
[CMD QUEUE backup CORRUPTED] backup repaired
[SEU] addr=200031AF bit=00000000
[SEU] addr=20003187 bit=00000003
[ERR] seq=9825 err=336
[ERR] seq=9826 err=8
[ERR] seq=9827 err=8
[SEU] addr=2000314F bit=00000003
[SAMPLE QUEUE backup CORRUPTED] backup repaired
[SEU] addr=20003196 bit=00000006
[SEU] addr=20003185 bit=00000005
[ERR] seq=9841 err=8336
[ERR] seq=9842 err=656
[ERR] seq=9843 err=696
[ERR] seq=9844 err=80
[SEU] addr=2000316F bit=00000003
[ERR] seq=9845 err=40
[SEU] addr=20003199 bit=00000006
[SEU] addr=20003173 bit=00000007
[SEU] addr=200031B9 bit=00000002
[SEU] addr=200031B4 bit=00000007
[SEU] addr=20003174 bit=00000007
[SEU] addr=200031DD bit=00000003
[SEU] addr=2000318E bit=00000002
[ERR] seq=9887 err=2097152
[ERR] seq=9888 err=167768
[ERR] seq=9889 err=181184
[ERR] seq=9890 err=27904
[ERR] seq=9891 err=16720
[ERR] seq=9892 err=3568
[ERR] seq=9893 err=1616
[ERR] seq=9894 err=408
[SEU] addr=20003172 bit=00000005
[ERR] seq=9895 err=160
[ERR] seq=9896 err=40
[ERR] seq=9897 err=8
[SEU] addr=2000315C bit=00000006
[CMD QUEUE backup CORRUPTED] backup repaired
[SEU] addr=200031DB bit=00000004
[SEU] addr=200031C7 bit=00000002
[SEU] addr=20003169 bit=00000006
[SEU] addr=20003161 bit=00000001
[SEU] addr=2000319F bit=00000002
[SEU] addr=200031BE bit=00000002
[SEU] addr=200031D4 bit=00000007
[SEU] addr=200031D0 bit=00000003
[SEU] addr=20003182 bit=00000007
[SEU] addr=20003175 bit=00000003
[SEU] addr=2000314D bit=00000004
[SAMPLE QUEUE backup CORRUPTED] backup repaired
[SEU] addr=2000315A bit=00000000
[SEU] addr=2000319C bit=00000003
[SEU] addr=2000314F bit=00000004
[SAMPLE QUEUE backup CORRUPTED] backup repaired
[SEU] addr=20003145 bit=00000002
[SAMPLE QUEUE CORRUPTED] primary repaired
[SEU] addr=200031AE bit=00000005
[SEU] addr=20003196 bit=00000006
[END]
samples=10000
SEUs=1815
good samples=8818
errors=1182
samples omitted=0
max_error=0x80000000
propagations=878
detected_errors=374
tmr_corrections=137
dmr_corrections=237
crc detections=0
clamp_activations=0
rate limit activations=0
[HARDFAULT]
